service_id,name,platform,service_type,category,rate_twd,rate_usd,min,max,refill,cancel,dripfeed,currency
30660,💙🇮🇶 IRAQ Mix Instagram Like HQ 1K (Mobil App),Instagram,Likes/Reactions,💙🇮🇶⬆️ IRAQ -Target (Real) Like,25.312,0.791,50,1000,No,Yes,No,USD
30661,💙🇮🇶 IRAQ Mix Instagram Like HQ 5K (Mobil App),Instagram,Likes/Reactions,💙🇮🇶⬆️ IRAQ -Target (Real) Like,28.928,0.904,20,5000,No,Yes,No,USD
30662,💙🇮🇶 IRAQ Mix Instagram Like HQ 100K (Mobil App),Instagram,Likes/Reactions,💙🇮🇶⬆️ IRAQ -Target (Real) Like,32.544,1.017,20,100000,No,Yes,No,USD
30663,💙🇮🇶 IRAQ Mix Instagram Like HQ 100k (Mobil App) (Mobil App)♻️( HQ -365 Days Refill),Instagram,Likes/Reactions,💙🇮🇶⬆️ IRAQ -Target (Real) Like,36.16,1.13,20,1000000,Yes,Yes,No,USD
30655,App Real IRaQ 🇮🇶 [Mix] İnstagram Followers 1000,Other,Followers/Subscribers,ᴺᴱᵂ🏷️🇮🇶-IraQ[Real][Mix]İnstagram Followers,115.712,3.616,50,1000,No,Yes,No,USD
30656,App Real  IRaQ 🇮🇶 [Mix] İnstagram Followers 5000,Other,Followers/Subscribers,ᴺᴱᵂ🏷️🇮🇶-IraQ[Real][Mix]İnstagram Followers,122.944,3.842,50,5000,No,Yes,No,USD
30657,App Real IRaQ 🇮🇶 [Mix] İnstagram Followers 100.000,Other,Followers/Subscribers,ᴺᴱᵂ🏷️🇮🇶-IraQ[Real][Mix]İnstagram Followers,137.408,4.294,50,100000,No,Yes,No,USD
30658,App Real IRaQ [Mix] [Mix] İnstagram Followers ♻️30 Days Refill,Other,Followers/Subscribers,ᴺᴱᵂ🏷️🇮🇶-IraQ[Real][Mix]İnstagram Followers,151.872,4.746,20,100000,Yes,Yes,No,USD
30659,App Real IRaQ [Mix]İnstagram Followers [Women] ♻️90 Days Refill,Other,Followers/Subscribers,ᴺᴱᵂ🏷️🇮🇶-IraQ[Real][Mix]İnstagram Followers,162.72,5.085,20,100000,Yes,Yes,No,USD
30664,🇮🇶 💙%100  Instagram (Iraq)  Like HQ 1K,Instagram,Likes/Reactions,❤️🇮🇶⬆️ Iraq - İnstagram Target (Real) Like |1H |10.000 Speed,27.12,0.8475,50,1000,No,Yes,No,USD
30665,🇮🇶 ❤️%100  Instagram (Iraq)  Like HQ 5K,Instagram,Likes/Reactions,❤️🇮🇶⬆️ Iraq - İnstagram Target (Real) Like |1H |10.000 Speed,34.352,1.0735,50,5000,No,Yes,No,USD
30666,🇮🇶 ❤️%100  Instagram (Iraq)  Like HQ  100K,Instagram,Likes/Reactions,❤️🇮🇶⬆️ Iraq - İnstagram Target (Real) Like |1H |10.000 Speed,43.392,1.356,50,100000,No,Yes,No,USD
30667,🇮🇶 ❤️%100 IRAQInstagram Like HQ 1M♻️( HQ -365 Days Refill),Instagram,Likes/Reactions,❤️🇮🇶⬆️ Iraq - İnstagram Target (Real) Like |1H |10.000 Speed,65.088,2.034,50,1000000,Yes,Yes,No,USD
30671,🇮🇳 [İndian ] Instagram View -- Interactive  REELS[500k],Instagram,Views/Plays,❤️🇮🇳⬆️🛕İnstagram (Real) Like And (Real) Follow HQ%100(İndian+Arabic) 🇮🇳),6.5088,0.2034,500,500000,No,Yes,No,USD
30668,🇮🇳 🛕Indian Instagram Like HQ 1K |1H |10.000 Speed,Instagram,Likes/Reactions,❤️🇮🇳⬆️🛕İnstagram (Real) Like And (Real) Follow HQ%100(İndian+Arabic) 🇮🇳),43.392,1.356,50,300000,No,No,No,USD
30669,🇮🇳 ❤️Indian Instagram Like HQ 5K |1H |10.000 Speed,Instagram,Likes/Reactions,❤️🇮🇳⬆️🛕İnstagram (Real) Like And (Real) Follow HQ%100(İndian+Arabic) 🇮🇳),52.432,1.6385,50,5000,No,Yes,No,USD
30670,🇮🇳 ❤️Indian Instagram Like HQ 500K♻️365 Days |1H |10.000 Speed,Instagram,Likes/Reactions,❤️🇮🇳⬆️🛕İnstagram (Real) Like And (Real) Follow HQ%100(İndian+Arabic) 🇮🇳),65.088,2.034,50,20000,No,Yes,No,USD
30672,🇮🇳💎  Instagram - Followers | India | Max 5K | HQ - Real | Speed 100K/Day | Flag Review - ON / OFF | ⛔ No Refill,Instagram,Followers/Subscribers,❤️🇮🇳⬆️🛕İnstagram (Real) Like And (Real) Follow HQ%100(İndian+Arabic) 🇮🇳),66.896,2.0905,10,5000,No,Yes,No,USD
30673,🇮🇳💎  Instagram - Followers | India | Max 20K | HQ - Real | Speed 100K/Day | Flag Review - ON / OFF | ⛔ No Refill,Instagram,Followers/Subscribers,❤️🇮🇳⬆️🛕İnstagram (Real) Like And (Real) Follow HQ%100(İndian+Arabic) 🇮🇳),75.936,2.373,10,20000,No,Yes,No,USD
30674,🇮🇳💎  Instagram - Followers | India | Max 50K | HQ - Real | Speed 100K/Day | Flag Review - ON / OFF | ♻️30 Days Refill,Instagram,Followers/Subscribers,❤️🇮🇳⬆️🛕İnstagram (Real) Like And (Real) Follow HQ%100(İndian+Arabic) 🇮🇳),103.056,3.2205,10,50000,No,Yes,No,USD
30675,❤️Newe Instagram Likes  +1K/h| Instant Started,Instagram,Likes/Reactions,❤️New  Instagram ( Super Like) (Always Stable)(Mix-Country),2.6048,0.0814,20,10000,No,Yes,No,USD
30676,❤️Instagram Likes  +10K/h| Instant Started (5k) 1 min 5k !,Instagram,Likes/Reactions,❤️New  Instagram ( Super Like) (Always Stable)(Mix-Country),8.3168,0.2599,20,5000,No,Yes,No,USD
30677,❤️Instagram Likes  +15K/h| Instant Started   (100K) 1 min 10k !,Instagram,Likes/Reactions,❤️New  Instagram ( Super Like) (Always Stable)(Mix-Country),10.4864,0.3277,20,1000000,No,Yes,No,USD
30678,❤️Instagram Likes  | Instant Started   (50K) Brezilya - İndian - Egypt Mix,Instagram,Likes/Reactions,❤️New  Instagram ( Super Like) (Always Stable)(Mix-Country),16.272,0.5085,10,50000,No,Yes,No,USD
30679,❤️Instagram Likes +15K/h| Instant Started (100K)♻️365 Days Refill,Instagram,Likes/Reactions,❤️New  Instagram ( Super Like) (Always Stable)(Mix-Country),23.1424,0.7232,10,100000,Yes,Yes,No,USD
30681,🇮🇳 🏳️🚩 [İNDİAN İnstagram Real Followers 50.000 / (Spam Of),Other,Followers/Subscribers,🍁Camping İnstagram Follower (Indian 🇮🇳 Flag |OF : Success) [%8-12 Max Drop Rate]🚩🚩,10.848,0.339,20,100000,No,Yes,No,USD
30680,🇮🇳 🏳️🚩 [İNDİAN İnstagram Global Followers 10.000 / (Spam Of),Other,Followers/Subscribers,🍁Camping İnstagram Follower (Indian 🇮🇳 Flag |OF : Success) [%8-12 Max Drop Rate]🚩🚩,11.5712,0.3616,20,10000,No,Yes,No,USD
30682,🇮🇳 🏳️🚩 [İNDİAN İnstagram Real Mix Followers 100.000 / (Spam Of),Other,Followers/Subscribers,🍁Camping İnstagram Follower (Indian 🇮🇳 Flag |OF : Success) [%8-12 Max Drop Rate]🚩🚩,14.464,0.452,50,100000,No,Yes,No,USD
30683,🇮🇳 🏳️🚩İnstagram Global[REAL- Mix]  Followers 1M /  Spam Of New Services,Other,Followers/Subscribers,🍁Camping İnstagram Follower (Indian 🇮🇳 Flag |OF : Success) [%8-12 Max Drop Rate]🚩🚩,19.888,0.6215,10,1000000,No,Yes,No,USD
30685,🇮🇳 🏳️🚩♻️  15 (Days)İnstagram Global[%100REAL- Mix]100.000 /  Spam Of New Services,Other,Followers/Subscribers,🍁Camping İnstagram Follower (Indian 🇮🇳 Flag |OF : Success) [%8-12 Max Drop Rate]🚩🚩,36.16,1.13,10,100000,Yes,Yes,No,USD
30686,🇮🇳 🏳️🚩♻️  30 (Days) İndian İnstagram Global[%100REAL- Mix] 100.000 /  Spam Of New Services,Other,Followers/Subscribers,🍁Camping İnstagram Follower (Indian 🇮🇳 Flag |OF : Success) [%8-12 Max Drop Rate]🚩🚩,45.2,1.4125,10,1000000,Yes,Yes,No,USD
30684,🇮🇳 🏳️🚩Private Old İnstagram Global[Old + New ] 100k /  Spam Of New Services,Other,Followers/Subscribers,🍁Camping İnstagram Follower (Indian 🇮🇳 Flag |OF : Success) [%8-12 Max Drop Rate]🚩🚩,47.008,1.469,10,100000,No,Yes,No,USD
30687,🇮🇳 NEW 🏳️🚩♻️ 365 (Days) İndian İnstagram Global[%100REAL- Mix] 1M  / Spam Of New Services  ,Other,Followers/Subscribers,🍁Camping İnstagram Follower (Indian 🇮🇳 Flag |OF : Success) [%8-12 Max Drop Rate]🚩🚩,104.864,3.277,10,1000000,Yes,Yes,No,USD
30688,🧊Global İnstagram Followers All Flag on: Auto Cancel !  5k,Other,Followers/Subscribers,🧊İnstagram Followers (Auto! Cancel/ Of: Success)[DropRate %8 -Mon],32.544,1.017,10,5000,No,Yes,No,USD
30689,🧊Global İnstagram Followers All Flag on: Auto Cancel ! 100k,Other,Followers/Subscribers,🧊İnstagram Followers (Auto! Cancel/ Of: Success)[DropRate %8 -Mon],36.16,1.13,10,100000,No,Yes,No,USD
30690,🧊Global İnstagram Followers Flag on: Auto Cancel ! 1M,Other,Followers/Subscribers,🧊İnstagram Followers (Auto! Cancel/ Of: Success)[DropRate %8 -Mon],48.816,1.5255,10,1000000,No,Yes,No,USD
30691,🧊Global İnstagram Followers Flag on: Auto Cancel ! 1m15Days ♻️,Other,Followers/Subscribers,🧊İnstagram Followers (Auto! Cancel/ Of: Success)[DropRate %8 -Mon],52.432,1.6385,10,5000000,Yes,Yes,No,USD
30692,🧊Global İnstagram Followers Flag on: Auto Cancel ! 1m30Days ♻️,Other,Followers/Subscribers,🧊İnstagram Followers (Auto! Cancel/ Of: Success)[DropRate %8 -Mon],63.28,1.9775,20,1000000,Yes,Yes,No,USD
30693,🧊Global İnstagram Followers Flag on: Auto Cancel ! 1m365Days ♻️,Other,Followers/Subscribers,🧊İnstagram Followers (Auto! Cancel/ Of: Success)[DropRate %8 -Mon],88.592,2.7685,10,1000000,Yes,Yes,No,USD
30694,🍀💎İndian| Instagram - Followers | Max 5K 🛡️All Flag [1-50post],Instagram,Followers/Subscribers,🍀İnstagram Followers(All Flag |İndian|)🛡️[DropRate %8 -Mon] (1-50Post])App Data,37.968,1.1865,10,5000,No,Yes,No,USD
30695,🍀💎İndian| Instagram - Followers | Max 100K 🛡️All Flag [1-50post],Instagram,Followers/Subscribers,🍀İnstagram Followers(All Flag |İndian|)🛡️[DropRate %8 -Mon] (1-50Post])App Data,39.776,1.243,10,100000,No,Yes,No,USD
30696,🍀💎İndian| Instagram - Followers | Max 1M 🛡️All Flag [1-50post],Instagram,Followers/Subscribers,🍀İnstagram Followers(All Flag |İndian|)🛡️[DropRate %8 -Mon] (1-50Post])App Data,54.24,1.695,10,1000000,No,Yes,No,USD
30697,🍀💎İndian| Instagram - Followers | Max 500K 🛡️All Flag [1-50post])♻️30Days,Instagram,Followers/Subscribers,🍀İnstagram Followers(All Flag |İndian|)🛡️[DropRate %8 -Mon] (1-50Post])App Data,65.088,2.034,20,500000,Yes,Yes,No,USD
30699,🍀💎İndian| Instagram - Followers | Max 10M 🛡️All Flag [1-50post]♻️365Days,Instagram,Followers/Subscribers,🍀İnstagram Followers(All Flag |İndian|)🛡️[DropRate %8 -Mon] (1-50Post])App Data,92.208,2.8815,10,1000000,Yes,Yes,No,USD
30698,🍀💎İndian| Instagram - Followers | Max 1M 🛡️All Flag [1-50post])♻️60Days,Instagram,Followers/Subscribers,🍀İnstagram Followers(All Flag |İndian|)🛡️[DropRate %8 -Mon] (1-50Post])App Data,101.248,3.164,20,1000000,Yes,Yes,No,USD
30700,🍀İGVİP Real Followers 5k %100 PP+ %10 Story ( %80 + increases +profile views %80),Other,Followers/Subscribers,🍀İG VİP Followers ! %20 Story ( %80+increases (10-300 post)🍀 (All Flag |ON|: Success),72.32,2.26,10,5000,No,Yes,No,USD
30701,🍀İGVİP Real Followers 100K   - %100 PP %10 Story ( %80+increases profile views %80),Other,Followers/Subscribers,🍀İG VİP Followers ! %20 Story ( %80+increases (10-300 post)🍀 (All Flag |ON|: Success),91.1232,2.8476,10,100000,No,Yes,No,USD
30702,🍀İGVİP Real !Followers 300K ---- %100 PP %20 Story ( %80+increases profile views %80)♻️365Days,Other,Followers/Subscribers,🍀İG VİP Followers ! %20 Story ( %80+increases (10-300 post)🍀 (All Flag |ON|: Success),108.48,3.39,10,5000000,No,Yes,No,USD
30732,"YouTube Views - Native Ads (Min 1M, 10M/day) | Lifetime Refill | Instant-1hr",YouTube,Views/Plays,➖ YouTube Views - Guaranteed,20.9728,0.6554,1000000,100000000,No,No,No,USD
30733,"YouTube Views - Native Ads (Min 500k, 10M/day) | Lifetime Refill | Instant-1hr",YouTube,Views/Plays,➖ YouTube Views - Guaranteed,23.504,0.7345,500000,100000000,No,No,No,USD
30731,"YouTube Views - Native Ads (Min 50k, 5M/day) | Lifetime Refill | Instant-4hrs",YouTube,Views/Plays,➖ YouTube Views - Guaranteed,25.312,0.791,50000,50000000,No,No,No,USD
30756,YouTube Views + 2% Likes (2k-4k/day) | Lifetime Refill | Instant,YouTube,Views/Plays,➖ YouTube Views - Guaranteed,25.6736,0.8023,100,500000,No,No,No,USD
30751,YouTube Views - Beta Fast Growth (10k-50k/day) | Lifetime Refill | Instant,YouTube,Views/Plays,➖ YouTube Views - Guaranteed,27.8432,0.8701,100,1000000000,No,No,No,USD
30730,"YouTube Views - Native Ads (Min 30k, 2M/day) | Lifetime Refill | Instant-2hrs",YouTube,Views/Plays,➖ YouTube Views - Guaranteed,28.928,0.904,30000,1000000000,No,No,No,USD
30740,YouTube Views - Very Slow Growth (200-500/day) | Lifetime Refill | Instant,YouTube,Views/Plays,➖ YouTube Views - Guaranteed,28.928,0.904,100,10000000,No,No,No,USD
30749,YouTube Views - Beta Cheap (1k-2k/day) | Lifetime Refill | Instant,YouTube,Views/Plays,➖ YouTube Views - Guaranteed,30.3744,0.9492,100,2500000,No,No,No,USD
30750,YouTube Views - Beta External Source (3k-5k/day) | Lifetime Refill | Instant,YouTube,Views/Plays,➖ YouTube Views - Guaranteed,30.3744,0.9492,100,2500000,No,No,No,USD
30747,"YouTube Views - Very Slow Growth (Max 50k, 150-450/day) | Lifetime Refill | 0-24hrs",YouTube,Views/Plays,➖ YouTube Views - Guaranteed,31.4592,0.9831,100,10000000,No,No,No,USD
30729,"YouTube Views - Native Ads (Min 20k, 5M/day) | Lifetime Refill | Instant-1hr",YouTube,Views/Plays,➖ YouTube Views - Guaranteed,32.544,1.017,20000,50000000,No,No,No,USD
30755,YouTube Views - Suggested Views + Mixed Countries (2k-5k/day) | Lifetime Refill | Instant,YouTube,Views/Plays,➖ YouTube Views - Guaranteed,33.9904,1.0622,100,10000000,No,No,No,USD
30757,YouTube Views - Cheapest Superfast (100k-150k/day) | Lifetime Refill | Instant-4hrs,YouTube,Views/Plays,➖ YouTube Views - Guaranteed,34.352,1.0735,100,1000000000,No,No,No,USD
30727,YouTube Views - Native Ads (500k-1M/day) | Lifetime Refill | Instant-6hrs,YouTube,Views/Plays,➖ YouTube Views - Guaranteed,36.16,1.13,1000,2147483647,No,No,No,USD
30723,YouTube Views - 𝐀𝐥𝐰𝐚𝐲𝐬 𝐅𝐚𝐬𝐭 (100k-200k/day) | Lifetime Refill | Instant,YouTube,Views/Plays,➖ YouTube Views - Guaranteed,39.776,1.243,10000,1000000000,No,No,No,USD
30720,YouTube Views - Fast Guaranteed (5k/day) | Lifetime Refill | Super Instant,YouTube,Views/Plays,➖ YouTube Views - Guaranteed,41.584,1.2995,100,1000000,No,No,No,USD
30738,YouTube Views - S12 Slow (500-1k/day) | Lifetime Refill | Instant,YouTube,Views/Plays,➖ YouTube Views - Guaranteed,41.6576,1.3018,100,1000000000,No,No,No,USD
30739,YouTube Views - Slow Growth (500-2k/day) | Lifetime Refill | Instant,YouTube,Views/Plays,➖ YouTube Views - Guaranteed,41.6576,1.3018,100,20000000,No,No,No,USD
30721,YouTube Views -  [Speed: 10k-20k/day] [Life Time Guaranteed] INSTANT,YouTube,Views/Plays,➖ YouTube Views - Guaranteed,43.392,1.356,100,10000000,No,No,No,USD
30735,♛ YouTube Views - S3 (Reliable) (1k-2k/day) | Lifetime Refill | Instant,YouTube,Views/Plays,➖ YouTube Views - Guaranteed,43.392,1.356,500,1000000000,No,No,No,USD
30722,"YouTube Views - Superfast Guaranteed (500k/day, Min 10k) | Lifetime Refill | Instant-2hrs",YouTube,Views/Plays,➖ YouTube Views - Guaranteed,47.008,1.469,10000,3000000,No,No,No,USD
30737,♛ YouTube Views - S6 Superfast (1k-4k/day) | Lifetime Refill | Instant,YouTube,Views/Plays,➖ YouTube Views - Guaranteed,47.008,1.469,1000,100000000,No,No,No,USD
30725,YouTube Views - Superfast (50k/day) | 30-Day Refill | Instant,YouTube,Views/Plays,➖ YouTube Views - Guaranteed,57.856,1.808,100,10000000,Yes,Yes,No,USD
30736,"YouTube Views - HR Views (Retention 5-20mins, 1k-5k/day) | 30-Day Refill | Instant",YouTube,Views/Plays,➖ YouTube Views - Guaranteed,57.856,1.808,100,100000000,No,No,No,USD
30726,"YouTube Views - Suggested Views (2k-5k/day, External Source) | 30-Day Refill | Instant-1hr",YouTube,Views/Plays,➖ YouTube Views - Guaranteed,58.5792,1.8306,100,1500000000,No,No,No,USD
30734,YouTube Views - Suggested Views (2k-10k/day) | Good for Ranking | 30-Day Refill | Instant,YouTube,Views/Plays,➖ YouTube Views - Guaranteed,60.7488,1.8984,100,150000000,No,No,No,USD
30719,♛ YouTube Views - S8 (Reliable) (5k-10k/day) | 30-Day Refill | Instant,YouTube,Views/Plays,➖ YouTube Views - Guaranteed,61.472,1.921,100,100000000,No,Yes,No,USD
30743,YouTube Views - Real &amp;amp; Stable (40k-50k/day) | Non-Drop | Lifetime Refill | Instant,YouTube,Views/Plays,➖ YouTube Views - Guaranteed,63.28,1.9775,100,1000000000,No,Yes,No,USD
30748,"YouTube Views - HR Slow Growth (Retention 3-15mins, 500-3k/day) | Lifetime Refill | Instant",YouTube,Views/Plays,➖ YouTube Views - Guaranteed,63.28,1.9775,100,10000000,No,No,No,USD
30744,YouTube Views - Retention 2-5mins (5k-10k/day) | Best for Ranking | 60-Day Guarantee | Instant,YouTube,Views/Plays,➖ YouTube Views - Guaranteed,65.088,2.034,100,100000000,No,No,No,USD
30728,"YouTube Views - Native Ads (Min 3k, 500k/day) | Lifetime Refill | Instant-1hr",YouTube,Views/Plays,➖ YouTube Views - Guaranteed,66.5344,2.0792,3000,100000000,No,No,No,USD
30724,YouTube Views - Real &amp;amp; Ranking Optimized (40k/day) | Lifetime Refill | Super Instant,YouTube,Views/Plays,➖ YouTube Views - Guaranteed,83.168,2.599,100,1000000,Yes,Yes,No,USD
30745,♛ YouTube Views - (10k-50k/day) | Lifetime Refill | Instant,YouTube,Views/Plays,➖ YouTube Views - Guaranteed,86.784,2.712,100,100000000,No,No,No,USD
30746,YouTube Views - Suggested Views (10k-30k/day) | Non-Drop | Lifetime Refill | Instant,YouTube,Views/Plays,➖ YouTube Views - Guaranteed,90.4,2.825,500,10000000,No,No,No,USD
30741,♛ YouTube Views - RAV-GS™ + Engagements (1k-3k/day) | Super Instant,YouTube,Views/Plays,➖ YouTube Views - Guaranteed,104.864,3.277,500,5000000,No,No,No,USD
30742,♛ YouTube Views - Real &amp;amp; Slow (500-3k/day) | RAV + Engagements | Instant,YouTube,Views/Plays,➖ YouTube Views - Guaranteed,108.48,3.39,500,1000000,No,No,No,USD
30752,♛ YouTube Views - MMS™ Music Monetization Views + Engagements (10k-20k/day) | Instant,YouTube,Views/Plays,➖ YouTube Views - Guaranteed,121.136,3.7855,500,10000000,No,No,No,USD
30753,♛ YouTube Views - RAV-MMS™ Music Videos &amp;amp; Topic Channels - Monetization Views + ADS + Engagements (10k-20k/day) | Instant,YouTube,Views/Plays,➖ YouTube Views - Guaranteed,207.92,6.4975,500,10000000,No,No,No,USD
30754,"♛ YouTube Views - RAV-MTS™ Real Active Views + Engagements (Monetizable, 1k-2k/day) | Instant",YouTube,Views/Plays,➖ YouTube Views - Guaranteed,207.92,6.4975,500,10000000,No,No,No,USD
30706,+7000 Follow !🔥%100APP  Reall  İnstagram İndian Followers Max [1K] [Speed:Days 3-5K]  (SpamFlag ON/OF : Success)🛡️,Other,Followers/Subscribers,İG [Premium İndian] 🛡️OLD ! Acs Indian-Mix %90 İndian Qualtiy 🔥%100/ PP 1-50,72.32,2.26,10,100000,No,Yes,No,USD
30707,+7000 Follow !🔥%100APP Real  İnstagram İndian Followers Max [10K] [Speed:Days 10-15K] (SpamFlag ON/OF : Success)🛡️,Other,Followers/Subscribers,İG [Premium İndian] 🛡️OLD ! Acs Indian-Mix %90 İndian Qualtiy 🔥%100/ PP 1-50,79.552,2.486,10,10000,No,Yes,No,USD
30708,%+7000 Follow🔥 !100APP  Real İnstagram İndian Followers Max [25K] [Speed:Days 25-30K] ♻️+30Days (SpamFlag ON/OF : Success)🛡️,Other,Followers/Subscribers,İG [Premium İndian] 🛡️OLD ! Acs Indian-Mix %90 İndian Qualtiy 🔥%100/ PP 1-50,92.208,2.8815,10,25000,No,Yes,No,USD
30709,Cheap MobilAPP Mix Instagram Followers -Rival [ Max - 5K | Speed: 1 HOUR/2K ] [ Refill: No ] [ Superfast | Start: 0-5 Minute ]💣(SpamFlag ON/OF : Success)🛡️,Instagram,Followers/Subscribers,İG [Premium İndian] 🛡️OLD ! Acs Indian-Mix %90 İndian Qualtiy 🔥%100/ PP 1-50,95.824,2.9945,10,5000,No,Yes,No,USD
30704,OLD Indian mix[1-70 Post]🔥%100 Reall İnstagram Followers Max [200K] [Speed:1H 15K D/200k]♻️ [30 Days]	(SpamFlag ON/OF : Success)🛡️,Other,Followers/Subscribers,İG [Premium İndian] 🛡️OLD ! Acs Indian-Mix %90 İndian Qualtiy 🔥%100/ PP 1-50,101.248,3.164,10,200000,Yes,Yes,No,USD
30705,OLD Indian mix[1-70 Post]🔥%100 Reall İnstagram Followers Max [D/500K] [Speed:1H 5K]♻️ [365 Days] Life Time Guarante(SpamFlag ON/OF : Success)🛡️,Other,Followers/Subscribers,İG [Premium İndian] 🛡️OLD ! Acs Indian-Mix %90 İndian Qualtiy 🔥%100/ PP 1-50,108.48,3.39,10,500000,Yes,Yes,No,USD
30703,OLD Real Indian mix[1-70 Post]🔥-Reall  İnstagram Followers Max [5K] (SpamFlag ON/OF : Success)(SpamFlag ON/OF : Success)🛡️,Other,Followers/Subscribers,İG [Premium İndian] 🛡️OLD ! Acs Indian-Mix %90 İndian Qualtiy 🔥%100/ PP 1-50,115.712,3.616,10,100000,No,Yes,No,USD
19661,Get 100+ Backlinks from 100 Websites🔝,Website Traffic,Website Traffic,SEO For SMM Panel,1600.0,50.0,1,1,No,No,No,USD
30710,💙 Premium  Instagram Likes [Korea]  200k,Instagram,Likes/Reactions,🇰🇷❤️(Kore-China)İnstagram Real (Target) Like,30.736,0.9605,20,200000,No,Yes,No,USD
30711,❤️Instagram Likes [Korea]  1m ♻️ 365 Days Refill,Instagram,Likes/Reactions,🇰🇷❤️(Kore-China)İnstagram Real (Target) Like,36.16,1.13,20,1000000,Yes,Yes,No,USD
30712,❤️Instagram Likes Emergency | 10K| Instant Started  Speed (H1K)  (D10K),Instagram,Likes/Reactions,❤️İG Services Global Instagram Likes,9.7632,0.3051,10,10000,No,Yes,No,USD
30718,❤️Instagram Likes  +5K/h| Instant Started   (Auto Like),Instagram,Likes/Reactions,❤️İG Services Global Instagram Likes,10.4864,0.3277,20,100000,No,Yes,No,USD
30713,❤️Fast -Instagram Likes Emergency | +5K/h| (H2K)  (D10K),Instagram,Likes/Reactions,❤️İG Services Global Instagram Likes,12.656,0.3955,10,100000,No,Yes,No,USD
30714,❤️ HQ OLD İndian Real Instagram Likes Emergency | Speed (H10K) (D50K),Instagram,Likes/Reactions,❤️İG Services Global Instagram Likes,16.272,0.5085,10,10000,No,Yes,No,USD
30717,❤️Instagram Likes Emergency | Updated  |,Instagram,Likes/Reactions,❤️İG Services Global Instagram Likes,16.9952,0.5311,50,20000,No,Yes,No,USD
30716,❤️ HQ OLD  İndian  REAL Instagram Likes Emergency | +15K/h| Instant Started,Instagram,Likes/Reactions,❤️İG Services Global Instagram Likes,19.888,0.6215,10,1000000,No,Yes,No,USD
30715,❤️Instagram Global Likes Emergency |-30 Days♻️  Instant Started Speed (H10K) (D50K),Instagram,Likes/Reactions,❤️İG Services Global Instagram Likes,24.9504,0.7797,47,1000000,Yes,Yes,No,USD
30572,TikTok Video Views [Max Unlimited] [HQ] [Cancel Enable] [15 Days Auto Refill ♻️] [Instant] [10M/D] 🚀,TikTok,Views/Plays,Tiktok Video Views [Auto Refill 100% Working ♻️] ᴺᴱᵂ,0.3456,0.0108,100,1000000000,No,Yes,No,USD
30573,TikTok Video Views [Max Unlimited] [HQ] [Cancel Enable] [30 Days Auto Refill ♻️] [Instant] [10M/D] 🚀,TikTok,Views/Plays,Tiktok Video Views [Auto Refill 100% Working ♻️] ᴺᴱᵂ,0.5792,0.0181,100,1000000000,No,Yes,No,USD
30295,Instagram Likes [Refill: NO REFILL ] [Max: 100K] [Start Time: 0-1 Hour] [Speed: 300K/Day] ⚡⛔💧,Instagram,Likes/Reactions,Instagram Likes,0.4544,0.0142,10,100000,No,Yes,No,USD
30294,Instagram Likes [WITH CANCELATION] [Max: 5K] [Start Time: 0-1 Hour] [Speed: INSTANT] 💧⚡⛔🔥,Instagram,Likes/Reactions,Instagram Likes,2.2624,0.0707,10,300000,No,Yes,No,USD
30297,Instagram Likes [Max: 10K] [Refill: No] [Start Time: 0 - 1 Hour] [Speed: 10K/Hour] 💧,Instagram,Likes/Reactions,Instagram Likes,2.2624,0.0707,10,300000,No,Yes,No,USD
30298,Instagram Likes [Refill: No] [Max: 80K] [Start Time: 0 - 1 Hour] [Speed: 80K/Day] 💧,Instagram,Likes/Reactions,Instagram Likes,2.2624,0.0707,10,500000,No,Yes,No,USD
30290,Instagram Likes [HQ] [FEW DROPS] [Refill: 30D] [Max: 100K] [Speed: 10K/D]💧⛔,Instagram,Likes/Reactions,Instagram Likes,4.5216,0.1413,30,50000000,No,No,No,USD
30274,Instagram Likes [Refill: No] [Max: 500K] [Start Time: 0 - 1 Hr] [Speed: Up to 100K/D] 💧⛔,Instagram,Likes/Reactions,Instagram Likes,4.9728,0.1554,10,500000,No,No,No,USD
30296,Instagram Likes [Refill: 90D] [Max: 150K] [Start Time: 0-1 Hr] [Speed: 150K/Day] ♻️ ⛔ 💧,Instagram,Likes/Reactions,Instagram Likes,4.9728,0.1554,10,1000000,No,Yes,No,USD
30323,Instagram Likes + Impressions [HQ] [Max: 7K] [Start Time: Instant] [Speed: 7K/Day]💧🔥,Instagram,Views/Plays,Instagram Likes,4.9728,0.1554,10,1000000,No,Yes,No,USD
30335,Instagram Likes + Impressions [Max: 2K] [Start Time: 1 Hour] [Speed: 2K/Day] ⚡,Instagram,Views/Plays,Instagram Likes,4.9728,0.1554,10,1000000,No,Yes,No,USD
30286,Instagram Likes [Refill: No] [Max: 100K] [Start Time: 0-1 Hr] [Speed: 100K/Day] ⛔ 💧,Instagram,Likes/Reactions,Instagram Likes,5.2,0.1625,10,1000000,No,No,No,USD
30285,Instagram Likes [Refill: No] [Max: 150K] [Start Time: 0-1 Hour] [Speed: 100K/Day] ⛔💧,Instagram,Likes/Reactions,Instagram Likes,5.424,0.1695,10,300000,No,Yes,No,USD
30299,Instagram Likes [Refill: 30D] [Low Drops] [Max: 200K] [Start Time: 0-1 Hour] [Speed: 100K/D] ⚡⛔,Instagram,Likes/Reactions,Instagram Likes,5.424,0.1695,50,200000,No,Yes,No,USD
30310,Instagram Likes [Max: 50K] [Start Time: 0 - 1 Hours] [Speed: 50K Per Day] 💧⛔,Instagram,Likes/Reactions,Instagram Likes,5.424,0.1695,10,50000,No,Yes,No,USD
30318,Instagram Likes [Max: 200K] [Start Time: 1 Hour] [Speed: 50K/Day] 💧⛔️,Instagram,Likes/Reactions,Instagram Likes,5.424,0.1695,50,200000,No,Yes,No,USD
30326,Instagram Likes [EXCLUSIVE - Up to 15% Drop Max] [Refill: 30 Days] [Max: 5K] [Start Time: 0-1 Hour] [Speed: 2K/Hour] 💧,Instagram,Likes/Reactions,Instagram Likes,5.4688,0.1709,10,8000,No,Yes,No,USD
30305,Instagram Likes [Refill: No / Low Drops] [Max: 150K] [Start Time: Instant] [Speed: 100K/Day] ⛔,Instagram,Likes/Reactions,Instagram Likes,5.6416,0.1763,50,200000,No,Yes,No,USD
30291,Instagram Likes [Refill: 30] [Max: 30K]  [Start Time: 0 - 1 Hr] [Speed: 30K/Day],Instagram,Likes/Reactions,Instagram Likes,5.6544,0.1767,10,1000000,Yes,No,No,USD
30338,Instagram Likes [NON DROP] [Max: 8K] [Start Time: 0-1 Hour] [Speed: 8K/Day] 💧🔥🔥,Instagram,Likes/Reactions,Instagram Likes,5.7376,0.1793,10,1500000,No,Yes,No,USD
30314,Instagram Likes [NO REFILL] [Max: 150K] [Start Time: 5 Minute] [Speed: 1K/Hour]💧🔥,Instagram,Likes/Reactions,Instagram Likes,5.8592,0.1831,50,150000,No,Yes,No,USD
30329,Instagram Likes [Drops 5-7%] [Refill: No] [Max: 5K] [Start Time: 0-1 Hour]  [Speed: 1-2K/Hour],Instagram,Likes/Reactions,Instagram Likes,5.8592,0.1831,50,100000,No,Yes,No,USD
30275,Instagram Likes [Refill: 30D] [Max: 1.5M] [Start Time: 0 - 1 Hr] [Speed: Up to 100K/D] ⛔💧,Instagram,Likes/Reactions,Instagram Likes,5.8784,0.1837,10,1500000,No,Yes,No,USD
30304,Instagram Likes [Refill: No] [Max: 200K] [Start Time: 0-1 Hour] [Speed: 100K/Day] ⚡,Instagram,Likes/Reactions,Instagram Likes,5.8784,0.1837,10,100000,No,No,No,USD
30341,Instagram Likes [Refill: 365 Days] [Max: 10K] [Start Time: 0-1 Hours] [Speed: 10K/Day] 💧⛔,Instagram,Likes/Reactions,Instagram Likes,6.4672,0.2021,10,1000000,Yes,No,No,USD
30354,Instagram Likes [EMERGENCY] [Max: 50K] [Start Time: 0-1 Hour] [Speed: INSTANT],Instagram,Likes/Reactions,Instagram Likes,6.7808,0.2119,10,1000000,No,No,No,USD
30276,Instagram Likes [Refill: No] [Max: 5M] [Start Time: 0 - 1 Hr] [Speed: 100K/D] ⛔💧,Instagram,Likes/Reactions,Instagram Likes,3.616,0.113,1,10000000,No,Yes,No,USD
30277,Instagram Likes [Refill: 30D] [Max: 500K] [Start Time: 0 - 1 Hr] [Speed: Up to 100K/D] 💧⛔♻️,Instagram,Likes/Reactions,Instagram Likes,7.232,0.226,10,500000,No,No,No,USD
30278,Instagram Likes [Refill: No] [Max: 100K] [Start Time: 0 - 2 Hrs] [Speed: 100K/D]💧⛔️,Instagram,Likes/Reactions,Instagram Likes,7.232,0.226,100,100000,No,No,No,USD
30319,Instagram Likes [Refill: Auto 30 Days] [Start Time: 2 Hours] [Speed: 50k/Day]💧⛔️♻️,Instagram,Likes/Reactions,Instagram Likes,7.504,0.2345,50,200000,Yes,Yes,No,USD
30320,Instagram Likes [Max: 50K] [Start Time: 0-1 Hour] [Speed: INSTANT] 💧⚡🔥⛔,Instagram,Likes/Reactions,Instagram Likes,7.6288,0.2384,50,50000,No,Yes,No,USD
30287,Instagram Likes [Max: 50K] [Start Time: 0-1 Hr] [Speed: 1K/Hour] ⛔🔥💧,Instagram,Likes/Reactions,Instagram Likes,8.1376,0.2543,10,150000,No,Yes,No,USD
30300,Instagram Likes [Max: 200K] [Refill: 30Days] [Start Time: 0 - 2 Hours] [Speed: 10K/Day] ⛔💧,Instagram,Likes/Reactions,Instagram Likes,8.1376,0.2543,10,150000,Yes,Yes,No,USD
30302,Instagram Likes [Refill: 30D] [Max: 250K] [Start Time: 0-1 Hr] [Speed: 50K/Day],Instagram,Likes/Reactions,Instagram Likes,8.1376,0.2543,10,300000,Yes,Yes,No,USD
30317,Instagram Likes [Refill: No] [Max: 200K] [Start Time: 0-1 Hour] [Speed: 200K/Day] ⚡⛔,Instagram,Likes/Reactions,Instagram Likes,8.1376,0.2543,10,200000,No,Yes,No,USD
30344,Instagram Likes [Refill: No] [Max: 200K] [Start Time: 0-1 Hour] [Speed: 100K/Day] ⛔💧,Instagram,Likes/Reactions,Instagram Likes,8.1376,0.2543,10,200000,No,Yes,No,USD
30333,Instagram Likes [SUPER] [Refill: No] [Max:10K] [Start Time: 0-1 Hour] [Speed: 3K/Hour],Instagram,Likes/Reactions,Instagram Likes,8.3072,0.2596,10,1000000,No,Yes,No,USD
30303,Instagram Likes + Reach + Impressions [Refill: 30] [Max: 10K] [Start Time: 0 - 1 Hour] [Speed: 10K/Day] 💧,Instagram,Views/Plays,Instagram Likes,8.4096,0.2628,10,100000,Yes,Yes,No,USD
30306,Instagram Likes [Refill: 30D] [Max: 200K] [Start Time: Instant] [Speed: Up to 100K/D] 💧⛔️♻️,Instagram,Likes/Reactions,Instagram Likes,8.4096,0.2628,10,200000,Yes,Yes,No,USD
30328,Instagram Likes [Drops 5-7%] [Refill: 30D] [Max: 10K] [Start Time: 0-1 Hour [Speed: 1-2K/Hour],Instagram,Likes/Reactions,Instagram Likes,8.4096,0.2628,10,10000,No,Yes,No,USD
30337,Instagram Likes [Max: 10K] [Start Time: 0-1 Hour] [Speed: INSTANT] 💧⚡⚡⚡🔥,Instagram,Likes/Reactions,Instagram Likes,8.4096,0.2628,20,30000,No,Yes,No,USD
30315,Instagram Likes + Reach + Impressions [Refill: 30D] [200K] [Start Time: Instant] [Speed: 25K/D] ♻️💧⛔️,Instagram,Views/Plays,Instagram Likes,8.4128,0.2629,10,200000,No,Yes,No,USD
30334,Instagram Likes [Max: 150K] [Start Time: 0-1 Hour] [Speed: 5K/Day] 💧♻️🔥🔥,Instagram,Likes/Reactions,Instagram Likes,8.464,0.2645,10,130000,No,Yes,No,USD
30312,Instagram Likes [Refill: 30D Auto] [Max: 100K] [Start Time: 0-1 Hr] [Speed: Up to 50K/D],Instagram,Likes/Reactions,Instagram Likes,8.7264,0.2727,50,100000,Yes,Yes,No,USD
30313,Instagram Likes [Refill: 30D] [200K] [Start Time: Instant] [Speed: 10K/D] ♻️💧⛔,Instagram,Likes/Reactions,Instagram Likes,9.0528,0.2829,50,200000,Yes,Yes,No,USD
30284,Instagram Real Likes [Refill: 365] [Max: 100K] [Start Time: 0 - 1 Hr] [Speed: 20K/D] 💧⛔♻️,Instagram,Likes/Reactions,Instagram Likes,10.3424,0.3232,10,1000000,Yes,No,No,USD
30332,Instagram Likes [Refill: 30D - AUTO] [Max: 100K] [Start Time: 0-1 Hr] [Speed: Up to 10K/D] 💧⛔️♻️,Instagram,Likes/Reactions,Instagram Likes,10.848,0.339,10,100000,Yes,Yes,No,USD
30342,Instagram Likes [Refill: 30D] [Max: 50K] [Start Time: 0-1 Hr] [Speed: 20K/Day] 💧♻️,Instagram,Likes/Reactions,Instagram Likes,10.848,0.339,10,100000,No,No,No,USD
30307,Instagram Likes [Refill: 30D] [Max: 100K] [Start Time: Instant - 1 Hour] [Speed: 30K/D] ⚡💧⛔️,Instagram,Likes/Reactions,Instagram Likes,11.3024,0.3532,10,100000,Yes,Yes,No,USD
30309,Instagram Likes [Refill: Auto-Refill 30 Days] [50K] [HQ] [Start Time: Instant] [Speed: 30K/Day] 💧⛔️♻️,Instagram,Likes/Reactions,Instagram Likes,11.8912,0.3716,10,50000,Yes,Yes,No,USD
30324,Instagram Likes + Reach + Impressions [Auto-Refill: 30 Days] [300K] [MQ] [Start Time: Instant] [Speed: 20K/Day] ♻️💧⛔️,Instagram,Views/Plays,Instagram Likes,11.8912,0.3716,10,300000,Yes,Yes,No,USD
30321,Instagram Likes [HQ][Refill: 30D] [Max: 30K] [Start Time: 0-1 Hr] [Speed: 10K/D],Instagram,Likes/Reactions,Instagram Likes,12.2048,0.3814,10,30000,No,No,No,USD
30325,Instagram Likes [Refill: No] [Max: 3K/order 30k/link] [Start Time: 0-12 Hours],Instagram,Likes/Reactions,Instagram Likes,12.5856,0.3933,50,30000,No,Yes,No,USD
30280,Instagram Likes [HQ] [Refill: No] [Max: 300K] [Start Time: 0-1 Hr] [Speed: 25k/D] 💧⛔,Instagram,Likes/Reactions,Instagram Likes,13.5616,0.4238,50,300000,No,Yes,No,USD
30293,Instagram Likes [Refill: No] [Max: 5K] [Start Time: 0 - 1 Hr] [Speed: 500/D] 💧⛔️♻️,Instagram,Likes/Reactions,Instagram Likes,13.5616,0.4238,20,6000,Yes,Yes,No,USD
30292,Instagram Likes [HQ] [Max: 10K] [Start Time: 0-1 Hr] [Speed: 10K/D] 💧,Instagram,Likes/Reactions,Instagram Likes,14.464,0.452,50,10000,No,No,No,USD
30348,Instagram Likes [EMERGENCY] [Max: 50K] [Start Time: 0-1 Hour] [Speed: 10/Day ],Instagram,Likes/Reactions,Instagram Likes,14.464,0.452,10,100000,No,No,No,USD
30356,Instagram Likes [Refill: No] [Max: 5K] [Start Time: 0 - 1 Hr] [Speed: 500/D] 💧⛔️,Instagram,Likes/Reactions,Instagram Likes,14.464,0.452,10,100000,No,Yes,No,USD
30279,Instagram Likes [Refill: 30D] [Max: 500K] [Start Time: 0-1 Hour] [Speed: 50K/D] 💧⛔♻️,Instagram,Likes/Reactions,Instagram Likes,14.9184,0.4662,10,200000,Yes,Yes,No,USD
30301,Instagram Likes [Max: 100K] [Refill: 30] [Start Time: 0 - 1 Hour] [Speed: 30K/Hour],Instagram,Likes/Reactions,Instagram Likes,14.9184,0.4662,10,20000,Yes,Yes,No,USD
30281,Instagram Likes [Refill: No] [Max: 1M] [Start Time: 0 - 2 Hrs] [Speed: Up to 50K/Day]💧,Instagram,Likes/Reactions,Instagram Likes,18.08,0.565,10,1000000,No,No,No,USD
30327,Instagram Likes [Refill: 30D] [Max: 500K] [Start Time: 0-1 Hour] [Speed: 20K/Hour] 🔥⚡⚡⚡⛔,Instagram,Likes/Reactions,Instagram Likes,18.08,0.565,10,500000,Yes,Yes,No,USD
30331,Instagram Likes [Refill: 30D] [Max: 10K] [Start Time: 0-1 Hour] [Speed: 1K+/Hour]💧♻️⛔,Instagram,Likes/Reactions,Instagram Likes,18.08,0.565,10,50000,Yes,Yes,No,USD
30361,Instagram Likes [REAL LOOKING] [Max: 50K] [Start Time: 0-1 Hour] [Speed: 20K/Day],Instagram,Likes/Reactions,Instagram Likes,18.08,0.565,10,1000000,No,Yes,No,USD
30316,Instagram Likes + Impressions [Max: 45K] [Start Time: 0-1 Hr] [Speed: INSTANT]  🔥🔥🔥,Instagram,Views/Plays,Instagram Likes,19.888,0.6215,50,250000,No,Yes,No,USD
30330,Instagram Likes [Drops LOW] [Refill: AR30D] [Max: 50K] [Start Time: 0-1 Hour] [Speed: 10K/D]♻️💧⛔,Instagram,Likes/Reactions,Instagram Likes,22.1504,0.6922,10,50000,Yes,Yes,No,USD
30336,Instagram Likes [Refill: 30 Days] [Max: 40K] [Start Time: 0-1 Hour] [Speed: Up to 15K/Day] 💧♻️,Instagram,Likes/Reactions,Instagram Likes,25.5008,0.7969,50,75000,No,No,No,USD
30340,Instagram Likes [Max: 10K] [Start Time: 0-1 Hour] [Speed: 10K/Day],Instagram,Likes/Reactions,Instagram Likes,26.6688,0.8334,10,100000,No,No,No,USD
30311,Instagram HQ Likes [Max: 100K] [Start Time: 0 - 1 Hour] [Speed: 10K/Day] 💧,Instagram,Likes/Reactions,Instagram Likes,27.12,0.8475,100,1000000,No,No,No,USD
30308,Instagram Likes [80% FEMALE] [Refill: LIFETIME GUARANTEED]  [Max: 25K] [Start Time:  Instant] [Speed: 10K/Hour],Instagram,Likes/Reactions,Instagram Likes,27.664,0.8645,10,100000000,No,No,No,USD
30350,Instagram Likes [EMERGENCY] [Max: 10K] [Start Time: 0-1 Hour] [Speed: FAST] 🔥🔥🔥,Instagram,Likes/Reactions,Instagram Likes,27.8272,0.8696,10,100000,No,No,No,USD
30322,Instagram Likes + Impressions + Reach [Max: 45K] [Start Time: Instant] [Speed: 30K/Day] ⚡,Instagram,Views/Plays,Instagram Likes,33.1104,1.0347,50,250000,No,Yes,No,USD
30349,Instagram Likes [FROM APP] [Refill: No] [Max: 100K] [Start Time: 0 - 1 Hour] [Speed: Up to 5K/Day],Instagram,Likes/Reactions,Instagram Likes,33.456,1.0455,100,100000,Yes,Yes,No,USD
30288,Instagram Likes [Max: 10K] [Start Time: 0-1 Hr] [Speed: 5K/Hr] 💧⛔,Instagram,Likes/Reactions,Instagram Likes,37.0656,1.1583,10,100000,No,Yes,No,USD
30345,Instagram Likes [NON DROP] [Max: 5K] [Start Time: 0-1 Hour] [Speed: 500/Hour],Instagram,Likes/Reactions,Instagram Likes,37.4272,1.1696,20,5000,Yes,Yes,No,USD
30289,Instagram Likes [Max: 100K] [Start Time: 0-1 Hr] [Speed: 25K/D] 💧⛔,Instagram,Likes/Reactions,Instagram Likes,39.776,1.243,10,100000,No,Yes,No,USD
30346,Instagram Likes [EXCLUSIVE] [NON DROP] [Max: 10K] [Start Time: 0-1 Hour] [Speed: 1K/Hour],Instagram,Likes/Reactions,Instagram Likes,39.9232,1.2476,50,10000,Yes,Yes,No,USD
30347,Instagram Likes [EMERGENCY] [NON DROP] [Max: 5K] [Start Time: 0-1 Hour] [Speed: 2K/Hour] 🔥🔥🔥,Instagram,Likes/Reactions,Instagram Likes,41.584,1.2995,50,5000,Yes,Yes,No,USD
30351,Instagram Likes [Max: 20K] [Start Time: 0-1 Hour] [Speed: FAST] 🔥🔥🔥,Instagram,Likes/Reactions,Instagram Likes,47.4624,1.4832,10,100000,No,No,No,USD
30343,Instagram Likes [Refill: No] [Max: 5K] [Start Time: 0-1 Hour] [Speed: 2K/Day],Instagram,Likes/Reactions,Instagram Likes,48.816,1.5255,20,10000,Yes,Yes,No,USD
30283,Instagram Likes [TOP QUALITY] [Refill: 30D] [60K] [Start Time: 0 - 1 Hr] [Speed: 60K/D] ♻️🔥,Instagram,Likes/Reactions,Instagram Likes,53.648,1.6765,50,60000,No,No,No,USD
30282,Instagram Likes [HQ] [NON DROP] [Max: 25K] [Start Time: 0-1 Hr] [Speed: 5K/Hr] 💧⛔,Instagram,Likes/Reactions,Instagram Likes,56.5024,1.7657,100,25000,No,No,No,USD
30339,Instagram Likes [30K] [REAL ] [1H - 1k/Day] 💧⚡,Instagram,Likes/Reactions,Instagram Likes,58.7616,1.8363,5,30000,No,No,No,USD
30353,Instagram Likes + Impressions + Reach [English PUBLIC with Stories Accounts] [Max: 2K] [Start Time: 0-1 Hour] [Speed: 2K/Hour] 🔥🔥🔥,Instagram,Views/Plays,Instagram Likes,58.7616,1.8363,5,30000,No,No,No,USD
30355,Instagram RAU™ Likes [Refill: No Drop] [Max: 10K] [Start Time: 0-1 Hour] [Speed: 500/Hr] 💧,Instagram,Likes/Reactions,Instagram Likes,69.104,2.1595,5,30000,No,No,No,USD
30352,Instagram Likes [Max: 2K] [Start Time: 1 Hour] [Speed: 3K/Hour]💧,Instagram,Likes/Reactions,Instagram Likes,70.512,2.2035,5,30000,No,No,No,USD
30363,Instagram RAL™ Likes [Refill: Lifetime] [Max: 1K] [Start Time: 0-2 Hours] [Speed: 1K/Hour] ⚡💧,Instagram,Likes/Reactions,Instagram Likes,70.512,2.2035,5,30000,No,No,No,USD
30357,Instagram Likes [Max: 5K] [Start Time: 0-1 Hour] [Speed: 1K/Hour],Instagram,Likes/Reactions,Instagram Likes,72.32,2.26,50,100000,No,No,No,USD
30358,Instagram Likes [Refill: No] [Max: 50K] [Start Time: 0-1 Hour] [Speed: INSTANT] 💧⚡⚡⚡🔥,Instagram,Likes/Reactions,Instagram Likes,77.744,2.4295,50,50000,No,Yes,No,USD
30359,Instagram Likes RAU™ [USA 🇺🇸] [Max: 1.5K] [Refill: 60D] [Start Time: 0 - 1 Hr] [Speed: 1.5K/D] 💧,Instagram,Likes/Reactions,Instagram Likes,103.4176,3.2318,5,30000,No,No,No,USD
30362,Instagram Likes [HQ] [Refill: No] [Start Time: Instant] [Speed: 50k/Day]💧⛔️,Instagram,Likes/Reactions,Instagram Likes,111.3728,3.4804,20,50000,No,No,No,USD
30360,Instagram Likes [MIX] [Refill: No] [Max: 6K] [Start Time: 0-1 Hour] [Speed: INSTANT]💧⛔,Instagram,Likes/Reactions,Instagram Likes,126.9216,3.9663,20,3000,No,No,No,USD
30427,Instagram Followers [ Max 10K ] | 100% Real Accounts with Posts | Drop 20-30% | No Refill ⚠️ | Instant Start | Day 10K,Instagram,Followers/Subscribers,Instagram Followers [ Best Price ] ᴺᴱᵂ,6.5088,0.2034,10,10000,No,Yes,No,USD
30428,Instagram Followers [ Max 1M ] | 100% Real Accounts with Posts | Drop 20-30% | No Refill ⚠️ | Instant Start | Day 50K,Instagram,Followers/Subscribers,Instagram Followers [ Best Price ] ᴺᴱᵂ,6.7648,0.2114,10,1000000,No,Yes,No,USD
30430,Instagram Followers [ Max 10K ] | Real &amp;amp; Old Accounts with Posts | Cancel Enable | Drop 10-20% | No Refill ⚠️ | Instant Start | Day 10K,Instagram,Followers/Subscribers,Instagram Followers [ Best Price ] ᴺᴱᵂ,13.7408,0.4294,20,10000,No,Yes,No,USD
30431,Instagram Followers [ Max 1M ] | Real &amp;amp; Old Accounts with Posts | Cancel Enable | Drop 10-20% | No Refill ⚠️ | Instant Start | Day 50K,Instagram,Followers/Subscribers,Instagram Followers [ Best Price ] ᴺᴱᵂ,15.1872,0.4746,20,1000000,No,Yes,No,USD
30429,Instagram Followers [ Max 1M ] | 100% Real Accounts with Posts | Cancel Enable | Drop 20-30% | 30 Days ♻️ | Instant Start | Day 50K,Instagram,Followers/Subscribers,Instagram Followers [ Best Price ] ᴺᴱᵂ,17.1776,0.5368,20,1000000,Yes,Yes,No,USD
30432,Instagram Followers [ Max 1M ] | Real &amp;amp; Old Accounts with Posts | Cancel Enable | Drop 10-20% | 30 Days ♻️ | Instant Start | Day 50K,Instagram,Followers/Subscribers,Instagram Followers [ Best Price ] ᴺᴱᵂ,18.8032,0.5876,20,1000000,Yes,Yes,No,USD
30433,Instagram Followers [ Max 1M ] | Real &amp;amp; Old Accounts with Posts | Cancel Enable | Drop 10-20% | 365 Days ♻️ | Instant Start | Day 50K,Instagram,Followers/Subscribers,Instagram Followers [ Best Price ] ᴺᴱᵂ,28.5664,0.8927,20,1000000,Yes,Yes,No,USD
30434,Instagram Likes [ Max 1M ] | Real Accounts with Post | No Refill ⚠️ | Instant Start | Day 500K 🚀,Instagram,Likes/Reactions,Instagram Likes [ Real Accounts with Post ] [ Best Price ] ᴺᴱᵂ,2.3872,0.0746,100,1000000,No,No,No,USD
30435,Instagram Likes [ Max 1M ] | Real Accounts with Post | 30 Days ♻️ | Instant Start | Day 500K 🚀,Instagram,Likes/Reactions,Instagram Likes [ Real Accounts with Post ] [ Best Price ] ᴺᴱᵂ,2.496,0.078,100,1000000,Yes,No,No,USD
30436,Instagram Likes [ Max 1M ] | Real Accounts with Post | 365 Days ♻️ | Instant Start | Day 500K 🚀,Instagram,Likes/Reactions,Instagram Likes [ Real Accounts with Post ] [ Best Price ] ᴺᴱᵂ,2.5696,0.0803,100,1000000,Yes,No,No,USD
30443,TikTok Followers [ Max 100K ] | HQ Accounts | Cancel Enable | Non Drop | 15 Days ♻️ | Start Time: 0-96H | Day 10K,TikTok,Followers/Subscribers,TikTok Followers [ Non Drop ] ᴺᴱᵂ,79.552,2.486,10,100000,Yes,Yes,No,USD
30444,Tiktok Video Views [ Max 100M ] | Retention 15 Seconds | Cancel Enable | Non Drop | Lifetime ♻️ | Start Time: 0/48H | Day 50K/100K,TikTok,Views/Plays,Tiktok Video Views [ Non Drop ] ᴺᴱᵂ,86.784,2.712,100,100000000,No,Yes,No,USD
30445,Tiktok Video Views [ Max 100M ] | Retention 30 Seconds | Cancel Enable | Non Drop | Lifetime ♻️ | Start Time: 0/48H | Day 50K/100K,TikTok,Views/Plays,Tiktok Video Views [ Non Drop ] ᴺᴱᵂ,130.176,4.068,100,100000000,No,Yes,No,USD
30450,Instagram Turkey Likes [ Max 1K ] | 𝟭𝟬𝟬% 𝐓𝐮𝐫𝐤𝐞𝐲 𝗛𝗤 🇹🇷 | Low Drop | No Refill | Instant Start,Instagram,Likes/Reactions,Instagram Like Turkey Services 🇹🇷 2012 - 2016 OLD,23.504,0.7345,20,3000,No,No,No,USD
30451,Instagram Turkey Likes [ Max 3K ] | 𝟭𝟬𝟬% 𝐓𝐮𝐫𝐤𝐞𝐲 𝗛𝗤 🇹🇷 | Low Drop | No Refill | Instant Start,Instagram,Likes/Reactions,Instagram Like Turkey Services 🇹🇷 2012 - 2016 OLD,23.9744,0.7492,20,5000,No,No,No,USD
30452,Instagram Turkey Likes [ Max 5K ] | 𝟭𝟬𝟬% 𝐓𝐮𝐫𝐤𝐞𝐲 𝗛𝗤 🇹🇷 | Low Drop | No Refill | Instant Start,Instagram,Likes/Reactions,Instagram Like Turkey Services 🇹🇷 2012 - 2016 OLD,24.4448,0.7639,20,10000,No,No,No,USD
30453,Instagram Turkey Likes [ Max 10K ] | 𝟭𝟬𝟬% 𝐓𝐮𝐫𝐤𝐞𝐲 𝗛𝗤 🇹🇷 | Low Drop | No Refill | Instant Start,Instagram,Likes/Reactions,Instagram Like Turkey Services 🇹🇷 2012 - 2016 OLD,24.9152,0.7786,20,15000,No,No,No,USD
30510,YouTube Comment Likes [ Max 20K ] | High Quality | Cancel Enable | No Refill ⚠️ | Instant Start | Day 20K,YouTube,Likes/Reactions,YouTube Services [ Cheapest in The World 🌍 ] ᴺᴱᵂ,1.4848,0.0464,10,20000,No,Yes,No,USD
30511,YouTube Under Comment Likes [ Max 20K ] | High Quality | Cancel Enable | No Refill ⚠️ | Instant Start | Day 20K,YouTube,Likes/Reactions,YouTube Services [ Cheapest in The World 🌍 ] ᴺᴱᵂ,1.4848,0.0464,10,20000,No,Yes,No,USD
30506,Youtube Subscribers [ Max 30K ] | LQ Profiles | NR ⚠️ | SuperInstant | Day 30K ⚡️,YouTube,Followers/Subscribers,YouTube Services [ Cheapest in The World 🌍 ] ᴺᴱᵂ,1.52,0.0475,10,30000,No,Yes,No,USD
30508,Youtube Likes [ Max 30K ] | Start: 0-15 Min | No Warranty ⚠️ | Instant | Day 30K,YouTube,Likes/Reactions,YouTube Services [ Cheapest in The World 🌍 ] ᴺᴱᵂ,1.9168,0.0599,10,30000,No,Yes,No,USD
30507,Youtube Subscribers [ Max 100K ] | LQ Profiles | NR ⚠️ | SuperInstant | Day 100K ⚡️,YouTube,Followers/Subscribers,YouTube Services [ Cheapest in The World 🌍 ] ᴺᴱᵂ,2.064,0.0645,10,100000,No,Yes,No,USD
30509,Youtube Likes [ Max 1M ] | Start: 0-15 Min | No Warranty ⚠️ | Instant | Day 500K,YouTube,Likes/Reactions,YouTube Services [ Cheapest in The World 🌍 ] ᴺᴱᵂ,2.1696,0.0678,10,1000000,No,Yes,No,USD
30514,YouTube Community Under Post Comment Like [ Max 10K ] | High Quality | Cancel Enable | No Refill ⚠️ | Instant Start | Day 10K,YouTube,Likes/Reactions,YouTube Services [ Cheapest in The World 🌍 ] ᴺᴱᵂ,2.1696,0.0678,10,10000,No,Yes,No,USD
30512,YouTube Community Post Like [ Max 50K ] | High Quality | Cancel Enable | No Refill ⚠️ | Instant Start | Day 50K,YouTube,Likes/Reactions,YouTube Services [ Cheapest in The World 🌍 ] ᴺᴱᵂ,3.616,0.113,10,50000,No,Yes,No,USD
30513,YouTube Community Post Comment Like [ Max 10K ] | High Quality | Cancel Enable | No Refill ⚠️ | Instant Start | Day 10K,YouTube,Likes/Reactions,YouTube Services [ Cheapest in The World 🌍 ] ᴺᴱᵂ,3.9776,0.1243,10,10000,No,Yes,No,USD
30515,YouTube Custom Comment  [ Max 1K ] | High Quality | Cancel Enable | No Refill ⚠️ | Instant Start | Day 1K,YouTube,Comments,YouTube Services [ Cheapest in The World 🌍 ] ᴺᴱᵂ,18.08,0.565,5,1000,No,Yes,No,USD
30516,Instagram Followers [ Max 5M ] | MİX Accounts | Non Drop | No Refill ⚠️ | Instant Start | Day 500K 🚀,Instagram,Followers/Subscribers,Instagram Followers [ Mix Data ] [ Provider ] ᴺᴱᵂ,11.5712,0.3616,50,5000000,No,No,No,USD
30517,Instagram Followers [ Max 5M ] | APP Accounts | Non Drop | 30 Days ♻️ | Instant Start | Day 500K 🚀,Instagram,Followers/Subscribers,Instagram Followers [ Mix Data ] [ Provider ] ᴺᴱᵂ,14.1024,0.4407,50,5000000,No,No,No,USD
30518,Instagram Followers [ Max 5M ] | APP Accounts | Non Drop | 60 Days ♻️ | Instant Start | Day 500K 🚀,Instagram,Followers/Subscribers,Instagram Followers [ Mix Data ] [ Provider ] ᴺᴱᵂ,15.9104,0.4972,50,5000000,No,No,No,USD
30519,Instagram Followers [ Max 5M ] | APP Accounts | Non Drop | 90 Days ♻️ | Instant Start | Day 500K 🚀,Instagram,Followers/Subscribers,Instagram Followers [ Mix Data ] [ Provider ] ᴺᴱᵂ,16.9952,0.5311,50,5000000,No,No,No,USD
30520,Instagram Followers [ Max 5M ] | APP Accounts | Non Drop | 365 Days ♻️ | Instant Start | Day 500K 🚀,Instagram,Followers/Subscribers,Instagram Followers [ Mix Data ] [ Provider ] ᴺᴱᵂ,19.1648,0.5989,50,5000000,No,No,No,USD
30521,Instagram Followers [ Max 5M ] | APP Accounts | Non Drop | Lifetime ♻️ | Instant Start | Day 500K 🚀,Instagram,Followers/Subscribers,Instagram Followers [ Mix Data ] [ Provider ] ᴺᴱᵂ,20.2496,0.6328,50,5000000,No,No,No,USD
30199,TikTok Video Views [ Max Unlimited ] | HQ | Cancel Enable | No Refill ⚠️ | Instant Start | Day 1M 🚀,TikTok,Views/Plays,TikTok Video Views [ Cheapest 💥 ] ᴺᴱᵂ,0.2688,0.0084,100,2147483647,No,Yes,No,USD
30200,TikTok Video Views [ Max Unlimited ] | HQ | Cancel Enable | 30 Days ♻️ | Instant Start | Day 1M 🚀,TikTok,Views/Plays,TikTok Video Views [ Cheapest 💥 ] ᴺᴱᵂ,0.304,0.0095,100,2147483647,Yes,Yes,No,USD
30202,YouTube Views [ Max 10M ] | Source: Suggested | Cancel Enable | Drop 0-5% | Lifetime ♻️ | Instant Start | Day 50K/100K 🚀,YouTube,Views/Plays,Youtube Views [ Recommended ⭐ ] ᴺᴱᵂ,24.9504,0.7797,100,10000000,No,No,No,USD
30203,YouTube Views [ Max 10M ] | Source: Suggested | Cancel Enable | Drop 0-5% | 30 Days ♻️ | Instant Start | Day 20K/50K 🚀,YouTube,Views/Plays,Youtube Views [ Recommended ⭐ ] ᴺᴱᵂ,26.1984,0.8187,100,10000000,No,No,No,USD
30204,YouTube Views [ Max 1M ] | Source: Suggested / Search / Browse Features | Retention: 10/60 Seconds | Cancel Enable | Drop 0-10% | Lifetime ♻️ | Instant Start | Day 20K 🚀,YouTube,Views/Plays,Youtube Views [ Recommended ⭐ ] ᴺᴱᵂ,20.6112,0.6441,100,10000000,No,No,No,USD
30205,YouTube Views [ Max 7.5M ] | Source: Suggested and Internal | Drop 0-5% | Lifetime ♻️ | Instant Start | Day 10K/20K 🚀,YouTube,Views/Plays,Youtube Views [ Recommended ⭐ ] ᴺᴱᵂ,20.9728,0.6554,100,7500000,No,No,No,USD
30206,YouTube Views [ Max 1M ] | Source : Browse Features + Suggested Videos | Retention: 30 to 40 Second | Lifetime ♻️ | Instant Start | Day 20K/30K 🚀,YouTube,Views/Plays,Youtube Views [ Recommended ⭐ ] ᴺᴱᵂ,23.8656,0.7458,100,2000000,No,No,No,USD
30208,"YouTube Views + 3-4% Likes [ Max 10M ] | Source: Suggested, External and Other | Drop 0-2% | Lifetime ♻️ | Instant Start | Day 50K/100K 🚀",YouTube,Views/Plays,Youtube Views [ Recommended ⭐ ] ᴺᴱᵂ,23.8656,0.7458,100,10000000,No,No,No,USD
30201,YouTube Views [ Max 10M ] | Source: Mix / Suggested | Non Drop | Lifetime ♻️ | Instant Start | Day 150K 🚀,YouTube,Views/Plays,Youtube Views [ Recommended ⭐ ] ᴺᴱᵂ,23.504,0.7345,100,10000000,No,No,No,USD
30207,YouTube Views [ Max 1M ] | Source : Browse Features + Suggested Videos | Retention: 30 to 40 Second | Lifetime ♻️ | Instant Start | Day 50K/100K 🚀,YouTube,Views/Plays,Youtube Views [ Recommended ⭐ ] ᴺᴱᵂ,24.9504,0.7797,100,1000000,No,No,No,USD
30209,"YouTube Views [ Max 7.5M ] | Source: Suggested, External and Other | Drop 0-2% | Lifetime Auto ♻️ | Instant Start | Day 100K/150K 🚀",YouTube,Views/Plays,Youtube Views [ Recommended ⭐ ] ᴺᴱᵂ,27.4816,0.8588,100,7500000,No,No,No,USD
1811,TikTok - Followers | MQ 100K | R30 | Recommended 🔥🔥 🔝,TikTok,Followers/Subscribers,TikTok - Recommended,48.0,1.5,5,100000,No,No,No,USD
1812,TikTok - Likes | MQ 100K | R30 | Recommended 🔥🔥 🔝,TikTok,Likes/Reactions,TikTok - Recommended,48.0,1.5,5,100000,No,No,No,USD
2523,TikTok - Followers | MQ 50K | R30 | Recommended🔥🔥🔝,TikTok,Followers/Subscribers,TikTok - Recommended,48.0,1.5,20,50000,No,No,No,USD
2524,TikTok - Likes | MQ 50K | R30 | Recommended 🔥🔥🔝,TikTok,Likes/Reactions,TikTok - Recommended,48.0,1.5,20,50000,No,No,No,USD
28009,[ WC ] - Facebook Live Stream Viewers [ 15 Minutes ],Facebook,Live Stream Viewers,Facebook - Live Stream Viewers [ World Cheapest ],1.0336,0.0323,50,30000,No,No,No,USD
28010,[ WC ] - Facebook Live Stream Viewers [ 30 Minutes ],Facebook,Live Stream Viewers,Facebook - Live Stream Viewers [ World Cheapest ],2.064,0.0645,50,30000,No,No,No,USD
28011,[ WC ] - Facebook Live Stream Viewers [ 60 Minutes ],Facebook,Live Stream Viewers,Facebook - Live Stream Viewers [ World Cheapest ],4.1248,0.1289,50,30000,No,No,No,USD
28012,[ WC ] - Facebook Live Stream Viewers [ 90 Minutes ],Facebook,Live Stream Viewers,Facebook - Live Stream Viewers [ World Cheapest ],6.1856,0.1933,50,30000,No,No,No,USD
28013,[ WC ] - Facebook Live Stream Viewers [ 120 Minutes ],Facebook,Live Stream Viewers,Facebook - Live Stream Viewers [ World Cheapest ],8.2464,0.2577,50,30000,No,No,No,USD
28014,[ WC ] - Facebook Live Stream Viewers [ 150 Minutes ],Facebook,Live Stream Viewers,Facebook - Live Stream Viewers [ World Cheapest ],10.3072,0.3221,50,30000,No,No,No,USD
28015,[ WC ] - Facebook Live Stream Viewers [ 180 Minutes ],Facebook,Live Stream Viewers,Facebook - Live Stream Viewers [ World Cheapest ],12.368,0.3865,50,30000,No,No,No,USD
28016,[ WC ] - Facebook Live Stream Viewers [ 360 Minutes ],Facebook,Live Stream Viewers,Facebook - Live Stream Viewers [ World Cheapest ],24.736,0.773,50,30000,No,No,No,USD
28017,[ WC ] - Facebook Live Stream Viewers [ 480 Minutes ],Facebook,Live Stream Viewers,Facebook - Live Stream Viewers [ World Cheapest ],32.9792,1.0306,50,30000,No,No,No,USD
28000,Facebook Live Stream Views ( 15 Min ) Start Time: Instant,Facebook,Live Stream Viewers,𝐅𝐀𝐂𝐄𝐁𝐎𝐎𝐊 - 100% Concurrent Live Views [ affordable ],1.2672,0.0396,20,30000,No,No,No,USD
28001,Facebook Live Stream Views ( 30 Min ) Start Time: Instant,Facebook,Live Stream Viewers,𝐅𝐀𝐂𝐄𝐁𝐎𝐎𝐊 - 100% Concurrent Live Views [ affordable ],2.5312,0.0791,20,30000,No,No,No,USD
28002,Facebook Live Stream Views ( 60 Min ) Start Time: Instant,Facebook,Live Stream Viewers,𝐅𝐀𝐂𝐄𝐁𝐎𝐎𝐊 - 100% Concurrent Live Views [ affordable ],4.7008,0.1469,20,30000,No,No,No,USD
28003,Facebook Live Stream Views ( 90 Min ) Start Time: Instant,Facebook,Live Stream Viewers,𝐅𝐀𝐂𝐄𝐁𝐎𝐎𝐊 - 100% Concurrent Live Views [ affordable ],6.8704,0.2147,20,30000,No,No,No,USD
28004,Facebook Live Stream Views ( 120 Min ) Start Time: Instant,Facebook,Live Stream Viewers,𝐅𝐀𝐂𝐄𝐁𝐎𝐎𝐊 - 100% Concurrent Live Views [ affordable ],9.04,0.2825,20,30000,No,No,No,USD
28005,Facebook Live Stream Views ( 150 Min ) Start Time: Instant,Facebook,Live Stream Viewers,𝐅𝐀𝐂𝐄𝐁𝐎𝐎𝐊 - 100% Concurrent Live Views [ affordable ],11.5712,0.3616,20,30000,No,No,No,USD
28006,Facebook Live Stream Views ( 180 Min ) Start Time: Instant,Facebook,Live Stream Viewers,𝐅𝐀𝐂𝐄𝐁𝐎𝐎𝐊 - 100% Concurrent Live Views [ affordable ],14.1024,0.4407,20,30000,No,No,No,USD
28007,Facebook Live Stream Views ( 360 min ) Start Time: Instant,Facebook,Live Stream Viewers,𝐅𝐀𝐂𝐄𝐁𝐎𝐎𝐊 - 100% Concurrent Live Views [ affordable ],27.4816,0.8588,20,30000,No,No,No,USD
28008,Facebook Live Stream Views ( 480 Min ) Start Time: Instant,Facebook,Live Stream Viewers,𝐅𝐀𝐂𝐄𝐁𝐎𝐎𝐊 - 100% Concurrent Live Views [ affordable ],37.6064,1.1752,20,30000,No,No,No,USD
27356,Youtube Live Stream Views [15 Minutes],YouTube,Live Stream Viewers,Youtube Live Stream Views [Working Good - Cheapest in the Market],1.1648,0.0364,50,50000,No,No,No,USD
27357,Youtube Live Stream Views [30 Minutes],YouTube,Live Stream Viewers,Youtube Live Stream Views [Working Good - Cheapest in the Market],2.3264,0.0727,50,200000,No,No,No,USD
27358,Youtube Live Stream Views [60 Minutes],YouTube,Live Stream Viewers,Youtube Live Stream Views [Working Good - Cheapest in the Market],4.9664,0.1552,50,200000,No,No,No,USD
27359,Youtube Live Stream Views [90 Minutes],YouTube,Live Stream Viewers,Youtube Live Stream Views [Working Good - Cheapest in the Market],7.6384,0.2387,50,200000,No,No,No,USD
27360,Youtube Live Stream Views [120 Minutes],YouTube,Live Stream Viewers,Youtube Live Stream Views [Working Good - Cheapest in the Market],10.3104,0.3222,50,200000,No,No,No,USD
27361,Youtube Live Stream Views [150 Minutes],YouTube,Live Stream Viewers,Youtube Live Stream Views [Working Good - Cheapest in the Market],12.7072,0.3971,50,200000,No,No,No,USD
27362,Youtube Live Stream Views [180 Minutes],YouTube,Live Stream Viewers,Youtube Live Stream Views [Working Good - Cheapest in the Market],15.2768,0.4774,50,200000,No,No,No,USD
27363,Youtube Live Stream Views [360 Minutes],YouTube,Live Stream Viewers,Youtube Live Stream Views [Working Good - Cheapest in the Market],30.896,0.9655,50,50000,No,No,No,USD
27364,Youtube Live Stream Views [720 Minutes],YouTube,Live Stream Viewers,Youtube Live Stream Views [Working Good - Cheapest in the Market],62.4864,1.9527,50,50000,No,No,No,USD
27365,Youtube Live Stream Views [1440 Minutes],YouTube,Live Stream Viewers,Youtube Live Stream Views [Working Good - Cheapest in the Market],123.9296,3.8728,50,50000,No,No,No,USD
27991,Facebook Super Instant Real Post Likes 👍 (Refill 30 Days) 🌏,Facebook,Likes/Reactions,Facebook Post Likes,48.816,1.5255,100,4000,No,No,No,USD
27992,Facebook Super Instant Real Hearts/Love ❤️ (Refill 30 Days) 🌏,Facebook,Likes/Reactions,Facebook Post Likes,48.816,1.5255,100,4000,No,No,No,USD
27993,Facebook Super Instant Real Angry React 😡 (Refill 30 Days) 🌏,Facebook,Likes/Reactions,Facebook Post Likes,48.816,1.5255,100,4000,No,No,No,USD
27994,Facebook Super Instant Real Haha React 😂 (Refill 30 Days) 🌏,Facebook,Likes/Reactions,Facebook Post Likes,48.816,1.5255,100,4000,No,No,No,USD
27995,Facebook Super Instant Real WoW 😮 React (Refill 30 Days) 🌏,Facebook,Likes/Reactions,Facebook Post Likes,48.816,1.5255,100,4000,No,No,No,USD
27996,Facebook Super Instant Real Sad 😢 React (Refill 30 Days) 🌏,Facebook,Likes/Reactions,Facebook Post Likes,48.816,1.5255,100,4000,No,No,No,USD
27997,Facebook Super Instant Real Care React (Refill 30 Days) 🌏,Facebook,Likes/Reactions,Facebook Post Likes,48.816,1.5255,100,4000,No,No,No,USD
27998,"FB Page Followers ONLY , No Likes (Instant) (Non Drop) (R30) 🌎",Facebook,Followers/Subscribers,Facebook Page Services,108.48,3.39,100,4000,No,No,No,USD
27984,Instagram Likes [ Max 1M ] | Old Accounts | Cancel Enable | Drop 0% | No Refill ⚠️ | Instant Start | Day 250K 🚀,Instagram,Likes/Reactions,Instagram Likes [ 100% Old &amp; Active Accounts 🏅] ᴺᴱᵂ,4.7008,0.1469,10,1000000,No,Yes,No,USD
29920,Instagram Likes [ Max 1M ] | Old Accounts | Cancel Enable | Drop 0% | No Refill ⚠️ | Instant Start | Day 250K 🚀,Instagram,Likes/Reactions,Instagram Likes [ 100% Old &amp; Active Accounts 🏅] ᴺᴱᵂ,4.7008,0.1469,10,1000000,No,Yes,No,USD
27985,Instagram Likes [ Max 1M ] | Old Accounts | Cancel Enable | Drop 0% | 30 Days ♻️ | Instant Start | Day 250K 🚀,Instagram,Likes/Reactions,Instagram Likes [ 100% Old &amp; Active Accounts 🏅] ᴺᴱᵂ,4.8832,0.1526,10,1000000,Yes,Yes,No,USD
29921,Instagram Likes [ Max 1M ] | Old Accounts | Cancel Enable | Drop 0% | 30 Days ♻️ | Instant Start | Day 250K 🚀,Instagram,Likes/Reactions,Instagram Likes [ 100% Old &amp; Active Accounts 🏅] ᴺᴱᵂ,4.8832,0.1526,10,1000000,Yes,Yes,No,USD
27986,Instagram Likes [ Max 1M ] | Old Accounts | Cancel Enable | Drop 0% | 60 Days ♻️ | Instant Start | Day 250K 🚀,Instagram,Likes/Reactions,Instagram Likes [ 100% Old &amp; Active Accounts 🏅] ᴺᴱᵂ,5.0624,0.1582,10,1000000,Yes,Yes,No,USD
29922,Instagram Likes [ Max 1M ] | Old Accounts | Cancel Enable | Drop 0% | 60 Days ♻️ | Instant Start | Day 250K 🚀,Instagram,Likes/Reactions,Instagram Likes [ 100% Old &amp; Active Accounts 🏅] ᴺᴱᵂ,5.0624,0.1582,10,1000000,Yes,Yes,No,USD
27987,Instagram Likes [ Max 1M ] | Old Accounts | Cancel Enable | Drop 0% | 90 Days ♻️ | Instant Start | Day 250K 🚀,Instagram,Likes/Reactions,Instagram Likes [ 100% Old &amp; Active Accounts 🏅] ᴺᴱᵂ,5.2448,0.1639,10,1000000,Yes,Yes,No,USD
29923,Instagram Likes [ Max 1M ] | Old Accounts | Cancel Enable | Drop 0% | 90 Days ♻️ | Instant Start | Day 250K 🚀,Instagram,Likes/Reactions,Instagram Likes [ 100% Old &amp; Active Accounts 🏅] ᴺᴱᵂ,5.2448,0.1639,10,1000000,Yes,Yes,No,USD
27988,Instagram Likes [ Max 1M ] | Old Accounts | Cancel Enable | Drop 0% | 365 Days ♻️ | Instant Start | Day 250K 🚀,Instagram,Likes/Reactions,Instagram Likes [ 100% Old &amp; Active Accounts 🏅] ᴺᴱᵂ,5.424,0.1695,10,1000000,Yes,Yes,No,USD
29924,Instagram Likes [ Max 1M ] | Old Accounts | Cancel Enable | Drop 0% | 365 Days ♻️ | Instant Start | Day 250K 🚀,Instagram,Likes/Reactions,Instagram Likes [ 100% Old &amp; Active Accounts 🏅] ᴺᴱᵂ,5.424,0.1695,10,1000000,Yes,Yes,No,USD
27989,Instagram Likes [ Max 1M ] | Old Accounts | Cancel Enable | Drop 0% | Lifetime ♻️ | Instant Start | Day 250K 🚀,Instagram,Likes/Reactions,Instagram Likes [ 100% Old &amp; Active Accounts 🏅] ᴺᴱᵂ,5.6064,0.1752,10,1000000,Yes,Yes,No,USD
29925,Instagram Likes [ Max 1M ] | Old Accounts | Cancel Enable | Drop 0% | Lifetime ♻️ | Instant Start | Day 250K 🚀,Instagram,Likes/Reactions,Instagram Likes [ 100% Old &amp; Active Accounts 🏅] ᴺᴱᵂ,5.6064,0.1752,10,1000000,Yes,Yes,No,USD
27999,FB Profile Followers ONLY (Instant) (Non Drop) (R30) 🌍,Facebook,Followers/Subscribers,Facebook Profile Followers,101.248,3.164,100,4000,No,No,No,USD
27271,Tiktok Views [Cancel Enabled] [Instant],TikTok,Views/Plays,Tiktok Views [Always Instant Service - 14.10.2025],0.2944,0.0092,10000,1000000000,No,Yes,No,USD
27270,Tiktok Views [Cancel Enabled] [Instant],TikTok,Views/Plays,Tiktok Views [Always Instant Service - 14.10.2025],0.2976,0.0093,5000,100000000,No,Yes,No,USD
27269,Tiktok Views [Cancel Enabled] [Instant],TikTok,Views/Plays,Tiktok Views [Always Instant Service - 14.10.2025],0.3136,0.0098,50,1000000000,No,Yes,No,USD
27278,Instagram Likes [Real] [No Refill] [50-100K+/D] [Instant],Instagram,Likes/Reactions,Instagram Real Likes [Provider - 14.10.2025],3.8208,0.1194,10,500000,No,No,No,USD
27279,Instagram Likes [Real] [30 Days Refill] [50-100K+/D] [Instant],Instagram,Likes/Reactions,Instagram Real Likes [Provider - 14.10.2025],4.1664,0.1302,10,500000,No,No,No,USD
27280,Instagram Likes [Real] [60 Days Refill] [50-100K+/D] [Instant],Instagram,Likes/Reactions,Instagram Real Likes [Provider - 14.10.2025],4.5152,0.1411,10,500000,No,No,No,USD
27281,Instagram Likes [Real] [90 Days Refill] [50-100K+/D] [Instant],Instagram,Likes/Reactions,Instagram Real Likes [Provider - 14.10.2025],4.8608,0.1519,10,500000,No,No,No,USD
27282,Instagram Likes [Real] [365 Days Refill] [50-100K+/D] [Instant],Instagram,Likes/Reactions,Instagram Real Likes [Provider - 14.10.2025],5.5552,0.1736,10,500000,No,No,No,USD
27283,Instagram Likes [Real] [Lifetime Refill] [50-100K+/D] [Instant],Instagram,Likes/Reactions,Instagram Real Likes [Provider - 14.10.2025],6.2496,0.1953,10,500000,No,No,No,USD
27272,Instagram Likes [High Quality] [No Drop] [50-100K+/D] [Instant],Instagram,Likes/Reactions,Instagram Real Likes [Provider - 14.10.2025],6.944,0.217,10,500000,No,No,No,USD
27273,Instagram Likes [High Quality] [No Drop] [30 Days Refill] [50-100K+/D] [Instant],Instagram,Likes/Reactions,Instagram Real Likes [Provider - 14.10.2025],7.2928,0.2279,10,500000,No,No,No,USD
27274,Instagram Likes [High Quality] [No Drop] [60 Days Refill] [50-100K+/D] [Instant],Instagram,Likes/Reactions,Instagram Real Likes [Provider - 14.10.2025],7.6384,0.2387,10,500000,No,No,No,USD
27275,Instagram Likes [High Quality] [No Drop] [90 Days Refill] [50-100K+/D] [Instant],Instagram,Likes/Reactions,Instagram Real Likes [Provider - 14.10.2025],7.9872,0.2496,10,500000,No,No,No,USD
27276,Instagram Likes [High Quality] [No Drop] [365 Days Refill] [50-100K+/D] [Instant],Instagram,Likes/Reactions,Instagram Real Likes [Provider - 14.10.2025],8.3328,0.2604,10,500000,No,No,No,USD
27277,Instagram Likes [High Quality] [No Drop] [Lifetime Refill] [50-100K+/D] [Instant],Instagram,Likes/Reactions,Instagram Real Likes [Provider - 14.10.2025],9.0272,0.2821,10,500000,No,No,No,USD
27284,Instagram Followers [High Quality+ Real] [No Refill] [50-100K/D] [Instant],Instagram,Followers/Subscribers,Instagram Followers [High Speed Instant - All Flags],41.6576,1.3018,250,200000,No,No,No,USD
27285,Instagram Followers [High Quality+ Real] [30 Days Refill] [50-100K/D] [Instant],Instagram,Followers/Subscribers,Instagram Followers [High Speed Instant - All Flags],52.0704,1.6272,250,200000,No,No,No,USD
27286,Instagram Followers [High Quality+ Real] [60 Days Refill] [50-100K/D] [Instant],Instagram,Followers/Subscribers,Instagram Followers [High Speed Instant - All Flags],62.4864,1.9527,250,200000,No,No,No,USD
27287,Instagram Followers [High Quality+ Real] [90 Days Refill] [50-100K/D] [Instant],Instagram,Followers/Subscribers,Instagram Followers [High Speed Instant - All Flags],72.8992,2.2781,250,200000,No,No,No,USD
27288,Instagram Followers [High Quality+ Real] [365 Days Refill] [50-100K/D] [Instant],Instagram,Followers/Subscribers,Instagram Followers [High Speed Instant - All Flags],86.784,2.712,250,200000,No,No,No,USD
27289,Instagram Followers [High Quality+ Real] [Lifetime Refill] [50-100K/D] [Instant],Instagram,Followers/Subscribers,Instagram Followers [High Speed Instant - All Flags],97.2,3.0375,250,200000,No,No,No,USD
27290,Instagram Indian Likes [No Drop] [No Refill] [50K/D] [Instant],Instagram,Likes/Reactions,Instagram Indian Likes [Cheapest - Latest 14.10.2025],6.2496,0.1953,100,100000,No,No,No,USD
27291,Instagram Indian Likes [No Drop] [30 Days Refill] [50K/D] [Instant],Instagram,Likes/Reactions,Instagram Indian Likes [Cheapest - Latest 14.10.2025],6.944,0.217,100,100000,No,No,No,USD
27292,Instagram Indian Likes [No Drop] [60 Days Refill] [50K/D] [Instant],Instagram,Likes/Reactions,Instagram Indian Likes [Cheapest - Latest 14.10.2025],7.6384,0.2387,100,100000,No,No,No,USD
27293,Instagram Indian Likes [No Drop] [90 Days Refill] [50K/D] [Instant],Instagram,Likes/Reactions,Instagram Indian Likes [Cheapest - Latest 14.10.2025],8.3328,0.2604,100,100000,No,No,No,USD
27294,Instagram Indian Likes [No Drop] [365 Days Refill] [50K/D] [Instant],Instagram,Likes/Reactions,Instagram Indian Likes [Cheapest - Latest 14.10.2025],9.3728,0.2929,100,100000,No,No,No,USD
27295,Instagram Indian Likes [No Drop] [Lifetime Refill] [50K/D] [Instant],Instagram,Likes/Reactions,Instagram Indian Likes [Cheapest - Latest 14.10.2025],10.416,0.3255,100,100000,No,No,No,USD
27249,Instagram - Video Views | MQ 10M |  SP Server 1 | RB30,Instagram,Views/Plays,SMM Provider,0.2176,0.0068,100,100000000,Yes,Yes,No,USD
27250,Instagram - Views | MQ 100M | RB30,Instagram,Views/Plays,SMM Provider,0.3264,0.0102,100,10000000,Yes,Yes,No,USD
27265,TikTok - Video Views | Max 999M | 0-5 Minutes,TikTok,Views/Plays,SMM Provider,0.3264,0.0102,100,2147483647,No,No,No,USD
27256,Instagram - Shares | MQ 10M | RB30,Instagram,Shares,SMM Provider,0.3616,0.0113,10,100000000,Yes,Yes,No,USD
27268,Instagram - Post Views | MQ 5M,Instagram,Views/Plays,SMM Provider,0.3616,0.0113,10,5000000,Yes,Yes,No,USD
27264,TikTok - Video Views | Max 999M | 0-5 Minutes,TikTok,Views/Plays,SMM Provider,0.3744,0.0117,50,2147483647,No,Yes,No,USD
24985,Instagram - Post Views | MQ 500K,Instagram,Views/Plays,SMM Provider,0.448,0.014,10,5000000,Yes,Yes,No,USD
27263,TikTok - Video Views | Max 999M | 0-5 Minutes,TikTok,Views/Plays,SMM Provider,0.4768,0.0149,100,2147483647,No,No,No,USD
27257,Instagram - Reach + Impressions | MQ 100M | RB30,Instagram,Views/Plays,SMM Provider,1.4464,0.0452,10,100000000,Yes,Yes,No,USD
27251,Instagram - Views + Reach + Impressions | MQ 10M | RB30,Instagram,Views/Plays,SMM Provider,1.664,0.052,100,1000000,Yes,Yes,No,USD
27243,Instagram - Followers | MQ 250K | Drops: 50-95%,Instagram,Followers/Subscribers,SMM Provider,6.5088,0.2034,10,250000,No,Yes,No,USD
28018,Instagram - Likes,Instagram,Likes/Reactions,SMM Provider,6.5088,0.2034,10,150000,Yes,Yes,No,USD
27247,Instagram - Likes | Speed: 30K per hour,Instagram,Likes/Reactions,SMM Provider,11.9328,0.3729,10,100000,Yes,Yes,No,USD
27260,Instagram - Comments | Emoji | MQ 1K | RB30,Instagram,Comments,SMM Provider,216.96,6.78,1,1000,Yes,Yes,No,USD
27261,Instagram - Comments | Custom | MQ 1K | RB30,Instagram,Comments,SMM Provider,433.92,13.56,1,1000,Yes,Yes,No,USD
14566,TikTok - Reposts | MQ 10K | HQ - Real | Always Working 🔥🔥🔝,Instagram,Shares,100% Real Human Services [ 100% working Instagram and tiktok ],57.28,1.79,10,10000,No,No,No,USD
1010,VK - Views | MQ 10K | HQ - Real | Always Working 🔥🔥🔝,Instagram,Views/Plays,100% Real Human Services [ 100% working Instagram and tiktok ],57.28,1.79,10,10000,No,No,No,USD
14091,TikTok - Likes | MQ 10K | HQ - Real | Always Working 🔥🔥🔝,Instagram,Likes/Reactions,100% Real Human Services [ 100% working Instagram and tiktok ],85.76,2.68,10,10000,No,No,No,USD
14090,TikTok - Views | MQ 10K | HQ - Real | Always Working 🔥🔥🔝,Instagram,Views/Plays,100% Real Human Services [ 100% working Instagram and tiktok ],114.56,3.58,10,10000,No,No,No,USD
2432,Instagram - Likes | MQ 10K | HQ - Real | Always Working 🔥🔥🔝⭐️⭐️⭐️,Instagram,Likes/Reactions,100% Real Human Services [ 100% working Instagram and tiktok ],115.52,3.61,10,30000,No,No,No,USD
2422,TikTok - Followers | MQ 10K | HQ - Real | Always Working 🔥🔥🔝,Instagram,Followers/Subscribers,100% Real Human Services [ 100% working Instagram and tiktok ],229.12,7.16,10,10000,No,No,No,USD
2425,TikTok - Comments | Positive | MQ 50K | Recommended 🔥🔥🔝,Instagram,Comments,100% Real Human Services [ 100% working Instagram and tiktok ],257.92,8.06,5,50000,No,No,No,USD
2431,Instagram - Followers | MQ 30K | HQ | RB30🔝,Instagram,Followers/Subscribers,100% Real Human Services [ 100% working Instagram and tiktok ],288.0,9.0,10,30000,Yes,No,No,USD
2544,Instagram - Comments | MQ 10K | HQ - Real | Always Working 🔥🔥🔝,Instagram,Comments,100% Real Human Services [ 100% working Instagram and tiktok ],320.0,10.0,10,10000,No,Yes,No,USD
14571,Instagram - Story Views | MQ 10K | HQ - Real | Always Working🔥🔥🔝,Instagram,Views/Plays,100% Real Human Services [ 100% working Instagram and tiktok ],480.0,15.0,10,10000,No,No,No,USD
27366,TikTok - Likes | MQ 1M | Instant Start | No Refill,TikTok,Likes/Reactions,TikTok [ Provider ],0.544,0.017,10,100000,No,No,No,USD
18654,TikTok - Likes | MQ 100K | Speed 50k P/D 🔥🔥🔝,TikTok,Likes/Reactions,TikTok [ Provider ],0.608,0.019,10,100000,No,Yes,No,USD
19325,TikTok - Video Views | MQ 50M | Instant Start | Day 10M 🔥🔥🔝,TikTok,Views/Plays,TikTok [ Provider ],0.7232,0.0226,100,50000000,No,No,No,USD
19672,TikTok - Likes  | MQ 100K | Speed 80k P/D🔝 ⭐️⭐️⭐️,TikTok,Likes/Reactions,TikTok [ Provider ],0.832,0.026,10,100000,No,Yes,No,USD
27353,TikTok - Likes  | MQ 100K | Speed 89k P/D🔝 ⭐️⭐️⭐️,TikTok,Likes/Reactions,TikTok [ Provider ],0.96,0.03,10,1000000,No,No,No,USD
19695,TikTok - Shares | MQ 100K🔝,TikTok,Shares,TikTok [ Provider ],2.1696,0.0678,10,1000000,No,No,No,USD
24947,TikTok - Live Likes | MQ 1M | Super Instant Start | 1M/Hour,TikTok,Likes/Reactions,TikTok [ Provider ],2.5312,0.0791,10,10000000,No,No,No,USD
19697,TikTok - Save | MQ 100K 🔥🔥🔝,TikTok,Saves,TikTok [ Provider ],2.7136,0.0848,10,100000,No,No,No,USD
19261,TikTok - Likes | Average Quality | MQ 100K🔝,TikTok,Likes/Reactions,TikTok [ Provider ],3.2,0.1,10,100000,No,Yes,No,USD
19694,TikTok - Likes | MQ 5K🔝,TikTok,Likes/Reactions,TikTok [ Provider ],4.3392,0.1356,10,100000,No,No,No,USD
19696,TikTok - Shares | MQ 10M🔝,TikTok,Shares,TikTok [ Provider ],5.424,0.1695,10,10000000,No,No,No,USD
6629,TikTok - Likes | MQ 100K | Speed 100K P/D 🔥🔥 🔝,TikTok,Likes/Reactions,TikTok [ Provider ],12.16,0.38,10,100000,No,Yes,No,USD
24942,TikTok - Followers | MQ 1M | 0 - 15 Min Start | 5K/Day,TikTok,Followers/Subscribers,TikTok [ Provider ],36.16,1.13,10,1000000,No,No,No,USD
24943,TikTok - Followers | MQ 500K | Instant | 10K/Day,TikTok,Followers/Subscribers,TikTok [ Provider ],70.512,2.2035,10,500000,No,No,No,USD
19692,TikTok - Followers | MQ 250K🔝,TikTok,Followers/Subscribers,TikTok [ Provider ],72.32,2.26,10,250000,No,No,No,USD
24945,TikTok - Followers | MQ 500K |  HQ Real | Super Instant Start | 5K/Day | R30,TikTok,Followers/Subscribers,TikTok [ Provider ],108.48,3.39,10,500000,No,No,No,USD
24823,TikTok - Followers | MQ 1M | HQ Profiles | Cancel Enable | Low Drop | Instant Start | Day 100K,TikTok,Followers/Subscribers,TikTok - Followers,39.1808,1.2244,10,500000,No,Yes,No,USD
24812,TikTok - Followers | MQ 10M | 100% Real Accounts | Drop 0-5% | Cancel Enable | Instant Start | Day 5K | R60,TikTok,Followers/Subscribers,TikTok - Followers,39.4144,1.2317,10,1000000,No,No,No,USD
24814,TikTok - Followers | Worldwide | MQ 10M | 100% Real Accounts | Cancel Enable | Instant Start | Day 5K,TikTok,Followers/Subscribers,TikTok - Followers,40.1376,1.2543,10,10000000,No,No,No,USD
13917,TikTok - Followers | MQ 300K | Real- Mix Users | 20K Per Day 🔥🔥🔝,TikTok,Followers/Subscribers,TikTok - Followers,41.0688,1.2834,10,10000000,No,Yes,No,USD
12843,Tiktok - Followers | MQ 50K | SuperInstant | Speed 5K P/D 🔥🔥🔝,TikTok,Followers/Subscribers,TikTok - Followers,43.392,1.356,10,100000,No,No,No,USD
24787,TikTok - Followers | Worldwide | MQ 1M | 100% Real Accounts | Cancel Enable | Drop 0-2%+ | Instant Start | Day 100K | R30,TikTok,Followers/Subscribers,TikTok - Followers,43.392,1.356,10,1000000,Yes,Yes,No,USD
11100,Tiktok - Followers | MQ 200K | Speed 5-10K P/D | 0-30 Minutes 🔥🔥🔝,TikTok,Followers/Subscribers,TikTok - Followers,44.9344,1.4042,10,1000000,No,No,No,USD
21861,TikTok - Followers | MQ 1M | Cancel &amp; Refill Enable | Non Drop | HQ+ Real | Speed 100K P/D | R30,TikTok,Followers/Subscribers,TikTok - Followers,46.304,1.447,10,1000000,No,Yes,No,USD
16223,TikTok - Followers | Instant Stat | Speed 10K/D 🔥🔥🔝,TikTok,Followers/Subscribers,TikTok - Followers,47.008,1.469,50,400000,No,Yes,No,USD
21862,TikTok - Followers | MQ 1M | Cancel &amp; Refill Enable | Non Drop | HQ+ Real | Speed 100K P/D | R30,TikTok,Followers/Subscribers,TikTok - Followers,48.4192,1.5131,10,1000000,Yes,Yes,No,USD
23614,TikTok - Followers | MQ 1M | HQ Real People | Cancel Enable | Instant Start | Day 100K | 100% Real Account🔝,TikTok,Followers/Subscribers,TikTok - Followers,48.816,1.5255,10,1000000,No,No,No,USD
23545,TikTok - Followers | MQ 1M | HQ Real People | Cancel Enable | Instant Start | Day 100K 🔝,TikTok,Followers/Subscribers,TikTok - Followers,49.1776,1.5368,10,1000000,No,No,No,USD
6363,TikTok - Followers | MQ 40K | Real - Mix 🔥🔥🔝,TikTok,Followers/Subscribers,TikTok - Followers,54.24,1.695,10,500000,No,No,No,USD
22252,TikTok - Followers | MQ 1M | HQ+Real | Cancel Enable| Speed Day 50K🔝,TikTok,Followers/Subscribers,TikTok - Followers,55.344,1.7295,10,1000000,No,Yes,No,USD
18700,TikTok - Followers | MQ 100K | Speed 10K+/day | Real HQ | Recommended | Most Selling 🔥🔥🔝,TikTok,Followers/Subscribers,TikTok - Followers,57.856,1.808,10,100000,No,No,No,USD
18236,TikTok - Followers | MQ 100K | Speed 10k/day | Recommended | R30🔥🔥🔝,TikTok,Followers/Subscribers,TikTok - Followers,57.856,1.808,5,100000,No,No,No,USD
19086,TikTok - Followers | MQ 100K | Instant Start | Fastest | Speed 3K/Day 🔝,TikTok,Followers/Subscribers,TikTok - Followers,57.856,1.808,10,1000000,No,No,No,USD
10135,TikTok - Followers | MQ 100K | Real | Non Drop | Fast 🔥🔥🔝,TikTok,Followers/Subscribers,TikTok - Followers,59.664,1.8645,10,500000,No,No,No,USD
10554,TikTok - Followers | MQ 5K | Instant Start | HQ | R30 🔥🔥🔝,TikTok,Followers/Subscribers,TikTok - Followers,60.3872,1.8871,5,100000,No,No,No,USD
6372,TikTok - Followers | MQ 100K | Fast 🔥🔥🔝,TikTok,Followers/Subscribers,TikTok - Followers,60.7488,1.8984,50,5000000,No,No,No,USD
14329,TikTok - Followers | MQ 100K | SuperInstant | Speed 50K P/D 🔥🔥🔝,TikTok,Followers/Subscribers,TikTok - Followers,62.5568,1.9549,10,1000000,No,No,No,USD
14899,Tiktok - Followers | MQ 500K | Speed 5-6K P/D | SuperInstant🔥🔥🔝,TikTok,Followers/Subscribers,TikTok - Followers,64.752,2.0235,10,10000,No,Yes,No,USD
14893,Tiktok - Followers | MQ 150K🔥🔥🔝,TikTok,Followers/Subscribers,TikTok - Followers,70.656,2.208,10,10000000,No,No,No,USD
6485,TikTok - Followers | MQ 100K | 0-30 Min 🔥🔥🔝,TikTok,Followers/Subscribers,TikTok - Followers,70.656,2.208,10,10000000,No,No,No,USD
2068,TikTok - Followers | MQ 30K | 0-10 Min | Instant 🔥🔥🔝,TikTok,Followers/Subscribers,TikTok - Followers,72.32,2.26,10,150000,No,No,No,USD
19255,Tiktok - Followers | Instant! | 2K-5K/D | 15 Days Refill 🔝,TikTok,Followers/Subscribers,TikTok - Followers,72.32,2.26,10,100000,No,Yes,No,USD
18443,TikTok - Followers | MQ 1M | HQ | Speed 30K | R365🔥🔥🔝,TikTok,Followers/Subscribers,TikTok - Followers,74.8512,2.3391,10,10000000,No,Yes,No,USD
17299,TikTok - Followers | MQ 300K | Speed 5K P/H | Real Global Users | Non Drop | 100% Organic🔥🔥🔝,TikTok,Followers/Subscribers,TikTok - Followers,77.6992,2.4281,10,50000,No,Yes,No,USD
16893,TikTok - Followers | MQ 50K | Instant Start | Speed 25K/Day | R30🔥🔥🔝,TikTok,Followers/Subscribers,TikTok - Followers,77.6992,2.4281,10,50000,No,Yes,No,USD
13089,TikTok - Followers | Speed 100K/D | Always Instant! | Min 1 | R30 🔥🔥🔝,TikTok,Followers/Subscribers,TikTok - Followers,78.6496,2.4578,10,2000000,No,Yes,No,USD
7046,TikTok - Followers | MQ 100K 🔥🔥🔝,TikTok,Followers/Subscribers,TikTok - Followers,79.552,2.486,10,1000000,No,No,No,USD
22556,TikTok - Followers | Brazil | MQ 500K | HQ Accounts | Instant | 0-5 Min | 10K/Day🔝,TikTok,Followers/Subscribers,TikTok - Followers,80.5728,2.5179,100,1000000,No,Yes,No,USD
22422,TikTok - Followers | MQ 10M | MQ Profiles | Non Drop | Speed 20K P/D,TikTok,Followers/Subscribers,TikTok - Followers,80.5728,2.5179,100,1000000,No,Yes,No,USD
22692,TikTok - Followers | MQ 50K | MQ Profiles | Start: 0-5 Minutes | Speed Day 50K🔝,TikTok,Followers/Subscribers,TikTok - Followers,80.5728,2.5179,100,1000000,No,Yes,No,USD
16867,TikTok - Followers | MQ 500K | Ultra Instant | Speed: 40K/Day | R30 🔥🔥🔝,TikTok,Followers/Subscribers,TikTok - Followers,80.5728,2.5179,100,1000000,No,Yes,No,USD
19682,TikTok - Followers | Brazil | MQ 100K | Speed 20K P/D | Fast | R30 🔝,TikTok,Followers/Subscribers,TikTok - Followers,84.6144,2.6442,10,100000,Yes,Yes,No,USD
19683,TikTok - Followers | Brazil | MQ 100K | R30🔝,TikTok,Followers/Subscribers,TikTok - Followers,86.4224,2.7007,10,100000,Yes,Yes,No,USD
14718,TikTok - Followers | MQ 50K | Super Instant! | 100K/D | R30 🔥🔥🔝,TikTok,Followers/Subscribers,TikTok - Followers,90.4,2.825,10,500000,No,No,No,USD
24824,TikTok - Followers | 100% USA |  MQ 10K | Real Accounts With Posts | Cancel Enable | Instant Start | Day 10K,TikTok,Followers/Subscribers,TikTok - Followers,99.44,3.1075,10,100000,No,No,No,USD
27146,TikTok - Followers | MQ 10K | 10K/day,TikTok,Followers/Subscribers,TikTok - Followers,111.7344,3.4917,10,10000,Yes,Yes,No,USD
5316,TikTok - Followers | MQ 100K | Speed 2K P/D 🔥🔥🔝,TikTok,Followers/Subscribers,TikTok - Followers,131.552,4.111,10,200000,No,No,No,USD
21972,TikTok - Followers | MQ 1M | HQ &amp; Profiles With Photo | Cancel Enable | Instant Start | Speed 100K P/D | Lifetime,TikTok,Followers/Subscribers,TikTok - Followers,345.3088,10.7909,100,1000000,No,Yes,No,USD
16496,TikTok - Likes | MQ 50K | Speed 1-2K P/D | 0-6 Hours | 🔥🔥🔝,TikTok,Likes/Reactions,TikTok - Likes,0.5216,0.0163,10,5000000,No,No,No,USD
14415,Tiktok - Likes | MQ 200K | 0-30 Minutes | Speed 15-20K P/D 🔥🔥🔝,TikTok,Likes/Reactions,TikTok - Likes,0.528,0.0165,50,5000000,No,No,No,USD
4919,TikTok - Likes | MQ 1K | 0-3Hours🔥🔥🔝,TikTok,Likes/Reactions,TikTok - Likes,0.5408,0.0169,10,5000000,No,No,No,USD
18303,TikTok - Likes | MQ 100K🔥🔥 🔝,TikTok,Likes/Reactions,TikTok - Likes,0.544,0.017,10,5000000,No,No,No,USD
6056,TikTok - Likes | MQ 1K | 0-1 Hours 🔥🔥🔝,TikTok,Likes/Reactions,TikTok - Likes,0.7008,0.0219,10,5000000,No,No,No,USD
18304,TikTok - Likes | MQ 3K | Fast 🔥🔥🔝,TikTok,Likes/Reactions,TikTok - Likes,0.7232,0.0226,10,5000000,No,No,No,USD
6474,TikTok - Likes | MQ 100K | 0-1 Hours 🔥🔥🔝,TikTok,Likes/Reactions,TikTok - Likes,0.7616,0.0238,10,5000000,No,No,No,USD
3240,TikTok - Likes | MQ 5K | 0-1Hours 🔥🔥🔝,TikTok,Likes/Reactions,TikTok - Likes,0.7904,0.0247,10,5000000,No,No,No,USD
14888,Tiktok - Likes | MQ 200K | 0-15 MIn | Instant 🔥🔥🔝,TikTok,Likes/Reactions,TikTok - Likes,0.816,0.0255,10,200000,No,No,No,USD
14432,Tiktok - Likes | MQ 10K | 0-60 Min | Stable 🔥🔥🔝,TikTok,Likes/Reactions,TikTok - Likes,0.8448,0.0264,10,5000000,No,No,No,USD
24738,TikTok - Likes | MQ 10M | HQ &amp; Real Profiles | Cancel Enable |  Instant Start | Day 100K | Lifetime,TikTok,Likes/Reactions,TikTok - Likes,0.9248,0.0289,10,5000000,Yes,No,No,USD
14424,Tiktok - Likes | MQ 30K | 0-15 Min 🔥🔥🔝,TikTok,Likes/Reactions,TikTok - Likes,0.9984,0.0312,10,5000000,No,No,No,USD
14433,Tiktok - Likes | MQ 5K | 0-30 Min 🔥🔥🔝,TikTok,Likes/Reactions,TikTok - Likes,1.168,0.0365,10,5000000,No,No,No,USD
13239,Tiktok - Likes | Mix | MQ 100K | Instant | Speed 100-1K P/H 🔥🔥🔝,TikTok,Likes/Reactions,TikTok - Likes,1.3216,0.0413,10,100000,No,No,No,USD
12441,TikTok - Likes | MQ 5K | SuperInstant | Speed 5K/Day 🔥🔥🔝,TikTok,Likes/Reactions,TikTok - Likes,1.3568,0.0424,10,1000000,No,No,No,USD
13476,TikTok - Likes | MQ 50K | SuperInstant | Speed 50K P/D 🔥🔥🔝,TikTok,Likes/Reactions,TikTok - Likes,1.4272,0.0446,10,3000000,No,Yes,No,USD
15365,TikTok - Likes | MQ 200K | SuperInstant | Speed 100K/Day 🔥🔥🔝,TikTok,Likes/Reactions,TikTok - Likes,1.4816,0.0463,10,3000000,No,Yes,No,USD
15367,TikTok - Likes | MQ 1M | SuperInstant | Speed 200K/Day | Always works 🔥🔥🔝,TikTok,Likes/Reactions,TikTok - Likes,1.5168,0.0474,10,3000000,No,Yes,No,USD
24542,TikTok - Likes | MQ 1M | LQ Profiles | | Day 50K🔝,TikTok,Likes/Reactions,TikTok - Likes,1.52,0.0475,10,1000000,No,No,No,USD
24566,TikTok - Likes | MQ 1M | LQ Profiles | Cancel Enable | Day 20K🔝,TikTok,Likes/Reactions,TikTok - Likes,1.5552,0.0486,10,1000000,No,No,No,USD
24515,TikTok - Likes | MQ 1M | Low Quality | Instant | Day 50K🔝,TikTok,Likes/Reactions,TikTok - Likes,1.664,0.052,10,1000000,No,No,No,USD
24524,TikTok - Likes | MQ 1M | LQ Profiles | Instant Start | Day 20K 🔝,TikTok,Likes/Reactions,TikTok - Likes,1.664,0.052,10,1000000,No,No,No,USD
24567,TikTok - Likes | MQ 1M | LQ Profiles | Cancel Enable | Day 40K,TikTok,Likes/Reactions,TikTok - Likes,1.664,0.052,10,1000000,No,No,No,USD
24568,TikTok - Likes | MQ 1M | LQ Profiles | Cancel Enable | Day 20K | R30,TikTok,Likes/Reactions,TikTok - Likes,1.7184,0.0537,10,1000000,Yes,No,No,USD
23577,TikTok - Likes | MQ 50K | LQ Profiles | Cancel Enable | Day 50K 🔝,TikTok,Likes/Reactions,TikTok - Likes,1.7376,0.0543,10,50000,No,No,No,USD
24516,TikTok - Likes | MQ 1M | Low Quality | Instant | Day 50K | R30,TikTok,Likes/Reactions,TikTok - Likes,1.7376,0.0543,10,1000000,No,No,No,USD
24733,TikTok - Likes | MQ 10M | HQ &amp; Real Profiles | Cancel Enable | Instant Start | Day 100K,TikTok,Likes/Reactions,TikTok - Likes,1.7728,0.0554,10,10000000,No,No,No,USD
24517,TikTok - Likes | MQ 1M | Low Quality | Instant | Day 50K | R60🔝,TikTok,Likes/Reactions,TikTok - Likes,1.808,0.0565,10,1000000,No,No,No,USD
23681,TikTok - Likes | MQ 1K | LQ Profiles | Cancel Enable | Day 1K🔝,TikTok,Likes/Reactions,TikTok - Likes,1.8816,0.0588,50,1000,No,No,No,USD
24734,TikTok - Likes | MQ 10M | HQ &amp; Real Profiles | Cancel Enable | Instant Start | Day 100K | R30,TikTok,Likes/Reactions,TikTok - Likes,1.9552,0.0611,10,10000000,No,No,No,USD
24520,TikTok - Likes | MQ 1M | Low Quality | Instant | Day 50K | Lifetime,TikTok,Likes/Reactions,TikTok - Likes,2.0256,0.0633,10,1000000,No,No,No,USD
4160,TikTok - Likes | MQ 60K | Instant🔥🔥🔝,TikTok,Likes/Reactions,TikTok - Likes,2.0256,0.0633,100,10000,No,No,No,USD
12852,Tiktok - Likes | MQ 40K | SuperInstant | Speed 10K P/D  🔥🔥🔝,TikTok,Likes/Reactions,TikTok - Likes,2.0448,0.0639,10,50000000,No,No,No,USD
15364,TikTok - Likes | MQ 100K | SuperInstant | Speed 20K/Day🔥🔥🔝,TikTok,Likes/Reactions,TikTok - Likes,2.08,0.065,10,500000,No,Yes,No,USD
22164,TikTok - Likes | MQ 500K | Cancel Enable | 0-10 Min | Speed 5K/Day | HQ+REAL,TikTok,Likes/Reactions,TikTok - Likes,2.08,0.065,10,1000000,No,Yes,No,USD
24571,TikTok - Likes | MQ 100M | HQ + Real | Cancel Enable | Non Drop | Instant | Day 50K | 1Min Complete,TikTok,Likes/Reactions,TikTok - Likes,2.2976,0.0718,10,100000000,No,No,No,USD
9098,TikTok - Likes | MQ 100K | Speed 1K-2K P/D 🔥🔥🔝,TikTok,Likes/Reactions,TikTok - Likes,2.5312,0.0791,10,1000000,No,No,No,USD
24573,TikTok - Likes | MQ 500K | HQ Profiles | Cancel Enable | Non Drop | Instant Start | Day 100K,TikTok,Likes/Reactions,TikTok - Likes,2.7872,0.0871,10,500000,No,No,No,USD
24577,TikTok - Likes | MQ 5M | Real APP Data | Instant Start | 250K/DAY🔝,TikTok,Likes/Reactions,TikTok - Likes,2.8576,0.0893,10,5000000,No,No,No,USD
24666,TikTok - Likes | MQ 100M | HQ &amp; Real Profiles | Cancel Enable | Non Drop | Instant | Day 200K 🔝,TikTok,Likes/Reactions,TikTok - Likes,2.9664,0.0927,10,100000000,No,No,No,USD
24798,TikTok - Likes | MQ 100M | HQ &amp; Real Profiles | Cancel Enable | Non Drop | Instant Start | Day 200K,TikTok,Likes/Reactions,TikTok - Likes,2.9664,0.0927,10,100000000,No,No,No,USD
24667,TikTok - Likes | MQ 100M | HQ &amp; Real Profiles | Cancel Enable | Non Drop | Instant | Day 200K | R30🔝,TikTok,Likes/Reactions,TikTok - Likes,3.04,0.095,10,100000000,Yes,No,No,USD
23684,TikTok - Likes | MQ 1M | HQ Profiles | Cancel Enable | Ultra Fast | Day 100K | Speed 5K P/D,TikTok,Likes/Reactions,TikTok - Likes,3.04,0.095,10,1000000,No,No,No,USD
24799,TikTok - Likes | MQ 100M | HQ &amp; Real Profiles | Cancel Enable | Non Drop | Instant Start | Day 200K | R30,TikTok,Likes/Reactions,TikTok - Likes,3.04,0.095,10,1000000,No,Yes,No,USD
24768,TikTok - Likes | Worldwide | MQ 1M | HQ &amp; Real Profiles | Cancel Enable | Instant Start | Day 200K,TikTok,Likes/Reactions,TikTok - Likes,3.0752,0.0961,10,1000000,No,No,No,USD
24769,TikTok - Likes | Worldwide | MQ 10M | HQ &amp; Real Profiles | Cancel Enable | Instant Start | Day 200K | R7,TikTok,Likes/Reactions,TikTok - Likes,3.1488,0.0984,10,1000000,No,No,No,USD
15362,TikTok - Likes | MQ 100K | SuperInstant | Speed 100K/Day 🔥🔥🔝,TikTok,Likes/Reactions,TikTok - Likes,3.2384,0.1012,10,300000,No,Yes,No,USD
15363,TikTok - Likes | MQ 400K | SuperInstant | Suggestions | Speed 100K/Day🔥🔥 🔝,TikTok,Likes/Reactions,TikTok - Likes,3.2384,0.1012,10,300000,No,Yes,No,USD
15366,TikTok - Likes | MQ 100K | SuperInstant | Speed 100K/Day 🔥🔥🔝,TikTok,Likes/Reactions,TikTok - Likes,3.2384,0.1012,10,300000,No,Yes,No,USD
15368,TikTok - Likes | MQ 100K | SuperInstant | Speed 70K/Day 🔥🔥🔝,TikTok,Likes/Reactions,TikTok - Likes,3.2384,0.1012,10,300000,No,Yes,No,USD
13085,TikTok - Likes | MQ 500K | SuperInstant | Speed 150K P/D | Always Works 🔥🔥🔝,TikTok,Likes/Reactions,TikTok - Likes,3.2384,0.1012,10,300000,No,Yes,No,USD
22936,TikTok - Likes | MQ 300K | HQ Real Profiles | Non Drop | Speed 10K Per Minute🔝,TikTok,Likes/Reactions,TikTok - Likes,3.2384,0.1012,10,300000,No,Yes,No,USD
14005,TikTok - Likes | MQ 1K | Super Instant | Speed:1K P/D🔥🔥🔝,TikTok,Likes/Reactions,TikTok - Likes,3.2384,0.1012,10,300000,No,Yes,No,USD
14058,TikTok - Likes | MQ 500K | Always Works | SuperInstant  | Speed 100K P/D 🔥🔥🔝,TikTok,Likes/Reactions,TikTok - Likes,3.2384,0.1012,10,300000,No,Yes,No,USD
15357,TikTok - Likes | MQ 1M | SuperInstant | Speed 100K/Day 🔥🔥🔝,TikTok,Likes/Reactions,TikTok - Likes,3.2384,0.1012,10,300000,No,Yes,No,USD
16894,TikTok - Likes | MQ 50K | SuperInstant | Speed 50K P/D 🔥🔥🔝,TikTok,Likes/Reactions,TikTok - Likes,3.2384,0.1012,10,300000,No,Yes,No,USD
24581,TikTok - Likes | MQ 5M | Real APP Data | Instant Start | 250K/DAY | R60,TikTok,Likes/Reactions,TikTok - Likes,3.2544,0.1017,10,5000000,Yes,Yes,No,USD
9356,TikTok - Likes | MQ 50K | Speed 1-2K P/D 🔥🔥🔝,TikTok,Likes/Reactions,TikTok - Likes,3.2544,0.1017,10,100000,No,No,No,USD
24582,TikTok - Likes | MQ 5M | Real APP Data | Instant Start | 250K/DAY | R90,TikTok,Likes/Reactions,TikTok - Likes,3.328,0.104,10,5000000,Yes,Yes,No,USD
24584,TikTok - Likes | MQ 5M | Real APP Data | Instant Start | 250K/DAY | Lifetime,TikTok,Likes/Reactions,TikTok - Likes,3.472,0.1085,10,5000000,Yes,Yes,No,USD
24774,TikTok - Likes | Worldwide | MQ 1M | HQ &amp; Real Profiles | Cancel Enable | Instant Start | Day 200K | R365,TikTok,Likes/Reactions,TikTok - Likes,3.5104,0.1097,10,1000000,No,No,No,USD
24592,TikTok - Likes | MQ 1M | 100% Real  Profiles | Cancel Enable | Non Drop | Day 100K | Fast🔝,TikTok,Likes/Reactions,TikTok - Likes,3.9776,0.1243,10,1000000,No,Yes,No,USD
23588,TikTok - Likes + Views | Brazil | MQ 1M | 100% Real Profiles | Cancel Enable | Non Drop | Day 100K 🔝,TikTok,Views/Plays,TikTok - Likes,3.9776,0.1243,10,1000000,No,Yes,No,USD
24125,TikTok - Likes | MQ 1M | HQ Profiles | Instant Start | Ultra Fast Completed | Days 50K | R7🔝,TikTok,Likes/Reactions,TikTok - Likes,3.9776,0.1243,10,1000000,Yes,No,No,USD
19673,TikTok - Likes | Brazil | MQ 100K | Speed 10K P/D 🔝,TikTok,Likes/Reactions,TikTok - Likes,4.16,0.13,10,1000000,No,Yes,No,USD
22046,TikTok - Likes | WorldWide | MQ 10M | HQ+Real | Cancel Enable | Fast | Speed 100K P/D,TikTok,Likes/Reactions,TikTok - Likes,4.5568,0.1424,10,10000000,No,Yes,No,USD
24595,TikTok - Likes | MQ 1M | 100% Real Profiles | Cancel Enable | Non Drop | Day 100K | Fast | R30🔝,TikTok,Likes/Reactions,TikTok - Likes,4.3392,0.1356,10,1000000,Yes,Yes,No,USD
23604,TikTok - Likes | MQ 1M | HQ Profiles | Cancel Enable | Instant Start | Day 100K | Ultra Fast | Lifetitime🔝,TikTok,Likes/Reactions,TikTok - Likes,4.3392,0.1356,10,1000000,Yes,No,No,USD
17790,Tiktok - Likes | MQ 100K | Low Drop | Speed 100K/D | 0-1H 🔥🔥🔝,TikTok,Likes/Reactions,TikTok - Likes,4.5152,0.1411,10,100000,No,No,No,USD
13240,Tiktok - Likes | MQ 10K | Instant | Speed 1K P/D | Low Drop | R30 🔥🔥🔝,TikTok,Likes/Reactions,TikTok - Likes,4.5152,0.1411,10,100000,No,No,No,USD
24596,TikTok - Likes | MQ 1M | 100% Real Profiles | Cancel Enable | Non Drop | Day 100K | Fast | R60,TikTok,Likes/Reactions,TikTok - Likes,4.5216,0.1413,10,1000000,Yes,Yes,No,USD
8275,TikTok - Likes | MQ 100K | Speed 1K P/Hour 🔥🔥🔝,TikTok,Likes/Reactions,TikTok - Likes,4.7008,0.1469,10,100000,No,No,No,USD
22165,Tiktok -  Likes | MQ 10M | Global | Speed 1K/ 30 Minutes | Non Drop | Cancel Button Enable | Ultra Fast | Refill Lifetime,TikTok,Likes/Reactions,TikTok - Likes,4.7008,0.1469,10,10000000,No,Yes,No,USD
22183,Tiktok - Likes | Global | MQ 10M | Speed 1K/ 30 Minutes | Refill Lifetime | Non Drop | Cancel Button Enable | Ultra Fast,TikTok,Likes/Reactions,TikTok - Likes,4.7008,0.1469,10,10000000,No,Yes,No,USD
19929,TikTok - Likes | MQ 1M | Instant! | 10K/D | R30 🔥🔥🔝,TikTok,Likes/Reactions,TikTok - Likes,4.7008,0.1469,10,1000000,No,No,No,USD
24598,TikTok - Likes | MQ 1M | 100% Real Profiles | Cancel Enable | Non Drop | Day 100K | Fast | R365🔝,TikTok,Likes/Reactions,TikTok - Likes,5.0624,0.1582,10,1000000,Yes,Yes,No,USD
17785,Tiktok - Likes | MQ 10K | Cancel Enabled | Speed 500-1K/D | 0-24/H 🔥🔥🔝,TikTok,Likes/Reactions,TikTok - Likes,5.2096,0.1628,10,250000,No,Yes,No,USD
22419,TikTok - Likes + Views |  Worldwide | MQ 10M | HQ + Real | Cancel Enable | Drop 0% | Speed 100K P/D 🔝,TikTok,Views/Plays,TikTok - Likes,5.696,0.178,10,10000000,No,Yes,No,USD
4260,TikTok - Likes | Brazil | MQ 10K | 0-1Hour | Speed 1K P/D 🔥🔥🔝,TikTok,Likes/Reactions,TikTok - Likes,5.8336,0.1823,10,1000000,No,Yes,No,USD
24599,TikTok - Likes | MQ 1M | 100% Real Profiles | Cancel Enable | Non Drop | Day 100K | Fast | Lifetime,TikTok,Likes/Reactions,TikTok - Likes,5.424,0.1695,10,1000000,Yes,Yes,No,USD
24616,TikTok - Likes | MQ 100K | HQ Real Profiles | Day 100K | Ultra Fast🔝,TikTok,Likes/Reactions,TikTok - Likes,5.424,0.1695,5,100000,No,No,No,USD
13474,TikTok - Likes | MQ 1M | SuperInstant | Speed 200K P/D 🔥🔥🔝,TikTok,Likes/Reactions,TikTok - Likes,5.9232,0.1851,10,3000000,No,Yes,No,USD
13088,TikTok - Likes | MQ 500K | R30 | Speed 50K/D | Fast 🔥🔥🔝,TikTok,Likes/Reactions,TikTok - Likes,5.7856,0.1808,10,10000000,No,No,No,USD
10128,TikTok - Likes | MQ 1K | Instant | R30 🔥🔥🔝,TikTok,Likes/Reactions,TikTok - Likes,6.1472,0.1921,10,2000000,No,Yes,No,USD
16508,TikTok - Likes | MQ 30K | Instant | Speed 3-5K/Day | R30🔥🔥🔝,TikTok,Likes/Reactions,TikTok - Likes,6.656,0.208,10,5000000,No,Yes,No,USD
18436,TikTok - Likes | MQ 5K | Speed 5K in 1 Minute ❤️🔥🔥🔝,TikTok,Likes/Reactions,TikTok - Likes,6.5088,0.2034,10,100000,No,Yes,No,USD
22217,Tiktok - Likes | Global | MQ 10M | Speed 1K/ 30 Minutes | Refill Lifetime | Non Drop | Cancel Button Enable | Ultra Fast,TikTok,Likes/Reactions,TikTok - Likes,6.8704,0.2147,10,10000000,No,Yes,No,USD
12439,TikTok - Likes | MQ 500K | SuperInstant | Speed 500/Day 🔥🔥 🔝,TikTok,Likes/Reactions,TikTok - Likes,7.232,0.226,10,500000,No,No,No,USD
13125,Tiktok Likes | MQ 200K | SuperInstant | Speed: 30K/Day | Always Works 🔥🔥🔝,TikTok,Likes/Reactions,TikTok - Likes,7.4432,0.2326,10,15000,No,Yes,No,USD
13126,Tiktok - Likes | MQ 500K | SuperInstant | Speed 150K/Day | R30🔥🔥🔝,TikTok,Likes/Reactions,TikTok - Likes,7.4432,0.2326,10,30000,No,Yes,No,USD
20976,TikTok - Likes + Views | Worldwide | Male | MQ 1M | HQ+Real | Cancel &amp; Refill Enable | Drop 0% | Speed Day 100K | R30,TikTok,Views/Plays,TikTok - Likes,11.3024,0.3532,10,1000000,Yes,Yes,No,USD
17984,TikTok - Likes | Brazil | MQ 50K | Speed 50K/Day | Quality High 🔥🔥🔝,TikTok,Likes/Reactions,TikTok - Likes,8.6784,0.2712,20,50000,No,Yes,No,USD
13873,TikTok - Likes | MQ 50K  🔥🔥🔝,TikTok,Likes/Reactions,TikTok - Likes,9.584,0.2995,10,100000,No,Yes,No,USD
22050,TikTok - Likes | WorldWide | MQ 10M | HQ+Real | Cancel Enable | Instant | Speed 100K P/D,TikTok,Likes/Reactions,TikTok - Likes,9.7632,0.3051,10,1000000,No,Yes,No,USD
19040,TikTok - Likes + Views | MQ 100K 🔝,TikTok,Views/Plays,TikTok - Likes,9.7632,0.3051,10,100000,No,Yes,No,USD
10116,TikTok - Likes | MQ 20K | Speed 1K P/D | Real 🔥🔥🔝,TikTok,Likes/Reactions,TikTok - Likes,10.1632,0.3176,10,100000,No,No,No,USD
14335,TikTok - Likes | MQ  5K | SuperInstant | Speed 5K/Day 🔥🔥🔝,TikTok,Likes/Reactions,TikTok - Likes,10.4864,0.3277,10,90000,No,No,No,USD
27145,TikTok - Likes + Views | Brazil | Speed 45K/day,TikTok,Views/Plays,TikTok - Likes,10.8128,0.3379,10,100000,No,Yes,No,USD
13872,TikTok - Likes | MQ 50K🔥🔥🔝,TikTok,Likes/Reactions,TikTok - Likes,10.848,0.339,10,100000,No,Yes,No,USD
19041,TikTok - Likes + Views | MQ 100K | R30 🔥🔥🔝,TikTok,Views/Plays,TikTok - Likes,11.0304,0.3447,10,100000,Yes,Yes,No,USD
13242,Tiktok - Likes | MQ 1K | Speed 500-2K P/D | R30 | 0-1Hour 🔥🔥🔝,TikTok,Likes/Reactions,TikTok - Likes,12.1504,0.3797,10,100000,No,No,No,USD
16484,TikTok - Likes | MQ 10K | Speed 1K P/H | Instant | NonDrop | R30 🔥🔥🔝,TikTok,Likes/Reactions,TikTok - Likes,13.824,0.432,10,100000,No,Yes,No,USD
17791,Tiktok - Likes | MQ 200K | Speed 5K P/D | Instant | HQ | R30 🔥🔥🔝,TikTok,Likes/Reactions,TikTok - Likes,14.5824,0.4557,10,50000,No,No,No,USD
19675,TikTok - Likes | Brazil | MQ 100K | Speed 10K P/D | R30🔝,TikTok,Likes/Reactions,TikTok - Likes,18.08,0.565,10,100000,Yes,Yes,No,USD
17793,Tiktok - Likes | MQ 50K | High Quality | Low Drop | Cancel Enabled | Speed 10-20K/D | 0-1/H🔥🔥🔝,TikTok,Likes/Reactions,TikTok - Likes,19.0944,0.5967,10,100000,No,No,No,USD
17797,Tiktok - Likes | MQ 50K | No Drop | High Quality | Speed 5-10K/D | 0-1/H | Smooth 🔥🔥🔝,TikTok,Likes/Reactions,TikTok - Likes,24.3008,0.7594,10,100000,No,No,No,USD
4949,TikTok - Likes | MQ 25K | Non Drop | Instatnt🔥🔥🔝,TikTok,Likes/Reactions,TikTok - Likes,39.776,1.243,100,25000,No,No,No,USD
6924,TikTok - Likes | MQ 40K | Speed 1K P/D | Non Drop | Instant 🔥🔥,TikTok,Likes/Reactions,TikTok - Likes,44.8384,1.4012,100,80000,No,No,No,USD
13261,TikTok - Likes | MQ - 500k | Non Drop | R30D | Fast 🔥🔥🔝,TikTok,Likes/Reactions,TikTok - Likes,50.1568,1.5674,10,500000,No,Yes,No,USD
6305,TikTok - Likes | MQ 2K | Instant | Fast 🔥🔥🔝,TikTok,Likes/Reactions,TikTok - Likes,51.5296,1.6103,100,500000,No,No,No,USD
13631,TikTok - Likes | MQ 100K | Foreign Users | No Fall | Instant Starts | 50K per day 🔥🔥🔝,TikTok,Likes/Reactions,TikTok - Likes,78.3264,2.4477,10,100000,No,No,No,USD
19085,TikTok - Video Views | MQ 100M | 0-15 Min | Speed 1M/Day 🔥🔥🔝,TikTok,Views/Plays,TikTok - Views,0.2176,0.0068,100,1000000000,No,Yes,No,USD
13232,Tiktok - Views | MQ 10M | Fast 🔥🔥🔝,TikTok,Views/Plays,TikTok - Views,0.2432,0.0076,10,100000000,No,No,No,USD
3231,TikTok - Views | MQ 10M | 0-30Min 🔥🔥🔝,TikTok,Views/Plays,TikTok - Views,0.2464,0.0077,100,2147483647,No,No,No,USD
12515,TikTok - Video Views | MQ 10M | Speed 100K P/D 🔥🔥 🔝,TikTok,Views/Plays,TikTok - Views,0.1152,0.0036,100,10000000,No,No,No,USD
14075,TikTok - Video Views | MQ 300M | Speed 10M P/D 🔥🔥🔝,TikTok,Views/Plays,TikTok - Views,0.1152,0.0036,100,10000000,No,No,No,USD
23547,TikTok - Video Views | MQ 2.1B | Cancel Enable | Instant Start | Cheap | Day 10M 🔝,TikTok,Views/Plays,TikTok - Views,0.2912,0.0091,100,2147483647,No,No,No,USD
24826,TikTok - Video Views | MQ 2.1B | Instant Start | Day 10M,TikTok,Views/Plays,TikTok - Views,0.304,0.0095,100,2147483647,No,No,No,USD
14633,TikTok - Video Views | MQ 1B | Non-Drop | Instant Start | Speed 50M/Day 🔥🔥 🔝,TikTok,Views/Plays,TikTok - Views,0.32,0.01,100,2147483647,No,No,No,USD
27990,TikTok - Video View | Max 10M | Instant,TikTok,Views/Plays,TikTok - Views,0.32,0.01,50,2147483647,Yes,Yes,No,USD
17882,TikTok - Video Views | MQ 100M | Instant 🔥🔥 🔝,TikTok,Views/Plays,TikTok - Views,0.32,0.01,50,2147483647,No,Yes,No,USD
23624,TikTok - Video Views | MQ 2.1B | Unlimited | Instant Start | Day 10M,TikTok,Views/Plays,TikTok - Views,0.3264,0.0102,30000,2147483647,No,No,No,USD
23625,TikTok - Video Views | MQ 2.1B | Unlimited | Instant Start | Day 10M 🔝,TikTok,Views/Plays,TikTok - Views,0.3264,0.0102,500,2147483647,No,No,No,USD
24521,TikTok - Video Views | MQ 2.1B | Cancel Enable | Instant Start | Day 100M 🔝,TikTok,Views/Plays,TikTok - Views,0.3264,0.0102,100,2147483647,No,No,No,USD
24779,TikTok - Video Views | MQ 2.1B | Instant Start | Day 100M |,TikTok,Views/Plays,TikTok - Views,0.3264,0.0102,100,2147483647,No,No,No,USD
6359,TikTok - Views | MQ 100M 🔥🔥 🔝,TikTok,Views/Plays,TikTok - Views,0.3264,0.0102,100,2147483647,No,No,No,USD
23622,TikTok - Video Views | MQ 2.1B | Unlimited | Cancel Enable | Instant Start | Day 10M🔝,TikTok,Views/Plays,TikTok - Views,0.3328,0.0104,10000,2147483647,No,No,No,USD
24776,TikTok - Video Views | MQ 2.1B | Instant Start | Day 100M,TikTok,Views/Plays,TikTok - Views,0.3424,0.0107,100,2147483647,No,No,No,USD
24778,TikTok - Video Views | MQ 2.1B  Instant Start | Day 100M | R30,TikTok,Views/Plays,TikTok - Views,0.3456,0.0108,50,2147483647,No,No,No,USD
24780,TikTok - Video Views | MQ 2.1B | Instant Start | Day 100M |,TikTok,Views/Plays,TikTok - Views,0.3456,0.0108,10,2147483647,No,No,No,USD
14885,Tiktok - Views | MQ 100M | Instant 🔥🔥🔝,TikTok,Views/Plays,TikTok - Views,0.352,0.011,5000,2147483647,No,No,No,USD
11182,TikTok - Views | MQ 200M | Non-Drop | Instant Start | 100M - 5M P/D |🔥🔥🔝,TikTok,Views/Plays,TikTok - Views,0.352,0.011,100,2147483647,No,No,No,USD
19200,Tiktok - Views | MQ 2.1B | Super Fast 🔥🔥🔝,TikTok,Views/Plays,TikTok - Views,0.3616,0.0113,50,2147483647,No,Yes,No,USD
15155,TikTok - Views | MQ 100M 🔥🔥🔝,TikTok,Views/Plays,TikTok - Views,0.3616,0.0113,10,2147483647,No,No,No,USD
19084,TikTok - Video Views | MQ 100M |  Ultra Instant Start | Speed 1M/Day | R30 🔥🔥🔝,TikTok,Views/Plays,TikTok - Views,0.3616,0.0113,100,1000000000,No,No,No,USD
5171,TikTok - Views | MQ 5M | 0-15Min 🔥🔥🔝,TikTok,Views/Plays,TikTok - Views,0.3712,0.0116,100,2147483647,No,No,No,USD
18323,TikTok - Views | MQ 10M | Instant 🔥🔥 🔝,TikTok,Views/Plays,TikTok - Views,0.3744,0.0117,50,2147483647,No,Yes,No,USD
4720,TikTok - Views | MQ 10M | 0-1Hour 🔥🔥🔝,TikTok,Views/Plays,TikTok - Views,0.3808,0.0119,100,2147483647,No,No,No,USD
23594,TikTok - Video Views | MQ 2.1B | Cancel Enable | Instant | Day 10M 🔝,TikTok,Views/Plays,TikTok - Views,0.4,0.0125,100,2147483647,No,No,No,USD
16684,TikTok - Views + Share | MQ 200M 🔥🔥🔝,TikTok,Views/Plays,TikTok - Views,0.4576,0.0143,100,10000000,No,No,No,USD
23626,TikTok - Video Views | MQ 2.1B | Instant Start | Day 10M  | Ultra Fast🔝,TikTok,Views/Plays,TikTok - Views,0.4,0.0125,100,2147483647,No,No,No,USD
14404,Tiktok - Views | MQ 5M | Instant 🔥🔥🔝,TikTok,Views/Plays,TikTok - Views,0.4096,0.0128,1000,2147483647,No,Yes,No,USD
24777,TikTok - Video Views | MQ 100M | Cancel Enable | Lifetime | Instant Start | Day 5M,TikTok,Views/Plays,TikTok - Views,0.4704,0.0147,100,100000000,No,No,No,USD
17776,TikTok - Views | MQ 100M | DV 0 - 6 H 🔥🔥 🔝,TikTok,Views/Plays,TikTok - Views,0.4864,0.0152,100,1000000000,No,No,No,USD
23688,TikTok - Video Views | MQ 2.1B | Instant Start | Day 10M | UltraFast,TikTok,Views/Plays,TikTok - Views,0.5792,0.0181,50,2147483647,No,No,No,USD
13404,TikTok - Views | MQ 100M | Emergency - always working 🔥🔥🔝,TikTok,Views/Plays,TikTok - Views,0.6176,0.0193,100,1000000000,No,No,No,USD
5270,TikTok - Views | MQ 1B | 0-1Min | Speed 10M P/D | Non Drop 🔥🔥🔝,TikTok,Views/Plays,TikTok - Views,0.6528,0.0204,10000,2147483647,No,No,No,USD
5276,TikTok - Views | MQ 1B | Speed 5M P/D | Non Drop🔥🔥 🔝,TikTok,Views/Plays,TikTok - Views,0.6528,0.0204,100,2147483647,No,No,No,USD
14092,Tiktok - Views | MQ 250M | Super Instant | Speed 1M/D | Always Work 🔥🔥🔝,TikTok,Views/Plays,TikTok - Views,0.7232,0.0226,100,250000000,No,No,No,USD
18768,Tiktok - Views | MQ 1M | Super Fast | Lowest Price 🔥🔥🔝,TikTok,Views/Plays,TikTok - Views,0.7232,0.0226,50,2147483647,No,Yes,No,USD
19042,TikTok - Video Views | MQ 1B | Instant | No Drop 🔝,TikTok,Views/Plays,TikTok - Views,0.7232,0.0226,10,2147483647,No,No,No,USD
11183,TikTok - Views | MQ 100M | Non-Drop | Instant Start | 100M - 5M P/D | 🔥🔥🔝,TikTok,Views/Plays,TikTok - Views,0.9056,0.0283,100,2147483647,No,No,No,USD
13229,Tiktok - Views | MQ 10M | 0-12 Hour 🔥🔥🔝,TikTok,Views/Plays,TikTok - Views,1.0432,0.0326,100,100000000,No,No,No,USD
9154,TikTok - Views | MQ 100M | Instant 🔥🔥🔝,TikTok,Views/Plays,TikTok - Views,1.5552,0.0486,100,20000000,No,No,No,USD
22445,TikTok - Video Views | Argentina | MQ 200M | Speed 100K P/D,TikTok,Views/Plays,TikTok - Views,4.7008,0.1469,100,200000000,No,No,No,USD
22451,TikTok - Video Views | Indonesia | MQ 200M | Speed 100K P/D 🔝,TikTok,Views/Plays,TikTok - Views,4.7008,0.1469,100,200000000,No,No,No,USD
22462,TikTok - Video Views | United States | MQ 200M | Speed 100K P/D,TikTok,Views/Plays,TikTok - Views,4.7008,0.1469,100,200000000,No,No,No,USD
7249,TikTok - Views | Trending + Viral Views | MQ 500K 🔥🔥🔝,TikTok,Views/Plays,TikTok - Views,7.232,0.226,50,2147483647,No,No,No,USD
18433,TikTok - Video Views | MQ 100M | Super Fast | Speed  1K P/D 🔥🔥 🔝,TikTok,Views/Plays,TikTok - Views,18.08,0.565,100,10000000,No,No,No,USD
24623,TikTok - Video Share | MQ 10M | Cancel Enable | Days 100K  | R30,TikTok,Shares,TikTok - Shares,2.8224,0.0882,10,10000000,No,Yes,No,USD
17366,Tiktok - Share | MQ 1M | Speed 10K P/D 🔥🔥🔝,TikTok,Shares,TikTok - Shares,3.2928,0.1029,10,10000000,No,No,No,USD
22885,Tiktok -  Live Stream | MQ 2.1B | PK Battle Points [ 500K ]  |  Speed: 500K/Day🔝,TikTok,Live Stream Viewers,TikTok - Live Stream | Cheap,4.5216,0.1413,500,2147483647,No,No,No,USD
22016,TikTok - Livestream Views | MQ 50K | Start Time: Instant | Stay: 15 min🔝,TikTok,Live Stream Viewers,TikTok - Live Stream | Cheap,9.8272,0.3071,100,50000,No,No,No,USD
22031,TikTok - Live Stream Views | MQ 100K | 15 Minutes🔝,TikTok,Live Stream Viewers,TikTok - Live Stream | Cheap,12.2368,0.3824,50,500000,No,No,No,USD
18217,Tiktok - Live | Broadcast Views | MQ 30K | 15 Minutes | New 🔥🔥🔝,TikTok,Live Stream Viewers,TikTok - Live Stream | Cheap,15.5136,0.4848,10,30000,No,No,No,USD
22017,TikTok - Livestream Views | MQ 50K | Start Time: Instant | Stay: 30 min🔝,TikTok,Live Stream Viewers,TikTok - Live Stream | Cheap,19.6512,0.6141,100,50000,No,No,No,USD
22032,TikTok - Live Stream Views | MQ 100K  | 30 Minutes🔝,TikTok,Live Stream Viewers,TikTok - Live Stream | Cheap,24.4736,0.7648,50,500000,No,No,No,USD
23879,Tiktok - Live Stream Comments | MQ 5K | Custom | HQ Profiles | SuperFast | Day 5K🔝,TikTok,Live Stream Viewers,TikTok - Live Stream | Cheap,28.2048,0.8814,10,5000,No,No,No,USD
22018,TikTok - Livestream Views | MQ 50K | Start Time: Instant | Stay: 45 min,TikTok,Live Stream Viewers,TikTok - Live Stream | Cheap,29.4752,0.9211,100,50000,No,No,No,USD
22831,TikTok - Live Stream Views | MQ 100K | 15 Minutes,TikTok,Live Stream Viewers,TikTok - Live Stream | Cheap,30.2304,0.9447,100,100000,No,No,No,USD
23232,TikTok - Live Stream Viewers | Brazil | MQ 200K | 30 Minutes,TikTok,Live Stream Viewers,TikTok - Live Stream | Cheap,30.2304,0.9447,100,200000,No,No,No,USD
23239,TikTok - Live Stream Viewers | Pakistan | MQ 200K | 15 Minutes,TikTok,Live Stream Viewers,TikTok - Live Stream | Cheap,30.2304,0.9447,100,200000,No,No,No,USD
18218,Tiktok - Live |  Broadcast Views | MQ 30K | 30 Minutes | New 🔥🔥🔝,TikTok,Live Stream Viewers,TikTok - Live Stream | Cheap,32.544,1.017,10,100000,No,No,No,USD
6397,TikTok - Live Stream Views | MQ 50K | 0-30Min 🔥🔥🔝,TikTok,Live Stream Viewers,TikTok - Live Stream | Cheap,36.16,1.13,50,100000,No,No,No,USD
18219,Tiktok - Live |  Broadcast Views | MQ 30K | 60 Minutes | New 🔥🔥🔝,TikTok,Live Stream Viewers,TikTok - Live Stream | Cheap,65.088,2.034,10,100000,No,No,No,USD
22959,TikTok - Live Stream Viewers + 10% Followers | USA | MQ 50K | 15 minutes,TikTok,Live Stream Viewers,TikTok - Live Stream | Cheap,68.0192,2.1256,100,50000,No,No,No,USD
22964,TikTok - Live Stream Viewers | USA | MQ 500K | +20% followers | 15 minutes,TikTok,Live Stream Viewers,TikTok - Live Stream | Cheap,71.6352,2.2386,100,50000,No,No,No,USD
19090,Tiktok - Live Stream Views | MQ 50K | 15 Minutes | Super Instant 🔥🔥🔝,TikTok,Live Stream Viewers,TikTok - Live Stream | Cheap,72.32,2.26,100,50000,No,No,No,USD
9173,TikTok - Live Stream Views | MQ 50K | 0-60Min🔥🔥🔝,TikTok,Live Stream Viewers,TikTok - Live Stream | Cheap,72.32,2.26,50,100000,No,No,No,USD
18220,Tiktok - Live | Broadcast Views | MQ 30K | 90 Minutes | New🔥🔥🔝,TikTok,Live Stream Viewers,TikTok - Live Stream | Cheap,97.632,3.051,10,100000,No,No,No,USD
22035,TikTok - Live Stream Views | MQ 100K  | 120 Minutes,TikTok,Live Stream Viewers,TikTok - Live Stream | Cheap,97.8944,3.0592,50,500000,No,No,No,USD
9174,TikTok - Live Stream Views | MQ 50K | 0-90Min 🔥🔥 🔝,TikTok,Live Stream Viewers,TikTok - Live Stream | Cheap,108.48,3.39,50,100000,No,No,No,USD
22833,TikTok - Live Stream Views | MQ 100K | 60 Minutes,TikTok,Live Stream Viewers,TikTok - Live Stream | Cheap,120.9216,3.7788,100,100000,No,No,No,USD
18221,Tiktok - Live | Broadcast Views | MQ 30K | 120 Minutes | New🔥🔥🔝,TikTok,Live Stream Viewers,TikTok - Live Stream | Cheap,130.176,4.068,10,100000,No,No,No,USD
18222,Tiktok - Live Broadcast Views | MQ 30K | 180 Minutes | New🔥🔥🔝,TikTok,Live Stream Viewers,TikTok - Live Stream | Cheap,195.264,6.102,20,200000,No,No,No,USD
24788,TikTok - Live Stream Views | MQ 2K | 100% Concurrent | 15 Minutes | Stable,TikTok,Live Stream Viewers,TikTok - Live Stream | Cheap,198.88,6.215,50,100000,No,Yes,No,USD
18223,Tiktok - Live | Broadcast Views | MQ 30K | 240 Minutes | New🔥🔥🔝,TikTok,Live Stream Viewers,TikTok - Live Stream | Cheap,260.352,8.136,10,200000,No,No,No,USD
24789,TikTok - Live Stream Views | MQ 2K | 100% Concurrent | 30 Minutes | Stable,TikTok,Live Stream Viewers,TikTok - Live Stream | Cheap,397.76,12.43,50,100000,No,Yes,No,USD
19701,Tiktok - Live Stream Views | MQ 50K | 120 Minutes | Super Instant,TikTok,Live Stream Viewers,TikTok - Live Stream | Cheap,578.56,18.08,100,50000,No,No,No,USD
23646,TikTok - Live Stream Views | MQ 100K | 60 Minutes🔝,TikTok,Live Stream Viewers,TikTok - Live Stream | Cheap,795.52,24.86,50,100000,No,Yes,No,USD
24242,TikTok - Live Stream Viewers | MQ 10K | 60 Minutes | Cheapest Stable,TikTok,Live Stream Viewers,TikTok - Live Stream | Cheap,795.52,24.86,50,100000,No,Yes,No,USD
24790,TikTok - Live Stream Views | MQ 2K | 100% Concurrent | 60 Minutes | Stable,TikTok,Live Stream Viewers,TikTok - Live Stream | Cheap,795.52,24.86,50,100000,No,Yes,No,USD
24535,TikTok - Live Stream Views | MQ 50K | Fast | 60 Minutes,TikTok,Live Stream Viewers,TikTok - Live Stream | Cheap,781.056,24.408,50,50000,No,Yes,No,USD
19792,TikTok - Live Stream Views | MQ 100K | Always Working | 15 Minutes 🔝,TikTok,Live Stream Viewers,TikTok -  Live Stream [ Server 3 ],12.0256,0.3758,50,50000,No,No,No,USD
19793,TikTok - Live Stream Views | MQ 100K | Always Working | 30 Minutes 🔝,TikTok,Live Stream Viewers,TikTok -  Live Stream [ Server 3 ],24.048,0.7515,50,50000,No,No,No,USD
19794,TikTok - Live Stream Views | MQ 100K | Always Working | 60 Minutes🔝,TikTok,Live Stream Viewers,TikTok -  Live Stream [ Server 3 ],48.0928,1.5029,50,50000,No,No,No,USD
19795,TikTok - Live Stream Views | MQ 100K | Always Working | 90 Minutes 🔝,TikTok,Live Stream Viewers,TikTok -  Live Stream [ Server 3 ],72.1408,2.2544,50,50000,No,No,No,USD
19796,TikTok - Live Stream Views | MQ 100K | Always Working | 120 Minutes 🔝,TikTok,Live Stream Viewers,TikTok -  Live Stream [ Server 3 ],95.8432,2.9951,50,50000,No,No,No,USD
19797,TikTok - Live Stream Views | MQ 100K | Always Working | 180 Minutes 🔝,TikTok,Live Stream Viewers,TikTok -  Live Stream [ Server 3 ],143.936,4.498,50,50000,No,No,No,USD
19798,TikTok - Live Stream Views | MQ 100K | Always Working | 240 Minutes 🔝,TikTok,Live Stream Viewers,TikTok -  Live Stream [ Server 3 ],191.6864,5.9902,50,50000,No,No,No,USD
23882,TikTok - Live Chat Comments | World Wide | MQ 5K | Custom | Real Views | Instant Start🔝,TikTok,Live Stream Viewers,TikTok - Live Stream Chat,36.16,1.13,5,5000,No,No,No,USD
23884,TikTok - Live Chat Comments | USA | MQ 5K | Custom | Real Views | Instant Start🔝,TikTok,Live Stream Viewers,TikTok - Live Stream Chat,36.16,1.13,5,5000,No,No,No,USD
23886,TikTok - Live Chat Comments | Brazil | MQ 5K | Custom | Real Views | Instant Start,TikTok,Live Stream Viewers,TikTok - Live Stream Chat,36.16,1.13,5,5000,No,No,No,USD
23689,Tiktok - Live Likes | MQ 100M | Start Time: 5 Min | Speed: 500K/Day🔝,TikTok,Likes/Reactions,TikTok - Live Like,0.7232,0.0226,100,2147483647,No,No,No,USD
20139,Tiktok - Live Likes | MQ 100M | 0-5min | Speed 500K P/D 🔥🔥🔝,TikTok,Likes/Reactions,TikTok - Live Like,1.0848,0.0339,100,2147483647,No,No,No,USD
23893,Tiktok - Live Likes | MQ 100M | Start Time: 5 Min | Speed: 500K/Day 🔝,TikTok,Likes/Reactions,TikTok - Live Like,2.1696,0.0678,100,2147483647,No,No,No,USD
19856,Tiktok - Comments | MQ 1K | 3 Comments | 100% Real Humans | Any Quality | Post-Related | Emojis &amp; Text,TikTok,Comments,TikTok - Comments,2.1696,0.0678,1000,1000,No,No,No,USD
19851,Tiktok - Comments | MQ 1K | 3 Comments | 100% Real Humans | Top Accounts | 🔝 | Post-Related | Emojis &amp; Text,TikTok,Comments,TikTok - Comments,4.3392,0.1356,1000,1000,No,No,No,USD
19852,TikTok - Comments | MQ 1K | 6 Comments | 100% Real Humans | Top Accounts | 🔝 | Post-Related | Emojis &amp; Text,TikTok,Comments,TikTok - Comments,7.5936,0.2373,1000,1000,No,No,No,USD
24545,TikTok - Custom Comments | MQ 100K | HQ Profiles | Days 10K | R365 🔝,TikTok,Comments,TikTok - Comments,56.448,1.764,1,100000,No,No,No,USD
14917,TikTok - Saves | MQ 10K 🔥🔥🔝,TikTok,Saves,TikTok - Saves,0.4384,0.0137,10,2147483647,No,No,No,USD
24523,TikTok - Video Saves | MQ 2.1B | Cancel Enable | Instant Start | Day 100K | R30🔝,TikTok,Saves,TikTok - Saves,2.1696,0.0678,100,2147483647,No,Yes,No,USD
24544,TikTok - Video Save | MQ 1M | Day 100K | R30🔝,TikTok,Saves,TikTok - Saves,2.1696,0.0678,10,10000000,No,Yes,No,USD
23016,TikTok - Saves | MQ 10M | Start Time: 1 Hour | Speed: 500K/Day🔝,TikTok,Saves,TikTok - Saves,3.2928,0.1029,10,10000000,No,No,No,USD
24212,TikTok - Saves | MQ 10M | Start Time: 10 Min | Speed: 80K/Day | R30,TikTok,Saves,TikTok - Saves,5.7856,0.1808,10,10000000,No,No,No,USD
22310,TikTok - PK Battle Points | MQ 1B | Non-Drop | Instant Start | Speed 300M/Day | Fast Completed🔝,TikTok,Other,TikTok - Others,6.24,0.195,500,1000000000,No,No,No,USD
19780,Tiktok - Views + 10% Likes | MQ 100K 🔝,TikTok,Views/Plays,TikTok New Services,0.9792,0.0306,200,100000,No,No,No,USD
19781,Tiktok - Views + 20% Likes | MQ 100K 🔝,TikTok,Views/Plays,TikTok New Services,1.5936,0.0498,200,100000,No,No,No,USD
19782,Tiktok - Views + 30% Likes | MQ 100K 🔝,TikTok,Views/Plays,TikTok New Services,2.2432,0.0701,200,100000,No,No,No,USD
19783,Tiktok - Views + 40% Likes | MQ 100K 🔝,TikTok,Views/Plays,TikTok New Services,2.8928,0.0904,200,100000,No,No,No,USD
19784,Tiktok - Views + 50% Likes | MQ 100K 🔝,TikTok,Views/Plays,TikTok New Services,3.5456,0.1108,200,100000,No,No,No,USD
19785,Tiktok - Views + 100% Likes | MQ 100K 🔝,TikTok,Views/Plays,TikTok New Services,6.8,0.2125,200,100000,No,No,No,USD
19704,TikTok - Video Views | Brazil | MQ 200M | Speed 100K P/D 🔝,TikTok,Views/Plays,TikTok [ BRAZIL ],4.7008,0.1469,100,200000000,No,No,No,USD
25121,TikTok - Video Views | MQ 2.1B | HQ | Non Drop | Instant Start | Day 5M,TikTok,Views/Plays,TikTok Views [ 100% İnstant Completed ] ᴺᴱᵂ,0.272,0.0085,5000,2147483647,No,No,No,USD
25122,TikTok - Video Views | MQ 2.1B | HQ | Non Drop | Instant Start | Day 5M,TikTok,Views/Plays,TikTok Views [ 100% İnstant Completed ] ᴺᴱᵂ,0.3104,0.0097,100,2147483647,No,No,No,USD
25123,TikTok - Video Views | MQ 2.1B | Min 10 | HQ | Non Drop | Instant Start | Day 5M,TikTok,Views/Plays,TikTok Views [ 100% İnstant Completed ] ᴺᴱᵂ,0.3456,0.0108,10,2147483647,No,No,No,USD
25136,TikTok - Likes | MQ 5M | LQ Accounts | Cancel Enable | Instant Start | Day 50K,TikTok,Likes/Reactions,TikTok Likes [ Stable Slow S3 ] ✨ ᴺᴱᵂ,0.8512,0.0266,10,5000000,No,No,No,USD
25137,TikTok - Likes | MQ 5M | LQ Accounts | Cancel Enable | Instant Start | Day 50K | R30,TikTok,Likes/Reactions,TikTok Likes [ Stable Slow S3 ] ✨ ᴺᴱᵂ,0.8608,0.0269,10,5000000,Yes,No,No,USD
25138,TikTok - Likes | MQ 5M | LQ Accounts | Cancel Enable | Instant Start | Day 50K | R60,TikTok,Likes/Reactions,TikTok Likes [ Stable Slow S3 ] ✨ ᴺᴱᵂ,0.8704,0.0272,10,5000000,Yes,No,No,USD
25139,TikTok - Likes | MQ 5M | LQ Accounts | Cancel Enable | Instant Start | Day 50K | R90,TikTok,Likes/Reactions,TikTok Likes [ Stable Slow S3 ] ✨ ᴺᴱᵂ,0.8864,0.0277,10,5000000,Yes,No,No,USD
25140,TikTok - Likes | MQ 5M | LQ Accounts | Cancel Enable | Instant Start | Day 50K | R365,TikTok,Likes/Reactions,TikTok Likes [ Stable Slow S3 ] ✨ ᴺᴱᵂ,0.9056,0.0283,10,5000000,Yes,No,No,USD
25141,TikTok - Likes | MQ 5M | LQ Accounts | Cancel Enable | Instant Start | Day 50K | Lifetime,TikTok,Likes/Reactions,TikTok Likes [ Stable Slow S3 ] ✨ ᴺᴱᵂ,0.9248,0.0289,10,5000000,Yes,No,No,USD
25130,TikTok - Likes | MQ 10M | Real &amp; Bot Accounts | Cancel Enable | Instant Start | Day 100K,TikTok,Likes/Reactions,TikTok Likes [ Stable S2 ] ✨ ᴺᴱᵂ,0.7616,0.0238,100,10000000,No,No,No,USD
13230,Tiktok - Views | MQ 10M | 0-6 Hour 🔥🔥🔝,TikTok,Views/Plays,Testing TikTok,0.1472,0.0046,100,100000000,No,No,No,USD
6058,TikTok - Views | MQ 100M | 0-30Min | Recommended🔥🔥🔝,TikTok,Views/Plays,Testing TikTok,0.2656,0.0083,100,2147483647,No,No,No,USD
6895,TikTok - Views | MQ 1M | 0-15Min 🔥🔥🔝,TikTok,Views/Plays,Testing TikTok,0.2656,0.0083,100,2147483647,No,No,No,USD
13231,Tiktok - Views | MQ 10M | 0-6 Hour 🔥🔥,TikTok,Views/Plays,Testing TikTok,0.304,0.0095,100,1000000000,No,No,No,USD
12608,TikTok - Video View | MQ 10M | Instant | Fast 🔥🔥🔝,TikTok,Views/Plays,Testing TikTok,0.32,0.01,50,2147483647,No,Yes,No,USD
14435,TikTok - Video Views | MQ 1B | Instant | Superfast 🔥🔥🔝,TikTok,Views/Plays,Testing TikTok,0.32,0.01,50,2147483647,No,Yes,No,USD
17883,TikTok - Video Views | MQ 1B | Instant 🔥🔥🔝,TikTok,Views/Plays,Testing TikTok,0.32,0.01,50,2147483647,No,Yes,No,USD
10847,TikTok - Views | MQ 400M | R30 | Speed: 100M-500M P/D 🔥🔥🔝,TikTok,Views/Plays,Testing TikTok,0.3232,0.0101,100,2147483647,No,No,No,USD
10846,TikTok - Views | MQ 300M | R30 | Speed: 1M-5M P/D 🔥🔥,TikTok,Views/Plays,Testing TikTok,0.3424,0.0107,100,2147483647,No,No,No,USD
17778,TikTok - Views | MQ 100M | Instant 🔥🔥🔝,TikTok,Views/Plays,Testing TikTok,0.3456,0.0108,50,1000000000,No,Yes,No,USD
8463,TikTok - Views | MQ 10M | Instant 🔥🔥🔝,TikTok,Views/Plays,Testing TikTok,0.4416,0.0138,100,50000000,No,No,No,USD
16266,TikTok - Views | MQ 10M | Instant | Fast | R30 🔥🔥🔝,TikTok,Views/Plays,Testing TikTok,0.4096,0.0128,100,2147483647,No,Yes,No,USD
17777,TikTok - Views | MQ 100M | DV 0 - 1 H 🔥🔥🔝,TikTok,Views/Plays,Testing TikTok,0.416,0.013,100,1000000000,No,No,No,USD
13233,Tiktok - Views | MQ 5M | Fast 🔥🔥🔝,TikTok,Views/Plays,Testing TikTok,0.4448,0.0139,100,1000000000,No,No,No,USD
7214,TikTok - Views | MQ 100M 🔥🔥🔝,TikTok,Views/Plays,Testing TikTok,0.5088,0.0159,50,2147483647,No,No,No,USD
12607,TikTok - Video View | MQ 10M | Instant | Fast 🔥🔥🔝,TikTok,Views/Plays,Testing TikTok,0.5344,0.0167,50,2147483647,No,No,No,USD
13259,TikTok - Views | MQ 100M | FAST | NEW 🔥🔥🔝,TikTok,Views/Plays,Testing TikTok,0.544,0.017,100,2147483647,No,No,No,USD
13235,Tiktok - Views | MQ 1B | Instant 🔥🔥🔝,TikTok,Views/Plays,Testing TikTok,1.3888,0.0434,100,100000000,No,No,No,USD
18815,TikTok - Video views | MQ 30M 🔥🔥🔝,TikTok,Views/Plays,Testing TikTok,5.5328,0.1729,500,1000000,No,No,No,USD
13248,Tiktok - Shares | MQ 10M | Speed 1-5K P/D | 0-1 Hour 🔥🔥🔝,TikTok,Shares,Testing TikTok,11.8048,0.3689,100,10000000,No,No,No,USD
25000,TikTok - Followers | MQ 100K | HQ &amp; Profiles With Photo | Instant Start | Day 100K,TikTok,Followers/Subscribers,Tiktok Followers [ Best Prices ] ᴺᴱᵂ,36.16,1.13,10,1000000,No,No,No,USD
24999,TikTok - Followers | MQ 500K | HQ Real Accounts | Cancel Enable | Instant Start | Day 50K | R30,TikTok,Followers/Subscribers,Tiktok Followers [ Best Prices ] ᴺᴱᵂ,37.968,1.1865,10,500000,Yes,Yes,No,USD
25002,TikTok - Followers | MQ 1M | HQ &amp; Profiles With Photo | Instant Start | Day 100K | R30,TikTok,Followers/Subscribers,Tiktok Followers [ Best Prices ] ᴺᴱᵂ,38.4032,1.2001,10,1000000,Yes,Yes,No,USD
25033,TikTok - Video Views | MQ 2.1B | Instant Start | Speed 1M P/D | Cancel Enable | Cheap,TikTok,Views/Plays,TikTok Services [ Best Servers 🥇 ] ᴺᴱᵂ,0.3104,0.0097,5000,2147483647,No,No,No,USD
25032,TikTok - Video Views | MQ 2.1B | Instant Start | Speed 1M P/D | Ultra Fast,TikTok,Views/Plays,TikTok Services [ Best Servers 🥇 ] ᴺᴱᵂ,0.3456,0.0108,50,2147483647,No,No,No,USD
25034,TikTok - Video Views | MQ 2.1B | Instant Start | Speed 10M P/D | Lifetime,TikTok,Views/Plays,TikTok Services [ Best Servers 🥇 ] ᴺᴱᵂ,0.4704,0.0147,100,2147483647,No,No,No,USD
25198,TikTok - Video Views | MQ 2.1B | Min 10K | HQ | Drop 0% | Instant Start | Day 500M,TikTok,Views/Plays,TikTok Video Views [ Working ⚡ ] ᴺᴱᵂ,0.256,0.008,10000,2147483647,No,No,No,USD
25107,TikTok - Video Views | MQ 2.1B | HQ | Drop 0% | Instant Start | Day 500M,TikTok,Views/Plays,TikTok Views Services [ UPDATE WORKİNG ] ᴺᴱᵂ,0.3104,0.0097,5000,2147483647,No,No,No,USD
25108,TikTok - Video Views | MQ 2.1B | HQ | Drop 0% | Instant Start | Day 500M,TikTok,Views/Plays,TikTok Views Services [ UPDATE WORKİNG ] ᴺᴱᵂ,0.3264,0.0102,100,2147483647,No,No,No,USD
25148,TikTok - Followers | MQ 1M | 100% Real &amp; Active Profiles | Instant Start | Day 500K | Ultra Fast,TikTok,Followers/Subscribers,TikTok Followers [ Vip Speed / One Click Complete⚡ ] ᴺᴱᵂ,48.816,1.5255,10,1000000,No,No,No,USD
25058,TikTok - Likes | USA | MQ 100K | 100% USA | HQ Profiles | Refill &amp; Cancel Enable | Non Drop | Speed 50K P/D,TikTok,Likes/Reactions,TikTok Likes | USA 🇺🇸 | ᴺᴱᵂ,3.616,0.113,100,100000,No,Yes,No,USD
25060,TikTok - Likes | USA | MQ 100K | 100% USA | HQ Profiles | Refill &amp; Cancel Enable | Non Drop | Speed 50K P/D | R60,TikTok,Likes/Reactions,TikTok Likes | USA 🇺🇸 | ᴺᴱᵂ,4.3392,0.1356,100,100000,Yes,Yes,No,USD
25061,TikTok - Likes | USA | MQ 100K | 100% USA | HQ Profiles | Refill &amp; Cancel Enable | Non Drop | Speed 50K P/D | R90,TikTok,Likes/Reactions,TikTok Likes | USA 🇺🇸 | ᴺᴱᵂ,4.7008,0.1469,100,100000,Yes,Yes,No,USD
25063,TikTok - Likes | USA | MQ 100K | 100% USA | HQ Profiles | Refill &amp; Cancel Enable | Non Drop | Speed 50K P/D | Lifetime,TikTok,Likes/Reactions,TikTok Likes | USA 🇺🇸 | ᴺᴱᵂ,5.424,0.1695,100,100000,Yes,Yes,No,USD
25310,TikTok - Likes | MQ 5M | Low Quality | Cancel Enable | Instant Start | Day 50K,TikTok,Likes/Reactions,Tiktok Likes [ Cheapest Slow✨ ] ᴺᴱᵂ,1.0496,0.0328,10,5000000,No,No,No,USD
25311,TikTok - Likes | MQ 5M | Low Quality | Cancel Enable | Instant Start | Day 50K | R30,TikTok,Likes/Reactions,Tiktok Likes [ Cheapest Slow✨ ] ᴺᴱᵂ,1.0848,0.0339,10,5000000,Yes,No,No,USD
25170,TikTok - Likes + Views | Brazil | MQ 2M | 100% Brazilian Accounts | Cancel Enable | Instant Start | Day 250K,TikTok,Views/Plays,TikTok Likes + Views [ Brazil 🇧🇷 ] ᴺᴱᵂ [ S2 ],2.5696,0.0803,10,2000000,No,Yes,No,USD
25171,TikTok - Likes + Views | Brazil | MQ 2M | 100% Brazilian Accounts | Cancel Enable | Instant Start | Day 250K | R60,TikTok,Views/Plays,TikTok Likes + Views [ Brazil 🇧🇷 ] ᴺᴱᵂ [ S2 ],2.7136,0.0848,10,2000000,Yes,Yes,No,USD
25173,TikTok - Likes + Views | Brazil | MQ 2M | 100% Brazilian Accounts | Cancel Enable | Instant Start | Day 250K | Lifetime,TikTok,Views/Plays,TikTok Likes + Views [ Brazil 🇧🇷 ] ᴺᴱᵂ [ S2 ],2.8928,0.0904,10,2000000,Yes,Yes,No,USD
25046,TikTok - Likes | MQ 20M | Best Quality | No Drop | Instant Start | Speed 100K P/D,TikTok,Likes/Reactions,Tiktok Likes [ NON DROP💫] ᴺᴱᵂ,1.808,0.0565,10,20000000,No,Yes,No,USD
25047,TikTok - Likes | MQ 20M | Best Quality | No Drop | Instant Start | Speed 100K P/D | R30,TikTok,Likes/Reactions,Tiktok Likes [ NON DROP💫] ᴺᴱᵂ,1.8816,0.0588,10,20000000,Yes,Yes,No,USD
25048,TikTok - Likes | MQ 20M | Best Quality | No Drop | Instant Start | Speed 100K P/D | R60,TikTok,Likes/Reactions,Tiktok Likes [ NON DROP💫] ᴺᴱᵂ,1.9552,0.0611,10,20000000,Yes,Yes,No,USD
25050,TikTok - Likes | MQ 20M | Best Quality | No Drop | Instant Start | Speed 100K P/D | R365,TikTok,Likes/Reactions,Tiktok Likes [ NON DROP💫] ᴺᴱᵂ,2.0992,0.0656,10,20000000,Yes,Yes,No,USD
25051,TikTok - Likes | MQ 20M | Best Quality | No Drop | Instant Start | Speed 100K P/D | Lifetime,TikTok,Likes/Reactions,Tiktok Likes [ NON DROP💫] ᴺᴱᵂ,2.1696,0.0678,10,20000000,Yes,Yes,No,USD
25125,TikTok - Video Views | MQ 2.1B | Min 1K | HQ | Drop 0% |  Instant Start | Ultra Fast,TikTok,Views/Plays,TikTok Views [ Cheapest  ] [ Provider ] ᴺᴱᵂ,0.272,0.0085,1000,2147483647,No,No,No,USD
25126,TikTok - Video Views | MQ 2.1B | Min 10K | HQ | Drop 0% |  Instant Start | Ultra Fast,TikTok,Views/Plays,TikTok Views [ Cheapest  ] [ Provider ] ᴺᴱᵂ,0.2912,0.0091,10000,2147483647,No,No,No,USD
25127,TikTok - Video Views | MQ 2.1B | Min 5K | HQ | Drop 0% |  Instant Start | Ultra Fast,TikTok,Views/Plays,TikTok Views [ Cheapest  ] [ Provider ] ᴺᴱᵂ,0.3104,0.0097,5000,2147483647,No,No,No,USD
25128,TikTok - Video Views | MQ 2.1B | Min 3K | HQ | Drop 0% |  Instant Start | Ultra Fast,TikTok,Views/Plays,TikTok Views [ Cheapest  ] [ Provider ] ᴺᴱᵂ,0.3264,0.0102,100,2147483647,No,No,No,USD
25282,TikTok - Followers | MQ 3M | 100% Real Account | Cancel Enable | Instant Start | Day 100K | R365,TikTok,Followers/Subscribers,Tiktok Followers [ World Wide 🌍 ] 🔱 Provider,49.9008,1.5594,10,3000000,Yes,No,No,USD
25283,TikTok - Followers | MQ 3M | 100% Real Account | Cancel Enable | Instant Start | Day 100K | Lifetime,TikTok,Followers/Subscribers,Tiktok Followers [ World Wide 🌍 ] 🔱 Provider,50.624,1.582,10,3000000,Yes,No,No,USD
25038,TikTok - Likes | MQ 1M | LQ Accounts | Cancel Enable | Instant Start | Speed 50K P/D,TikTok,Likes/Reactions,TikTok Likes [ Best Servers 🥇 ] ᴺᴱᵂ,0.6176,0.0193,50,1000000,No,No,No,USD
25039,TikTok - Likes | MQ 1M | LQ Accounts | Cancel Enable | Instant Start | Speed 50K P/D | R30,TikTok,Likes/Reactions,TikTok Likes [ Best Servers 🥇 ] ᴺᴱᵂ,0.6336,0.0198,50,1000000,Yes,No,No,USD
25040,TikTok - Likes | MQ 1M | LQ Accounts | Cancel Enable | Instant Start | Speed 50K P/D | R60,TikTok,Likes/Reactions,TikTok Likes [ Best Servers 🥇 ] ᴺᴱᵂ,0.6528,0.0204,50,1000000,Yes,No,No,USD
25042,TikTok - Likes | MQ 1M | LQ Accounts | Cancel Enable | Instant Start | Speed 50K P/D | R365,TikTok,Likes/Reactions,TikTok Likes [ Best Servers 🥇 ] ᴺᴱᵂ,0.7232,0.0226,50,1000000,Yes,No,No,USD
25043,TikTok - Likes | MQ 1M | LQ Accounts | Cancel Enable | Instant Start | Speed 50K P/D | Lifetime,TikTok,Likes/Reactions,TikTok Likes [ Best Servers 🥇 ] ᴺᴱᵂ,0.7616,0.0238,50,1000000,Yes,No,No,USD
25236,TikTok - Followers | MQ 1M | HQ | Cancel Enable | Instant Start | Day 30K | Top Speed,TikTok,Followers/Subscribers,TikTok Followers [ ⚡ Ultra Fast Speed ⚡ ] ᴺᴱᵂ,48.816,1.5255,10,1000000,No,No,No,USD
25237,TikTok - Followers | MQ 1M | HQ | Cancel Enable | Instant Start | Day 30K | Top Speed | R30,TikTok,Followers/Subscribers,TikTok Followers [ ⚡ Ultra Fast Speed ⚡ ] ᴺᴱᵂ,52.432,1.6385,10,1000000,Yes,No,No,USD
25084,TikTok - Followers | MQ 30K | HQ &amp; Real Profiles | Instant Start | Speed 10K | 1 Min Complete,TikTok,Followers/Subscribers,TikTok Followers [ Amazing Speed ⚡ ] ᴺᴱᵂ,52.432,1.6385,100,30000,No,No,No,USD
25086,TikTok - Followers | MQ 1M | HQ &amp; Real Profiles | Instant Start | Speed 10K | 1 Min Complete | R30,TikTok,Followers/Subscribers,TikTok Followers [ Amazing Speed ⚡ ] ᴺᴱᵂ,59.664,1.8645,100,1000000,Yes,No,No,USD
25318,TikTok - Followers | World Wide | MQ 1M | 100% Real Profiles | Cancel Enable | Drop %0-2 | Instant Start | Day 100K,TikTok,Followers/Subscribers,TikTok Followers [ ⚡𝐓𝐎𝐏 𝐒𝐏𝐄𝐄𝐃⚡ ] ᴺᴱᵂ,63.28,1.9775,10,1000000,No,Yes,No,USD
25010,TikTok - Video Views | MQ 2.1B | HQ | Drop 0% | Instant Start | Ultra Fast,TikTok,Views/Plays,TikTok Video Views [ Best Price ],0.256,0.008,50,2147483647,No,No,No,USD
25011,TikTok - Video Views | MQ 2.1B | HQ | Drop 0% | Instant Start | Ultra Fast | Lifetime,TikTok,Views/Plays,TikTok Video Views [ Best Price ],0.4704,0.0147,100,2147483647,No,No,No,USD
25009,TikTok - Video Views | MQ 2.1B  | HQ |  | Instant Start | Day 5M,TikTok,Views/Plays,TikTok Video Views [ Best Price ],0.48,0.015,5000,2147483647,No,No,No,USD
25193,TikTok - Likes + Views | Brazil | MQ 1M | 100% Brazil Accounts | Cancel Enable | Super Instant | Day 200K,TikTok,Views/Plays,TikTok Likes + Views [ Brazil 🇧🇷 ] Cheapest in The World 🌍 ᴺᴱᵂ,3.0752,0.0961,10,1000000,No,Yes,No,USD
25194,TikTok - Likes + Views | Brazil | MQ 1M | 100% Brazil Accounts | Cancel Enable | Super Instant | Day 200K | R30,TikTok,Views/Plays,TikTok Likes + Views [ Brazil 🇧🇷 ] Cheapest in The World 🌍 ᴺᴱᵂ,3.1488,0.0984,10,1000000,Yes,Yes,No,USD
25195,TikTok - Likes + Views | Brazil | MQ 1M | 100% Brazil Accounts | Cancel Enable | Super Instant | Day 200K | R90,TikTok,Views/Plays,TikTok Likes + Views [ Brazil 🇧🇷 ] Cheapest in The World 🌍 ᴺᴱᵂ,3.2544,0.1017,10,1000000,Yes,Yes,No,USD
25142,TikTok - Video Views | MQ 2.1B | HQ | Non Drop | Instant Start | Day 5M | Recommended,TikTok,Views/Plays,TikTok Views [ Vip Speed / One Click Complete⚡ ] ᴺᴱᵂ,0.256,0.008,10000,2147483647,No,No,No,USD
25143,TikTok - Video Views | MQ 2.1B | Min 5K | HQ | Non Drop | Instant Start | Day 5M | Recommended,TikTok,Views/Plays,TikTok Views [ Vip Speed / One Click Complete⚡ ] ᴺᴱᵂ,0.2624,0.0082,5000,2147483647,No,No,No,USD
25144,TikTok - Video Views | MQ 2.1B | Min 100 | HQ | Non Drop | Instant Start | Day 5M | Recommended,TikTok,Views/Plays,TikTok Views [ Vip Speed / One Click Complete⚡ ] ᴺᴱᵂ,0.2912,0.0091,100,2147483647,No,No,No,USD
25145,TikTok - Video Views | MQ 2.1B | HQ | Non Drop | Instant Start | Day 5M | Recommended | Lifetime,TikTok,Views/Plays,TikTok Views [ Vip Speed / One Click Complete⚡ ] ᴺᴱᵂ,0.4704,0.0147,100,2147483647,No,No,No,USD
25207,TikTok - Video Views | MQ 2.1B | Cancel Enable | Instant Start | Day 10M,TikTok,Views/Plays,TikTok Views Services [ UPDATE ] ᴺᴱᵂ,0.2912,0.0091,100,2147483647,No,No,No,USD
25217,TikTok - Video Views | MQ 2.1B | HQ | Drop 0% | Instant Start | Day 10M | Server 2,TikTok,Views/Plays,TikTok Views Services [ UPDATE ] ᴺᴱᵂ,0.32,0.01,100,2147483647,No,No,No,USD
25216,TikTok - Video Views | MQ 2.1B | HQ | Drop 0% | Instant Start | Day 10M | Server 3,TikTok,Views/Plays,TikTok Views Services [ UPDATE ] ᴺᴱᵂ,0.3264,0.0102,100,2147483647,No,No,No,USD
25212,TikTok - Video Views | MQ 2.1B | HQ | Drop 0% | Instant Start | Day 10M | R365,TikTok,Views/Plays,TikTok Views Services [ UPDATE ] ᴺᴱᵂ,0.4704,0.0147,100,2147483647,No,No,No,USD
25003,TikTok - Likes | MQ 5M | Real &amp; Bot Profiles | Instant Start | Day 50K,TikTok,Likes/Reactions,Tiktok Likes [ Best Prices ] ᴺᴱᵂ,0.688,0.0215,10,5000000,No,No,No,USD
25004,TikTok - Likes | MQ 5M | Real &amp; Bot Profiles | Instant Start | Day 50K | R30,TikTok,Likes/Reactions,Tiktok Likes [ Best Prices ] ᴺᴱᵂ,0.7232,0.0226,10,5000000,Yes,No,No,USD
25005,TikTok - Likes | MQ 5M | Real &amp; Bot Profiles | Instant Start | Day 50K | R60,TikTok,Likes/Reactions,Tiktok Likes [ Best Prices ] ᴺᴱᵂ,0.7616,0.0238,10,5000000,Yes,No,No,USD
25008,TikTok - Likes | MQ 5M | Real &amp; Bot Profiles | Instant Start | Day 50K | Lifetime,TikTok,Likes/Reactions,Tiktok Likes [ Best Prices ] ᴺᴱᵂ,0.8704,0.0272,10,5000000,No,No,No,USD
25007,TikTok - Likes | MQ 5M | Real &amp; Bot Profiles | Instant Start | Day 50K | R365,TikTok,Likes/Reactions,Tiktok Likes [ Best Prices ] ᴺᴱᵂ,1.376,0.043,10,10000000,Yes,Yes,No,USD
25204,TikTok - Video Views | MQ 2.1B | Min 50K | Cancel Enable | Instant Start | Day 10M,TikTok,Views/Plays,Tiktok Video Views [ Update ] ᴺᴱᵂ,0.2624,0.0082,5000,2147483647,No,No,No,USD
25205,TikTok - Video Views | MQ 2.1B | Min 10K | Cancel Enable | Instant Start | Day 10M | Cheapest,TikTok,Views/Plays,Tiktok Video Views [ Update ] ᴺᴱᵂ,0.2656,0.0083,10000,2147483647,No,No,No,USD
25206,TikTok - Video Views | MQ 2.1B | Min 10K | Cancel Enable | Instant Start | Day 10M,TikTok,Views/Plays,Tiktok Video Views [ Update ] ᴺᴱᵂ,0.2688,0.0084,10000,2147483647,No,No,No,USD
25166,TikTok - Followers | MQ 500K | HQ Profiles With Photo | Cancel Enable | Instant Start | Day 50K,TikTok,Followers/Subscribers,TikTok Followers [ Cheapest ] ᴺᴱᵂ,28.3872,0.8871,50,500000,No,Yes,No,USD
25167,TikTok - Followers | MQ 100K | HQ Profiles With Photo | Cancel Enable | Instant Start | Day 50K | R30,TikTok,Followers/Subscribers,TikTok Followers [ Cheapest ] ᴺᴱᵂ,30.736,0.9605,50,500000,Yes,Yes,No,USD
25053,TikTok - Followers | USA | MQ 100K | 100% USA | HQ Profiles | Refill &amp; Cancel Enable | Non Drop | Speed 50K P/D | R30,TikTok,Followers/Subscribers,TikTok Followers | USA 🇺🇸 | ᴺᴱᵂ,65.088,2.034,10,100000,Yes,No,No,USD
25057,TikTok - Followers | USA | MQ 100K | 100% USA | HQ Profiles | Refill &amp; Cancel Enable | Non Drop | Speed 50K P/D | Lifetime,TikTok,Followers/Subscribers,TikTok Followers | USA 🇺🇸 | ᴺᴱᵂ,79.552,2.486,10,100000,Yes,No,No,USD
25174,TikTok - Likes + Views | Brazil | MQ 2M | 100% Brazilian Accounts | Cancel Enable | Instant Start | Day 200K,TikTok,Views/Plays,TikTok Likes + Views [ Brazil 🇧🇷 ] ᴺᴱᵂ,2.7136,0.0848,10,5000000,No,Yes,No,USD
25179,TikTok - Likes + Views | Brazil | MQ 2M | 100% Brazilian Accounts | Cancel Enable | Instant Start | Day 250K | Lifetime,TikTok,Views/Plays,TikTok Likes + Views [ Brazil 🇧🇷 ] ᴺᴱᵂ,3.0752,0.0961,10,5000000,Yes,Yes,No,USD
25072,Tiktok - Live Stream Likes | MQ 2.1B | Instant Start | Speed 50K P/D,TikTok,Live Stream Viewers,Tiktok Services [ Best Prices 💫] ᴺᴱᵂ,0.7232,0.0226,100,2147483647,No,Yes,No,USD
25074,TikTok - Likes | MQ 5M | Real Bot Mix Accounts | Cancel Enable | Instant Start | Day 50K,TikTok,Likes/Reactions,Tiktok Likes [ Cheapest ✨] ᴺᴱᵂ,0.688,0.0215,10,5000000,No,No,No,USD
25075,TikTok - Likes | MQ 5M | Real Bot Mix Accounts | Cancel Enable | Instant Start | Day 50K | R30,TikTok,Likes/Reactions,Tiktok Likes [ Cheapest ✨] ᴺᴱᵂ,0.7232,0.0226,10,5000000,Yes,No,No,USD
25076,TikTok - Likes | MQ 5M | Real Bot Mix Accounts | Cancel Enable | Instant Start | Day 50K | R60,TikTok,Likes/Reactions,Tiktok Likes [ Cheapest ✨] ᴺᴱᵂ,0.7616,0.0238,10,5000000,Yes,No,No,USD
25077,TikTok - Likes | MQ 5M | Real Bot Mix Accounts | Cancel Enable | Instant Start | Day 50K | R60,TikTok,Likes/Reactions,Tiktok Likes [ Cheapest ✨] ᴺᴱᵂ,0.7968,0.0249,10,5000000,Yes,No,No,USD
24977,YouTube - Views | MQ 500K | RB30 | Non Drop | Increment 100 | 90 sec | Working 🔥🔥🔝,YouTube,Views/Plays,YouTube - Views [ Main Provider ],86.4,2.7,100,500000,Yes,No,No,USD
24978,YouTube - Views | MQ 500K | RB30 | Non Drop | Increment 100 | 120 sec | Working 🔥🔥🔝,YouTube,Views/Plays,YouTube - Views [ Main Provider ],118.4,3.7,100,500000,Yes,No,No,USD
19326,Instagram - View + Extra 5% Likes + 5% Followers | MQ 2.1B🔝,Instagram,Followers/Subscribers,IG Views [ Provider ],0.032,0.001,100,2147483647,No,No,No,USD
19865,Instagram - Views | MQ 2.1B | All Links 🔥🔥🔝,Instagram,Views/Plays,IG Views [ Provider ],0.0416,0.0013,100,2147483647,No,No,No,USD
19327,Instagram - Views | MQ 100M 🔝,Instagram,Views/Plays,IG Views [ Provider ],0.0512,0.0016,100,50000000,No,No,No,USD
19328,Instagram - Views | MQ 100M 🔝,Instagram,Views/Plays,IG Views [ Provider ],0.0512,0.0016,100,50000000,No,No,No,USD
19670,Instagram - Views | MQ 100M 🔝,Instagram,Views/Plays,IG Views [ Provider ],0.0512,0.0016,100,50000000,No,No,No,USD
19671,Instagram - Views | MQ 100M 🔝,Instagram,Views/Plays,IG Views [ Provider ],0.0512,0.0016,100,50000000,No,No,No,USD
18646,Instagram - Views | MQ 100M | Speed 100K P/H 🔥🔥🔝,Instagram,Views/Plays,IG Views [ Provider ],0.2688,0.0084,100,100000000,No,Yes,No,USD
16071,Instagram - Video views [Working] | MQ 500K 🔥🔥🔝,Instagram,Views/Plays,IG Views [ Provider ],0.4032,0.0126,100,10000000,No,No,No,USD
24984,Instagram - Views + Reach + Impressions | MQ 250K,Instagram,Views/Plays,IG Views [ Provider ],2.0608,0.0644,100,250000,Yes,Yes,No,USD
13934,Instagram - Video views + REELS + IGTV | MQ 1M 🔥🔥🔝,Instagram,Views/Plays,IG Views [ Provider ],5.376,0.168,100,1000000,No,No,No,USD
27355,Instagram - Likes,Instagram,Likes/Reactions,IG Likes [ Provider ],7.2,0.225,10,150000,Yes,Yes,No,USD
27238,Instagram - Likes | speed: 18000+ Per Hour,Instagram,Likes/Reactions,IG Likes [ Provider ],14.784,0.462,10,100000,Yes,Yes,No,USD
27354,Instagram - Likes | R30,Instagram,Likes/Reactions,IG Likes [ Provider ],20.0,0.625,10,250000,Yes,Yes,No,USD
24664,Instagram - Shares | MQ 10M 🔝,Instagram,Shares,IG Statistics [ Provider ],0.448,0.014,10,10000000,No,No,No,USD
27138,Instagram - Views | MQ 100M 🔝,Instagram,Views/Plays,IG Subscription [ Provider ],0.2688,0.0084,100,100000000,No,Yes,No,USD
27140,Instagram - Views | Reach + Impressions | MQ 100M 🔝,Instagram,Views/Plays,IG Subscription [ Provider ],2.0608,0.0644,100,250000,No,Yes,No,USD
24717,Instagram - Views + Reels +Videos | MQ 2.1B | 0-1% maximum drop | Speed 1M+/day,Instagram,Views/Plays,Provider Services,0.9056,0.0283,100,217545811,No,No,No,USD
24716,Instagram - Likes | Premium Quality Accounts | MQ 500K |  0-1% maximum drop | Speed 70.000-90.000/day | 90% Real Looking Accounts With 5+ Posts,Instagram,Likes/Reactions,Provider Services,5.7856,0.1808,10,1000000,No,Yes,No,USD
24719,YouTube - Likes | MQ 5K | 99.9% Non Drop | 0-1 min. start | 30R Button | Max 100.000 | Speed is 50.000-70.000/day,YouTube,Likes/Reactions,Provider Services,14.1024,0.4407,10,15000,No,No,No,USD
24718,YouTube - Native Views | MQ 10M | No Under Delivery | Speed 1-1.5K/day| 0% drop | AR30,YouTube,Views/Plays,Provider Services,43.392,1.356,100,10000000,No,No,No,USD
24678,Instagram - Video Views  | MQ 500M 🔥🔝,Instagram,Views/Plays,Provider Services,0.1824,0.0057,100,2147483647,No,No,No,USD
42,Instagram - Views | MQ 2M🔝,Instagram,Views/Plays,Provider Services,0.2176,0.0068,100,2000000,No,Yes,No,USD
23,Instagram - Likes | MQ 350K,Instagram,Likes/Reactions,Provider Services,8.6784,0.2712,10,350000,No,Yes,No,USD
81,Instagram - Likes | MQ 100K🔝,Instagram,Likes/Reactions,Provider Services,47.008,1.469,100,50000,No,No,No,USD
105,Instagram - Views | MQ 100M🔝,Instagram,Views/Plays,Instagram TOP Services [PEAKERR EXCLUSIVE],0.1792,0.0056,100,100000000,No,Yes,No,USD
110,Instagram - Likes | Real | MQ 50K🔝,Instagram,Likes/Reactions,Instagram TOP Services [PEAKERR EXCLUSIVE],8.3328,0.2604,10,300000,Yes,Yes,No,USD
19919,Instagram - Likes | India | MQ 10K | Real | Instant,Instagram,Likes/Reactions,Instagram TOP Services [PEAKERR EXCLUSIVE],39.776,1.243,20,10000,No,No,No,USD
19882,Instagram - Likes | First World Countries | MQ 10K | Real | Instant 🔝,Instagram,Likes/Reactions,Instagram TOP Services [PEAKERR EXCLUSIVE],57.856,1.808,20,10000,No,No,No,USD
19883,Instagram - Likes | USA | MQ 15K | Real | Instant 🔝,Instagram,Likes/Reactions,Instagram TOP Services [PEAKERR EXCLUSIVE],112.096,3.503,20,15000,No,No,No,USD
19886,Instagram - Likes | UK | MQ 2K | Real | Instant 🔝,Instagram,Likes/Reactions,Instagram TOP Services [PEAKERR EXCLUSIVE],119.328,3.729,20,2000,No,No,No,USD
19914,Instagram - Likes | USA | Private | MQ 3K | Real | Instant,Instagram,Likes/Reactions,Instagram TOP Services [PEAKERR EXCLUSIVE],130.176,4.068,20,3000,No,No,No,USD
19928,Instagram - Comments | MQ 50 | English &amp; Emojis | Real | Instant 🔝,Instagram,Comments,Instagram TOP Services [PEAKERR EXCLUSIVE],904.0,28.25,10,50,No,No,No,USD
15420,Instagram - View All Link | MQ 1M | Video + Reel + IGTV 🔥🔥🔝,Instagram,Views/Plays,New Services 2025 [ February ],0.0512,0.0016,100,50000000,No,No,No,USD
15460,Instagram - Video Views All Link | MQ 600K | Video+ Reel+IGTV 🔥🔥🔝,Instagram,Views/Plays,New Services 2025 [ February ],0.0512,0.0016,100,50000000,No,No,No,USD
14063,Instagram - Video Views | MQ 100M | Video + Reel + IGTV 🔥🔥🔝,Instagram,Views/Plays,New Services 2025 [ February ],0.0512,0.0016,100,50000000,No,No,No,USD
16489,Tiktok - Views | MQ 10M🔥🔥🔝,TikTok,Views/Plays,New Services 2025 [ February ],0.3136,0.0098,100,2147483647,No,No,No,USD
12854,TikTok - Video Views | MQ 5M🔥🔥🔝,TikTok,Views/Plays,New Services 2025 [ February ],0.3296,0.0103,100,2147483647,No,No,No,USD
16052,Telegram - Post Shares | MQ 1M | Real🔥🔥🔝,Telegram,Shares,New Services 2025 [ February ],0.4352,0.0136,10,100000,No,No,No,USD
13236,Tiktok - Views | MQ 100M | Instant 🔥🔥🔝,TikTok,Views/Plays,New Services 2025 [ February ],0.4544,0.0142,100,1000000000,No,No,No,USD
14916,TikTok - Saves | MQ 1M 🔥🔥🔝,TikTok,Saves,New Services 2025 [ February ],0.7872,0.0246,10,2147483647,No,No,No,USD
19185,Facebook - Video Views | MQ 100M🔥🔥🔝,Facebook,Views/Plays,New Services 2025 [ February ],1.376,0.043,500,10000000,No,No,No,USD
10137,Tiktok - Share | MQ 100M | Real  🔥🔥🔝,TikTok,Shares,New Services 2025 [ February ],1.4464,0.0452,10,217545811,No,Yes,No,USD
18432,Tiktok - Share | MQ 2M | Speed 50K/day 🔥🔥🔝,TikTok,Shares,New Services 2025 [ February ],1.808,0.0565,10,217545811,No,Yes,No,USD
868,Instagram - Reach and Impressions | MQ 250K 🔥🔥🔝,Instagram,Views/Plays,New Services 2025 [ February ],2.6048,0.0814,100,5000000,No,No,No,USD
4327,TikTok - Views | MQ 100M | Speed 30K-50K P/D | Instant 🔥🔥🔝,TikTok,Views/Plays,New Services 2025 [ February ],3.616,0.113,100,100000000,No,No,No,USD
26606,Instagram - Story Views + Impressions | MQ 200K | HQ | Cancel Enable | All Stories | Instant Start | Day 200K,Instagram,Views/Plays,New Services 2025 [ February ],3.616,0.113,50,200000,No,No,No,USD
9117,Worldwide - Niche Traffic | MQ 1M🔥🔥🔝,Website Traffic,Website Traffic,New Services 2025 [ February ],7.216,0.2255,200,10000000,No,No,No,USD
17795,Tiktok - Likes | MQ 5K | High Quality | No Drop | Super Instant 🔥🔥🔝,TikTok,Likes/Reactions,New Services 2025 [ February ],8.3328,0.2604,10,100000,No,No,No,USD
17789,Tiktok - Likes | MQ 25K | No Drop | Speed 5-10K/D | Instant | Different Server 🔥🔥🔝,TikTok,Likes/Reactions,New Services 2025 [ February ],9.7216,0.3038,10,100000,No,No,No,USD
18442,Instagram - Likes | MQ 500K | HQ with Post | Instant 🔥🔥🔝,Instagram,Likes/Reactions,New Services 2025 [ February ],12.2944,0.3842,50,500000,No,No,No,USD
16286,Instagram - Followers | MQ 1M | Instant | Speed 1-2K/Hour | RB30 🔥🔥🔝,Instagram,Followers/Subscribers,New Services 2025 [ February ],16.768,0.524,100,250000,No,No,No,USD
13157,Instagram - Likes | MQ 30K | Real Look | Speed 5-10K P/H | 0-2Hour | No Drop | Instant | RB30 🔥🔥🔝,Instagram,Likes/Reactions,New Services 2025 [ February ],17.7056,0.5533,10,50000,Yes,Yes,No,USD
18225,YouTube - Live Stream Views | MQ 50K | High Quality | 30 Minutes | Best for ranking live 🔥🔥🔝,YouTube,Live Stream Viewers,New Services 2025 [ February ],21.696,0.678,50,50000,No,No,No,USD
27230,Instagram Followers [ Real HQ Accounts ] [ Start Time - Instant ] [ Speed 50k-100k/day ] [ 365 Days refill ♻️ ],Instagram,Followers/Subscribers,New Services 2025 [ February ],24.5888,0.7684,3,1000000,Yes,Yes,No,USD
17731,Youtube - Views  | MQ 1M | Lifetime | Speed 200/D | 0-1/H 🔥🔥🔝,YouTube,Views/Plays,New Services 2025 [ February ],28.7456,0.8983,100,100000000,No,No,No,USD
27194,Tiktok Custom Comments | Super Instant | HQ Real Accounts,TikTok,Comments,New Services 2025 [ February ],29.2,0.9125,1,100000,No,No,No,USD
22710,Youtube - Views | MQ 50M | Start Time: 0 -15 Minutes | Speed: 1K/Day | Refill button Enabled | Non Drop | Real Engagement | Refill: Lifetime🔝,YouTube,Views/Plays,New Services 2025 [ February ],29.2,0.9125,100,50000000,No,No,No,USD
24817,TikTok - Followers | MQ 5M | 100% Real Account | Cancel Enable | Instant Start | Day 100K | R30,TikTok,Followers/Subscribers,New Services 2025 [ February ],36.16,1.13,10,1000000,No,Yes,No,USD
25001,TikTok - Followers | MQ 5M | HQ Real Accounts | Cancel Enable | Instant Start | Day 100K,TikTok,Followers/Subscribers,New Services 2025 [ February ],38.3296,1.1978,10,50000000,No,Yes,No,USD
14949,Facebook - Emoticons Post/Photo Likes | Angry | MQ 50K | 0-15 Min🔥🔥🔝,Facebook,Likes/Reactions,New Services 2025 [ February ],39.4624,1.2332,50,100000,No,No,No,USD
13217,Youtube - Views | MQ 100M | Speed 7-10K P/D | Fast | No Drop | Life time 🔥🔥🔝,YouTube,Views/Plays,New Services 2025 [ February ],43.392,1.356,100,10000000,No,No,No,USD
24009,TikTok - Followers | MQ 300K | HQ Profiles | Instant Start | Day 100K,TikTok,Followers/Subscribers,New Services 2025 [ February ],50.624,1.582,10,300000,No,No,No,USD
23906,Instagram - Followers | MQ 1M | Old and Real + 15 Posts | Day 100K | Disable For Flag Review | Lifetime Refill🔝,Instagram,Followers/Subscribers,New Services 2025 [ February ],51.7088,1.6159,10,1000000,No,No,No,USD
24015,TikTok - Followers | MQ 1M | HQ Profiles | Cancel Enable | Instant Start | Day 100K🔝,TikTok,Followers/Subscribers,New Services 2025 [ February ],52.432,1.6385,50,1000000,No,No,No,USD
15669,Instagram - Likes | MQ 10K | Real Humans | Super Fast | No Drops | 100% Real - Most Very Good Accounts🔥🔥🔝,Instagram,Likes/Reactions,New Services 2025 [ February ],54.24,1.695,10,50000,No,No,No,USD
14250,Instagram - Likes | MQ 10K | Premium | Top Accounts | Real Humans 🔥🔥🔝,Instagram,Likes/Reactions,New Services 2025 [ February ],54.24,1.695,10,2000,No,No,No,USD
19706,TikTok - Followers | MQ 500K🔝,TikTok,Followers/Subscribers,New Services 2025 [ February ],54.24,1.695,10,500000,No,No,No,USD
17501,Instagram - Likes | MQ 50K | Power Accounts Mixed | Super Real | Speed 1-5K P/H 🔥🔥🔝,Instagram,Likes/Reactions,New Services 2025 [ February ],55.5424,1.7357,10,50000,No,No,No,USD
27066,Instagram - Likes | Arabic | MQ 5K | 100% Real Arabic Accounts | Cancel Enable | Instant Start | R365,Instagram,Likes/Reactions,New Services 2025 [ February ],72.32,2.26,20,1000000,Yes,Yes,No,USD
22697,TikTok - Followers | MQ 500K | 100% Real Active | Speed: 10K/Day | R30🔝,TikTok,Followers/Subscribers,New Services 2025 [ February ],80.5728,2.5179,100,1000000,No,Yes,No,USD
10889,Instagram - Followers | MQ 10K | Slow | Speed 1-3K P/D | Instant | 70% Real | RB60 🔥🔥,Instagram,Followers/Subscribers,New Services 2025 [ February ],90.4,2.825,10,100000,Yes,Yes,No,USD
10721,Instagram - Followers | MQ 5K | RB30 | Mixed | Instant 🔥🔥,Instagram,Followers/Subscribers,New Services 2025 [ February ],90.4,2.825,50,100000,Yes,Yes,No,USD
15030,Twitter - Followers | USA | MQ 10K | 0-30 Minutes | Instant | Stable |🔥🔥🔝,Twitter/X,Followers/Subscribers,New Services 2025 [ February ],106.544,3.3295,100,10000,No,Yes,No,USD
2765,YouTube - Views | MQ 500K | 𝐑𝐀𝐕™ - Real Active Views | HQ | Real | Momentizable | Instant 🔥🔥🔝,YouTube,Views/Plays,New Services 2025 [ February ],108.48,3.39,500,500000,No,No,No,USD
9010,Instagram - Followers | MQ 50K | AR30 🔥🔥🔝,Instagram,Followers/Subscribers,New Services 2025 [ February ],89.152,2.786,10,50000,Yes,No,No,USD
27334,Instagram Korean Followers [Real Exclusive] [30 Days Refill] [10K/D] [Instant],Instagram,Followers/Subscribers,New Services 2025 [ February ],1540.4384,48.1387,10,50000,No,No,No,USD
4034,Instagram - Followers | MQ 6K | 600-1K P/H | RB30 | 75% Real 🔥🔥🔝,Instagram,Followers/Subscribers,New Services 2025 [ February ],3616.0,113.0,100,6000,Yes,Yes,No,USD
20109,Instagram - Views | MQ 100M | Super Fast | All Accepted 🔝,Instagram,Views/Plays,New Services 2025 ⭐️⭐️⭐️⭐️⭐️,0.0544,0.0017,100,2147483647,No,No,No,USD
20110,Instagram - Video Views All Link | MQ 2.5M | Video+ Reel + IGTV  | Speed 5M P/D | Fast,Instagram,Views/Plays,New Services 2025 ⭐️⭐️⭐️⭐️⭐️,0.208,0.0065,100,25000000,No,Yes,No,USD
15009,Twitter - Tweet Views | MQ 500M | Instant🔥🔥🔝,Twitter/X,Views/Plays,New Services 2025 ⭐️⭐️⭐️⭐️⭐️,0.4768,0.0149,100,2000000000,No,No,No,USD
20138,TikTok - Video Views | MQ 2.1B | Unlimited | Instant Start | Speed 10M p/D🔝,TikTok,Views/Plays,New Services 2025 ⭐️⭐️⭐️⭐️⭐️,0.7232,0.0226,50,217545811,No,Yes,No,USD
16283,Instagram - Likes | MQ 200K | Instant | Speed 5-10K/Day | RB30 🔥🔥🔝,Instagram,Likes/Reactions,New Services 2025 ⭐️⭐️⭐️⭐️⭐️,4.1856,0.1308,50,500000,No,Yes,No,USD
13698,TikTok - Saves | MQ 20K | R20 🔥🔥 🔝,TikTok,Saves,New Services 2025 ⭐️⭐️⭐️⭐️⭐️,5.0624,0.1582,100,10000,No,No,No,USD
20140,Tiktok - Battle Points | MQ  2.1B | 0-5Min | Speed 500K P/D 🔝,TikTok,Other,New Services 2025 ⭐️⭐️⭐️⭐️⭐️,6.5088,0.2034,100,2147483647,No,No,No,USD
19939,Instagram - Likes | MQ 40K | Speed 20K/D | HQ | Real and Active🔝,Instagram,Likes/Reactions,New Services 2025 ⭐️⭐️⭐️⭐️⭐️,18.896,0.5905,10,50000,No,No,No,USD
19945,Youtube - Video Likes | MQ 200K | Speed 100K/D | R30 | No Drop,YouTube,Likes/Reactions,New Services 2025 ⭐️⭐️⭐️⭐️⭐️,27.4816,0.8588,10,200000,No,No,No,USD
19256,Instagram - Real Likes | MQ 50K | UHQ | 3K/Hour | Real and Active 🔝,Instagram,Likes/Reactions,New Services 2025 ⭐️⭐️⭐️⭐️⭐️,44.7488,1.3984,10,40000,No,No,No,USD
19936,Instagram Real Followers | Old Accounts | All Flag Types | 300K/Day🔝,Instagram,Followers/Subscribers,New Services 2025 ⭐️⭐️⭐️⭐️⭐️,61.8336,1.9323,50,1000000,No,No,No,USD
2634,Twitter - Likes (Favorite) | MQ 3K | Speed 3K P/H | Instant | Real 🔥🔥🔝,Twitter/X,Likes/Reactions,New Services 2025 ⭐️⭐️⭐️⭐️⭐️,134.6752,4.2086,10,100000,No,No,No,USD
18603,Instagram - Followers | MQ 100K | Real Mixed | Super Fast | R90🔥🔥🔝,Instagram,Followers/Subscribers,New Services 2025 ⭐️⭐️⭐️⭐️⭐️,166.336,5.198,10,20000,No,No,No,USD
19940,Facebook - MQ 1K | Custom Comments | Female🔝,Facebook,Comments,New Services 2025 ⭐️⭐️⭐️⭐️⭐️,824.448,25.764,5,1000,No,No,No,USD
19802,YouTube - Live Stream Views | MQ 1M | 110% Concurrent | 15 Minutes🔝,YouTube,Live Stream Viewers,YouTube - Live Stream Viewers (Cheapest),1.7184,0.0537,100,1000000,No,No,No,USD
19803,YouTube - Live Stream Views | MQ 1M | 110% Concurrent | 30 Minutes 🔝,YouTube,Live Stream Viewers,YouTube - Live Stream Viewers (Cheapest),3.0944,0.0967,50,1000000,No,No,No,USD
19804,YouTube - Live Stream Views | MQ 1M | 110% Concurrent | 60 Minutes🔝,YouTube,Live Stream Viewers,YouTube - Live Stream Viewers (Cheapest),6.1856,0.1933,25,1000000,No,No,No,USD
19805,YouTube - Live Stream Views | MQ 1M | 110% Concurrent | 90 Minutes🔝,YouTube,Live Stream Viewers,YouTube - Live Stream Viewers (Cheapest),9.2768,0.2899,25,1000000,No,No,No,USD
19806,YouTube - Live Stream Views | MQ 1M | 110% Concurrent | 120 Minutes🔝,YouTube,Live Stream Viewers,YouTube - Live Stream Viewers (Cheapest),12.368,0.3865,100,1000000,No,No,No,USD
19808,YouTube - Live Stream Views | MQ 1M | 110% Concurrent | 180 Minutes🔝,YouTube,Live Stream Viewers,YouTube - Live Stream Viewers (Cheapest),18.5504,0.5797,25,1000000,No,No,No,USD
19809,YouTube - Live Stream Views | MQ 1M | 110% Concurrent | 360 Minutes🔝,YouTube,Live Stream Viewers,YouTube - Live Stream Viewers (Cheapest),37.1008,1.1594,100,1000000,No,No,No,USD
19810,YouTube - Live Stream Views | MQ 1M | 110% Concurrent | 720 Minutes🔝,YouTube,Live Stream Viewers,YouTube - Live Stream Viewers (Cheapest),74.2016,2.3188,100,1000000,No,No,No,USD
5229,Instagram - All Story Views | MQ 50K | 0-30 Minutes 🔥🔥,Instagram,Views/Plays,Testing Instagram,0.0448,0.0014,10,2147483628,No,No,No,USD
14067,Instagram - Video Views | MQ 10M | Video+ Reel + IGTV🔥🔥🔝,Instagram,Views/Plays,Testing Instagram,0.0448,0.0014,100,2147483647,No,No,No,USD
15459,Instagram - Video Views All Link | MQ 500K | Video+ Reel+IGTV🔥🔥🔝,Instagram,Views/Plays,Testing Instagram,0.0512,0.0016,100,50000000,No,No,No,USD
15461,Instagram - Video Views All Link | MQ 700K | Video+ Reel+IGTV 🔥🔥🔝,Instagram,Views/Plays,Testing Instagram,0.0512,0.0016,100,50000000,No,No,No,USD
15464,Instagram - Video Views All Link | MQ 2M | Video+ Reel+IGTV 🔥🔥🔝,Instagram,Views/Plays,Testing Instagram,0.0512,0.0016,100,50000000,No,No,No,USD
14062,Instagram - Video Views | MQ 1B | Video+ Reel 🔥🔥🔝,Instagram,Views/Plays,Testing Instagram,0.0512,0.0016,100,50000000,No,No,No,USD
16281,Instagram - Views [Reels+Normal] | MQ 1M | Instant | Cancel Button 🔥🔥🔝,Instagram,Views/Plays,Testing Instagram,0.0768,0.0024,100,217545811,No,No,No,USD
19048,Instagram - Video Views | MQ 10M | Fast | Unlimited 🔝,Instagram,Views/Plays,Testing Instagram,0.0928,0.0029,100,100000000,No,Yes,No,USD
14859,Instagram - Reels Views | MQ 10M | 0-15 Min🔥🔥🔝,Instagram,Views/Plays,Testing Instagram,0.0992,0.0031,100,2147483647,No,No,No,USD
10564,Instagram - Story Views | MQ 50K | All Stories 🔥🔥🔝,Instagram,Views/Plays,Testing Instagram,0.1056,0.0033,100,1000000,No,No,No,USD
13260,Instagram - Story Views | MQ 100K | All Stories | Speed 100K P/D 🔥🔥🔝,Instagram,Views/Plays,Testing Instagram,0.1056,0.0033,100,100000,No,No,No,USD
14855,Instagram - Video Views | MQ 100M | 0-10 Minutes🔥🔥🔝,Instagram,Views/Plays,Testing Instagram,0.1088,0.0034,100,2147483647,No,No,No,USD
6291,Instagram - Saves | MQ 50K | Fast🔥🔥🔝,Instagram,Saves,Testing Instagram,0.1088,0.0034,5,100000,No,No,No,USD
3277,Instagram - Views | MQ 10M | 0-15 Minutes | Instant 🔥🔥🔝,Instagram,Views/Plays,Testing Instagram,0.2336,0.0073,100,2147483647,No,Yes,No,USD
14867,Instagram - Reel Views | MQ 100M 🔥🔥🔝,Instagram,Views/Plays,Testing Instagram,0.2624,0.0082,100,2147483647,No,No,No,USD
10563,Instagram - Views + Profile Visit | MQ 5M | Reel or Tv 🔥🔥🔝,Instagram,Views/Plays,Testing Instagram,0.2912,0.0091,100,2147483647,No,No,No,USD
28263,Instagram Views [5-10 Seconds Watch Time] [100K/D] [Instant],Instagram,Views/Plays,Testing Instagram,0.3136,0.0098,1000,100000,No,Yes,No,USD
10192,Instagram - Views + Impressions | MQ 1B | Fast | Random | Recommended 🔥🔥🔝,Instagram,Views/Plays,Testing Instagram,0.3616,0.0113,100,2147483647,No,No,No,USD
18676,Instagram - Views | MQ 100M | All Video Work 🔥🔥🔝,Instagram,Views/Plays,Testing Instagram,0.3616,0.0113,100,50000000,No,No,No,USD
6495,Instagram - All Story Views | MQ 5K | 0-30 Minutes 🔥🔥🔝,Instagram,Views/Plays,Testing Instagram,0.3872,0.0121,100,5000,No,No,No,USD
10566,Instagram - Story Views + Profile Visits + Impressions + Interactions | MQ 50K 🔥🔥🔝,Instagram,Views/Plays,Testing Instagram,0.7232,0.0226,100,1000000,No,No,No,USD
9089,Instagram - Impressions | MQ 100K 🔥🔥🔝,Instagram,Views/Plays,Testing Instagram,0.9056,0.0283,100,500000,No,No,No,USD
9091,Instagram - Reach + Impressions | MQ 100K🔥🔥🔝,Instagram,Views/Plays,Testing Instagram,1.4464,0.0452,100,500000,No,No,No,USD
4942,Instagram - Views + Interaction + Screening + Profile Visit | MQ 100K 🔥🔥🔝,Instagram,Views/Plays,Testing Instagram,1.6384,0.0512,100,100000000,No,No,No,USD
3227,Instagram - Saves | MQ 15K | 0-5 Minutes 🔥🔥	🔝,Instagram,Saves,Testing Instagram,1.6864,0.0527,10,1000000,No,No,No,USD
4918,Instagram - Views | MQ 50M | 0-15 Minutes 🔥🔥🔝,Instagram,Views/Plays,Testing Instagram,1.7568,0.0549,100,200000000,No,No,No,USD
5066,Instagram - Views | MQ 1M | Speed 5M P/H | Ultra Fast 🔥🔥🔝,Instagram,Views/Plays,Testing Instagram,1.9552,0.0611,100,1000000,No,No,No,USD
8792,Instagram - Post Save | MQ 10K 🔥🔥🔝,Instagram,Saves,Testing Instagram,1.9712,0.0616,100,150000,No,No,No,USD
3586,Instagram - Photo Reach | MQ 30K | 0-1H | Speed 30K P/D 🔥🔥🔝,Instagram,Views/Plays,Testing Instagram,2.1696,0.0678,10,1000000,No,No,No,USD
4130,Instagram - Story Views | MQ 20K | 0-30Min 🔥🔥🔝,Instagram,Views/Plays,Testing Instagram,2.4416,0.0763,100,200000,No,No,No,USD
8807,Instagram - Impression + Profile Visit + Discover | MQ 1M 🔥🔥🔝,Instagram,Views/Plays,Testing Instagram,3.0752,0.0961,100,10000000,No,No,No,USD
3209,Instagram - Reel Likes | MQ 10K 🔥🔥🔝,Instagram,Likes/Reactions,Testing Instagram,4.0384,0.1262,10,500000,No,No,No,USD
9703,Instagram - Views ( Video + TV + Reel ) | MQ 5M | Real🔥🔥🔝,Instagram,Views/Plays,Testing Instagram,4.5216,0.1413,100,100000000,No,No,No,USD
17823,Instagram - Likes | MQ 100K | Cheap 🔥🔥🔝,Instagram,Likes/Reactions,Testing Instagram,4.5824,0.1432,50,100000,No,Yes,No,USD
2586,Instagram - Reel Saves | MQ 100K | 0-1Hour | Instant | Non Drop 🔥🔥🔝,Instagram,Saves,Testing Instagram,4.9728,0.1554,100,217545811,No,Yes,No,USD
17528,Instagram - Reels Likes | MQ 20K | Real | High Quality | No Drop | Speed 500-1K/H | Instant🔥🔥🔝,Instagram,Likes/Reactions,Testing Instagram,6.2496,0.1953,20,20000,No,Yes,No,USD
15664,Instagram - Comments | 7 Comments | Random | Emojis | Fast | Package 🔥🔥🔝,Instagram,Comments,Testing Instagram,6.3296,0.1978,1000,1000,No,No,No,USD
17676,Instagram - Story Views + Reach + Profile Visits + Impressions | MQ 100K | All Stories | Speed 100K/D | Instant🔥🔥🔝,Instagram,Views/Plays,Testing Instagram,6.6112,0.2066,20,100000,No,No,No,USD
17679,Instagram - Story Likes | MQ 100K | Speed 25K/D | Instant 🔥🔥🔝,Instagram,Likes/Reactions,Testing Instagram,7.2928,0.2279,100,100000,No,No,No,USD
6779,Instagram - Saves + Impressions | MQ 10K | Instant | Super Fast | Real 🔥🔥🔝,Instagram,Views/Plays,Testing Instagram,7.3984,0.2312,100,100000,No,Yes,No,USD
28264,Instagram Followers [Mix Accounts] [No Refill] [30K/D] [0-1/H],Instagram,Followers/Subscribers,Testing Instagram,7.9872,0.2496,100,100000,No,Yes,No,USD
3327,Instagram - Likes | Turkish | MQ 10K | 0-15Min | Real 🔥🔥🔝,Instagram,Likes/Reactions,Testing Instagram,8.128,0.254,10,1000000,No,Yes,No,USD
16394,Instagram - Likes | MQ 100K | Instant | Speed 5-10K/Hour | RB30 🔥🔥🔝,Instagram,Likes/Reactions,Testing Instagram,8.496,0.2655,10,10000,No,No,No,USD
17838,Instagram - Likes | Indian | MQ 50K🔥🔥🔝,Instagram,Likes/Reactions,Testing Instagram,8.6784,0.2712,50,50000,No,No,No,USD
17648,Instagram - Shares | MQ 1M | Auto | Instant 🔥🔥🔝,Instagram,Shares,Testing Instagram,9.3728,0.2929,100,1000000,No,No,No,USD
28266,Instagram Followers [Mix Accounts] [No Refill] [100K/D] [Instant] [Best],Instagram,Followers/Subscribers,Testing Instagram,10.0288,0.3134,10,500000,No,No,No,USD
28265,Instagram Followers [Indian App] [Mix Accounts] [No Refill] [100K/D] [Instant],Instagram,Followers/Subscribers,Testing Instagram,10.3104,0.3222,10,1000000,No,No,No,USD
10287,Instagram - Likes | Indian Majority | MQ 10K | Speed 2K-3K P/H | Real 🔥🔥🔝,Instagram,Likes/Reactions,Testing Instagram,10.848,0.339,10,30000,No,No,No,USD
4328,Instagram - Reel Likes | MQ 5K 🔝 🔥🔥,Instagram,Likes/Reactions,Testing Instagram,10.8896,0.3403,20,500000,No,Yes,No,USD
16332,Instagram - Followers | Indian Mix | MQ 2K | Accs with Stories | Instant | Speed 1-2K P/H 🔥🔥🔝,Instagram,Followers/Subscribers,Testing Instagram,11.1776,0.3493,10,5000000,No,No,No,USD
16345,Instagram - Followers | MQ 50K | Accs with Stories | 0-1 Hour | Speed 10-20K/Day | Real App Data 🔥🔥🔝,Instagram,Followers/Subscribers,Testing Instagram,11.9328,0.3729,10,1000000,No,No,No,USD
16336,Instagram - Followers | MQ 5K | Instant | Speed 5K/Day | Real Data Mix | App Data 🔥🔥🔝,Instagram,Followers/Subscribers,Testing Instagram,11.9776,0.3743,50,1000000,No,No,No,USD
13144,Instagram - Likes | MQ 10K | Stories + Power Accounts | Real World Wide | Perfect Quality | No Drop | Speed 1K/H | Instant | Real 🔥🔥🔝,Instagram,Likes/Reactions,Testing Instagram,12.304,0.3845,50,10000,No,No,No,USD
15345,Instagram - Power Likes | MQ 300K | Real World Wide | R60 🔥🔥🔝,Instagram,Likes/Reactions,Testing Instagram,14.32,0.4475,20,300000,No,Yes,No,USD
10276,Instagram - Likes | MQ 50K | Speed 40-60K P/D | Cheapest | No Drop 🔥🔥🔝,Instagram,Likes/Reactions,Testing Instagram,14.464,0.452,10,300000,No,No,No,USD
10280,Instagram - Likes | Indian + Arab | MQ 5K |  Speed 100-200/Hour | 100% Real 🔥🔥🔝,Instagram,Likes/Reactions,Testing Instagram,15.9104,0.4972,10,30000,No,No,No,USD
16595,Instagram - Likes | Indian Majority | MQ 10K | Less Drop | Speed 5K P/D 🔥🔥🔝,Instagram,Likes/Reactions,Testing Instagram,16.272,0.5085,10,10000,No,No,No,USD
16458,Instagram - Reels Likes | MQ 20K | Instant | Speed 300-500 P/H | Real | NonDrop 🔥🔥🔝,Instagram,Likes/Reactions,Testing Instagram,16.6336,0.5198,10,15000,No,No,No,USD
14003,Instagram - Likes | MQ 30K | Instant | Speed 1K P/H | NonDrop | R30 🔥🔥🔝,Instagram,Likes/Reactions,Testing Instagram,21.6256,0.6758,10,30000,No,No,No,USD
9054,Instagram - Likes | MQ 20K | Real 🔥🔥🔝,Instagram,Likes/Reactions,Testing Instagram,23.504,0.7345,10,300000,No,No,No,USD
14189,Instagram - Engagement + Shares + Reach + Impressions | MQ 100K 🔥🔥🔝,Instagram,Views/Plays,Testing Instagram,26.0352,0.8136,100,100000,No,No,No,USD
17608,Instagram - Followers | MQ 300K | Old Accounts | Nice Quality | Cancel Enabled | Speed 20-100K/D | Instant 🔥🔥🔝,Instagram,Followers/Subscribers,Testing Instagram,26.1088,0.8159,100,50000000,No,Yes,No,USD
6313,Instagram - Likes | Indian | MQ 15K | Speed 5K P/D 🔥🔥🔝,Instagram,Likes/Reactions,Testing Instagram,28.928,0.904,10,50000,No,No,No,USD
1941,Instagram - Likes | Turkish | MQ 40K | Real  🔥🔥🔝,Instagram,Likes/Reactions,Testing Instagram,33.6416,1.0513,20,200000,No,No,No,USD
14741,Instagram - Followers | MQ 20K | 0-30 MIn | Real🔥🔥🔝,Instagram,Followers/Subscribers,Testing Instagram,36.1984,1.1312,10,5000000,No,No,No,USD
17609,Instagram - Followers | MQ 100K | Real Majority | High Quality | Speed 50-200K/D | Instant 🔥🔥🔝,Instagram,Followers/Subscribers,Testing Instagram,42.3872,1.3246,10,5000,No,Yes,No,USD
6744,Instagram - Likes | MQ 150K | Speed 5K P/D | Non Drop | Real 🔥🔥🔝,Instagram,Likes/Reactions,Testing Instagram,43.392,1.356,10,150000,No,No,No,USD
5024,Instagram - Reel Likes | MQ 20K | Non Drop 🔥🔥🔝,Instagram,Likes/Reactions,Testing Instagram,11.5712,0.3616,50,30000,No,No,No,USD
5490,Instagram - Likes + Impressions + Reach Explore | USA | MQ 25K | Non Drop 🔥🔥🔝,Instagram,Views/Plays,Testing Instagram,77.5648,2.4239,10,25000,No,No,No,USD
10890,Instagram - Followers | MQ 50K | Medium | Speed 5-10K P/D | Instant | 70% Real | RB30 🔥🔥🔝,Instagram,Followers/Subscribers,Testing Instagram,83.168,2.599,10,200000,Yes,Yes,No,USD
14251,Instagram - Likes | Female | MQ 1K | Premium | Real Humans 🔝 🔥🔥,Instagram,Likes/Reactions,Testing Instagram,90.4,2.825,20,1000,No,No,No,USD
17598,Instagram - Followers | MQ 1M | Mix | High Quality | Speed 30-40K/D | 0-1/H 🔥🔥🔝,Instagram,Followers/Subscribers,Testing Instagram,95.2544,2.9767,20,500000,No,No,No,USD
3113,Instagram - Followers | MQ 1K | 0-30Miin 🔥🔥🔝,Instagram,Followers/Subscribers,Testing Instagram,103.0368,3.2199,10,10000000,No,No,No,USD
9304,Instagram - Followers | MQ 50K | Non Drop | R30🔥🔥🔝,Instagram,Followers/Subscribers,Testing Instagram,86.7136,2.7098,10,50000,No,No,No,USD
3132,Instagram - Followers | MQ 1K | 0-30Min | Real 🔥🔥🔝,Instagram,Followers/Subscribers,Testing Instagram,116.5728,3.6429,10,5000000,No,No,No,USD
9063,Instagram - Followers | MQ 80K | Speed 80K P/D | Real🔥🔥,Instagram,Followers/Subscribers,Testing Instagram,126.56,3.955,20,500000,No,No,No,USD
3417,Instagram - Followers | USA | MQ 50K | RB30 | Speed 10K P/D 🔥🔥🔝,Instagram,Followers/Subscribers,Testing Instagram,144.64,4.52,10,1000000000,No,Yes,No,USD
13120,Instagram - Likes | USA | MQ 2K | Real | Instant 🔥🔥🔝,Instagram,Likes/Reactions,Testing Instagram,310.976,9.718,20,2000,No,No,No,USD
2483,Instagram - Live Viewers | MQ 2K | For 60 Minutes 🔥🔥🔝,Instagram,Live Stream Viewers,Testing Instagram,433.92,13.56,20,2000,No,No,No,USD
15974,Telegram - Post Views | MQ 100K | Any Post | No Drop | Speed 100M P/D 🔝,Telegram,Views/Plays,Testing Telegram,0.0736,0.0023,50,20000,No,Yes,No,USD
1368,Telegram - Post Views | MQ 100K | 0-1H | Speed 20K P/D | Last 1 🔥🔥🔝,Telegram,Views/Plays,Testing Telegram,0.2048,0.0064,10,1000000,No,No,No,USD
9094,Telegram - Post Views | MQ 500K | Last 1 Post | Cheap 🔥🔥🔝,Telegram,Views/Plays,Testing Telegram,0.544,0.017,10,300000,No,No,No,USD
1369,Telegram - Post Views | MQ 300K | Last 50 Post | 0-1Hour | Speed 35K P/D 🔥🔥🔝,Telegram,Views/Plays,Testing Telegram,2.2624,0.0707,100,300000,No,No,No,USD
15396,Telegram - Reactions [🐳] | MQ 100K | Premium | Instant | Lifetime Refill 🔥🔥🔝,Telegram,Likes/Reactions,Testing Telegram,2.4416,0.0763,10,200000,No,No,No,USD
15958,Telegram- Views | USA | MQ 10M | Lifetime Refill | 1M/Day🔥🔥🔝,Telegram,Views/Plays,Testing Telegram,2.5312,0.0791,100,100000000,No,No,No,USD
12298,Telegram - Post Views | MQ 300K | Last 20 Post  🔥🔥,Telegram,Views/Plays,Testing Telegram,3.4368,0.1074,1000,40000,No,No,No,USD
15347,Telegram - Post Views | MQ 10M | Last 20 Post 🔥🔥🔝,Telegram,Views/Plays,Testing Telegram,4.1056,0.1283,10,10000000,No,No,No,USD
12313,Telegram - Reaction + Free Views | 👎 | MQ 1M 🔥🔥🔝,Telegram,Views/Plays,Testing Telegram,4.2976,0.1343,100,1000000,No,No,No,USD
12317,Telegram - Reaction + Free Views | 🤩 | MQ 1M 🔥🔥🔝,Telegram,Views/Plays,Testing Telegram,4.2976,0.1343,100,1000000,No,Yes,No,USD
12320,Telegram - Reaction + Free Views | 😢 | MQ 1M 🔥🔥🔝,Telegram,Views/Plays,Testing Telegram,4.2976,0.1343,100,1000000,No,Yes,No,USD
12321,Telegram - Reaction + Free Views| 💩 | MQ 1M 🔥🔥🔝,Telegram,Views/Plays,Testing Telegram,4.2976,0.1343,100,1000000,No,Yes,No,USD
16149,Telegram - Reactions | MQ 100K🔥🔥🔝,Telegram,Likes/Reactions,Testing Telegram,7.648,0.239,10,100000,No,No,No,USD
16153,Telegram - Reactions - 😢| MQ 100K🔥🔥🔝,Telegram,Likes/Reactions,Testing Telegram,7.648,0.239,10,100000,No,No,No,USD
13896,Telegram - Subscribers | MQ 100K | R30 🔥🔥🔝,Telegram,Followers/Subscribers,Testing Telegram,21.12,0.66,10,100000,No,Yes,No,USD
15530,Telegram - Channel/Group Members | MQ 50K | No Limit | 30 day NonDrop | No Moderation | RB30 🔥🔥🔝,Telegram,Followers/Subscribers,Testing Telegram,21.6448,0.6764,100,100000,No,Yes,No,USD
15754,Telegram Channel/Group Members | MQ 100K | No Drop - 20K/Day | R30🔥🔥🔝,Telegram,Followers/Subscribers,Testing Telegram,32.7264,1.0227,100,100000,No,No,No,USD
15756,Telegram - Channel/Group Members | MQ 100K | High Online Rate 🔝,Telegram,Followers/Subscribers,Testing Telegram,37.8976,1.1843,500,100000,No,No,No,USD
15311,Telegram - Channel/Group Members | MQ 15K | 100% Real 🔥🔥🔝,Telegram,Followers/Subscribers,Testing Telegram,40.192,1.256,500,35000,No,No,No,USD
17405,YouTube - Live Stream | MQ 30K | 15 Minutes Live CONCURRENT | Stable And Fast🔥🔥🔝,YouTube,Live Stream Viewers,Testing Youtube,4.3392,0.1356,10,500000,No,No,No,USD
19369,YouTube - Shorts Likes | Real | MQ 50K | 50K / 30 Minutes | Non Drop | R30🔝,YouTube,Likes/Reactions,Testing Youtube,11.5712,0.3616,10,50000,Yes,No,No,USD
19366,YouTube - Video Likes | Real | MQ 300K | 100K / 30 Minutes | Non Drop | R30🔝,YouTube,Likes/Reactions,Testing Youtube,13.0176,0.4068,10,300000,No,No,No,USD
19116,Youtube - Video Likes | MQ 5K | Instant Start | Speed 10K/D 🔝,YouTube,Likes/Reactions,Testing Youtube,13.0176,0.4068,10,50000,No,No,No,USD
16186,YouTube - Live Stream Views | MQ 3K | 30 Minutes | Non-Drop | Speed 3K P/H | 1000 Order = 1000 Viewers🔥🔥🔝,YouTube,Live Stream Viewers,Testing Youtube,13.6704,0.4272,50,500000,No,No,No,USD
17136,YouTube - Live Stream | MQ 30K | High Quality | 60 Minutes Live Concurrent 🔥🔥,YouTube,Live Stream Viewers,Testing Youtube,19.6736,0.6148,10,500000,No,No,No,USD
10258,YouTube - Live Stream Views | MQ 50K | Fast service | 60 Minutes Live concurrent | Stable 🔥🔥🔝,YouTube,Live Stream Viewers,Testing Youtube,21.696,0.678,50,500000,No,No,No,USD
2901,YouTube - Video Share | MQ 10K | Facebook Referrer | Fast | HQ | Real 🔥🔥🔝,YouTube,Shares,Testing Youtube,24.736,0.773,100,100000,No,No,No,USD
17137,YouTube - Live Stream | MQ 3K | High Quality | 90 Minutes Live Concurrent  🔥🔥🔝,YouTube,Live Stream Viewers,Testing Youtube,29.5072,0.9221,10,500000,No,No,No,USD
17138,YouTube - Live Stream | MQ 3K | High Quality | 120 Minutes Live Concurrent🔝 🔥🔥,YouTube,Live Stream Viewers,Testing Youtube,39.344,1.2295,10,500000,No,No,No,USD
1324,Youtube - Shares | MQ 150K | 0-1H | LifeTime Guranteed🔥🔥🔝,YouTube,Shares,Testing Youtube,40.6816,1.2713,500,150000,No,No,No,USD
12481,YouTube - Live Stream Views | MQ 10K | 100% Stable ConCurrent for 30 Minutes | Elite Quality 🔥🔥🔝,YouTube,Live Stream Viewers,Testing Youtube,65.088,2.034,100,1000000,No,No,No,USD
18719,YouTube - Live Stream Views | MQ 50K | High Quality | 120 Minutes | Best For Ranking 🔥🔥 🔝,YouTube,Live Stream Viewers,Testing Youtube,86.784,2.712,50,50000,No,No,No,USD
14377,YouTube - Live Stream Views | MQ 10K | Starts 10 Minutes | Full Stable Concurrent for 90 Minutes 🔥🔥,YouTube,Live Stream Viewers,Testing Youtube,97.632,3.051,100,40000,No,No,No,USD
18153,YouTube - Live Stream Views | MQ 40K | 0-5 Minutes | Full Stable Concurrent For 60 Minutes 🔥🔥🔝,YouTube,Live Stream Viewers,Testing Youtube,99.8016,3.1188,100,40000,No,No,No,USD
12482,YouTube - Live Stream Views | MQ 10K | 100% Stable ConCurrent for 60 Minutes | Elite Quality 🔥🔥🔝,YouTube,Live Stream Viewers,Testing Youtube,130.176,4.068,100,1000000,No,No,No,USD
19188,Facebook - Views | MQ 100M | Speed 20k-30K P/D Speed | Reel/Video Work 🔥🔥🔝,Facebook,Views/Plays,Testing Facebook,0.9056,0.0283,100,10000000,No,No,No,USD
3079,Facebook - Page Likes | MQ 60K | Speed 5K P/D | Lifetime Guarantee 🔥🔥🔝,Facebook,Likes/Reactions,Testing Facebook,32.3296,1.0103,10,50000,No,No,No,USD
3453,Facebook - Emotions Post/Photo Likes | Angry | MQ 1K | 0-1 Hours 🔥🔥🔝,Facebook,Likes/Reactions,Testing Facebook,39.4624,1.2332,50,100000,No,No,No,USD
9181,Facebook - Post/Photo Likes | Emotions | HaHa | MQ 1M | 0-1H 🔥🔥🔝,Facebook,Likes/Reactions,Testing Facebook,39.4624,1.2332,50,100000,No,No,No,USD
6320,Facebook - Post Likes | MQ 2K | Speed  2K P/D | Instant | Non Drop | Real | HQ🔥🔥🔝,Facebook,Likes/Reactions,Testing Facebook,144.64,4.52,10,250000,No,No,No,USD
10386,Facebook - Post Likes | MQ 20K | Start Instant | R30🔥🔥🔝,Facebook,Likes/Reactions,Testing Facebook,156.2112,4.8816,10,55000,No,No,No,USD
16920,Facebook - Live Stream Views | MQ 20K | Stay for 120 Minutes 🔥🔥🔝,Facebook,Live Stream Viewers,Testing Facebook,252.4896,7.8903,10,30000,No,No,No,USD
16921,Facebook - Live Stream Views | MQ 20K | Stay for 180 Minutes 🔥🔥🔝,Facebook,Live Stream Viewers,Testing Facebook,378.7328,11.8354,10,30000,No,No,No,USD
17995,Facebook - Live Stream Views | MQ 20K | Stay for 210 minutes 🔥🔥🔝,Facebook,Live Stream Viewers,Testing Facebook,445.248,13.914,10,30000,No,No,No,USD
15010,Twitter - Views | MQ 10M | Instant | 0-15 Minutes 🔥🔥🔝,Twitter/X,Views/Plays,Testing Twitter,0.4256,0.0133,100,5000000,No,No,No,USD
3471,Twitter - Video Views | MQ 500K | 0-15 Min 🔥🔥🔝,Twitter/X,Views/Plays,Testing Twitter,0.6336,0.0198,250,10000000,No,No,No,USD
9276,Twitter - Video Views | MQ 100M | R45 | Speed 400K/H 🔥🔥🔝,Twitter/X,Views/Plays,Testing Twitter,0.7232,0.0226,100,100000000,No,Yes,No,USD
1393,Spotify - Premium Plays | MQ 1M | 0- 12H | Speed 3.5K P/D | Lifetime Guranteed 🔥🔥🔝,Spotify,Views/Plays,Testing Services,17.088,0.534,1000,1000000,No,No,No,USD
3267,Twitch - Followers | MQ 25K 🔥🔥🔝,Twitch,Followers/Subscribers,Testing Services,44.8,1.4,20,50000,No,No,No,USD
10553,Tik Tok - Likes | MQ 5K | Instant Start | HQ 🔥🔥🔝,TikTok,Likes/Reactions,Testing Services,72.32,2.26,10,250000,No,No,No,USD
15457,Instagram - Video Views All Link | MQ 300K | Video+ Reel + IGTV🔥🔥🔝,Instagram,Views/Plays,Top selling Services,0.0512,0.0016,100,50000000,No,No,No,USD
18339,Telegram - Positive Reactions +views | MQ 10M👍❤️🔥🥰👏😁🎉🤩🔥🔥🔝,Telegram,Views/Plays,Top selling Services,0.7232,0.0226,10,200000,No,Yes,No,USD
19006,Instagram -  Views | MQ 100M | All Link | Instant | Superfast 🔝,Instagram,Views/Plays,IG Emergency Views,1.4176,0.0443,100,100000000,No,Yes,No,USD
20694,Instagram - Followers | MQ 100K | Speed 70K-90K🔝,Instagram,Followers/Subscribers,Instagram - Followers | Updated 15.08.2023,26.7584,0.8362,1,10000000,No,Yes,No,USD
20695,Instagram - Followers | MQ 100K | Speed 30-40k/day🔝,Instagram,Followers/Subscribers,Instagram - Followers | Updated 15.08.2023,26.7584,0.8362,1,10000000,No,Yes,No,USD
13753,Instagram - Likes | MQ 200K | No Drop 🔥🔥🔝,Instagram,Likes/Reactions,Instagram - Likes | Updated 15.08.2023,5.376,0.168,50,200000,No,No,No,USD
13750,Instagram - Likes | MQ 50K | AR30 🔥🔥🔝,Instagram,Likes/Reactions,Instagram - Likes | Updated 15.08.2023,21.952,0.686,10,50000,No,No,No,USD
19197,Instagram - Views | MQ 10M | All link work | Lowest price 🔝,Instagram,Views/Plays,Instagram - Views | Updated 15.08.2023,0.3616,0.0113,100,50000000,No,No,No,USD
19198,Instagram - Views | MQ 2.1B | Top Selling | Speed 200k-500k/Hr 🔥🔥🔝,Instagram,Views/Plays,Instagram - Views | Updated 15.08.2023,0.3616,0.0113,100,50000000,No,No,No,USD
22042,Instagram - Followers | MQ 1M | Real People With Posts | Non Drop | Speed 100K P/D | Best Speed,Instagram,Followers/Subscribers,Instagram - Followers | Refill,8.464,0.2645,100,100000,No,Yes,No,USD
16298,Instagram - Followers | MQ 500K | Instant | Speed 5-10K P/H | Less Drop | RB30 🔥🔥🔝🔝,Instagram,Followers/Subscribers,Instagram - Followers | Refill,10.7808,0.3369,100,100000,No,No,No,USD
16329,Instagram - Followers | Female Based | MQ 200K | Instant | Speed 5-10K/Hour | Cancel Button | RB30🔥🔥🔝,Instagram,Followers/Subscribers,Instagram - Followers | Refill,14.7744,0.4617,10,5000000,No,No,No,USD
23675,Instagram - Followers | MQ 500K | Old Accounts + Bot Mix | Cancel Enable | Day 5K | All Flag Types Working🔝,Instagram,Followers/Subscribers,Instagram - Followers | Refill,21.696,0.678,100,500000,No,No,No,USD
24629,Instagram - Followers | MQ 500K | Real People With Posts | Low Drop | Day 100K |  Disable The Flag For Review🔝,Instagram,Followers/Subscribers,Instagram - Followers | Refill,21.8784,0.6837,20,500000,No,Yes,No,USD
22484,Instagram - Followers | MQ 1M | Old accounts +15 Posts | R365,Instagram,Followers/Subscribers,Instagram - Followers | Refill,24.4448,0.7639,100,1000000,No,Yes,No,USD
20751,Instagram - Followers | MQ 300K | Real People With Posts | Low Drop | Speed 100K P/D | Disable The Flag For Review🔝,Instagram,Followers/Subscribers,Instagram - Followers | Refill,24.8608,0.7769,20,300000,No,Yes,No,USD
24838,Instagram - Followers | MQ 1M | Old Accounts With Posts | Cancel Enable | Instant Start | Day 100K | R30,Instagram,Followers/Subscribers,Instagram - Followers | Refill,32.544,1.017,10,5000000,Yes,Yes,No,USD
24747,Instagram - Followers | MQ 5M | 100% Old Accounts +15 Posts | Cancel Enable | Instant Start | Day 100K,Instagram,Followers/Subscribers,Instagram - Followers | Refill,35.4368,1.1074,10,5000000,No,No,No,USD
24753,Instagram - Followers | MQ 10M | 100% Old Accounts +15 Posts | Cancel Enable | Instant Start | Day 250K,Instagram,Followers/Subscribers,Instagram - Followers | Refill,35.7984,1.1187,10,10000000,No,No,No,USD
20753,Instagram - Followers | MQ 500K | Real People With Posts | Low Drop | Speed 100K P/D | Disable The Flag For Review,Instagram,Followers/Subscribers,Instagram - Followers | Refill,39.776,1.243,50,500000,No,Yes,No,USD
24832,Instagram - Followers | MQ 1M | Old Accounts With Posts | Cancel Enable | Instant Start | Day 100K | R60,Instagram,Followers/Subscribers,Instagram - Followers | Refill,43.392,1.356,10,1000000,No,Yes,No,USD
24392,Instagram - Followers | MQ 5M | HQ Real 15+ Posts | Cancel Enable | Day 100K | Disable The Flag For Review | R60,Instagram,Followers/Subscribers,Instagram - Followers | Refill,43.392,1.356,10,5000000,No,No,No,USD
19842,Instagram - Followers | MQ 6K | Real Indian Majority Users | Speed 25-40K/D | 15% drop | Instant🔝,Instagram,Followers/Subscribers,Instagram - Followers | Refill,48.816,1.5255,10,6000,No,Yes,No,USD
20745,Instagram - Followers | MQ 5K | Old Accounts With Post | Non Drop | Speed 5K P/D,Instagram,Followers/Subscribers,Instagram - Followers | Refill,50.9344,1.5917,10,5000,No,Yes,No,USD
24630,Instagram - Followers | MQ 1M | Real People With Posts | Low Drop | Day 100K |  Disable The Flag For Review🔝,Instagram,Followers/Subscribers,Instagram - Followers | Refill,51.9808,1.6244,10,1000000,No,Yes,No,USD
24752,Instagram - Followers | MQ 5M | 100% Old Accounts +15 Posts | Cancel Enable | Instant Start | Day 100K | Lifetime,Instagram,Followers/Subscribers,Instagram - Followers | Refill,54.24,1.695,10,5000000,No,Yes,No,USD
4221,Instagram - Followers | MQ 150K | Non Drop | Instant | RB30 🔥🔥🔝,Instagram,Followers/Subscribers,Instagram - Followers | Refill,73.6928,2.3029,10,150000,No,Yes,No,USD
13203,Instagram - Followers | MQ 150K | Real | High Quality | Extra Delivery | Speed 5-10K/D | Very Instant 🔝,Instagram,Followers/Subscribers,Instagram - Followers | Refill,79.136,2.473,10,1000000,No,No,No,USD
20767,Instagram - Followers | MQ 5K | Real People With Posts | Non Drop | Speed 5K P/D | Premium | Spam Off Followers,Instagram,Followers/Subscribers,Instagram - Followers | Refill,81.5904,2.5497,10,5000,No,Yes,No,USD
6312,Instagram - Followers | MQ 30K | Speed 20K/D | Less Drop | RB30 🔥🔥🔝,Instagram,Followers/Subscribers,Instagram - Followers | Refill,82.1984,2.5687,10,500000,No,Yes,No,USD
18568,Instagram - Followers | MQ 50K | R30 - 100% 🔥🔥🔝,Instagram,Followers/Subscribers,Instagram - Followers | Refill,66.752,2.086,10,50000,No,No,No,USD
23462,Instagram - Followers | Arab | MQ 1K | 100% Real | Speed:Days 3-5K | 100% Provider | Real,Instagram,Followers/Subscribers,Instagram - Followers | Refill,124.8064,3.9002,10,1000,No,No,No,USD
22628,Instagram - Followers | USA / Europe | MQ 6K | Male | Exclusive | Real | Non Drop,Instagram,Followers/Subscribers,Instagram - Followers | Refill,1263.3408,39.4794,50,6000,No,No,No,USD
16350,Instagram - Followers | MQ 100K | Old Accounts | 0-2 Hours | Speed 3-5K/Day | Less Drops 🔥🔥🔝,Instagram,Followers/Subscribers,Instagram - Followers | No Refill,10.9792,0.3431,100,500000,No,No,No,USD
10883,Instagram - Followers | MQ 15K | Medium | Speed 5-10K P/D | Instant  | 70% Real 🔥🔥🔝,Instagram,Followers/Subscribers,Instagram - Followers | No Refill,54.24,1.695,10,50000,No,Yes,No,USD
6749,Instagram - Followers | MQ 50K | Speed 5K P/D | Non Drop 🔥🔥🔝,Instagram,Followers/Subscribers,Instagram - Followers | No Refill,89.632,2.801,50,300000,No,Yes,No,USD
17618,Instagram - Followers | MQ 10K | Real | Perfect Quality | Speed 5-10K/D | Instant 🔥🔥🔝,Instagram,Followers/Subscribers,Instagram - Followers | No Refill,80.1344,2.5042,10,10000,No,Yes,No,USD
16343,Instagram - Followers | MQ 10K | Real Mixed | Instant | Speed 10K/Day | Cancel Button 🔥🔥🔝,Instagram,Followers/Subscribers,Instagram - Followers | Targeted,8.384,0.262,100,100000,No,No,No,USD
16344,Instagram - Followers | MQ 50K | Indian Mixed | Instant | Speed 10-20K/Day 🔥🔥🔝,Instagram,Followers/Subscribers,Instagram - Followers | Targeted,8.784,0.2745,100,100000,No,No,No,USD
15267,Instagram - Followers | Latin America and Mexico | MQ 10K | AR30 🔥🔥🔝,Instagram,Followers/Subscribers,Instagram - Followers | Targeted,156.352,4.886,10,10000,No,No,No,USD
3278,Instagram - Saves | Instant | MQ 150K | 0-15 Min 🔥🔥🔝,Instagram,Likes/Reactions,Instagram - Likes | Refill,1.7568,0.0549,10,1000000,No,Yes,No,USD
13154,Instagram - Likes | MQ 100K | Mix | High Quality | Speed 100K P/D | No Drop | Instant | RB30 🔥🔥🔝,Instagram,Likes/Reactions,Instagram - Likes | Refill,4.5824,0.1432,10,500000,No,Yes,No,USD
18550,Instagram - Likes | MQ 200K |Old Accounts | R365 🔥🔥🔝,Instagram,Likes/Reactions,Instagram - Likes | Refill,4.7008,0.1469,10,100000,No,No,No,USD
17490,Instagram - Likes | Old Accounts | MQ 100K | Instant | Speed 20K P/D | RB30🔥🔥🔝,Instagram,Likes/Reactions,Instagram - Likes | Refill,5.9904,0.1872,50,100000,No,No,No,USD
16388,Instagram - Likes | MQ 200K | Instant | Fast | RB30 🔥🔥🔝,Instagram,Likes/Reactions,Instagram - Likes | Refill,6.1984,0.1937,10,500000,No,No,No,USD
17493,Instagram - Likes | MQ 200K | Real | High Quality | No Drop | Speed 100K P/D | Instant | RB30 🔥🔥🔝,Instagram,Likes/Reactions,Instagram - Likes | Refill,6.2496,0.1953,50,200000,No,Yes,No,USD
16263,Instagram - Likes | MQ 20K | Real | HQ | Instant | Speed 2K P/H | NonDrop | R30 🔥🔥🔝,Instagram,Likes/Reactions,Instagram - Likes | Refill,6.656,0.208,10,10000,No,No,No,USD
13153,Instagram - Likes | MQ 30K | Mix | High Quality | Speed 30K P/D | 0-2Hour | No Drop | Instant | RB30 🔥🔥 🔝,Instagram,Likes/Reactions,Instagram - Likes | Refill,6.8768,0.2149,50,100000,No,No,No,USD
16391,Instagram - Likes | MQ 200K | Instant | Speed 5-10K P/H | Non Drop | R30 🔥🔥🔝,Instagram,Likes/Reactions,Instagram - Likes | Refill,6.9888,0.2184,10,10000,No,No,No,USD
16390,Instagram - Likes | MQ 250K | Instant | Speed 10-20K P/H | Non Drop | R30 🔥🔥🔝,Instagram,Likes/Reactions,Instagram - Likes | Refill,7.7472,0.2421,10,500000,No,No,No,USD
1121,Instagram - Likes | MQ 300K | R30 Instant🔥🔥🔝,Instagram,Likes/Reactions,Instagram - Likes | Refill,8.3328,0.2604,10,300000,Yes,Yes,No,USD
13155,Instagram - Likes | MQ 100K | Mix | High Quality | Speed 30K P/D | 0-2Hour | No Drop | Instant | RB30 🔥🔥🔝,Instagram,Likes/Reactions,Instagram - Likes | Refill,9.1648,0.2864,10,2000000,No,No,No,USD
17506,Instagram - Likes + Reach + Impressions | MQ 300K | Mix | High Quality | Speed 10K+/H | Instant | RB30 🔥🔥🔝,Instagram,Views/Plays,Instagram - Likes | Refill,10.5024,0.3282,10,300000,Yes,Yes,No,USD
10145,Instagram - Likes | MQ 10K | Speed 10K P/H | RB30 🔥🔥🔝,Instagram,Likes/Reactions,Instagram - Likes | Refill,14.464,0.452,10,5000000,No,No,No,USD
24250,Instagram - Likes | MQ 200K | LQ Profiles | Instant Start | Day 200K,Instagram,Likes/Reactions,Instagram - Likes | Refill,18.8032,0.5876,10,200000,No,No,No,USD
18517,Facebook - Post Likes | MQ 100K | Cheapest | Instant | Speed: 20K/Day 🔥🔥🔝,Instagram,Likes/Reactions,Instagram - Likes | Refill,19.9264,0.6227,100,10000000,No,No,No,USD
21961,Instagram - Likes | Turkish | MQ 1K |  Premium | 100% Turkish | Speed 1K P/M | R365🔝,Instagram,Likes/Reactions,Instagram - Likes | Refill,30.0864,0.9402,20,1000,No,Yes,No,USD
11062,Facebook - Emoticons Post/Photo Likes | MQ 100K | Love | 0-15 Min 🔥🔥🔝,Instagram,Likes/Reactions,Instagram - Likes | Refill,39.4624,1.2332,50,100000,No,No,No,USD
3454,Facebook - Emotions Post/Photo Likes | Wow | MQ 1K | 0-1 Hours 🔥🔥🔝,Instagram,Likes/Reactions,Instagram - Likes | Refill,39.4624,1.2332,50,100000,No,No,No,USD
6811,Facebook - Post/Photo Likes | MQ 2M | Speed 10K P/D | Non Drop | Lifetime 🔥🔥🔝,Instagram,Likes/Reactions,Instagram - Likes | Refill,43.392,1.356,50,200000,No,No,No,USD
17974,Facebook - Emoticons Post Likes | Love | MQ 100K | 100% Real | Instant | Speed 100K/D | R30🔥🔥🔝,Instagram,Likes/Reactions,Instagram - Likes | Refill,49.36,1.5425,30,10000,No,No,No,USD
17917,Instagram - Likes | MQ 25K | Instant | RB30🔥🔥🔝,Instagram,Likes/Reactions,Instagram - Likes | Refill,53.1552,1.6611,10,30000,No,No,No,USD
722,Facebook - Photo/Post Likes | MQ 10K 🔥🔥🔝,Instagram,Likes/Reactions,Instagram - Likes | Refill,64.3648,2.0114,50,5000,No,No,No,USD
15026,Twitter - Followers | MQ 10K | 0-15 Min 🔥🔥🔝,Instagram,Followers/Subscribers,Instagram - Likes | Refill,74.0864,2.3152,100,5000,No,Yes,No,USD
22639,Instagram - Likes | MQ 10K | Real | Premium | Non Drop | Start Time: 0-1 Hour | Speed: 24 Hours Delivery,Instagram,Likes/Reactions,Instagram - Likes | Refill,152.7776,4.7743,5,30000,No,No,No,USD
20874,Instagram - Custom Comment | MQ 20K 🔝,Instagram,Likes/Reactions,Instagram - Likes | Refill,347.136,10.848,1,20000,No,No,No,USD
24145,Instagram - Custom Comment | MQ 20K,Instagram,Likes/Reactions,Instagram - Likes | Refill,361.6,11.3,10,20000,No,No,No,USD
22626,Instagram - Likes | USA / Europe | MQ 9K | Female | Exclusive | Real | Non Drop🔝,Instagram,Likes/Reactions,Instagram - Likes | Refill,484.7744,15.1492,50,9000,No,No,No,USD
22623,Instagram - Comments | USA / Europe | MQ 2.5K | Custom | Exclusive | Real | Non Drop🔝,Instagram,Likes/Reactions,Instagram - Likes | Refill,6786.7808,212.0869,5,2500,No,No,No,USD
14808,Instagram - Likes | MQ 100K | 0-60 Min 🔥🔥🔝,Instagram,Likes/Reactions,Instagram - Likes | No Refill,5.6128,0.1754,20,1000000,No,No,No,USD
13150,Instagram - Likes | MQ 300K | Mix | High Quality | Low Drop | Speed 50-150K/D | Instant 🔥🔥🔝,Instagram,Likes/Reactions,Instagram - Likes | No Refill,5.728,0.179,10,300000,No,No,No,USD
16362,Instagram - Likes | MQ 100K | Instant | Speed 10-20K/Hour 🔥🔥🔝,Instagram,Likes/Reactions,Instagram - Likes | No Refill,6.5088,0.2034,10,20000,No,No,No,USD
13158,Instagram - Likes | MQ 20K | Real With Stories | Perfect Quality | Speed 500-1K P/H | No Drop | Instant  🔥🔥🔝,Instagram,Likes/Reactions,Instagram - Likes | No Refill,10.816,0.338,10,20000,No,No,No,USD
14098,Instagram - Likes | MQ 10K | Speed 10K/D | Real and Active 🔥🔥🔝,Instagram,Likes/Reactions,Instagram - Likes | No Refill,12.0256,0.3758,50,20000,No,No,No,USD
15246,Instagram - Likes | MQ 45K | Real | HQ | 60-70% Profile with Story | Non Drop🔥🔥🔝,Instagram,Likes/Reactions,Instagram - Likes | No Refill,13.0176,0.4068,10,45000,No,No,No,USD
10167,Instagram - Likes | MQ 75K | Real | Non Drop | Speed 1K P/H | R30🔥🔥🔝,Instagram,Likes/Reactions,Instagram - Likes | No Refill,13.0176,0.4068,10,30000,No,No,No,USD
10786,Instagram - Likes | MQ 100K | HQ | Super Fast |🔥🔥🔝,Instagram,Likes/Reactions,Instagram - Likes | No Refill,14.464,0.452,25,300000,No,No,No,USD
14246,Instagram - Likes | MQ 10K | Top Quality | Cheap | Real and Active 🔥🔥🔝,Instagram,Likes/Reactions,Instagram - Likes | No Refill,17.3568,0.5424,10,5000,No,No,No,USD
5532,Instagram - Likes | MQ 100K | Speed 30K P/D | Non Drop | Real 🔥🔥🔝,Instagram,Likes/Reactions,Instagram - Likes | No Refill,45.2,1.4125,10,25000,No,No,No,USD
6308,Instagram - Likes | MQ 3K | Speed 2K P/H | Non Drop | Real 🔥🔥🔝,Instagram,Likes/Reactions,Instagram - Likes | No Refill,45.2,1.4125,20,50000,No,No,No,USD
15334,Instagram - Likes | MQ 10K | Real with Stories | Perfect Quality | No Drop | Speed 5-10K/H | Instant🔥🔥🔝,Instagram,Likes/Reactions,Instagram - Likes | No Refill,72.32,2.26,20,10000,No,No,No,USD
16360,Instagram - Likes | Indian Mixed | MQ 250K | Instant | Speed 5-10K/Hour | Less Drops 🔥🔥🔝,Instagram,Likes/Reactions,Instagram - Likes | Targeted,3.2544,0.1017,50,500000,No,Yes,No,USD
16424,Instagram - Likes | Indian | MQ 50K | Instant | Super Fast | Real🔥🔥🔝,Instagram,Likes/Reactions,Instagram - Likes | Targeted,9.9808,0.3119,10,30000,No,No,No,USD
16422,Instagram - Likes | Indian | Likes | MQ 5K | 0-1 Hours | Speed 5K P/H  🔥🔥🔝,Instagram,Likes/Reactions,Instagram - Likes | Targeted,9.9808,0.3119,10,30000,No,No,No,USD
17828,Instagram - Likes | Indian | MQ 3K🔥🔥🔝,Instagram,Likes/Reactions,Instagram - Likes | Targeted,9.7216,0.3038,10,30000,No,No,No,USD
16571,Instagram - Likes | Indian | MQ 50K | Speed 5K P/H | Non Drop | Real 🔥🔥🔝,Instagram,Likes/Reactions,Instagram - Likes | Targeted,10.848,0.339,10,50000,No,No,No,USD
16590,Instagram - Likes | Indian | MQ 10K | Non Drop | Real | Speed 5K P/H 🔥🔥🔝,Instagram,Likes/Reactions,Instagram - Likes | Targeted,10.848,0.339,10,50000,No,No,No,USD
13143,Instagram - Likes | MQ 25K | Arabic-Indian Majority | Perfect Quality | No Drop | Speed 1K/H | Instant | Real 🔥🔥🔝,Instagram,Likes/Reactions,Instagram - Likes | Targeted,11.8144,0.3692,50,25000,No,No,No,USD
14195,Instagram - Likes | Indian | MQ 1K | Premium | Real Humans🔥🔥🔝,Instagram,Likes/Reactions,Instagram - Likes | Targeted,15.9104,0.4972,10,10000,No,No,No,USD
18106,Instagram - Likes | Worldwide | MQ 20K | HQ | Nice Quality | Instant 🔥🔥🔝,Instagram,Likes/Reactions,Instagram - Likes | Targeted,13.8656,0.4333,10,5000000,No,No,No,USD
17541,Instagram - Likes | Indian | MQ 3K | Real | High Quality | No Drop | Speed 3K/D | Instant 🔥🔥🔝,Instagram,Likes/Reactions,Instagram - Likes | Targeted,17.7056,0.5533,10,3000,No,No,No,USD
4074,Instagram - Likes | USA | MQ 20K | 0-1Hour | Speed 5K P/D 🔥🔥🔝,Instagram,Likes/Reactions,Instagram - Likes | Targeted,32.544,1.017,10,100000,No,No,No,USD
13765,Instagram - Likes | Latin America and Mexico | MQ 5K | AR30 🔥🔥🔝,Instagram,Likes/Reactions,Instagram - Likes | Targeted,44.352,1.386,10,5000,No,No,No,USD
14096,Instagram - Likes | 100% Turk | MQ 8K | Super Fast | Speed 3K/H | Real and Active 🔥🔥🔝,Instagram,Likes/Reactions,Instagram - Likes | Targeted,44.7488,1.3984,10,100000,No,No,No,USD
1219,Instagram - Likes | Turkey | MQ 20K | Instant 🔥🔥🔝,Instagram,Likes/Reactions,Instagram - Likes | Targeted,45.4432,1.4201,20,15000,No,Yes,No,USD
9258,Instagram - Likes | USA | MQ 4K | Real | Instant | Pro 🔥🔥🔝,Instagram,Likes/Reactions,Instagram - Likes | Targeted,101.248,3.164,20,4000,No,No,No,USD
15343,Instagram - Power Likes | MQ 200K | High Quality | R60 🔥🔥🔝,Instagram,Likes/Reactions,Instagram - Power Likes,6.88,0.215,10,200000,No,Yes,No,USD
16405,Instagram - Power Likes | MQ 30K | Instant | Speed 1K/Hour | Power Quality 🔥🔥🔝,Instagram,Likes/Reactions,Instagram - Power Likes,7.2832,0.2276,10,20000,No,No,No,USD
16406,Instagram - Power Likes | MQ 10K | Instant | Speed 2-3K/Hour | Power Quality 🔥🔥🔝,Instagram,Likes/Reactions,Instagram - Power Likes,10.7008,0.3344,10,30000,No,No,No,USD
16588,Instagram - Power Likes | MQ 300K | Speed 200 P/H | Always Instant 🔥🔥🔝,Instagram,Likes/Reactions,Instagram - Power Likes,11.9328,0.3729,10,300000,No,Yes,No,USD
16407,Instagram - Power Likes | MQ 25K | Instant | Speed 3-5K/Hour | Power Quality 🔥🔥🔝,Instagram,Likes/Reactions,Instagram - Power Likes,14.4736,0.4523,10,10000,No,No,No,USD
16408,Instagram - Power Likes | MQ 50K | Instant | Speed 5-10K/Hour | Power Quality 🔥🔥🔝,Instagram,Likes/Reactions,Instagram - Power Likes,51.0368,1.5949,10,50000,No,No,No,USD
16409,Instagram - Power Likes | MQ 40K | Instant | Speed 3-5K/Hour | Good  Quality 🔥🔥🔝,Instagram,Likes/Reactions,Instagram - Power Likes,54.9216,1.7163,10,50000,No,No,No,USD
15346,Instagram - Power Likes | MQ 10K | Perfect Quality | R60 🔥🔥🔝,Instagram,Likes/Reactions,Instagram - Power Likes,58.544,1.8295,10,10000,No,No,No,USD
14065,Instagram - Video Views | MQ 500M | Video+ Reel + IGTV 🔥🔥🔝,Instagram,Views/Plays,Instagram - Views,0.0448,0.0014,100,50000000,No,No,No,USD
15094,Instagram - Views | MQ 2.1B | Emergency🔝,Instagram,Views/Plays,Instagram - Views,0.048,0.0015,100,2147483647,No,No,No,USD
22537,Instagram - Video Views | MQ 100M | All Link | Super Fast 🔝,Instagram,Views/Plays,Instagram - Views,0.0512,0.0016,100,50000000,No,No,No,USD
23076,Instagram - Video Views All Link + Impressions + Reach + Watch Hours | MQ 2.1B | Ultra Fast🔝,Instagram,Views/Plays,Instagram - Views,0.0512,0.0016,100,50000000,No,No,No,USD
22056,Instagram - Video Views | MQ 100M | Reel or Tv | Emergency🔝,Instagram,Views/Plays,Instagram - Views,0.0512,0.0016,100,50000000,No,No,No,USD
24619,Instagram - Video Views | MQ 2.1B | All Link | Update Special | Super Fast Speed | Emergency🔝,Instagram,Views/Plays,Instagram - Views,0.0512,0.0016,100,50000000,No,No,No,USD
18477,Instagram - Video Views All Link | MQ 2.1B | Unlimited | Video+ Reel + IGTV 🔥🔥🔝,Instagram,Views/Plays,Instagram - Views,0.0512,0.0016,100,50000000,No,No,No,USD
24621,Instagram - Video Views | MQ 1B | All Link | Cancel Enable | Super Fast Speed | Provider | Recommended,Instagram,Views/Plays,Instagram - Views,0.0512,0.0016,100,50000000,No,No,No,USD
18478,Instagram - Video Views | MQ 2.1B | All Link | Unlimited | Video+ Reel + IGTV 🔥🔥🔝,Instagram,Views/Plays,Instagram - Views,0.0512,0.0016,100,50000000,No,No,No,USD
18990,Instagram - Video Views All Link | Unlimited | Video+ Reel + IGTV 🔝,Instagram,Views/Plays,Instagram - Views,0.0512,0.0016,100,50000000,No,No,No,USD
24653,Instagram - Video Views | MQ 2.1B | Unlimited | All Link | Update Special | Instant,Instagram,Views/Plays,Instagram - Views,0.0512,0.0016,100,50000000,No,No,No,USD
15455,Instagram - Video Views + Video + Reel + IGTV | All Link | MQ 100K 🔥🔥🔝,Instagram,Views/Plays,Instagram - Views,0.0512,0.0016,100,1000000000,No,No,No,USD
15463,Instagram - Video Views All Link | MQ 900K | Video+ Reel+IGTV🔥🔥🔝,Instagram,Views/Plays,Instagram - Views,0.0512,0.0016,100,50000000,No,No,No,USD
18026,Instagram - Video Views (Provider Service) Video+ Reel + IGTV + 20% Owerflow | MQ 2.1B 🔥🔥🔝,Instagram,Views/Plays,Instagram - Views,0.0512,0.0016,100,50000000,No,No,No,USD
22136,Instagram - Video Views | MQ 1B | Reel or Tv - Emergency,Instagram,Views/Plays,Instagram - Views,0.0512,0.0016,100,50000000,No,No,No,USD
16413,Instagram - Views+Reels | MQ 200K | All Types | Fast | Cancel Button 🔥🔥🔝,Instagram,Views/Plays,Instagram - Views,0.0544,0.0017,100,2147483647,No,No,No,USD
16453,Instagram - Video Views + Reels+TV+Normal | MQ 1M | Fast | Cancel Button 🔥🔥🔝,Instagram,Views/Plays,Instagram - Views,0.0544,0.0017,100,2147483647,No,No,No,USD
16280,Instagram - Views | MQ 500M | Instant | Speed 10K P/H 🔥🔥🔝,Instagram,Views/Plays,Instagram - Views,0.0544,0.0017,100,2147483647,No,No,No,USD
14849,Instagram - Views (UPDATED WORKING) + Reel + TV | MQ 100M 🔥🔥🔝,Instagram,Views/Plays,Instagram - Views,0.0608,0.0019,50,100000000,No,No,No,USD
14852,Instagram - Video Reels Views | MQ 200M | Instant | NewUpdate 🔥🔥🔝,Instagram,Views/Plays,Instagram - Views,0.0608,0.0019,100,2147483647,No,No,No,USD
16416,Instagram - Views + Reels + Post | MQ 1M | Slow | Cancel Button 🔥🔥🔝,Instagram,Views/Plays,Instagram - Views,0.0704,0.0022,100,100000000,No,Yes,No,USD
3212,Instagram - Views | MQ 10M | Instant | 0-5 Minutes🔥🔥🔝,Instagram,Views/Plays,Instagram - Views,0.0704,0.0022,1000,2147483628,No,No,No,USD
16279,Instagram - Views | Emergency | MQ 100M | All Types | Speed 10-20K P/H 🔥🔥🔝,Instagram,Views/Plays,Instagram - Views,0.0832,0.0026,100,217545811,No,No,No,USD
24807,Instagram - Video Views | MQ 100M | All Link | Cancel Enable | Instant Start | Cheapest,Instagram,Views/Plays,Instagram - Views,0.0928,0.0029,100,2147483647,No,No,No,USD
23929,Instagram - Video Views | MQ 2.1B | All Link | Fast,Instagram,Views/Plays,Instagram - Views,0.176,0.0055,100,2147483647,No,No,No,USD
16664,Instagram - Views | MQ 100M | Instant | Work On All Link | P/D 200k-300k🔥🔥🔝,Instagram,Views/Plays,Instagram - Views,0.2176,0.0068,100,1000000000,No,No,No,USD
24810,Instagram - Video Views | MQ 2.1B | All Link | Cancel Enable | Instant Completed | Always Fast,Instagram,Views/Plays,Instagram - Views,0.2176,0.0068,100,2147483647,No,Yes,No,USD
15465,Instagram - Video Views All Link | MQ 3M | Video+Reel+IGTV 🔥🔥 🔝,Instagram,Views/Plays,Instagram - Views,0.2368,0.0074,100,2147483647,No,No,No,USD
2464,Instagram - Views + IGTV + Reels | MQ 1M 🔥🔥🔝,Instagram,Views/Plays,Instagram - Views,0.2368,0.0074,100,2147483647,No,No,No,USD
19937,Instagram - Views | MQ 50M | Instant Start | Speed 1M/Day | All Links🔝,Instagram,Views/Plays,Instagram - Views,0.2912,0.0091,100,500000000,No,No,No,USD
9755,Instagram - Views + Impressions + Profile Visits | MQ 1M | Speed 50K-100K P/H 🔥🔥🔝,Instagram,Views/Plays,Instagram - Views,0.3616,0.0113,100,2147483647,No,No,No,USD
9706,Instagram - Views ( Video + TV + Reel ) + Reach + Impression + Profile Visits | MQ 5M 🔥🔥🔝,Instagram,Views/Plays,Instagram - Views,0.4544,0.0142,100,100000000,No,No,No,USD
10190,Instagram - Views | MQ 5M | Cheapest Service | Speed 1M P/H | Working On reels 🔥🔥🔝,Instagram,Views/Plays,Instagram - Views,1.4464,0.0452,100,50000000,No,No,No,USD
5067,Instagram - Views + Impressions | MQ 100M 🔥🔥 🔝,Instagram,Views/Plays,Instagram - Views,2.7136,0.0848,100,100000000,No,No,No,USD
10181,"Instagram - Views | Works on Reel, TV also | MQ 1M | Cheapest 🔥🔥🔝",Instagram,Views/Plays,Instagram - Views,2.8928,0.0904,100,100000000,No,No,No,USD
9688,Instagram - Views | Reel + IGTV + Posts | MQ 1M | 0-1H | Speed 100K P/D 🔥🔥🔝,Instagram,Views/Plays,Instagram - Views,3.616,0.113,10,10000000,No,Yes,No,USD
18648,Instagram - Views | MQ 200M | Instant | 50K P/K | All Link Allow 🔥🔥🔝,Instagram,Views/Plays,Instagram - Views,7.9552,0.2486,100,10000000,No,No,No,USD
17649,Instagram - Story Views | MQ 30K 🔥🔥🔝,Instagram,Views/Plays,Instagram - Story Views,0.0896,0.0028,10,100000,No,No,No,USD
10570,Instagram - Story Views | MQ 10K | 0-15Min | All Story | Real | No Drop | Instant 🔥🔥🔝,Instagram,Views/Plays,Instagram - Story Views,0.1472,0.0046,100,100000,No,No,No,USD
17661,Instagram - Story Views | MQ 10K | HQ | Speed 10K P/D | Instnat 🔥🔥🔝,Instagram,Views/Plays,Instagram - Story Views,3.648,0.114,100,15000,No,No,No,USD
17662,Instagram - Story Views | MQ 15K | All Stories | Real | World Wide | Perfect Quality | Speed 15K P/D | Instant🔥🔥🔝,Instagram,Views/Plays,Instagram - Story Views,3.648,0.114,100,15000,No,No,No,USD
10569,Instagram - Story Views | MQ 2K | 0-15Min | All Story | Real | No Drop | Instant 🔥🔥🔝,Instagram,Views/Plays,Instagram - Story Views,4.8832,0.1526,100,15000,No,No,No,USD
18030,Instagram - Save | MQ 200K | Alway Working | Speed 50K P/D 🔥🔥🔝,Instagram,Saves,Instagram - Saves,0.0992,0.0031,10,100000,No,No,No,USD
6775,Instagram - Saves | MQ 15K | Speed 10K/H | Instant | Super Fast | Real 🔥🔥🔝,Instagram,Saves,Instagram - Saves,0.1824,0.0057,10,50000,No,No,No,USD
11055,Instagram - Saves | Instant | MQ 10K | 0-15 Minutes 🔥🔥🔝,Instagram,Saves,Instagram - Saves,1.6864,0.0527,10,1000000,No,No,No,USD
18431,Instagram - Saves | MQ 50K | Instant | Speed 25K/Hour 🔥🔥🔝,Instagram,Saves,Instagram - Saves,1.9904,0.0622,10,1000000,No,No,No,USD
2675,Instagram - Saves | MQ 15K | Instant 🔥🔥🔝,Instagram,Saves,Instagram - Saves,2.3936,0.0748,100,5000,No,No,No,USD
6778,Instagram - Saves | MQ 15K | Instant | Super Fast | Real 🔥🔥🔝,Instagram,Saves,Instagram - Saves,2.7296,0.0853,10,400000,No,Yes,No,USD
9090,Instagram - Profile Visit | MQ 100K 🔥🔥🔝,Instagram,Website Traffic,Instagram - Profile Visit,0.832,0.026,100,500000,No,No,No,USD
10562,Instagram - Profile Visit | MQ 500K | To the post | Day 50K/100K🔥🔥🔝,Instagram,Website Traffic,Instagram - Profile Visit,0.8992,0.0281,100,500000,No,No,No,USD
3359,Instagram - Profile Visits | MQ 5M | Real HQ | Recommended 🔥🔥🔝,Instagram,Website Traffic,Instagram - Profile Visit,2.6048,0.0814,100,5000000,No,No,No,USD
16452,Instagram - Reels Views | MQ 10M | Fast🔥🔥🔝,Instagram,Views/Plays,Instagram - Reels,0.0352,0.0011,100,2147483647,No,No,No,USD
16455,Instagram - Reels Views | MQ 200K | Fast | Cancel Button 🔥🔥🔝,Instagram,Views/Plays,Instagram - Reels,0.0544,0.0017,100,2147483647,No,No,No,USD
16451,Instagram - Reels Views | MQ 500K | Slow 🔥🔥🔝,Instagram,Views/Plays,Instagram - Reels,0.0608,0.0019,100,2147483647,No,No,No,USD
9081,Instagram - Reel Views | MQ 500K | Slow 🔥🔥🔝,Instagram,Views/Plays,Instagram - Reels,0.064,0.002,100,2147483647,No,No,No,USD
14862,Instagram - Reels+TV+Video Views | MQ 1M | Instant🔥🔥🔝,Instagram,Views/Plays,Instagram - Reels,0.0672,0.0021,50,2147483647,No,No,No,USD
14863,Instagram - Reels+TV+Video Views | MQ 5M 🔥🔥🔝,Instagram,Views/Plays,Instagram - Reels,0.08,0.0025,50,2147483647,No,No,No,USD
9598,Instagram - Reel Views | MQ 1M 🔥🔥🔝,Instagram,Views/Plays,Instagram - Reels,0.1248,0.0039,100,2147483647,No,No,No,USD
9083,Instagram - Reel Views + Impressions + Reach + Profile Visits | MQ 100K | Stable 🔥🔥🔝,Instagram,Views/Plays,Instagram - Reels,0.1632,0.0051,100,2147483647,No,No,No,USD
6486,Instagram - Reel Views | MQ 10M 🔥🔥🔝,Instagram,Views/Plays,Instagram - Reels,0.2432,0.0076,100,2147483647,No,No,No,USD
16454,Instagram - Reels Views | MQ 500M | Fast 🔥🔥🔝,Instagram,Views/Plays,Instagram - Reels,0.2496,0.0078,100,500000000,No,No,No,USD
11047,Instagram - Reel Views | MQ 5M 🔥🔥🔝,Instagram,Views/Plays,Instagram - Reels,0.2592,0.0081,100,2147483647,No,No,No,USD
10180,Instagram - Reel/Video/TV Views | MQ 1M | Speed 5M P/D 🔥🔥🔝,Instagram,Views/Plays,Instagram - Reels,2.8928,0.0904,100,100000000,No,No,No,USD
16463,Instagram - Reels Likes + Impression + Reach | MQ 50K | Instant | Speed 1-2K/Hour 🔥🔥🔝,Instagram,Views/Plays,Instagram - Reels,10.5824,0.3307,100,100000,No,No,No,USD
17529,Instagram - Reels Likes | Indian | MQ 20K | Real | High Quality | No Drop | Cancel Enabled | Speed 5-10K/D | 0-10M 🔥🔥🔝,Instagram,Likes/Reactions,Instagram - Reels,41.6576,1.3018,10,30000,No,No,No,USD
23928,Instagram - Share | MQ 10M | Instant | Super Fast Completed,Instagram,Shares,Instagram - Shares,0.6528,0.0204,10,10000000,No,Yes,No,USD
21890,Instagram - Shares | MQ 1M | Start Time: Instant | Speed: 1M/Hour,Instagram,Shares,Instagram - Shares,2.496,0.078,100,500000,No,Yes,No,USD
24433,Instagram - Share | MQ 5M | Superfast,Instagram,Shares,Instagram - Shares,7.088,0.2215,10,5000000,No,Yes,No,USD
6799,Instagram - Shares | MQ 5M 🔥🔥🔝,Instagram,Shares,Instagram - Shares,7.8112,0.2441,100,5000000,No,No,No,USD
17646,Instagram - Shares | MQ 1M | Instant 🔥🔥🔝,Instagram,Shares,Instagram - Shares,9.3728,0.2929,100,1000000,No,No,No,USD
17647,Instagram - Shares | MQ 1M | Instant 🔥🔥🔝,Instagram,Shares,Instagram - Shares,9.3728,0.2929,100,1000000,No,No,No,USD
9093,Instagram - Post Shares | MQ 5M 🔥🔥🔝,Instagram,Shares,Instagram - Shares,14.464,0.452,100,5000000,No,No,No,USD
10559,Instagram - Impressions | MQ 500K | Day 50K/100K🔥🔥🔝,Instagram,Views/Plays,Instagram - Impressions + Reach,0.7072,0.0221,100,500000,No,No,No,USD
3358,Instagram - Impressions | MQ 5M 🔥🔥🔝,Instagram,Views/Plays,Instagram - Impressions + Reach,1.3024,0.0407,100,5000000,No,No,No,USD
17630,Instagram - Reach + Impressions + Profile Visits | MQ 1M | Instant 🔥🔥🔝,Instagram,Views/Plays,Instagram - Impressions + Reach,1.3888,0.0434,100,1000000,No,No,No,USD
17629,Instagram - Reach + Impressions + Profile Visits | MQ 100K | High Reach | Natural Increase🔥🔥🔝,Instagram,Views/Plays,Instagram - Impressions + Reach,1.5552,0.0486,10,1000000,No,No,No,USD
10771,Instagram - Reach and Impressions | MQ 500K 🔥🔥🔝,Instagram,Views/Plays,Instagram - Impressions + Reach,1.792,0.056,10,1000000,No,No,No,USD
17849,Instagram - Reach + Impressions from Explore | MQ 300K🔥🔥🔝,Instagram,Views/Plays,Instagram - Impressions + Reach,1.792,0.056,10,300000,Yes,Yes,No,USD
30529,Instagram Reach [%1] + Impressions + Profile Visits,Instagram,Views/Plays,Instagram - Impressions + Reach,3.9072,0.1221,100,5000000,No,No,No,USD
14188,Instagram - Engagement + Shares | MQ 100K 🔥🔥🔝,Instagram,Views/Plays,Instagram - Impressions + Reach,13.0176,0.4068,100,100000,No,No,No,USD
30528,Instagram Reach + Impressions,Instagram,Views/Plays,Instagram - Impressions + Reach,15.6224,0.4882,100,100000,No,No,No,USD
30530,Instagram Reach + Impressions + Profile Visits,Instagram,Views/Plays,Instagram - Impressions + Reach,16.9248,0.5289,100,100000,No,No,No,USD
12891,Instagram - Engagement + Shares + Reach + Impressions + Profile Visits | MQ 100K 🔥🔥🔝,Instagram,Views/Plays,Instagram - Impressions + Reach,27.3376,0.8543,100,100000,No,No,No,USD
15662,Instagram - Comments | 3 Comments | Random | Emojis | Fast | Package 🔥🔥🔝,Instagram,Comments,Instagram - Comments,2.7136,0.0848,1000,1000,No,No,No,USD
15663,Instagram - Comments | 5 Comments | Random | Emojis | Fast | Package 🔥🔥🔝,Instagram,Comments,Instagram - Comments,4.5216,0.1413,1000,1000,No,No,No,USD
15665,Instagram - Comments | 10 Comments | Random | Emojis | Fast | Package 🔥🔥🔝,Instagram,Comments,Instagram - Comments,9.04,0.2825,1000,1000,No,No,No,USD
23515,Instagram - Custom Comments | MQ 5M | High Quality Profiles | Cancel Enable | Day 1K🔝,Instagram,Comments,Instagram - Comments,108.48,3.39,10,500000,No,No,No,USD
23516,Instagram - Emoji Comments | MQ 5M | High Quality Profiles | Cancel Enable | Day 1K,Instagram,Comments,Instagram - Comments,108.48,3.39,10,500000,No,No,No,USD
10764,Instagram - Comments | Emoji | MQ 1K 🔥🔥🔝,Instagram,Comments,Instagram - Comments,268.8,8.4,10,1000,No,No,No,USD
24427,Instagram - Custom Comment | MQ 20K,Instagram,Comments,Instagram - Comments,425.2416,13.2888,1,20000,No,No,No,USD
24661,Instagram - Comments (Custom) | MQ 1K | HQ,Instagram,Comments,Instagram - Comments,537.6,16.8,1,1000,No,No,No,USD
13501,Instagram - Comments | USA | MQ 500 | Real | Instant 🔥🔥🔝,Instagram,Comments,Instagram - Comments,904.0,28.25,5,20,No,No,No,USD
22082,Instagram - Comment Likes | MQ 30K,Instagram,Likes/Reactions,Instagram - Comment Likes,542.4,16.95,10,30000,No,Yes,No,USD
22083,Instagram - Comment Likes | MQ 30K | Comment Link | Quality,Instagram,Likes/Reactions,Instagram - Comment Likes,542.4,16.95,10,100000,No,No,No,USD
17671,Instagram - Story Impressions | MQ 100K | Instant  🔥🔥🔝,Instagram,Views/Plays,Instagram - Story Others,6.944,0.217,50,1000000,No,Yes,No,USD
17688,Instagram - Story Url Click | MQ 250K 🔥🔥🔝,Instagram,Stories/Mentions,Instagram - Story Others,35.9296,1.1228,100,250000,No,No,No,USD
16544,Instagram - Auto Likes | MQ 5M |🔥🔥🔝,Instagram,Likes/Reactions,Instagram - Auto Subscription,14.464,0.452,10,5000000,No,No,No,USD
24441,Instagram - Impression(Home+Explore+Location) | MQ 1M | Instant Superfast🔝,Instagram,Views/Plays,Instagram - Others,1.7728,0.0554,10,1000000,No,Yes,No,USD
18571,Youtube - Live Stream | MQ 50K | 15 Min - Concurrent 🔥🔥🔝,YouTube,Live Stream Viewers,YouTube - Live Stream | Cheap,8.4992,0.2656,50,500000,No,No,No,USD
13897,YouTube - Views | MQ 10K 🔥🔥🔝,YouTube,Views/Plays,YouTube - Views,13.44,0.42,10,20000,No,Yes,No,USD
13541,Youtube - Views | MQ 1M | Speed 200K P/D🔥🔥|🔝,YouTube,Views/Plays,YouTube - Views,21.696,0.678,50,7000000,No,Yes,No,USD
20427,Youtube - Views | USA | MQ 100K | Retention 3-5 Minutes | Speed 5k-10k/day | Source: Youtube Random - Search/Browse Features🔝,YouTube,Views/Plays,YouTube - Views,25.6736,0.8023,1000,100000,No,No,No,USD
18587,Youtube - Views | MQ 1M | Speed 3-5K P/D | SEO | 5 Min Retention 🔥🔥🔝,YouTube,Views/Plays,YouTube - Views,27.12,0.8475,1000,1000000,No,No,No,USD
20374,Youtube - Views | MQ 1M | Dual Method | Short and Long Video Both Accepted  | Life Time Guaranteed | Speed 5K P/D🔝,YouTube,Views/Plays,YouTube - Views,24.9504,0.7797,100,175000,No,No,No,USD
17255,YouTube - Views + Likes | MQ 5M | Speed 10K-15K/day | 0-5Min 🔥🔥🔝,YouTube,Views/Plays,YouTube - Views,30.576,0.9555,1000,1000000,No,No,No,USD
17256,YouTube - Views + Likes | MQ 50M | Speed 10k-15K/day | Start Time : 0-5Min 🔥🔥🔝,YouTube,Views/Plays,YouTube - Views,30.9184,0.9662,1000,1000000,No,No,No,USD
18729,Youtube - Views + Bonus Likes | MQ 100M | Speed 40K P/D | Recommended🔥🔥🔝,YouTube,Views/Plays,YouTube - Views,28.928,0.904,100,1000000,No,No,No,USD
17948,Youtube - Views | MQ 1M | Best for SEO | 5minutes Retention | Source: Youtube Search+Browse Features | Speed: 15k/Day | 0-1 Hour 🔥🔥🔝,YouTube,Views/Plays,YouTube - Views,38.9344,1.2167,1000,1000000,No,No,No,USD
17947,Youtube - Views | MQ 100K | Best for SEO | 5minutes Retention | Source: Youtube Search+Browse Features | Speed: 5k/Day | 0-1 Hour  🔥🔥🔝,YouTube,Views/Plays,YouTube - Views,41.5264,1.2977,1000,1000000,No,No,No,USD
5996,Youtube - Views | MQ 700K | Speed 20K P/D | Real | R30🔥🔥🔝,YouTube,Views/Plays,YouTube - Views,47.008,1.469,100,10000000,No,No,No,USD
20503,Youtube - Views | MQ 10M | High Retention | Speed 50k/day | 5-15 Minute Retention🔝,YouTube,Views/Plays,YouTube - Views,50.624,1.582,100,100000000,No,No,No,USD
2866,YouTube - Views | Arabic Speakers | MQ 500K | 𝐑𝐀𝐕™ - Real Active Views | HQ | Real | Momentizable | Instant🔝,YouTube,Views/Plays,YouTube - Views,121.136,3.7855,500,100000,No,No,No,USD
17949,Youtube - Views | MQ 1M | Best for SEO | 3-5minutes Retention | Source: Youtube Search+Browse Features | Speed: 5k/Day | 0-1 Hour 🔥🔥🔝,YouTube,Views/Plays,YouTube - Views,527.4144,16.4817,100,1000000,No,Yes,No,USD
17951,Youtube - Views | MQ 1M | Best for SEO | 10-15 minutes Retention | Source: Youtube Search+Browse Features | Speed: 15K/Day | 0-1 Hour 🔥🔥🔝,YouTube,Views/Plays,YouTube - Views,789.5744,24.6742,100,1000000,No,Yes,No,USD
9221,YouTube - Views | MQ 700K | Lifetime Warranty 🔥🔥🔝,YouTube,Views/Plays,YouTube - Views | Lifetime Guarantee,21.696,0.678,100,200000,No,No,No,USD
1904,Youtube - Views | Russia | MQ 700K | Speed 100K P/D | Lifetime Warranty 🔥🔥🔝,YouTube,Views/Plays,YouTube - Views | Lifetime Guarantee,21.696,0.678,100,200000,No,No,No,USD
20202,Youtube - Views | MQ 1M | New | Speed 20k - 50K/day | 100% Non drop | Lifetime guaranteed - After Bonus 0.73$ - 1000 Views,YouTube,Views/Plays,YouTube - Views | Lifetime Guarantee,25.312,0.791,100,1000000,No,No,No,USD
17258,YouTube - Views + Likes | MQ 30M | Speed 10k-15K/day | Start Time : 0-5Min | Suggested + Direct + Browse Feature | Lifetime Guarantee 🔥🔥🔝,YouTube,Views/Plays,YouTube - Views | Lifetime Guarantee,26.0352,0.8136,100,30000000,No,No,No,USD
9665,YouTube - Views | MQ 100K | Good For Ranking | 70k-200k P/D | Instant | Lifetime🔥🔥🔝,YouTube,Views/Plays,YouTube - Views | Lifetime Guarantee,27.12,0.8475,100,200000,No,No,No,USD
17254,YouTube - Views | MQ 500K | Speed 2k-10K/day | 0-10Min | Lifetime Guarantee 🔥🔥🔝,YouTube,Views/Plays,YouTube - Views | Lifetime Guarantee,27.5552,0.8611,100,10000000,No,No,No,USD
18469,Youtube - Views | MQ 100K | Real Engagement | Refill: Lifetime | Speed: 10k/Day | 0-1Hour 🔥🔥🔝,YouTube,Views/Plays,YouTube - Views | Lifetime Guarantee,28.2048,0.8814,100,100000,No,No,No,USD
22854,Youtube - Views | MQ 1M | Real Engagement |  Start Time: 0 - 30 Mins | Speed: 15K/Day | Refill Button Enabled | Non Drop | Refill: Lifetime 🔝,YouTube,Views/Plays,YouTube - Views | Lifetime Guarantee,28.8384,0.9012,100,1000000,No,No,No,USD
20153,Youtube - Views | MQ 200M | Speed 20k/day | LifeTime Guarantee | RB30🔝,YouTube,Views/Plays,YouTube - Views | Lifetime Guarantee,30.736,0.9605,100,1000000,No,No,No,USD
20189,Youtube - Views | MQ 50K | Premium Server | 0-5minutes | Super fast | Speed 100K P/D | 100% non drop | Lifetime refill🔝,YouTube,Views/Plays,YouTube - Views | Lifetime Guarantee,36.16,1.13,100,10000000,No,Yes,No,USD
20477,Youtube - Views | MQ 10M | Speed 200k-300k/day | Start time Instant | Lifetime,YouTube,Views/Plays,YouTube - Views | Lifetime Guarantee,36.16,1.13,100,1000000,No,No,No,USD
18272,YouTube - Views | MQ 1M | Non Drop | 3-5K/Day | Lifetime | ⭐ Exclusive 🔥🔥🔝,YouTube,Views/Plays,YouTube - Views | Lifetime Guarantee,39.776,1.243,50,1000000,Yes,No,No,USD
24039,YouTube - Views | MQ 10M | Social Ads | Speed 100K+/Day | Real Users | Non-Drop | Lifetime Guaranteed,YouTube,Views/Plays,YouTube - Views | Lifetime Guarantee,43.392,1.356,500,10000000,Yes,No,No,USD
5669,Youtube - Views | MQ 10M | Speed 5K P/D | 2 Mins Retention | LIfetime Guranteed 🔥🔥🔝,YouTube,Views/Plays,YouTube - Views | Lifetime Guarantee,66.896,2.0905,100,10000000,No,No,No,USD
9663,YouTube - Views | MQ 500M | Good For Ranking | Speed 50k-70k P/D | Instant | Lifetime🔥🔥🔝,YouTube,Views/Plays,YouTube - Views | Lifetime Guarantee,67.2576,2.1018,100,500000000,No,Yes,No,USD
24636,YouTube - Under Comment Likes | M 500K |  Day 10K | UltraFast | R30,YouTube,Likes/Reactions,YouTube - Likes,1.8816,0.0588,10,20000,No,Yes,No,USD
22709,Youtube - Likes | MQ 1M | Start Time: 0-15 Min | Speed: 50K/Day🔝,YouTube,Likes/Reactions,YouTube - Likes,2.5312,0.0791,10,10000000,No,No,No,USD
22066,Youtube - Likes | MQ 20K | 0-15 Min | Instant | Speed 50K P/D 🔝,YouTube,Likes/Reactions,YouTube - Likes,2.8928,0.0904,10,1000000,No,No,No,USD
18400,Youtube - Likes | MQ 100K | 0-15 Min | Speed 20K/Day🔥🔥🔝,YouTube,Likes/Reactions,YouTube - Likes,3.1488,0.0984,50,100000,No,No,No,USD
24131,Youtube - Likes | MQ 20K | Start: 0-15 Min | No Warranty  | Instant | Day 50K,YouTube,Likes/Reactions,YouTube - Likes,3.2544,0.1017,10,20000,No,No,No,USD
20363,Youtube - Likes | MQ 50K | Private Server,YouTube,Likes/Reactions,YouTube - Likes,3.2544,0.1017,10,10000,No,No,No,USD
18704,Youtube - Dislikes | MQ 500K | Super Fast | Speed 100K P/D🔥🔥🔝,YouTube,Likes/Reactions,YouTube - Likes,3.616,0.113,5,500000,No,No,No,USD
18462,Youtube - Likes | MQ 10K | 0-15 Minutes🔥🔥🔝,YouTube,Likes/Reactions,YouTube - Likes,3.616,0.113,10,1000000,No,No,No,USD
18467,Youtube - Likes | MQ 100K | 0-15 Min | Speed: 50K/Day 🔥🔥🔝,YouTube,Likes/Reactions,YouTube - Likes,3.616,0.113,10,100000,No,No,No,USD
18401,Youtube - Likes | MQ 200K | 0-15 Min | Speed: 20K/Day 🔥🔥🔝,YouTube,Likes/Reactions,YouTube - Likes,3.616,0.113,10,200000,No,No,No,USD
17122,Youtube - Likes | MQ 2K | 0-1 Hour | Speed 2K P/D 🔥🔥🔝,YouTube,Likes/Reactions,YouTube - Likes,3.616,0.113,10,100000,No,No,No,USD
18681,Youtube - Likes | MQ 200K | 0-15Min 🔥🔥🔝,YouTube,Likes/Reactions,YouTube - Likes,3.616,0.113,10,10000,No,No,No,USD
17123,Youtube - Likes | MQ 3K | 0-1 Hour | Speed 3K P/D 🔥🔥🔝,YouTube,Likes/Reactions,YouTube - Likes,3.9776,0.1243,10,20000,No,No,No,USD
10804,Youtube - Likes | MQ 100K | 10K P/H | Fast 🔥🔥🔝,YouTube,Likes/Reactions,YouTube - Likes,4.3392,0.1356,10,100000,No,No,No,USD
15221,Youtube - Likes | MQ 100K | Speed 20K P/D 🔥🔥🔝,YouTube,Likes/Reactions,YouTube - Likes,4.7008,0.1469,10,100000,No,No,No,USD
23991,Youtube - Likes | MQ 500K | Start Time: 0-15 Min | Speed: 20K/Day | R60,YouTube,Likes/Reactions,YouTube - Likes,5.0624,0.1582,10,500000,Yes,No,No,USD
24133,Youtube - Likes | MQ 80K | HQ Profiles | SuperInstant | Day 50K | R30  🔝,YouTube,Likes/Reactions,YouTube - Likes,5.424,0.1695,10,80000,Yes,No,No,USD
20215,Youtube - Likes | MQ 500K | Start Time: 0-15 Min | Speed: 20K/Day | R60,YouTube,Likes/Reactions,YouTube - Likes,5.7856,0.1808,10,500000,Yes,No,No,USD
20329,YouTube - Likes | MQ 500K | HQ | Non Drop | SuperInstant | Speed 25K P/D | R30🔝,YouTube,Likes/Reactions,YouTube - Likes,6.5088,0.2034,10,20000,No,No,No,USD
13494,Youtube - Likes | MQ 50K | 0-1 Hour | Speed 30K/D 🔥🔥🔝,YouTube,Likes/Reactions,YouTube - Likes,9.2224,0.2882,10,100000,No,No,No,USD
19363,YouTube - Video Likes | MQ 150K | Real | 50K / 30 Minutes | Non Drop | R30🔥🔥🔝,YouTube,Likes/Reactions,YouTube - Likes,11.5712,0.3616,10,150000,No,No,No,USD
20379,Youtube - Likes | MQ 100K | Super Fast | Speed 10K P/H | Non Drop 🔝,YouTube,Likes/Reactions,YouTube - Likes,12.656,0.3955,10,100000,No,Yes,No,USD
22717,Youtube - Likes | MQ 250K | Start Time: 0-15 Min | Speed: 80K/Day | Non Drop | Lifetime Guaranteed,YouTube,Likes/Reactions,YouTube - Likes,13.5616,0.4238,10,250000,No,No,No,USD
10244,Youtube - Likes | MQ 1M |  Super Fast | Speed 100K P/D | Recommended | RB30 🔥🔥🔝,YouTube,Likes/Reactions,YouTube - Likes,14.1024,0.4407,10,150000,No,No,No,USD
17431,Youtube - Likes | MQ 500K | Instant | Speed: 30K/Day | 🔥🔥🔝,YouTube,Likes/Reactions,YouTube - Likes,15.3632,0.4801,10,100000,No,Yes,No,USD
10802,Youtube - Likes | MQ 100K | Fast Speed 🔥🔥🔝,YouTube,Likes/Reactions,YouTube - Likes,17.7184,0.5537,20,500000,No,No,No,USD
10803,Youtube - Likes | MQ 100K | R30 | Fast Speed 🔥🔥🔝,YouTube,Likes/Reactions,YouTube - Likes,18.4416,0.5763,10,100000,No,No,No,USD
10239,Youtube - Likes | MQ 250K | Instant | Fast | RB30 🔥🔥🔝,YouTube,Likes/Reactions,YouTube - Likes,18.8032,0.5876,50,400000,No,No,No,USD
17855,Youtube - Likes | MQ 10K | Instant Superfast | Less Drop 🔥🔥🔝,YouTube,Likes/Reactions,YouTube - Likes,19.4912,0.6091,10,50000,No,No,No,USD
9227,Youtube - Likes | MQ 100K | Speed 20K/D | R30 🔥🔥🔝,YouTube,Likes/Reactions,YouTube - Likes,19.5264,0.6102,25,100000,No,No,No,USD
17856,Youtube - Video Likes | MQ 50K | Instant Superfast | Less Drop | R30🔥🔥🔝,YouTube,Likes/Reactions,YouTube - Likes,20.9088,0.6534,10,75000,No,No,No,USD
18701,Youtube - Likes | MQ 50K | Instant Start | Speed 30k-40K/day | New | Recommended🔥🔥🔝,YouTube,Likes/Reactions,YouTube - Likes,20.9728,0.6554,10,60000,No,No,No,USD
3283,Youtube - Likes | MQ 30K | 0-15 Min 🔥🔥🔝,YouTube,Likes/Reactions,YouTube - Likes,21.2224,0.6632,10,30000,No,No,No,USD
2595,Youtube - Likes | MQ 25K | Life Time Guaranteed 🔥🔥🔝,YouTube,Likes/Reactions,YouTube - Likes,21.696,0.678,10,60000,No,No,No,USD
17766,Youtube - Likes | MQ 400K | No Drop | Speed 100-400K/D | Instant 🔥🔥🔝,YouTube,Likes/Reactions,YouTube - Likes,22.5664,0.7052,10,50000,No,No,No,USD
20508,YouTube - Likes | MQ 20K | Canada | Instant | Lifetime🔝,YouTube,Likes/Reactions,YouTube - Likes,22.7808,0.7119,10,20000,No,No,No,USD
14101,Youtube - Video Likes | MQ 150K | Speed 50K/D | Non Drop | R30 🔥🔥🔝,YouTube,Likes/Reactions,YouTube - Likes,23.0176,0.7193,10,150000,No,No,No,USD
7593,Youtube - Likes | MQ 50K | 0-1H | Fast 🔥🔥🔝,YouTube,Likes/Reactions,YouTube - Likes,23.0528,0.7204,10,100000,No,No,No,USD
17760,Youtube - Likes | MQ 20K | Speed 5-10K P/D | Instant | No Drop | R30 🔥🔥🔝,YouTube,Likes/Reactions,YouTube - Likes,23.6064,0.7377,10,20000,No,No,No,USD
10230,Youtube - Likes | MQ 50K | Super Instant | R30 | Cheapest | Fast 🔥🔥🔝,YouTube,Likes/Reactions,YouTube - Likes,24.5888,0.7684,20,100000,No,No,No,USD
18211,YouTube - Likes | MQ 100K | Best Service | Non Drop | 100K/Day | Lifetime🔥🔥🔝,YouTube,Likes/Reactions,YouTube - Likes,24.9504,0.7797,30,100000,No,No,No,USD
13790,YouTube - Likes | MQ 50K | USA | Speed 50K/D | G∞ | 🔥🔥🔝,YouTube,Likes/Reactions,YouTube - Likes,25.312,0.791,20,100000,No,No,No,USD
13805,YouTube - Likes | Saudi Arabia | MQ 25K | Speed 50K/D | G∞ 🔥🔥 🔝,YouTube,Likes/Reactions,YouTube - Likes,25.312,0.791,20,100000,No,No,No,USD
13810,YouTube - Likes | South Korea | MQ 50K | Speed 50K/D | G∞ | 🔥🔥🔝,YouTube,Likes/Reactions,YouTube - Likes,25.312,0.791,20,100000,No,No,No,USD
13811,YouTube - Likes | Spain | MQ 25K | Speed 50K/D | G∞ 🔥🔥🔝,YouTube,Likes/Reactions,YouTube - Likes,25.312,0.791,20,100000,No,No,No,USD
13814,YouTube - Likes | Mexico | MQ 50K | Speed 50K/D | G∞  🔥🔥🔝,YouTube,Likes/Reactions,YouTube - Likes,25.312,0.791,20,100000,No,No,No,USD
7594,Youtube - Likes | MQ 100K | 0-1H | Speed 20K P/D | Fast | R30 🔥🔥🔝,YouTube,Likes/Reactions,YouTube - Likes,29.3824,0.9182,20,500000,No,No,No,USD
1865,Youtube - Likes | MQ 15K | Speed 5K P/D | Life Time 🔥🔥🔝,YouTube,Likes/Reactions,YouTube - Likes,30.736,0.9605,50,15000,No,No,No,USD
11118,Youtube - Likes | MQ 100K | 0-30 Minutes 🔥🔥🔝,YouTube,Likes/Reactions,YouTube - Likes,32.272,1.0085,10,250000,No,No,No,USD
10241,Youtube -  Likes | MQ 100K | Life time | Instant | Real 🔥🔥🔝,YouTube,Likes/Reactions,YouTube - Likes,32.544,1.017,20,400000,No,No,No,USD
18052,Youtube - Likes | Indian | MQ 20K | Start Time 0-1 Hour | Speed 20K/Day | Lifetime 🔥🔥🔝,YouTube,Likes/Reactions,YouTube - Likes,33.2672,1.0396,10,20000,No,No,No,USD
18054,Youtube - Likes | USA | MQ 20K | Start Time 0-1 Hour | Speed 20K/Day | Lifetime  🔥🔥🔝,YouTube,Likes/Reactions,YouTube - Likes,33.2672,1.0396,10,20000,No,No,No,USD
18069,Youtube - Likes | Indonesia | MQ 20K | Start Time 0-1 Hour | Speed 20K/Day | Lifetime 🔥🔥 🔝,YouTube,Likes/Reactions,YouTube - Likes,33.2672,1.0396,10,20000,No,No,No,USD
5685,Youtube - Likes | MQ 150K | Speed 5-10K P/D | No Drop | Instant 🔥🔥🔝,YouTube,Likes/Reactions,YouTube - Likes,52.432,1.6385,30,150000,No,No,No,USD
7604,Youtube - Likes | MQ 100K | Fast | Life Time Guranteed | RB30🔥🔥🔝,YouTube,Likes/Reactions,YouTube - Likes,72.32,2.26,20,100000,Yes,No,No,USD
15201,YouTube - Likes | USA | MQ 20K | Speed 20K P/D | Lifetime Guaranteed 🔥🔥🔝,YouTube,Likes/Reactions,YouTube - Likes,79.552,2.486,10,20000,No,No,No,USD
10816,YouTube - Likes | MQ 20K | Bonus: 100% Views | 100% Real Users | Speed: 3-5K/Day | R90 🔥🔥🔝,YouTube,Views/Plays,YouTube - Likes,104.864,3.277,20,20000,Yes,No,No,USD
23304,Youtube - Subscribers | MQ 1M | SuperInstant | Speed: 10K/Day,YouTube,Followers/Subscribers,YouTube - Subscribers,4.1952,0.1311,10,1000000,No,No,No,USD
18402,YouTube - Subscribers | MQ 100K | Speed 10k/day | 0-1Hr 🔥🔥🔝,YouTube,Followers/Subscribers,YouTube - Subscribers,4.1952,0.1311,100,100000,No,No,No,USD
18403,Youtube - Subscribers | MQ 10K | Fast 🔥🔥🔝,YouTube,Followers/Subscribers,YouTube - Subscribers,4.1952,0.1311,10,1000000,No,No,No,USD
12517,Youtube - Subscribers | MQ 100K | Fast 🔥🔥🔝,YouTube,Followers/Subscribers,YouTube - Subscribers,4.1952,0.1311,100,10000,No,No,No,USD
13655,YouTube - Subscriber | MQ 20K | 100% Turkish | Fast 🔥🔥🔝,YouTube,Followers/Subscribers,YouTube - Subscribers,4.4672,0.1396,10,500000,No,No,No,USD
22464,Youtube - Subscribers | MQ 100K | No Warranty | SuperInstant | Speed 10K P/D 🔝,YouTube,Followers/Subscribers,YouTube - Subscribers,5.424,0.1695,10,100000,No,No,No,USD
20415,Youtube - Subscribers | MQ 100K | SuperInstant | Speed Day 10K,YouTube,Followers/Subscribers,YouTube - Subscribers,5.7856,0.1808,10,100000,No,No,No,USD
18463,Youtube - Subscribers | MQ 10K 🔥🔥🔝,YouTube,Followers/Subscribers,YouTube - Subscribers,10.848,0.339,100,500000,No,No,No,USD
14265,YouTube - Subscribers | MQ 1K | Speed 20K P/D 🔥🔥🔝,YouTube,Followers/Subscribers,YouTube - Subscribers,12.656,0.3955,100,100000,No,No,No,USD
24409,Youtube - Subscribe | MQ 100K | Instant Superfast,YouTube,Followers/Subscribers,YouTube - Subscribers,88.592,2.7685,10,100000,No,No,No,USD
17865,Youtube - Subscribe | MQ 50K | Instant Superfast 🔥🔥🔝,YouTube,Followers/Subscribers,YouTube - Subscribers,88.592,2.7685,10,100000,No,No,No,USD
4763,Youtube - Subscribes | MQ 10K | 0-15 Min🔥🔥🔝,YouTube,Followers/Subscribers,YouTube - Subscribers,105.2256,3.2883,10,100000,No,No,No,USD
23312,Youtube - Subscribers | MQ 1M | Start Time: 1 Hour | Speed: 400/Day | Non Drop | R90🔝,YouTube,Followers/Subscribers,YouTube - Subscribers,1258.368,39.324,100,1000000,No,No,No,USD
18274,YouTube - Subscribers | MQ 30K | Speed: 500/Day | Lifetime Guaranteed | ⭐ Exclusive🔥🔥🔝,YouTube,Followers/Subscribers,YouTube - Subscribers,1446.0384,45.1887,50,100000,No,No,No,USD
17868,Youtube - Comment Likes | MQ 10K | Fast 🔥🔥 🔝,YouTube,Likes/Reactions,YouTube - Comments,26.5792,0.8306,10,100000,No,No,No,USD
10242,Youtube - Community Post Likes | MQ 100K | Instant Speed | Non Drop | RB30 🔥🔥🔝,YouTube,Likes/Reactions,YouTube - Comments,29.6512,0.9266,10,100000,No,No,No,USD
20616,Youtube - Comments Likes | MQ 10K | Up Vote | Instant,YouTube,Likes/Reactions,YouTube - Comments,31.4592,0.9831,10,100000,No,No,No,USD
17869,Youtube - Comment Likes | MQ 100K | Instant 🔥🔥🔝,YouTube,Likes/Reactions,YouTube - Comments,33.6672,1.0521,10,100000,No,No,No,USD
15223,Youtube - Comment Likes | MQ 100K | Upvotes | Fast and Instant🔥🔥🔝,YouTube,Likes/Reactions,YouTube - Comments,43.392,1.356,10,100000,No,No,No,USD
2039,Youtube - Comments | MQ 5K | Global 🔥🔥🔝,YouTube,Comments,YouTube - Comments,325.44,10.17,5,5000,No,No,No,USD
13418,YouTube - Custom Comment Like | MQ 100K | R30 | Instant🔥🔥,YouTube,Likes/Reactions,YouTube - Custom Comments,47.7312,1.4916,10,500000,No,No,No,USD
19949,YouTube - Custom Comments | MQ 50K | Non Drop | Instant | Lifetime🔝,YouTube,Comments,YouTube - Custom Comments,63.552,1.986,10,50000,No,No,No,USD
15226,Youtube - Custom Comments | MQ 100K | Speed 30K P/D | Instant🔥🔥🔝,YouTube,Comments,YouTube - Custom Comments,94.016,2.938,5,20000,No,No,No,USD
19353,YouTube - Video Custom Comments | Real | 10K / Day | Non Drop |  R30 🔝,YouTube,Comments,YouTube - Custom Comments,108.48,3.39,5,10000,No,No,No,USD
20597,Youtube - Custom Comments | MQ 5K | Instant And Fast 🔝,YouTube,Comments,YouTube - Custom Comments,117.1584,3.6612,5,5000,No,No,No,USD
20604,Youtube - Custom Comments | MQ 10K | 0-10 Min | Speed: 10K/Day,YouTube,Comments,YouTube - Custom Comments,162.72,5.085,5,10000,No,No,No,USD
20600,YouTube - Custom Comments | UAE | MQ 5K | Speed +500/ D | R30,YouTube,Comments,YouTube - Custom Comments,195.264,6.102,5,5000,No,No,No,USD
19372,YouTube - Live Stream Likes | Real | MQ 50K | 0-30 Minutes | Non Drop | R30,YouTube,Live Stream Viewers,YouTube - Live Stream Likes,11.5712,0.3616,10,50000,Yes,No,No,USD
19626,YouTube - GEO Likes |Thailand | Real | MQ 50K | 0-30 Minutes | Non Drop | Lifetime Refill 🔝,YouTube,Likes/Reactions,YouTube - GEO Targeted Likes,13.0176,0.4068,10,50000,Yes,No,No,USD
20397,Youtube - Live Stream Views | MQ 50K | Instant | Stay 15 Min,YouTube,Live Stream Viewers,YouTube - Live Stream,1.808,0.0565,20,500000,No,No,No,USD
20680,Youtube - Live Stream Views | MQ 500K | 15 Minutes | Lowest Price | Concurrent between 90-100%🔝,YouTube,Live Stream Viewers,YouTube - Live Stream,1.9904,0.0622,50,500000,No,No,No,USD
20636,Youtube - Viewers | MQ 750K | Livestream views | 1 Hour,YouTube,Live Stream Viewers,YouTube - Live Stream,4.3392,0.1356,50,500000,No,No,No,USD
17134,YouTube - Live Stream | MQ 3K | High Quality | 15 Minutes Live Concurrent🔥🔥🔝,YouTube,Live Stream Viewers,YouTube - Live Stream,4.9184,0.1537,50,300000,No,No,No,USD
20402,Youtube - Live Stream Views | MQ 50K | Instant | Stay 3 Hours,YouTube,Live Stream Viewers,YouTube - Live Stream,20.9728,0.6554,50,500000,No,No,No,USD
20384,Youtube - Live Stream Views | MQ 500K | 45 Min | 100% Real | Discovery | 100% Concurrent | Instant,YouTube,Live Stream Viewers,YouTube - Live Stream,21.696,0.678,50,500000,No,No,No,USD
20628,YouTube - Short Likes | MQ 100K | Instant | Never Drop,YouTube,Likes/Reactions,YouTube - Shorts,23.504,0.7345,10,100000,No,No,No,USD
13227,YouTube - Short Views | MQ 10M | Speed 2-3K P/D | Instant | Life time 🔥🔥🔝,YouTube,Views/Plays,YouTube - Shorts,27.7728,0.8679,100,10000000,No,No,No,USD
9510,YouTube - Shorts Views | MQ 2M | Speed 100K-200K P/D 🔥🔥🔝,YouTube,Views/Plays,YouTube - Shorts,31.4592,0.9831,100,300000,No,No,No,USD
20478,Youtube - Short Views | MQ 100M | Non Drop | Speed 2-5k/day | Lifetime Guaranteed,YouTube,Views/Plays,YouTube - Shorts,32.544,1.017,100,1000000,No,No,No,USD
21882,YouTube - Watch Hours | MQ 100K | 5+ Mins Video | Speed 0-1H - 500H/D | Lifetime,YouTube,Other,YouTube - Watch Time,629.184,19.662,100,100000,No,Yes,No,USD
18321,Twitter - Tweet Views | MQ 10M 🔥🔥🔝,Twitter/X,Views/Plays,Twitter - Views,0.1472,0.0046,100,100000000,No,Yes,No,USD
18322,Twitter - Video Views | MQ 100M🔥🔥🔝,Twitter/X,Views/Plays,Twitter - Views,0.1472,0.0046,100,100000000,No,Yes,No,USD
14720,Twitter - Views | Instant Start | Speed 1M/D🔥🔥 🔝,Twitter/X,Views/Plays,Twitter - Views,0.1824,0.0057,100,100000000,No,Yes,No,USD
15430,Twitter - Tweet Views | MQ 100M | Instant🔥🔥🔝,Twitter/X,Views/Plays,Twitter - Views,0.2048,0.0064,200,100000000,No,No,No,USD
17427,Twitter - Tweet Views | MQ 2.1B🔥🔥🔝,Twitter/X,Views/Plays,Twitter - Views,0.2176,0.0068,200,2147483647,No,No,No,USD
18039,Twitter - Tweet Views | MQ 2.1B | Unlimited🔥🔥🔝,Twitter/X,Views/Plays,Twitter - Views,0.2848,0.0089,100,2147483647,No,No,No,USD
3775,Twitter - Video Views | MQ 1M | Instant | Real 🔥🔥🔝,Twitter/X,Views/Plays,Twitter - Views,0.4864,0.0152,100,1000000,No,Yes,No,USD
19112,Twitter - Video Views | MQ 100M | Instant Start | Speed 1M/D🔥🔥🔝,Twitter/X,Views/Plays,Twitter - Views,0.5184,0.0162,100,1000000,No,No,No,USD
16822,Twitter - Video Views | MQ 2.1B | Speed 500K P/D🔥🔥🔝,Twitter/X,Views/Plays,Twitter - Views,0.5664,0.0177,100,2147483647,No,Yes,No,USD
20894,Twitter - Views | USA | MQ 5M,Twitter/X,Views/Plays,Twitter - Views,0.6592,0.0206,100,100000000,No,Yes,No,USD
20901,Twitter - Organic Views | MQ 5M | Speed 100k P/H🔝,Twitter/X,Views/Plays,Twitter - Views,0.7072,0.0221,100,5000000,No,No,No,USD
18041,Twitter - Impressions | MQ 2.1B | Unlimited🔥🔥🔝,Twitter/X,Views/Plays,Twitter  - Impressions,0.7232,0.0226,100,2147483647,No,Yes,No,USD
10714,Twitter - Impression | MQ 100M | Instant | Speed 1M P/H | Instant | No Drop | R45 🔥🔥🔝,Twitter/X,Views/Plays,Twitter  - Impressions,0.7232,0.0226,100,100000000,No,Yes,No,USD
18032,Twitter - Bundle Impression ( Views - Impression - Detail Expand- Profile Click ) | MQ 2.1B | Unlimited 🔥🔥🔝,Twitter/X,Views/Plays,Twitter  - Impressions,1.8816,0.0588,100,2147483647,No,No,No,USD
20888,Twitter - Detail Click | MQ 2.1B,Twitter/X,Other,Twitter - Others,0.048,0.0015,100,2147483647,No,No,No,USD
20891,Twitter - Profile Click | MQ 2.1B,Twitter/X,Other,Twitter - Others,0.048,0.0015,100,2147483647,No,No,No,USD
20892,Twitter - Impressions | Eng | Detail Expand | Profile Click | MQ 2.1B🔝,Twitter/X,Views/Plays,Twitter - Others,1.4112,0.0441,100,2147483647,No,No,No,USD
20902,Twitter - Organic Impressions | MQ 5M | Bundle | New🔝,Twitter/X,Views/Plays,Twitter - Others,7.9936,0.2498,100,5000000,No,No,No,USD
15050,Telegram - Group/Channel Members | MQ 20K | 0-30 Min🔥🔥🔝,Telegram,Followers/Subscribers,Telegram- Members/Followers/Subscribers,2.0256,0.0633,10,50000,No,Yes,No,USD
15520,Telegram - Channel/Group Members | MQ 100K | No Limit | 30 day NonDrop |🔥🔥🔝,Telegram,Followers/Subscribers,Telegram- Members/Followers/Subscribers,13.7408,0.4294,10,300000,No,Yes,No,USD
14455,Telegram - Members | Mix | MQ 700K 🔥🔥🔝,Telegram,Followers/Subscribers,Telegram- Members/Followers/Subscribers,14.72,0.46,10,200000,No,No,No,USD
12283,Telegram - Channel/Group Members | MQ 100K | RB30 | Non Drop 🔥🔥🔝,Telegram,Followers/Subscribers,Telegram- Members/Followers/Subscribers,14.7744,0.4617,100,300000,No,Yes,No,USD
15521,Telegram - Channel/Group Members | MQ 100K | No Limit | 60 day NonDrop | RB60 🔥🔥🔝,Telegram,Followers/Subscribers,Telegram- Members/Followers/Subscribers,19.2384,0.6012,10,100000,No,Yes,No,USD
14453,Telegram - Members | Mix | MQ 50K | Real | R60 🔥🔥🔝,Telegram,Followers/Subscribers,Telegram- Members/Followers/Subscribers,26.24,0.82,100,500000,No,No,No,USD
24847,Telegram - Members | MQ 300K | High Quality | Cancel Enable | Non Drop | Instant Start | Day 100K | R120,Telegram,Followers/Subscribers,Telegram- Members/Followers/Subscribers,32.1824,1.0057,500,500000,No,Yes,No,USD
21021,Telegram - Members | MQ 200K | 60 Days Non Drop |  SuperFast | Recommended,Telegram,Followers/Subscribers,Telegram- Members/Followers/Subscribers,39.9584,1.2487,500,200000,No,Yes,No,USD
21022,Telegram - Members | MQ 200K | 90 Days Non Drop |  SuperFast | Recommended,Telegram,Followers/Subscribers,Telegram- Members/Followers/Subscribers,44.6592,1.3956,500,200000,No,Yes,No,USD
19081,Telegram - Premium Members + Views | MQ 20K | Speed: 10K/Day | 20-30 Days Non Drop🔥🔥🔝,Telegram,Followers/Subscribers,Telegram- Members/Followers/Subscribers,256.736,8.023,10,20000,No,Yes,No,USD
15982,Telegram Post Views | 1 Post - Ultra Fast - 1M/Day - Cheapest🔥🔥🔝,Telegram,Views/Plays,Telegram - Views,0.0736,0.0023,10,1000000,No,No,No,USD
23471,Telegram - Post View | MQ 50M | Last 1 Post | SuperFast,Telegram,Views/Plays,Telegram - Views,0.1472,0.0046,10,50000000,No,Yes,No,USD
13290,Telegram - Post Views | MQ 100M | Instant 🔥🔥🔝,Telegram,Views/Plays,Telegram - Views,0.1664,0.0052,100,100000000,No,No,No,USD
16926,Telegram - Post Views | MQ 100M | Last 1 Post | Best | Always Working🔥🔥 🔝,Telegram,Views/Plays,Telegram - Views,0.2368,0.0074,50,2147483647,No,No,No,USD
24639,Telegram - Post Views | MQ 500K🔝,Telegram,Views/Plays,Telegram - Views,0.2368,0.0074,10,500000,No,Yes,No,USD
13132,Telegram - Post Views | MQ 10M | 1 Post 🔥🔥🔝,Telegram,Views/Plays,Telegram - Views,0.2368,0.0074,10,500000,No,No,No,USD
15447,Telegram - Post View | MQ 50M | Last 1 Post | Best | Always Working 🔥🔥🔝,Telegram,Views/Plays,Telegram - Views,0.2368,0.0074,10,500000,No,No,No,USD
6499,Telegram - Post Views | MQ 500K | Last 1 Post 🔥🔥🔝,Telegram,Views/Plays,Telegram - Views,0.2912,0.0091,10,500000,No,No,No,USD
22126,Telegram - Post Views | Germany | MQ 500K | Enter Post Link | Instant Starts,Telegram,Views/Plays,Telegram - Views,0.2912,0.0091,100,500000,No,No,No,USD
15972,Telegram - Post View | MQ 100K | Any Post - Non Drop | Instant🔥🔥🔝,Telegram,Views/Plays,Telegram - Views,0.4352,0.0136,10,10000000,No,No,No,USD
15448,Telegram - Post View | MQ 50M | Last 5 Post | Best | Always Working🔥🔥🔝,Telegram,Views/Plays,Telegram - Views,1.3728,0.0429,10,10000000,No,No,No,USD
18129,Telegram - View From Search + Statistic | Russian | MQ 100K | Real view to improve search position🔥🔥🔝,Telegram,Views/Plays,Telegram - Views,1.7184,0.0537,10,200000,No,No,No,USD
18141,Telegram - Auto View From Search + Statistic | Indian | MQ 100K | Real view to improve search position 🔥🔥🔝,Telegram,Views/Plays,Telegram - Views,1.7184,0.0537,10,200000,No,No,No,USD
13134,Telegram - Post Views | MQ 10M | Last 10 Posts 🔥🔥🔝,Telegram,Views/Plays,Telegram - Views,2.2848,0.0714,10,10000000,No,No,No,USD
6501,Telegram - Post Views | MQ 500K | Last 10 Post 🔥🔥🔝,Telegram,Views/Plays,Telegram - Views,2.5312,0.0791,10,10000000,No,No,No,USD
18795,Telegram - Views + Stats | Russian | MQ 100K 🔥🔥🔝,Telegram,Views/Plays,Telegram - Views,3.3824,0.1057,100,100000,No,No,No,USD
5976,Telegram - Post Views | MQ 300K | Last 5 Post 🔥🔥🔝,Telegram,Views/Plays,Telegram - Views,3.9776,0.1243,10,10000000,No,No,No,USD
21031,Telegram - Post View | MQ 10M | Last 50 Post | Best | Always Working,Telegram,Views/Plays,Telegram - Views,11.4016,0.3563,10,10000000,No,Yes,No,USD
23478,Telegram - Post View | MQ 50M | Last 100 Post | SuperFast,Telegram,Views/Plays,Telegram - Views,19.1648,0.5989,10,50000000,No,No,No,USD
13420,Telegram - Auto Reaction | MQ 500K | 👍 ❤️ 🔥 🎉🤩 😁 + Views | 🔥🔥 🔝,Telegram,Views/Plays,Telegram - Reactions,0.4704,0.0147,10,1000000,No,No,No,USD
15582,Telegram - Positive Reaction [👍🤩🎉🔥❤️🥰👏🏻] + Free View | Mix | MQ 1M 🔥🔥🔝,Telegram,Views/Plays,Telegram - Reactions,1.7184,0.0537,500,40000,No,No,No,USD
15403,Telegram - Reactions [🍓] | MQ 100K | Premium | Instant | Lifetime Refill 🔥🔥🔝,Telegram,Likes/Reactions,Telegram - Reactions,2.7872,0.0871,10,200000,No,No,No,USD
13292,Telegram - Post Like (👍) Reaction + Views | | Instant 🔥🔥🔝,Telegram,Views/Plays,Telegram - Reactions,3.7056,0.1158,10,1000000,No,No,No,USD
12310,Telegram - Positive Reactions + Free Views | 👍❤️🔥🎉😁 | MQ 1M | Mixed 🔥🔥 🔝,Telegram,Views/Plays,Telegram - Reactions,4.2976,0.1343,100,1000000,No,No,No,USD
12311,Telegram - Negative Reactions + Free Views | 👎😱💩😢🤮 | MQ 1M | Mixed  🔥🔥🔝,Telegram,Views/Plays,Telegram - Reactions,4.2976,0.1343,100,1000000,No,No,No,USD
12312,Telegram - Reaction + Free Views | 👍 | MQ 1M 🔥🔥🔝,Telegram,Views/Plays,Telegram - Reactions,4.2976,0.1343,100,1000000,No,No,No,USD
12314,Telegram - Reaction + Free Views | ❤️ | MQ 1M 🔥🔥🔝,Telegram,Views/Plays,Telegram - Reactions,4.2976,0.1343,100,1000000,No,Yes,No,USD
12315,Telegram - Reaction + Free Views | MQ 1M | 🔥🔥🔝,Telegram,Views/Plays,Telegram - Reactions,4.2976,0.1343,100,1000000,No,Yes,No,USD
12319,Telegram - Reaction + Free Views | 😁 | MQ 1M 🔥🔥🔝,Telegram,Views/Plays,Telegram - Reactions,4.2976,0.1343,100,1000000,No,Yes,No,USD
14356,Telegram - Positive Reactions 👍🥰🤩👏🏻❤️🔥 | MQ 1M | Speed 100K P/D 🔥🔥🔝,Telegram,Likes/Reactions,Telegram - Reactions,4.3392,0.1356,50,1000000,No,No,No,USD
13446,Telegram - Positive Reactions |👍🥰🤩👏🏻❤️🔥| MQ 1M | Speed 100K/Day🔝,Telegram,Likes/Reactions,Telegram - Reactions,4.3392,0.1356,50,1000000,No,No,No,USD
18806,Telegram - Positive post reactions (👍🤩🎉🔥❤️) | MQ 100K🔥🔥 🔝,Telegram,Likes/Reactions,Telegram - Reactions,4.6112,0.1441,10,300000,No,No,No,USD
19003,Telegram - Positive Reactions | MQ 100K |👍 ❤️ 🔥 🎉🤩 😁)  | Speed 2K P/D🔝,Telegram,Likes/Reactions,Telegram - Reactions,7.6672,0.2396,50,100000,No,No,No,USD
16144,Telegram - Positive reactions(👍🤩🎉🔥🧡) | MQ 100K 🔥🔥 🔝,Telegram,Likes/Reactions,Telegram - Reactions,7.648,0.239,50,100000,No,No,No,USD
16145,Telegram - Negative reactions(👎💩🤮😢😱) | MQ 1M 🔥🔥🔝,Telegram,Likes/Reactions,Telegram - Reactions,7.648,0.239,50,100000,No,No,No,USD
16152,Telegram - Reactions - 🎉| MQ 100K🔥🔥🔝,Telegram,Likes/Reactions,Telegram - Reactions,7.648,0.239,10,100000,No,No,No,USD
16154,Telegram - Reactions - 🤩| MQ 100K🔥🔥 🔝,Telegram,Likes/Reactions,Telegram - Reactions,7.648,0.239,10,100000,No,No,No,USD
15397,Telegram - Reactions [💯] | MQ 100K | Instant | Premium | Lifetime Refill 🔥🔥 🔝,Telegram,Likes/Reactions,Telegram - Reactions,9.6,0.3,10,200000,No,No,No,USD
23361,Telegram - Reactions Negative [👎😢💩🤮🤬 ] | MQ 1M | Non Drop | Lifetime Refill,Telegram,Likes/Reactions,Telegram - Reactions,0.4704,0.0147,10,1000000,No,Yes,No,USD
23335,Telegram - Reactions [👍] | MQ 1M | Non Drop | Instant | Lifetime Refill🔝,Telegram,Likes/Reactions,Telegram - Reactions,0.9408,0.0294,10,1000000,No,Yes,No,USD
23337,Telegram - Reactions [🤝]  | MQ 1M | Non Drop | Instant | Lifetime Refill,Telegram,Likes/Reactions,Telegram - Reactions,0.9408,0.0294,10,1000000,No,Yes,No,USD
23338,Telegram - Reactions [❤️] | MQ 1M | Non Drop | Instant | Lifetime Refill🔝,Telegram,Likes/Reactions,Telegram - Reactions,0.9408,0.0294,10,1000000,No,Yes,No,USD
23339,Telegram - Reactions [🔥] | MQ 1M | Non Drop | Instant | Lifetime Refill🔝,Telegram,Likes/Reactions,Telegram - Reactions,0.9408,0.0294,10,1000000,No,Yes,No,USD
23343,Telegram Reactions [😍] | MQ 1M | Non Drop | Instant | Lifetime Refill🔝,Telegram,Likes/Reactions,Telegram - Reactions,0.9408,0.0294,10,1000000,No,Yes,No,USD
23344,Telegram - Reactions [⚡️] | MQ 1M  | Non Drop | Instant | Lifetime Refill🔝,Telegram,Likes/Reactions,Telegram - Reactions,0.9408,0.0294,10,1000000,No,Yes,No,USD
23345,Telegram - Reactions [🎉] | MQ 1M | Non Drop | Instant | Lifetime Refill🔝,Telegram,Likes/Reactions,Telegram - Reactions,0.9408,0.0294,10,1000000,No,Yes,No,USD
23346,Telegram - Reactions [🤩] | MQ 1M | Non Drop | Instant | Lifetime Refill🔝,Telegram,Likes/Reactions,Telegram - Reactions,0.9408,0.0294,10,1000000,No,Yes,No,USD
23355,Telegram - Reactions [💯] | MQ 1M | Non Drop | Instant | Lifetime Refill🔝,Telegram,Likes/Reactions,Telegram - Reactions,0.9408,0.0294,10,1000000,No,Yes,No,USD
23357,Telegram - Reactions [🍾] | MQ 1M | Non Drop | Instant | Lifetime Refill,Telegram,Likes/Reactions,Telegram - Reactions,0.9408,0.0294,10,1000000,No,Yes,No,USD
23347,Telegram - Reactions [🙏] | MQ 1M | Non Drop | Instant | Lifetime Refill🔝,Telegram,Likes/Reactions,Telegram - Reactions,4.7008,0.1469,10,1000000,No,Yes,No,USD
22360,Telegram - Bot Start | MQ 1M | Accept Referral Code | Mix Countries 🔝,Telegram,Other,Telegram Start Bot [SV1],9.4016,0.2938,50,1000000,No,No,No,USD
22362,Telegram - Bot Start | India | MQ 100K | Accept Referral Code,Telegram,Other,Telegram Start Bot [SV1],9.4016,0.2938,50,100000,No,No,No,USD
22364,Telegram - Bot Start | UK+US | MQ 100K | Accept Referral Code,Telegram,Other,Telegram Start Bot [SV1],9.4016,0.2938,50,100000,No,No,No,USD
22375,Telegram - Bot Start | Russia | Include Static | MQ 1M,Telegram,Other,Telegram Start Bot [SV2],8.9344,0.2792,50,100000,No,Yes,No,USD
22380,Telegram - Bot Start | Turkey | Include Static | MQ 1M🔝,Telegram,Other,Telegram Start Bot [SV2],8.9344,0.2792,50,100000,No,Yes,No,USD
22372,Telegram - Bot Start | Include Static From Search | Mix Countries | MQ 1M,Telegram,Other,Telegram Start Bot [SV2],18.8032,0.5876,50,1000000,No,Yes,No,USD
13291,Telegram - Post Vote/Poll | MQ 300K | Instant 🔥🔥🔝,Telegram,Votes,Telegram - Poll,9.4272,0.2946,10,300000,No,No,No,USD
15613,Facebook - Page Likes+Followers | MQ 200K | Real | Speed 5K-10K P/D | 0-1 Hours | Lifetime 🔥🔥🔝,Facebook,Followers/Subscribers,Facebook - Likes,43.392,1.356,100,200000,No,Yes,No,USD
10036,Facebook - Page Likes+Followers | MQ 200K | Instant | Non Drop | Lifetime 🔥🔥🔝,Facebook,Followers/Subscribers,Facebook - Likes,54.24,1.695,100,5000000,No,Yes,No,USD
16612,Facebook - Video/Reel Views | MQ 1M | 3 Seconds | Speed 100K-500K/Day | SV3🔥🔥🔝,Facebook,Views/Plays,Facebook - Views,4.3392,0.1356,100,10000000,No,No,No,USD
16611,Facebook - Video/Reel Views | MQ 10M | Monetizable | Emergency 🔥🔥🔝,Facebook,Views/Plays,Facebook - Views,6.5088,0.2034,100,20000000,No,No,No,USD
24893,Facebook - Post Likes | MQ 100K | LQ Profiles | Cancel Enable | Instant Start | Day 10K,Facebook,Likes/Reactions,Facebook - Post Likes,14.1024,0.4407,10,500000,No,No,No,USD
24485,Facebook - Post Likes | MQ 50K🔝,Facebook,Likes/Reactions,Facebook - Post Likes,16.656,0.5205,10,50000,No,No,No,USD
20927,Facebook - Post Likes | MQ 100K | Cheapest | Instant | Speed: 10K/Day | R30,Facebook,Likes/Reactions,Facebook - Post Likes,19.9264,0.6227,10,500000,No,No,No,USD
19109,Facebook - Post Like | MQ 50K | Instant | Speed 20K/Day 🔥🔥🔝,Facebook,Likes/Reactions,Facebook - Post Likes,47.008,1.469,50,20000,No,No,No,USD
14099,Facebook - Post Likes | MQ 40K | No Drop | Instant | R30 🔥🔥🔝,Facebook,Likes/Reactions,Facebook - Post Likes,135.6,4.2375,10,40000,No,No,No,USD
2630,Facebook - Post/Photo Likes | MQ 20K | Instant |10mins Complete 🔥🔥🔝,Facebook,Likes/Reactions,Facebook - Post Likes,141.024,4.407,10,200000,No,No,No,USD
6792,Facebook - Post Likes | MQ 1K | Speed 2K P/D | Non Drop | HQ | Real🔥🔥🔝,Facebook,Likes/Reactions,Facebook - Post Likes,141.024,4.407,10,30000,No,No,No,USD
3052,Facebook - Post/Photo Likes | MQ 40K | Speed 5K P/H | Instant | No Drop 🔥🔥🔝,Facebook,Likes/Reactions,Facebook - Post Likes,150.064,4.6895,10,400000,No,No,No,USD
6321,Facebook - Post Likes | MQ 2K | Speed 2K P/D | 100% Non Drop |  Real 🔥🔥🔝,Facebook,Likes/Reactions,Facebook - Post Likes,155.488,4.859,10,500000,No,No,No,USD
2691,Facebook - Post/Photo Likes | MQ 50K | Speed 5K P/D | Instant | Recommended |  Real 🔥🔥🔝,Facebook,Likes/Reactions,Facebook - Post Likes,162.72,5.085,50,10000,No,No,No,USD
16916,Facebook - Live Stream Views | MQ 20K | Stay for 15 minutes 🔥🔥🔝,Facebook,Live Stream Viewers,Facebook - Live Stream,31.8944,0.9967,10,30000,No,No,No,USD
24050,Facebook - Live Stream Views | MQ 100K | 100% Concurrent | 60 Minutes,Facebook,Live Stream Viewers,Facebook - Live Stream,63.6416,1.9888,20,10000,No,No,No,USD
20116,Facebook - Live Stream | MQ 30K | Stay 60 Min | Instant 🔝,Facebook,Live Stream Viewers,Facebook - Live Stream,120.7744,3.7742,30,30000,No,Yes,No,USD
20117,Facebook - Live Stream | MQ 30K | Stay 90 Min | Instant 🔝,Facebook,Live Stream Viewers,Facebook - Live Stream,181.1616,5.6613,30,30000,No,Yes,No,USD
23010,Facebook - Live Stream Views | MQ 10K | 100% Concurrent | 180 Minutes,Facebook,Live Stream Viewers,Facebook - Live Stream,286.3872,8.9496,10,30000,No,No,No,USD
21930,Facebook Live - Organic Viewers | MQ 10K | 100% Concurrent | 180 Minutes,Facebook,Live Stream Viewers,Facebook - Live Stream,346.2688,10.8209,10,30000,No,No,No,USD
20120,Facebook - Live Stream | MQ 30K | Stay 180 Min | Instant 🔝,Facebook,Live Stream Viewers,Facebook - Live Stream,362.3232,11.3226,10,30000,No,Yes,No,USD
21933,Facebook Live - Organic Viewers | MQ 10K | 100% Concurrent | 270 Minutes,Facebook,Live Stream Viewers,Facebook - Live Stream,519.4048,16.2314,10,30000,No,No,No,USD
16917,Facebook - Live Stream Views | MQ 20K | Stay for 30 minutes 🔥🔥🔝,Facebook,Live Stream Viewers,Facebook - Live Stream | Cheap,63.3472,1.9796,10,30000,No,No,No,USD
16918,Facebook - Live Stream Views | MQ 20K | Stay for 60 minutes 🔥🔥🔝,Facebook,Live Stream Viewers,Facebook - Live Stream | Cheap,126.2464,3.9452,10,30000,No,No,No,USD
16919,Facebook - Live Stream Views | MQ 20K | Stay for 90 minutes 🔥🔥🔝,Facebook,Live Stream Viewers,Facebook - Live Stream | Cheap,189.5872,5.9246,10,30000,No,No,No,USD
22683,Facebook - Emoticons Post Likes | MQ 500K | Care 🥰 | 100% REAL | Instant | Speed 50K/D | R30,Facebook,Likes/Reactions,Facebook - Reaction,3.1968,0.0999,100,500000,No,No,No,USD
17446,Facebook - Post Reaction | Love | MQ 10K | 0-8 Hour | Speed 500 P/D 🔥🔥🔝,Facebook,Likes/Reactions,Facebook - Reaction,3.568,0.1115,100,100000,No,No,No,USD
23774,Facebook - Post Reaction [ Like 👍 ] | MQ 100K | Cancel Enable | Day 10K🔝,Facebook,Likes/Reactions,Facebook - Reaction,12.2944,0.3842,10,100000,No,No,No,USD
23775,Facebook - Post Reaction [ Love ❤️ ] | MQ 100K  | Cancel Enable | Day 10K,Facebook,Likes/Reactions,Facebook - Reaction,12.2944,0.3842,10,100000,No,No,No,USD
24672,Facebook - Post Reaction | MQ 100K | Love | Cancel Enable | Day 10K🔝,Facebook,Likes/Reactions,Facebook - Reaction,14.464,0.452,10,100000,No,No,No,USD
24585,Facebook - Post Reaction | ❤️ | MQ 50K | HQ Profiles | Cancel Enable | Instant Start | Day 10K🔝,Facebook,Likes/Reactions,Facebook - Reaction,14.8256,0.4633,50,50000,No,No,No,USD
24591,Facebook - Post Reaction | 👍 | MQ 50K | HQ Profiles | Cancel Enable | Instant Start | Day 10K,Facebook,Likes/Reactions,Facebook - Reaction,14.8256,0.4633,50,50000,No,No,No,USD
21041,Facebook - Reactions ❤️ | MQ 100K | Instant | Speed 100-500 P/D 🔝,Facebook,Likes/Reactions,Facebook - Reaction,16.256,0.508,10,500000,No,No,No,USD
21042,Facebook - Reactions 🥰| MQ 100K | Instant | Speed 100-500 P/D,Facebook,Likes/Reactions,Facebook - Reaction,16.256,0.508,10,500000,No,No,No,USD
22341,Facebook - Post Reaction | MQ 500K | Angry | Speed Day 2K,Facebook,Likes/Reactions,Facebook - Reaction,16.256,0.508,10,500000,No,No,No,USD
22673,Facebook - Post Reactions | MQ 100K | Instant | Speed 50K/Day | Like 👍 | R30,Facebook,Likes/Reactions,Facebook - Reaction,16.256,0.508,100,100000,No,No,No,USD
22676,Facebook - Post Reactions | MQ 100K | Instant | Speed 50K/Day | Haha 😂 | R30,Facebook,Likes/Reactions,Facebook - Reaction,16.256,0.508,100,100000,No,No,No,USD
22346,Facebook - Post Reaction | MQ 500K | Like | Speed Day 2K🔝,Facebook,Likes/Reactions,Facebook - Reaction,18.3776,0.5743,50,10000,No,Yes,No,USD
14946,Facebook - Emoticons Post/Photo Likes | Angry🤬 | MQ 1K | 0-1 Hours🔥🔥🔝,Facebook,Likes/Reactions,Facebook - Reaction,39.4624,1.2332,50,100000,No,No,No,USD
20124,Facebook - Post Reactions | Love | MQ 2.5K | Refill &amp; Cancel Enable | Speed 5K P/D | R30🔝,Facebook,Likes/Reactions,Facebook - Reaction,49.9008,1.5594,100,4000,No,No,No,USD
20125,Facebook - Post Reactions | Angry | MQ 2.5K | Refill &amp; Cancel Enable | Speed 5K P/D | R30🔝,Facebook,Likes/Reactions,Facebook - Reaction,49.9008,1.5594,100,4000,No,No,No,USD
20126,Facebook - Post Reactions | Like | MQ 2.5K | Refill &amp; Cancel Enable | Speed 5K P/D | R30🔝,Facebook,Likes/Reactions,Facebook - Reaction,49.9008,1.5594,100,4000,No,No,No,USD
20127,Facebook - Post Reactions | Care | MQ 2.5K | Refill &amp; Cancel Enable | Speed 5K P/D | R30🔝,Facebook,Likes/Reactions,Facebook - Reaction,49.9008,1.5594,100,4000,No,No,No,USD
20128,Facebook - Post Reactions | Wow | MQ 2.5K | Refill &amp; Cancel Enable | Speed 5K P/D | R30🔝,Facebook,Likes/Reactions,Facebook - Reaction,49.9008,1.5594,100,4000,No,No,No,USD
20129,Facebook - Post Reactions | HaHa | MQ 2.5K | Refill &amp; Cancel Enable | Speed 5K P/D | R30🔝,Facebook,Likes/Reactions,Facebook - Reaction,49.9008,1.5594,100,4000,No,No,No,USD
22328,Facebook - Page Followers | MQ 1M | Non Drop | 500k/Day | Life Time Guaranteed 🔝,Facebook,Followers/Subscribers,Facebook - Followers,8.9152,0.2786,100,1000000,No,No,No,USD
22713,Facebook - Followers | MQ 500K | Profile | Page | Non Drop | Speed 1M/Day | R30🔝,Facebook,Followers/Subscribers,Facebook - Followers,8.9152,0.2786,100,100000,No,No,No,USD
20924,Facebook - Page Followers | MQ 100K | Non Drop | Speed 500k/Day | Life Time Guaranteed 🔝,Facebook,Followers/Subscribers,Facebook - Followers,8.9152,0.2786,100,100000,No,No,No,USD
24882,Facebook - Page Followers | MQ 1M | Non Drop | Cancel Enable | Instant Start | Day 50K,Facebook,Followers/Subscribers,Facebook - Followers,23.1424,0.7232,10,500000,No,Yes,No,USD
24884,Facebook - Followers | MQ 5K |  All Type Page &amp; Profile | Non Drop | Cancel Enable | Instant | Day 20K,Facebook,Followers/Subscribers,Facebook - Followers,24.2272,0.7571,10,50000,No,Yes,No,USD
23571,Facebook - Profile Followers | MQ 500K | Non Drop | Day 10K | Cheapest,Facebook,Followers/Subscribers,Facebook - Followers,25.312,0.791,100,500000,No,No,No,USD
24723,Facebook - Followers | Page &amp; Profile | MQ 1M | HQ Profiles | Cancel Enable | Instant Start | Day 100K,Facebook,Followers/Subscribers,Facebook - Followers,26.0352,0.8136,10,1000000,No,Yes,No,USD
15614,Facebook - Followers | MQ 150K | Profile Type Page | Speed 5K P/D | Lifetime Non Drop  🔥🔥🔝,Facebook,Followers/Subscribers,Facebook - Followers,28.928,0.904,100,150000,No,No,No,USD
24889,Facebook - Followers | MQ 500K | All Type Page &amp; Profile | Non Drop | Cancel Enable | Instant | Day 10K,Facebook,Followers/Subscribers,Facebook - Followers,29.6512,0.9266,10,500000,No,No,No,USD
21993,Facebook - Page Followers | MQ 10M | Non Drop | Speed 500K P/D | R30,Facebook,Followers/Subscribers,Facebook - Followers,31.968,0.999,10,1000000,No,Yes,No,USD
23563,Facebook - Page Followers | MQ 1M | Non Drop | Instant Start | Day 50K 🔝,Facebook,Followers/Subscribers,Facebook - Followers,32.544,1.017,10,1000000,No,No,No,USD
24885,Facebook - Page Followers | MQ 1M | HQ Profiles | Cancel Enable | Non Drop | Instant Start | Day 20K | r30,Facebook,Followers/Subscribers,Facebook - Followers,32.544,1.017,10,500000,No,Yes,No,USD
22331,Facebook - Page Likes + Followers | MQ 1M | Any Type Page | Non Drop | Speed 50k-100k/Day | Life Time Guaranteed,Facebook,Followers/Subscribers,Facebook - Followers,41.424,1.2945,50,1000000,No,No,No,USD
22712,Facebook - Page Likes + Followers | MQ 1M | Any Type Page | Non Drop | 50k-100k/Day | Life Time Guaranteed,Facebook,Followers/Subscribers,Facebook - Followers,41.424,1.2945,50,1000000,No,No,No,USD
22715,Facebook - Page Likes + Followers | MQ 1M | Any Type Page | Non Drop | Speed 50k-100k/Day | Life Time Guaranteed 🔝,Facebook,Followers/Subscribers,Facebook - Followers,41.424,1.2945,50,1000000,No,No,No,USD
20931,Facebook - Page Likes + Followers | MQ 100K | Any Type Page | Non Drop | Speed 50k-100k/Day | Life Time Guaranteed 🔝,Facebook,Followers/Subscribers,Facebook - Followers,41.424,1.2945,10,1000000,No,No,No,USD
20728,Facebook - Page Likes + Followers | MQ 100K | Any Type Page | Non Drop | Speed 5k-10k/Day | R30🔝,Facebook,Followers/Subscribers,Facebook - Followers,41.424,1.2945,50,1000000,No,No,No,USD
14956,Facebook - Followers | MQ 500K | 0-30 Minutes🔥🔥🔝,Facebook,Followers/Subscribers,Facebook - Followers,43.1456,1.3483,10,1000000,No,No,No,USD
24891,Facebook - Page Likes + Bonus Followers | MQ 2M | Cancel Enable | Non Drop | Day 50K,Facebook,Followers/Subscribers,Facebook - Followers,46.6464,1.4577,10,1000000,No,No,No,USD
24892,Facebook - Page Likes + Followers | MQ 500K | Cancel Enable | Non Drop | Day 100K | R30,Facebook,Followers/Subscribers,Facebook - Followers,81.36,2.5425,10,500000,No,No,No,USD
10377,Facebook - Photo Likes | MQ 2K | Instant Start and Real Likes | RB30 🔥🔥🔝,Facebook,Likes/Reactions,Facebook - Photo Likes,162.72,5.085,10,55000,No,No,No,USD
22337,Facebook - Custom Comment | MQ 1K | Instant 🔝,Facebook,Comments,Facebook - Others,64.8064,2.0252,5,2000,No,Yes,No,USD
21064,Facebook - Page Review + Custom Comments | MQ 10K | Yes- Recs | 100% Real | Speed : 100-500/Day | R30,Facebook,Views/Plays,Facebook - Others,972.0896,30.3778,10,10000,No,No,No,USD
9125,Worldwide Traffic - MQ 1M | Instant | Direct 🔥🔥🔝,Website Traffic,Website Traffic,Web - Traffic,4.1248,0.1289,1000,1000000,No,No,No,USD
13993,Worldwide Traffic - Direct URL Redirection | MQ 100K | (No Referrer - Direct) [S2] | MQ 10M 🔥🔥🔝,Website Traffic,Website Traffic,Web - Traffic,6.8704,0.2147,500,1000000,No,No,No,USD
13996,Worldwide Traffic | MQ 1M | 100% Redirection from Google (Organic) | MQ 10M🔥🔥🔝,Google,Website Traffic,Web - Traffic,6.8704,0.2147,100,10000000,No,Yes,No,USD
9116,Worldwide - Traffic | MQ 1M | From Social Networks 🔥🔥🔝,Website Traffic,Website Traffic,Web - Traffic,7.216,0.2255,200,10000000,No,No,No,USD
9118,Worldwide Traffic - Commercial | MQ 10M | (Organic Keywords Allowed) | MQ 10M🔥🔥🔝,Website Traffic,Website Traffic,Web - Traffic,7.216,0.2255,200,10000000,No,No,No,USD
9119,Worldwide Traffic - From Search Engines | MQ 1M | (Organic - Keywords Allowed) 🔥🔥🔝,Website Traffic,Website Traffic,Web - Traffic,7.216,0.2255,200,10000000,No,No,No,USD
9120,Choose GEO Target - Redirected Traffic from Google (Organic) | MQ 10M🔥🔥🔝,Google,Website Traffic,Web - Traffic,13.3984,0.4187,200,10000000,No,No,No,USD
9121,Choose GEO Target - Social Networks Traffic (Social) | MQ 10M🔥🔥🔝,Website Traffic,Website Traffic,Web - Traffic,16.4896,0.5153,200,10000000,No,No,No,USD
18706,Whatsapp - Global Channel Member | MQ 1K | 100% Real HQ Premium | No Drop | Speed 1K P/D🔥🔥🔝,Other,Followers/Subscribers,Whatsapp,216.96,6.78,10,3000,No,No,No,USD
20938,LinkedIn - Likes | MQ 10K | High Quality | Real Users | Mixed Gender 🔝,LinkedIn,Likes/Reactions,LinkedIn - AI Growth Package,921.7312,28.8041,5,100000,No,No,No,USD
20944,LinkedIn - Post Reshare | MQ 10K | High Quality | Real Users | Mixed Gender 🔝,LinkedIn,Shares,LinkedIn - AI Growth Package,1240.7936,38.7748,5,100000,No,No,No,USD
21850,Twitch - Live Stream Views | MQ 1K | 60 Minutes | 100% Concurrent | Instant Start 🔝,Twitch,Live Stream Viewers,Twitch - Live Stream Views,63.7888,1.9934,10,10000,No,No,No,USD
21851,Twitch - Live Stream Views | MQ 1K | 120 Minutes | 100% Concurrent | Instant Start 🔝,Twitch,Live Stream Viewers,Twitch - Live Stream Views,122.4704,3.8272,10,10000,No,No,No,USD
21852,Twitch - Live Stream Views | MQ 1K | 180 Minutes | 100% Concurrent | Instant Start,Twitch,Live Stream Viewers,Twitch - Live Stream Views,183.7088,5.7409,10,10000,No,No,No,USD
21854,Twitch - Live Stream Views | MQ 1K | 360 Minutes | 100% Concurrent | Instant Start,Twitch,Live Stream Viewers,Twitch - Live Stream Views,367.4112,11.4816,10,10000,No,No,No,USD
24996,Instagram - Followers | MQ 100K | Old Accounts | Cancel Enable | Low Drop | Instant Start | Day 50K | R365,Instagram,Followers/Subscribers,Instagram Followers [ Old Accounts ] [ Best Price  ] ᴺᴱᵂ,22.3488,0.6984,10,5000000,Yes,Yes,No,USD
24995,Instagram - Followers | MQ 1M | Old Accounts | Cancel Enable | Low Drop | Instant Start | Day 50K | R90,Instagram,Followers/Subscribers,Instagram Followers [ Old Accounts ] [ Best Price  ] ᴺᴱᵂ,27.4816,0.8588,10,1000000,Yes,Yes,No,USD
30234,618 - Cheapest All Link Instagram View [100M][Instant - Superfast],Instagram,Views/Plays,Instagram Video - Tv - Reel View,0.2848,0.0089,100,100000000,No,Yes,No,USD
30235,894 - Instagram View All Link [50M] [Instant / HOUR 500K],Instagram,Views/Plays,Instagram Video - Tv - Reel View,2.4832,0.0776,100,50000000,No,Yes,No,USD
30236,901 - Instagram View All Link [Max : 25M] [Best Service In Market],Instagram,Views/Plays,Instagram Video - Tv - Reel View,3.5456,0.1108,100,25000000,No,Yes,No,USD
25019,Instagram - View + Reach + Impression + Profile Visit | MQ 50M | Instant / 500K P/H,Instagram,Views/Plays,Instagram Video - Tv - Reel View,3.5456,0.1108,100,10000000,No,Yes,No,USD
30237,962 - EMERGENCY - Instagram Video View All Link [100M] [Instant Superfast] 🔥,Instagram,Views/Plays,Instagram Video - Tv - Reel View,4.2528,0.1329,100,100000000,No,Yes,No,USD
30238,1028 - EMERGENCY - Instagram Video View All Link [100M] [Instant Superfast] 🔥,Instagram,Views/Plays,Instagram Video - Tv - Reel View,7.088,0.2215,100,100000000,No,Yes,No,USD
30239,860 - Instagram View All Link [10M] [Instant SUPERFAST],Instagram,Views/Plays,Instagram Video - Tv - Reel View,7.088,0.2215,100,10000000,No,Yes,No,USD
30240,611 - Instagram Views [All Videos] [Start Time: Instant] [Speed: SUPERFAST],Instagram,Views/Plays,Instagram Video - Tv - Reel View,7.088,0.2215,100,100000000,No,Yes,No,USD
30241,986 - Instagram Profil Visit [1M] ⛔,Instagram,Views/Plays,Instagram Save - Impression - Reach - Profil Visit - Share and Others,1.7728,0.0554,10,1000000,No,Yes,No,USD
30242,988 - Instagram Impression [Home] [1M] ⛔,Instagram,Views/Plays,Instagram Save - Impression - Reach - Profil Visit - Share and Others,1.7728,0.0554,10,1000000,No,Yes,No,USD
30243,989 - Instagram Impression [Explore] [1M] ⛔,Instagram,Views/Plays,Instagram Save - Impression - Reach - Profil Visit - Share and Others,1.7728,0.0554,10,1000000,No,Yes,No,USD
30244,990 - Instagram Impression [Home + Explore] [1M] ⛔,Instagram,Views/Plays,Instagram Save - Impression - Reach - Profil Visit - Share and Others,1.7728,0.0554,10,1000000,No,Yes,No,USD
25021,Instagram - Saves | MQ 1M | Instant Superfast,Instagram,Views/Plays,Instagram Save - Impression - Reach - Profil Visit - Share and Others,1.7728,0.0554,10,1000000,No,Yes,No,USD
25023,Instagram - Reach + Impression | MQ 1M,Instagram,Views/Plays,Instagram Save - Impression - Reach - Profil Visit - Share and Others,1.7728,0.0554,10,1000000,No,Yes,No,USD
25024,Instagram - Reach + Impression + Profile Visit | MQ 1M,Instagram,Views/Plays,Instagram Save - Impression - Reach - Profil Visit - Share and Others,1.7728,0.0554,10,10000000,No,No,No,USD
27347,Instagram Share [500K] ⛔,Instagram,Views/Plays,Instagram Save - Impression - Reach - Profil Visit - Share and Others,2.8352,0.0886,100,500000,No,Yes,No,USD
25064,Instagram - Followers | MQ 500K | Old Accounts  | Low Drop | Instant Start | Speed 15K P/D,Instagram,Followers/Subscribers,Instagram Followers [ CHEAP PROVİDER ] ᴺᴱᵂ,21.3344,0.6667,10,500000,No,No,No,USD
25068,Instagram - Followers | MQ 500K | Old Accounts  | Low Drop | Instant Start | Speed 15K P/D | Lifetime,Instagram,Followers/Subscribers,Instagram Followers [ CHEAP PROVİDER ] ᴺᴱᵂ,27.12,0.8475,10,500000,Yes,No,No,USD
25096,Instagram - Followers | MQ 5M | 100% Old Accounts +8 Posts | Cancel Enable | Instant Start | Day 100K | Lifetime,Instagram,Followers/Subscribers,Instagram Followers [ 100% Old Accounts with +8 Post ] ᴺᴱᵂ,30.3744,0.9492,10,5000000,No,No,No,USD
25093,Instagram - Followers | MQ 5M | 100% Old Accounts +8 Posts | Cancel Enable | Instant Start | Day 100K | R60,Instagram,Followers/Subscribers,Instagram Followers [ 100% Old Accounts with +8 Post ] ᴺᴱᵂ,32.544,1.017,10,5000000,No,No,No,USD
25094,Instagram - Followers | MQ 5M | 100% Old Accounts +8 Posts | Cancel Enable | Instant Start | Day 100K | R90,Instagram,Followers/Subscribers,Instagram Followers [ 100% Old Accounts with +8 Post ] ᴺᴱᵂ,34.352,1.0735,10,5000000,No,No,No,USD
25102,Instagram - Followers | MQ 3M | 100% Old Accounts | Cancel Enable | Instant Start | Speed 100K P/D | Lifetime,Instagram,Followers/Subscribers,Instagram Followers [ 100% Old Accounts with +15 Post ] ᴺᴱᵂ,119.328,3.729,10,1000000,No,No,No,USD
25103,Instagram - Video Views | MQ 2.1B | All Link | Cancel Enable | Super Fast Speed,Instagram,Views/Plays,Instagram Video Views [ Cheapest - Best 💫 ] ᴺᴱᵂ,0.0384,0.0012,50,2147483647,No,No,No,USD
25105,Instagram  -Video Views + Impressions + Reach | MQ 2.1B | All Link | Cancel Enable | Super Fast Speed,Instagram,Views/Plays,Instagram Video Views [ Cheapest - Best 💫 ] ᴺᴱᵂ,0.2176,0.0068,10,2147483647,No,No,No,USD
25110,Instagram - Followers | MQ 5M | Old Accounts With Posts | Cancel Enable | Instant Start | Day 500K | R30,Instagram,Followers/Subscribers,Instagram Followers [ 100% Old Accounts +15 Post ] [ All Flag Provider 🌟 ] ᴺᴱᵂ,25.312,0.791,10,1000000,No,No,No,USD
25152,TikTok - Live Stream Views | MQ 50K | 100% Concurrent | Instant Start | 15 Minutes,TikTok,Live Stream Viewers,Tiktok Live Stream Views [ 100% Concurrent ] [ Stable Update ] [ S2 ],195.264,6.102,50,50000,No,Yes,No,USD
25153,TikTok - Live Stream Views | MQ 50K | 100% Concurrent | Instant Start | 30 Minutes,TikTok,Live Stream Viewers,Tiktok Live Stream Views [ 100% Concurrent ] [ Stable Update ] [ S2 ],390.528,12.204,50,50000,No,Yes,No,USD
25154,TikTok - Live Stream Views | MQ 50K | 100% Concurrent | Instant Start | 60 Minutes,TikTok,Live Stream Viewers,Tiktok Live Stream Views [ 100% Concurrent ] [ Stable Update ] [ S2 ],781.056,24.408,50,50000,No,Yes,No,USD
25156,TikTok - Live Stream Views | MQ 50K | 100% Concurrent | Instant Start | 120 Minutes,TikTok,Live Stream Viewers,Tiktok Live Stream Views [ 100% Concurrent ] [ Stable Update ] [ S2 ],1562.112,48.816,50,50000,No,Yes,No,USD
25180,TikTok - Live Stream Views | MQ 100K | 100% Concurrent | 15 Minutes | Stable,TikTok,Live Stream Viewers,Tiktok Live Stream Views [ 100% Concurrent ] [ Stable Update ],10.1248,0.3164,50,100000,No,No,No,USD
25183,TikTok - Live Stream Views | MQ 100K | 100% Concurrent | 60 Minutes | Stable,TikTok,Live Stream Viewers,Tiktok Live Stream Views [ 100% Concurrent ] [ Stable Update ],40.4992,1.2656,50,100000,No,No,No,USD
25184,TikTok - Live Stream Views | MQ 100K | 100% Concurrent | 90 Minutes | Stable,TikTok,Live Stream Viewers,Tiktok Live Stream Views [ 100% Concurrent ] [ Stable Update ],60.7488,1.8984,50,100000,No,No,No,USD
25221,TikTok - Followers | MQ 5M | Real Accounts | Cancel Enable | Instant Start | Day 50K,TikTok,Followers/Subscribers,TikTok Followers [ Stable ✨ ] [ Fast Working ],54.24,1.695,100,5000000,No,No,No,USD
25228,TikTok - Followers | MQ 5M | Real Accounts | Cancel Enable | Instant Start | Day 50K | Lifetime,TikTok,Followers/Subscribers,TikTok Followers [ Stable ✨ ] [ Fast Working ],68.704,2.147,25,5000000,Yes,No,No,USD
25231,TikTok - Live Stream Likes | MQ 2.1B | Unlimited | Instant Start | Day 500K,TikTok,Live Stream Viewers,Tiktok Cheap Services,0.256,0.008,100,2147483647,No,No,No,USD
25256,TikTok - Live Stream Views | MQ 100K | 100% Concurrent | 15 Minutes | Best Speed,TikTok,Live Stream Viewers,TikTok Live Stream Views [ VIP - Stable ] → 𝐅𝐀𝐒𝐓𝐄𝐒𝐓 𝐈𝐍 𝐓𝐇𝐄 𝐌𝐀𝐑𝐊𝐄𝐓 🚀,13.0176,0.4068,100,100000,No,No,No,USD
25257,TikTok - Live Stream Views | MQ 100K | 100% Concurrent | 30 Minutes | Best Speed,TikTok,Live Stream Viewers,TikTok Live Stream Views [ VIP - Stable ] → 𝐅𝐀𝐒𝐓𝐄𝐒𝐓 𝐈𝐍 𝐓𝐇𝐄 𝐌𝐀𝐑𝐊𝐄𝐓 🚀,26.0352,0.8136,100,100000,No,No,No,USD
25259,TikTok - Live Stream Views | MQ 100K | 100% Concurrent | 60 Minutes | Best Speed,TikTok,Live Stream Viewers,TikTok Live Stream Views [ VIP - Stable ] → 𝐅𝐀𝐒𝐓𝐄𝐒𝐓 𝐈𝐍 𝐓𝐇𝐄 𝐌𝐀𝐑𝐊𝐄𝐓 🚀,52.0704,1.6272,100,100000,No,No,No,USD
25260,TikTok - Live Stream Views | MQ 100K | 100% Concurrent | 90 Minutes | Best Speed,TikTok,Live Stream Viewers,TikTok Live Stream Views [ VIP - Stable ] → 𝐅𝐀𝐒𝐓𝐄𝐒𝐓 𝐈𝐍 𝐓𝐇𝐄 𝐌𝐀𝐑𝐊𝐄𝐓 🚀,78.1056,2.4408,100,100000,No,No,No,USD
25269,TikTok - Video Views | MQ 2.1B | HQ | Cancel Enable | Non Drop | Instant Start | Day 500M,TikTok,Views/Plays,TikTok Views Services [ Refill Button Working ] ᴺᴱᵂ,0.2912,0.0091,50,2147483647,No,No,No,USD
25270,TikTok - Video Views | MQ 2.1B | HQ | Cancel Enable | Non Drop | Instant Start | Day 500M | R30,TikTok,Views/Plays,TikTok Views Services [ Refill Button Working ] ᴺᴱᵂ,0.3264,0.0102,50,2147483647,No,No,No,USD
25272,TikTok - Video Views | MQ 2.1B | HQ | Cancel Enable | Non Drop | Instant Start | Day 500M | Lifetime,TikTok,Views/Plays,TikTok Views Services [ Refill Button Working ] ᴺᴱᵂ,0.4,0.0125,50,2147483647,No,No,No,USD
25284,TikTok - Likes | MQ 1M | LQ Accounts | Cancel Enable | Instant Start | Day 50K,TikTok,Likes/Reactions,Tiktok Likes [ LQ Accounts / Day 50K 🚀 ] ᴺᴱᵂ,0.9792,0.0306,10,1000000,No,No,No,USD
25285,TikTok - Likes | MQ 1M | LQ Accounts | Cancel Enable | Instant Start | Day 50K | R30,TikTok,Likes/Reactions,Tiktok Likes [ LQ Accounts / Day 50K 🚀 ] ᴺᴱᵂ,0.9952,0.0311,10,1000000,Yes,No,No,USD
25288,TikTok - Likes | MQ 1M | LQ Accounts | Cancel Enable | Instant Start | Day 50K | R365,TikTok,Likes/Reactions,Tiktok Likes [ LQ Accounts / Day 50K 🚀 ] ᴺᴱᵂ,1.0496,0.0328,10,1000000,Yes,No,No,USD
25290,TikTok - Live Stream Views | MQ 100K | 100% Concurrent | 15 Minutes | Stable,TikTok,Live Stream Viewers,Tiktok Live Stream Views [ 100% Concurrent ] [ Stable ] ✨,14.464,0.452,50,100000,No,No,No,USD
25292,TikTok - Live Stream Views | MQ 100K | 100% Concurrent | 60 Minutes | Stable,TikTok,Live Stream Viewers,Tiktok Live Stream Views [ 100% Concurrent ] [ Stable ] ✨,57.856,1.808,50,100000,No,No,No,USD
25298,TikTok - Likes | MQ 500K | HQ Profiles | Cancel Enable | Ultra Fast | Instant Start | Day 100K | 1 Min Complete,TikTok,Likes/Reactions,Tiktok Likes [ 1 Minutes Completed ],1.6288,0.0509,10,500000,No,No,No,USD
25299,TikTok - Likes | MQ 500K | HQ Profiles | Cancel Enable | Ultra Fast | Instant Start | Day 100K | 1 Min Complete | R30,TikTok,Likes/Reactions,Tiktok Likes [ 1 Minutes Completed ],1.7376,0.0543,10,500000,Yes,No,No,USD
25300,TikTok - Likes | MQ 500K | HQ Profiles | Cancel Enable | Ultra Fast | Instant Start | Day 100K | 1 Min Complete | R365,TikTok,Likes/Reactions,Tiktok Likes [ 1 Minutes Completed ],1.808,0.0565,10,500000,Yes,No,No,USD
25301,TikTok - Likes | MQ 500K | HQ Profiles | Cancel Enable | Ultra Fast | Instant Start | Day 100K | 1 Min Complete | Lifetime,TikTok,Likes/Reactions,Tiktok Likes [ 1 Minutes Completed ],1.8816,0.0588,10,500000,Yes,No,No,USD
25302,TikTok - Live Stream Views | MQ 50K | 15 Minutes,TikTok,Live Stream Viewers,TikTok Live Stream Views [ 𝐂𝐇𝐄𝐀𝐏𝐄𝐒𝐓 ],203.4016,6.3563,50,50000,No,Yes,No,USD
25314,TikTok - Likes | MQ 10M | Real &amp; Bot Profiles | Cancel Enable | Instant Start | Day 100K,TikTok,Likes/Reactions,Tiktok Likes [ Cheapest Fast✨ ] ᴺᴱᵂ,1.1584,0.0362,10,10000000,No,No,No,USD
25316,TikTok - Likes | MQ 10M | Real &amp; Bot Profiles | Cancel Enable | Instant Start | Day 100K | R365,TikTok,Likes/Reactions,Tiktok Likes [ Cheapest Fast✨ ] ᴺᴱᵂ,1.232,0.0385,10,10000000,Yes,No,No,USD
25322,TikTok - Followers | MQ 500K | HQ Real Accounts | Cancel Enable | Low Drop | Instant Start | Day 50K,TikTok,Followers/Subscribers,TikTok Followers [ Fast Speed ] ᴺᴱᵂ,57.856,1.808,10,500000,No,No,No,USD
25325,TikTok - Followers | MQ 1M | HQ Real Accounts | Cancel Enable | Low Drop | Instant Start | Day 50K | R365,TikTok,Followers/Subscribers,TikTok Followers [ Fast Speed ] ᴺᴱᵂ,108.48,3.39,10,1000000,Yes,Yes,No,USD
25327,TikTok - Likes | MQ 500K | Real &amp; Bot Profiles | Cancel Enable | Instant Start | Day 50K,TikTok,Likes/Reactions,Tiktok Likes [ High Quality ],1.7024,0.0532,10,500000,No,Yes,No,USD
25328,TikTok - Likes | MQ 500K | Real &amp; Bot Profiles | Cancel Enable | Instant Start | Day 50K | R30,TikTok,Likes/Reactions,Tiktok Likes [ High Quality ],1.7376,0.0543,10,500000,Yes,Yes,No,USD
25329,TikTok - Likes | MQ 500K | Real &amp; Bot Profiles | Cancel Enable | Instant Start | Day 50K | R60,TikTok,Likes/Reactions,Tiktok Likes [ High Quality ],1.7728,0.0554,10,500000,Yes,Yes,No,USD
25333,TikTok - Likes | MQ 5M | LQ Profiles | Cancel Enable | Instant Start | Day 20K,TikTok,Likes/Reactions,Tiktok Services [ Stable Services ],1.248,0.039,10,5000000,No,No,No,USD
25337,TikTok - Likes | MQ 5M | Real and Bot Profiles | Cancel Enable | Instant Start | Day 20K,TikTok,Likes/Reactions,TikTok Services [ Cheapest ✨ ] ᴺᴱᵂ,1.2128,0.0379,10,5000000,No,No,No,USD
25340,TikTok - Likes | MQ 5M | HQ + Real | Cancel Enable | Non Drop | Instant | Day 200K,TikTok,Likes/Reactions,TikTok Likes [ ULTRAFAST SPEED 💫 ],2.7136,0.0848,10,5000000,No,No,No,USD
25341,TikTok - Likes | MQ 5M | HQ + Real | Cancel Enable | Non Drop | Instant | Day 200K | R30,TikTok,Likes/Reactions,TikTok Likes [ ULTRAFAST SPEED 💫 ],2.9312,0.0916,10,5000000,Yes,No,No,USD
25343,TikTok - Saves | MQ 5M | HQ + Real | Cancel Enable | Non Drop | Instant | Day 500K | Lifetime,TikTok,Shares,TikTok Saves/Shares [ Cheapest ] ᴺᴱᵂ,0.3616,0.0113,10,2147483647,No,No,No,USD
25358,TikTok - Pk Battle Points  | MQ 100M | Non-Drop | Instant Start | 300M/Day,TikTok,Other,TikTok Pk Battle [ Cheapest ✨ ] ᴺᴱᵂ,4.16,0.13,500,1000000000,No,No,No,USD
25359,TikTok - PK Battle Points | MQ 500M | Non Drop | Instant Start,TikTok,Other,TikTok Pk Battle [ Cheapest ✨ ] ᴺᴱᵂ,4.3392,0.1356,100,2147483647,No,No,No,USD
25371,TikTok - Likes | MQ 1M | 100% Real Account | Cancel Enable | Instant Start | 20K per Hour | 3 Min Complete | Lifetime,TikTok,Followers/Subscribers,Tiktok Followers [ WORKİNG Best 🌟 ] ᴺᴱᵂ,1.5936,0.0498,10,10000000,Yes,No,No,USD
25373,TikTok - Video Save | MQ 1M | Start: 0-10 Minutes | Day 50K | R30,TikTok,Followers/Subscribers,Tiktok Followers [ WORKİNG Best 🌟 ] ᴺᴱᵂ,1.808,0.0565,100,2147483647,No,Yes,No,USD
25384,TikTok - Followers | Brazil | MQ 10M | 100% Brazilian Profiles | Cancel Enable | Drop 0-2% | Day 100K,TikTok,Followers/Subscribers,TikTok Followers [ Brazil 🇧🇷 ] [ 100% Stable ] ᴺᴱᵂ,41.2224,1.2882,10,10000000,No,Yes,No,USD
25385,TikTok - Followers | Brazil | MQ 1M | 100% Brazilian Profiles | Cancel Enable | Drop 0-2% | Day 100K,TikTok,Followers/Subscribers,TikTok Followers [ Brazil 🇧🇷 ] [ 100% Stable ] ᴺᴱᵂ,43.392,1.356,10,1000000,Yes,Yes,No,USD
25396,TikTok - Video Share | MQ 100K | Days 100K | R30,TikTok,Shares,Tiktok [ Recommended Services ] ᴺᴱᵂ,1.232,0.0385,10,100000,No,Yes,No,USD
25395,TikTok - Likes | MQ 1M | LQ Profiles | Instant Start | Day 20K,TikTok,Likes/Reactions,Tiktok [ Recommended Services ] ᴺᴱᵂ,1.52,0.0475,10,1000000,No,No,No,USD
25397,TikTok - Video Save | MQ 1M | Day 100K | R30,TikTok,Saves,Tiktok [ Recommended Services ] ᴺᴱᵂ,2.1696,0.0678,10,10000000,No,Yes,No,USD
25401,TikTok - Comment Likes | MQ 100K | Real HQ Profiles | Ultra Fast | Day 10K | R30,TikTok,Likes/Reactions,Tiktok [ Recommended Services ] ᴺᴱᵂ,8.3168,0.2599,10,1000000,No,Yes,No,USD
25393,TikTok - Followers | MQ 1M | 100% Real Account | Cancel Enable | Instant Start | Day 100K,TikTok,Followers/Subscribers,Tiktok [ Recommended Services ] ᴺᴱᵂ,48.816,1.5255,10,1000000,No,Yes,No,USD
26712,Instagram - Share | MQ 10M | Instant | Super Fast Completed | Lifetime,Instagram,Shares,NEW SERVICES,0.4,0.0125,10,10000000,Yes,Yes,No,USD
27335,Instagram Brazil Likes [No Drop] [R30] [10-20K/D] [0-1/H],Instagram,Likes/Reactions,NEW SERVICES,12.0512,0.3766,10,20000,No,No,No,USD
27336,Instagram Brazil Followers [All Flags] [Very Low Drop] [R30] [5-10K/D] [0-1/H][50K],Instagram,Followers/Subscribers,NEW SERVICES,79.3792,2.4806,10,20000,No,No,No,USD
25427,TikTok - Likes + Views | Brazil | MQ 1M | 100% Real Profiles | Cancel Enable | Non Drop | Day 100K,TikTok,Views/Plays,Tiktok Brazil 🇧🇷 Services [ Cheapest ] ᴺᴱᵂ,3.9776,0.1243,10,1000000,No,Yes,No,USD
25437,TikTok - Live Stream Views | MQ 50K | 15 Minutes,TikTok,Live Stream Viewers,TikTok Live Stream Views ᴺᴱᵂ,198.88,6.215,100,50000,No,Yes,No,USD
25447,TikTok - Video Views | MQ 2.1B | Instant Start | Day 10M | Cheap,TikTok,Views/Plays,Tiktok Video Views [ Cheapest ] ᴺᴱᵂ,0.2912,0.0091,100,2147483647,No,No,No,USD
25449,TikTok - Video Views | MQ 100M | Day 10M | 1 Min Complete,TikTok,Views/Plays,Tiktok Video Views [ Cheapest ] ᴺᴱᵂ,0.7232,0.0226,100,2147483647,No,No,No,USD
25452,TikTok - Video Views | MQ 2.1B | Instant Start | Day 10M | Ultra Fast,TikTok,Views/Plays,Tiktok Services [Main Provider VIP],0.3008,0.0094,100,2147483647,No,No,No,USD
25455,TikTok - Video Views | MQ 2.1B | Instant Start | Day 10M | Ultra Fast,TikTok,Followers/Subscribers,Tiktok Followers ᴾᴿᴼⱽᴵᴰᴱᴿ 🔱 ᴺᴱᵂ,0.3616,0.0113,100,2147483647,No,No,No,USD
25458,TikTok - Live Stream Views | MQ 100K | Always Works | 15 Minutes,TikTok,Live Stream Viewers,TikTok Live Stream Views [ Cheapest STABLE ] ᴺᴱᵂ,198.88,6.215,50,100000,No,Yes,No,USD
25484,TikTok - Followers | MQ 100K | LQ Profiles | Instant Start | Day 50K,TikTok,Followers/Subscribers,Tiktok Followers [ Working ] ᴺᴱᵂ,86.784,2.712,10,100000,No,No,No,USD
25519,TikTok - Followers | Brazil | MQ 5M | Super Instant | Speed: 10K/Day | Quality High,TikTok,Followers/Subscribers,Tiktok Followers [ Targeted ],37.968,1.1865,10,1000000,No,No,No,USD
25613,TikTok - Likes | Turkey | MQ 500K | Super Instant  | Speed 10K/Day | Quality High,TikTok,Likes/Reactions,Tiktok Likes [ Targeted ],5.424,0.1695,10,500000,No,No,No,USD
25624,TikTok - Likes | Mexico | MQ 500K | Super Instant  | Speed 10K/Day | Quality High,TikTok,Likes/Reactions,Tiktok Likes [ Targeted ],5.424,0.1695,10,500000,No,No,No,USD
25646,TikTok - Likes | Spain | MQ 500K | Super Instant  | Speed 10K/Day | Quality High,TikTok,Likes/Reactions,Tiktok Likes [ Targeted ],5.424,0.1695,10,500000,No,No,No,USD
25673,TikTok - Likes | Turkey | MQ 500K | Super Instant  | Speed: 10K/Day | Quality High | R365,TikTok,Likes/Reactions,Tiktok Likes [ Targeted ] [ Guaranteedd ],6.1472,0.1921,10,500000,No,No,No,USD
25685,TikTok - Likes | Nigeria | MQ 500K | Super Instant | Speed: 10K/Day | Quality High | R365,TikTok,Likes/Reactions,Tiktok Likes [ Targeted ] [ Guaranteedd ],6.1472,0.1921,10,500000,Yes,No,No,USD
25701,TikTok - Likes | Saudi Arabia | MQ 500K | Super Instant | Speed: 10K/Day | Quality High | R365,TikTok,Likes/Reactions,Tiktok Likes [ Targeted ] [ Guaranteedd ],6.1472,0.1921,10,500000,Yes,No,No,USD
25720,TikTok - Likes | Peru | MQ 500K | Super Instant | Speed: 10K/Day | Quality High | R365,TikTok,Likes/Reactions,Tiktok Likes [ Targeted ] [ Guaranteedd ],6.1472,0.1921,10,500000,Yes,No,No,USD
25795,TikTok - Video Views | MQ 2.1B | Ultra Fast | 0-10 Min | 100M/Day,TikTok,Views/Plays,Tiktok Video Views,0.7232,0.0226,100,2147483647,No,No,No,USD
25794,TikTok - Video Views | MQ 2.1B | Ultra Fast | 0-10 Min | 50M/Day,TikTok,Views/Plays,Tiktok Video Views,0.8704,0.0272,100,2147483647,No,No,No,USD
25801,TikTok - Video Saves | MQ 2.1B | Cancel Enable | Speed: 80K/Day | R30,TikTok,Saves,TikTok Save,2.1696,0.0678,10,2147483647,No,Yes,No,USD
25803,TikTok - Video Shares | MQ 10M | No-Drop | Super Fast | 0-10 Minute | R30,TikTok,Shares,TikTok Share,3.0752,0.0961,10,1000000,No,Yes,No,USD
25820,TikTok - Story Views | World Wide | MQ 1M | HQ+Real | Cancel Enable | Day 10K,TikTok,Views/Plays,Tiktok Story Services,4.3392,0.1356,10,10000000,No,Yes,No,USD
25831,TikTok - Comment Likes | MQ 100K | Start Time: 5 Min | Speed: 50K/Day | R30,TikTok,Likes/Reactions,TikTok Comment Like,5.424,0.1695,50,1000000,Yes,No,No,USD
25833,TikTok - Followers | MQ 500K | HQ Profiles | Non Drop | Day 50K | VIP Service | R30,TikTok,Followers/Subscribers,Tiktok Followers 𝐕𝐈𝐏 𝐒𝐄𝐑𝐕𝐈𝐂𝐄 ✨[ %100 STABIL ],166.336,5.198,10,500000,Yes,Yes,No,USD
25872,TikTok - Live PK Battle Points | MQ 1M | No-Drop | Ultra Fast,TikTok,Likes/Reactions,TikTok Live Services [Likes - PK Points - Shares - Comments],5.6064,0.1752,100,1000000,No,No,No,USD
25873,TikTok - Live PK Battle Points | MQ 20M | No-Drop | Ultra Fast,TikTok,Likes/Reactions,TikTok Live Services [Likes - PK Points - Shares - Comments],8.1376,0.2543,100,20000000,No,No,No,USD
25877,TikTok - Live Stream Views | Real | MQ 250K | 15 Minute | 250K | No-Drop | UltraFast,TikTok,Live Stream Viewers,TikTok Live Stream Views [REAL],21.696,0.678,100,250000,No,No,No,USD
25878,TikTok - Live Stream Views | Real | MQ 250K | 30 Minute | 250K | No-Drop | UltraFast,TikTok,Live Stream Viewers,TikTok Live Stream Views [REAL],43.392,1.356,100,250000,No,No,No,USD
25880,TikTok - Live Stream Views | Real | MQ 250K | 90 Minute | 250K | No-Drop | UltraFast,TikTok,Live Stream Viewers,TikTok Live Stream Views [REAL],129.0912,4.0341,100,250000,No,No,No,USD
25932,TikTok - Live Stream Views | Arab | 15 Minute | MQ 250K | No-Drop | Ultra Fast,TikTok,Live Stream Viewers,Tiktok Live Stream Views [TARGETED] [ARAB],36.16,1.13,100,250000,No,No,No,USD
25966,TikTok - Video Views | MQ 2.1B | Min 100 | Cancel Enable | Ultra Fast | Day 10M | Cheap,TikTok,Views/Plays,Tiktok Views ᴺᴱᵂ,0.2912,0.0091,100,2147483647,No,No,No,USD
25967,TikTok - Video Views | MQ 2.1B | Cancel Enable | Instant Start | Day 10M,TikTok,Views/Plays,Tiktok Views ᴺᴱᵂ,0.2944,0.0092,100,2147483647,No,No,No,USD
25968,TikTok - Video Views | MQ 2.1B | Cancel Enable | Instant Start | Day 10M | Cheap,TikTok,Views/Plays,Tiktok Views ᴺᴱᵂ,0.2976,0.0093,100,2147483647,No,No,No,USD
25969,TikTok - Video Views | MQ 2.1B | Instant Start | Day 10M | Best,TikTok,Views/Plays,Tiktok Views ᴺᴱᵂ,0.3008,0.0094,100,2147483647,No,No,No,USD
25970,TikTok - Video Views | MQ 2.1B | Cancel Enable | Instant Start | Day 10M | Cheap,TikTok,Views/Plays,Tiktok Views ᴺᴱᵂ,0.304,0.0095,100,2147483647,No,No,No,USD
25986,TikTok - Video Views | MQ 2.1B | Cancel Enable | Instant Start | Day 10M  | Cheap,TikTok,Views/Plays,Tiktok Views ᴺᴱᵂ,0.32,0.01,500,2147483647,No,No,No,USD
25976,TikTok - Video Views | MQ 2.1B | Min 100 | Instant Start | Day 10M,TikTok,Views/Plays,Tiktok Views ᴺᴱᵂ,0.3264,0.0102,100,2147483647,No,No,No,USD
25988,TikTok - Video Views | MQ 2.1B | Min 100 | Cancel Enable | Instant Start | Day 10M | Cheap,TikTok,Views/Plays,Tiktok Views ᴺᴱᵂ,0.3264,0.0102,100,2147483647,No,No,No,USD
25991,TikTok - Video Views | MQ 2.1B | Instant Start | Day 10M | Cheap | Ultra Fast,TikTok,Views/Plays,TikTok Views [EMERGENCY] ᴺᴱᵂ,0.2912,0.0091,100,2147483647,No,No,No,USD
25997,TikTok - Video Views | MQ 2.1B | 0-1 Min | Speed 5M/day | Lifetime,TikTok,Views/Plays,Tiktok Views [Guaranteed ♻️],0.4704,0.0147,100,2147483647,No,No,No,USD
25998,TikTok - Video Views | MQ 2.1B | Superfast | 0-1 Min | Speed 10M/day | Unlimited | R30,TikTok,Views/Plays,Tiktok Views [Guaranteed ♻️],0.4704,0.0147,100,2147483647,No,No,No,USD
25999,TikTok - Video Views | MQ 2.1B | 0-1 Min | Speed 5M/day | R365,TikTok,Views/Plays,Tiktok Views [Guaranteed ♻️],0.4704,0.0147,50,2147483647,No,No,No,USD
26000,TikTok - Video Views | MQ 2.1B | 0-1 Min | Speed 5M/day | Lifetime,TikTok,Views/Plays,Tiktok Views [Guaranteed ♻️],0.4704,0.0147,100,2147483647,No,No,No,USD
26001,TikTok - Video Views | MQ 2.1B | Superfast | 0-1 Min | Speed 500M/day,TikTok,Views/Plays,Tiktok Views [Guaranteed ♻️],0.4704,0.0147,100,2147483647,No,No,No,USD
26002,TikTok - Video Views | MQ 2.1B | Superfast | 0-1 Min | Speed 10M/day | Unlimited,TikTok,Views/Plays,Tiktok Views [Guaranteed ♻️],0.4704,0.0147,100,2147483647,No,No,No,USD
26003,TikTok - Followers | MQ 10M | HQ &amp; Profiles With Photo | Cancel Enable | Instant Start | Day 100K | Best,TikTok,Followers/Subscribers,TikTok Followers [CHEAP] ᴺᴱᵂ,40.4992,1.2656,50,10000000,No,Yes,No,USD
26013,TikTok - Followers | MQ 100K | 100% Real Account | Instant Start | Day 100K,TikTok,Followers/Subscribers,TikTok Followers [CHEAP] ᴺᴱᵂ,40.8608,1.2769,10,100000,No,Yes,No,USD
26006,TikTok - Followers | MQ 1M | 100% Real Account | Instant Start | Day 100K | 5 Min Complete,TikTok,Followers/Subscribers,TikTok Followers [CHEAP] ᴺᴱᵂ,42.6688,1.3334,10,1000000,No,Yes,No,USD
26005,TikTok - Followers | MQ 1M | HQ Real People | Cancel Enable | Instant Start | Day 100K,TikTok,Followers/Subscribers,TikTok Followers [CHEAP] ᴺᴱᵂ,48.816,1.5255,10,1000000,No,Yes,No,USD
26059,TikTok - Followers | MQ 100K | 100% Real Accounts | Super Instant | Speed : 30K/Day | Fast Completed,TikTok,Followers/Subscribers,TikTok Followers [Real Account] ᴺᴱᵂ,43.392,1.356,10,100000,No,Yes,No,USD
26066,TikTok - Followers | MQ 100K | 100% Real Accounts | Super Instant | Speed : 50K/Day | Fast Completed | R30,TikTok,Followers/Subscribers,TikTok Followers [Real Account] ᴺᴱᵂ,48.0928,1.5029,10,100000,Yes,Yes,No,USD
26161,TikTok - Followers | MQ 10M | HQ &amp; Profiles With Photo | Cancel Enable | Instant Start | Day 100K | R365,TikTok,Followers/Subscribers,TikTok Followers [365 Days Guaranteed ♻️] ᴺᴱᵂ,47.008,1.469,10,10000000,Yes,Yes,No,USD
26172,TikTok - Followers | MQ 10M | HQ &amp; Profiles With Photo | Cancel Enable | Instant Start | Lifetime Day 100K |,TikTok,Followers/Subscribers,TikTok Followers [Lifetime Guaranteed ♻️] ᴺᴱᵂ,48.4544,1.5142,10,10000000,Yes,Yes,No,USD
26176,TikTok - Followers | MQ 1M | HQ Real People | Cancel Enable | Instant Start | Day 100K | Lifetime,TikTok,Followers/Subscribers,TikTok Followers [Lifetime Guaranteed ♻️] ᴺᴱᵂ,54.24,1.695,10,1000000,Yes,No,No,USD
26179,TikTok - Followers | MQ 1M | 100% Real Accounts | Super Instant | Speed : 100K/Day | Lifetime | 1 Min Completed,TikTok,Followers/Subscribers,TikTok Followers [Lifetime Guaranteed ♻️] ᴺᴱᵂ,72.32,2.26,10,1000000,Yes,Yes,No,USD
26180,TikTok - Followers | Brazil | MQ 10M | 100% Real Brazilian Accounts | Cancel Enable |  Instant Start | Day 50K,TikTok,Followers/Subscribers,TikTok Followers [ Brazil 🇧🇷 ],40.32,1.26,10,10000000,No,Yes,No,USD
26182,TikTok - Followers | Brazil | MQ 10M | 100% Real Brazilian Accounts | Cancel Enable | Instant Start | Day 50K | R90,TikTok,Followers/Subscribers,TikTok Followers [ Brazil 🇧🇷 ],42.6688,1.3334,10,10000000,Yes,Yes,No,USD
26188,TikTok - Followers | Saudi Arabia | MQ 1M | HQ Accounts | Cancel Enable | Low Drop | Day 100K | R60,TikTok,Followers/Subscribers,Tiktok Followers [ Saudi Arabia 🇸🇦 ] ᴺᴱᵂ,42.6688,1.3334,10,1000000,Yes,Yes,No,USD
26191,TikTok - Followers | Saudi Arabia | MQ 1M | HQ Accounts | Cancel Enable | Low Drop | Day 100K | Lifetime,TikTok,Followers/Subscribers,Tiktok Followers [ Saudi Arabia 🇸🇦 ] ᴺᴱᵂ,47.008,1.469,10,1000000,Yes,Yes,No,USD
26192,TikTok - Followers | Pakistan | MQ 500K | HQ Accounts | Cancel Enable | Low Drop | Day 100K,TikTok,Followers/Subscribers,Tiktok Followers [ Pakistan 🇵🇰 ]  ᴾᴿᴼⱽᴵᴰᴱᴿ,49.9008,1.5594,10,500000,No,No,No,USD
26221,TikTok - Likes | MQ 10M | LQ Profiles | Instant Start | Day 30K,TikTok,Likes/Reactions,TikTok Likes [CHEAP] ᴺᴱᵂ,1.2768,0.0399,10,10000000,No,No,No,USD
26219,TikTok - Likes | MQ 10M | HQ Profiles | Cancel Enable | Instant | Day 50K | Fast,TikTok,Likes/Reactions,TikTok Likes [CHEAP] ᴺᴱᵂ,2.1696,0.0678,10,10000000,No,No,No,USD
26226,TikTok - Likes | MQ 100M | HQ + Real | Cancel Enable | Non Drop | Instant | Day 50K | 1 Min Completed,TikTok,Likes/Reactions,TikTok Likes [CHEAP] ᴺᴱᵂ,2.2784,0.0712,10,100000000,No,No,No,USD
26249,TikTok - Likes | MQ 10M  | 100% Real Account | Cancel Enable | Instant Start | 5K per P/H,TikTok,Likes/Reactions,TikTok Likes [Real Account] ᴺᴱᵂ,2.5312,0.0791,10,10000000,No,No,No,USD
26238,TikTok - Likes | MQ 1M | 100% Real Profiles | Cancel Enable | Non Drop | Day 100K | Fast,TikTok,Likes/Reactions,TikTok Likes [Real Account] ᴺᴱᵂ,3.9776,0.1243,10,1000000,No,Yes,No,USD
26234,TikTok - Likes + Views | Worldwide | MQ 10M | HQ + Real | Non Drop | Cancel Enable | Day 100K,TikTok,Views/Plays,TikTok Likes [Real Account] ᴺᴱᵂ,4.3392,0.1356,10,10000000,No,Yes,No,USD
26236,TikTok - Likes + Views | Worldwide | MQ 1M | HQ = Real | Non Drop | Cancel Enable | Day 100K | R30,TikTok,Views/Plays,TikTok Likes [Real Account] ᴺᴱᵂ,4.5216,0.1413,10,1000000,No,Yes,No,USD
26275,TikTok - Likes | MQ 100M | HQ + Real | Cancel Enable | Non Drop | Instant | Day 50K | R30,TikTok,Likes/Reactions,Tiktok Likes [30 Days Guaranteed ♻️],2.4608,0.0769,10,100000000,No,No,No,USD
26294,TikTok - Likes | MQ 50K | HQ Profiles | Cancel Enable | Instant Start | Day 50K | 1 Min Completed | R120,TikTok,Likes/Reactions,Tiktok Likes [120 Days Guaranteed ♻️],3.184,0.0995,10,50000,Yes,No,No,USD
26297,TikTok - Likes | MQ 50M | HQ &amp; Real Profiles | Cancel Enable | Non Drop | Instant Start | Day 200K | R365,TikTok,Likes/Reactions,Tiktok Likes [365 Days Guaranteed ♻️],2.1696,0.0678,10,50000000,Yes,No,No,USD
26303,TikTok - Likes | MQ 50M | HQ &amp; Real Profiles | Cancel Enable | Non Drop | 365 Days | Instant Start | Day 200K | Best Working | R365,TikTok,Likes/Reactions,Tiktok Likes [365 Days Guaranteed ♻️],3.5104,0.1097,10,50000000,Yes,No,No,USD
26306,TikTok - Likes | MQ 1M | LQ Profiles | Instant Start | Day 50K | Lifetime,TikTok,Likes/Reactions,TikTok Likes [Lifetime Guaranteed ♻️] ᴺᴱᵂ,1.52,0.0475,10,1000000,Yes,No,No,USD
26305,TikTok - Likes | MQ 50M | HQ &amp; Real Profiles | Cancel Enable | Non Drop | Instant Start | Day 200K | Best Price | Lifetime,TikTok,Likes/Reactions,TikTok Likes [Lifetime Guaranteed ♻️] ᴺᴱᵂ,2.2432,0.0701,10,50000000,Yes,No,No,USD
26307,TikTok - Likes | MQ 5M | HQ Profiles | Cancel &amp; Refill Enable | Instant Start | Day 200K | Lifetime,TikTok,Likes/Reactions,TikTok Likes [Lifetime Guaranteed ♻️] ᴺᴱᵂ,3.2192,0.1006,10,5000000,Yes,No,No,USD
26311,TikTok - Likes | MQ 50M | HQ &amp; Real Profiles | Cancel Enable | Non Drop | Instant Start | Day 200K | Lifetime,TikTok,Likes/Reactions,TikTok Likes [Lifetime Guaranteed ♻️] ᴺᴱᵂ,3.5456,0.1108,10,50000000,Yes,No,No,USD
26313,TikTok - PK Battle Points | MQ 2.1B | Non-Drop | Instant Start | 50M/Day,TikTok,Other,Tiktok PK Battle Points,4.7008,0.1469,100,2147483647,No,No,No,USD
26314,TikTok - Live Stream PK Battle Points | MQ 1M | Speed: 500K/Day,TikTok,Live Stream Viewers,Tiktok PK Battle Points,4.7008,0.1469,100,2147483647,No,No,No,USD
26317,TikTok - PK Battle Points | MQ 2.1B | Non-Drop | Instant Start | Speed 300M/Day,TikTok,Other,Tiktok PK Battle Points,5.0624,0.1582,100,2147483647,No,No,No,USD
26328,TikTok - Video Save | MQ 100M | Cancel Enable | Instant Start | Day 100K | R30,TikTok,Saves,TikTok Save ᴺᴱᵂ,1.9904,0.0622,10,100000000,No,Yes,No,USD
26332,TikTok - Live Stream Likes | MQ 2.1B | Start: 0-5 Minutes | Day 500K,TikTok,Live Stream Viewers,TikTok Live Likes ᴺᴱᵂ,0.3264,0.0102,100,2147483647,No,No,No,USD
26334,TikTok - Live Likes | MQ 2.1B | Start Time: 5 Min | Speed: 500K/Day,TikTok,Likes/Reactions,TikTok Live Likes ᴺᴱᵂ,0.4,0.0125,10,2147483647,No,No,No,USD
26336,TikTok - Live Stream Likes | MQ 100M | Start: 0-5 Minutes | Day 500K,TikTok,Live Stream Viewers,TikTok Live Likes ᴺᴱᵂ,0.4352,0.0136,10,2147483647,No,No,No,USD
26331,TikTok - Live Likes | MQ 2.1B | Start Time: 5 Min | Speed: 500K/Day,TikTok,Likes/Reactions,TikTok Live Likes ᴺᴱᵂ,0.7232,0.0226,10,2147483647,No,No,No,USD
26335,TikTok - Live Likes | MQ 2.1B | Non Drop | Ultra Fast,TikTok,Likes/Reactions,TikTok Live Likes ᴺᴱᵂ,1.808,0.0565,100,2147483647,No,No,No,USD
26340,TikTok - Live Stream Comments | Custom | MQ 10K | HQ Profiles | Super Fast | Day 5K,TikTok,Live Stream Viewers,TikTok Live Stream Comments,28.2048,0.8814,1,10000,No,No,No,USD
26341,TikTok - Live Stream Comments | Random | MQ 10K | HQ Profiles | Super Fast | Day 5K,TikTok,Live Stream Viewers,TikTok Live Stream Comments,28.2048,0.8814,10,10000,No,No,No,USD
26343,TikTok - Custom Live Chat Comments | World Wide | MQ 5K | Real Views | Instant Start,TikTok,Live Stream Viewers,TikTok Live Stream Comments [Chat Messages] [Country Target],36.16,1.13,5,5000,No,No,No,USD
26345,TikTok - Custom Live Chat Comments | USA | MQ 5K | Real Views | Instant Start,TikTok,Live Stream Viewers,TikTok Live Stream Comments [Chat Messages] [Country Target],36.16,1.13,5,5000,No,No,No,USD
29935,TikTok Live Stream Views [ Max 100K ] | 100% Concurrent | 15 Minutes [ Stable ] ✨,TikTok,Live Stream Viewers,TikTok Live Stream Views [ Best 🌟 ] ᴺᴱᵂ,198.88,6.215,50,100000,No,Yes,No,USD
26354,TikTok - Live Stream Views | MQ 2K | 100% Concurrent | 15 Minutes | Stable,TikTok,Live Stream Viewers,TikTok Live Stream Views [ Best 🌟 ] ᴺᴱᵂ,198.88,6.215,50,100000,No,Yes,No,USD
29936,TikTok Live Stream Views [ Max 100K ] | 100% Concurrent | 30 Minutes [ Stable ] ✨,TikTok,Live Stream Viewers,TikTok Live Stream Views [ Best 🌟 ] ᴺᴱᵂ,397.76,12.43,50,100000,No,Yes,No,USD
26355,TikTok - Live Stream Views | MQ 2K | 100% Concurrent | 15 M30inutes | Stable,TikTok,Live Stream Viewers,TikTok Live Stream Views [ Best 🌟 ] ᴺᴱᵂ,397.76,12.43,50,100000,No,Yes,No,USD
29937,TikTok Live Stream Views [ Max 100K ] | 100% Concurrent | 90 Minutes [ Stable ] ✨,TikTok,Live Stream Viewers,TikTok Live Stream Views [ Best 🌟 ] ᴺᴱᵂ,1193.28,37.29,50,100000,No,Yes,No,USD
29938,TikTok Live Stream Views [ Max 100K ] | 100% Concurrent | 120 Minutes [ Stable ] ✨,TikTok,Live Stream Viewers,TikTok Live Stream Views [ Best 🌟 ] ᴺᴱᵂ,1591.04,49.72,50,100000,No,Yes,No,USD
29939,TikTok Live Stream Views [ Max 100K ] | 100% Concurrent | 180 Minutes [ Stable ] ✨,TikTok,Live Stream Viewers,TikTok Live Stream Views [ Best 🌟 ] ᴺᴱᵂ,2386.56,74.58,50,100000,No,Yes,No,USD
29940,TikTok Live Stream Views [ Max 100K ] | 100% Concurrent | 240 Minutes [ Stable ] ✨,TikTok,Live Stream Viewers,TikTok Live Stream Views [ Best 🌟 ] ᴺᴱᵂ,3182.08,99.44,50,100000,No,Yes,No,USD
29941,TikTok Live Stream Views [ Max 100K ] | 100% Concurrent | 300 Minutes [ Stable ] ✨,TikTok,Live Stream Viewers,TikTok Live Stream Views [ Best 🌟 ] ᴺᴱᵂ,3977.6,124.3,50,100000,No,Yes,No,USD
29942,TikTok Live Stream Views [ Max 100K ] | 100% Concurrent | 360 Minutes [ Stable ] ✨,TikTok,Live Stream Viewers,TikTok Live Stream Views [ Best 🌟 ] ᴺᴱᵂ,4773.12,149.16,50,100000,No,Yes,No,USD
29943,TikTok Live Stream Views [ Max 100K ] | 100% Concurrent | 24 Hours [ Stable ] ✨,TikTok,Live Stream Viewers,TikTok Live Stream Views [ Best 🌟 ] ᴺᴱᵂ,6508.8,203.4,50,100000,No,Yes,No,USD
26372,TikTok - Live Stream Views | MQ 10K | With Positive Comments | 15 Minutes,TikTok,Live Stream Viewers,TIKTOK LIVE STREAM VIEWS [ WITH POSITIVE COMMENTS ],21.696,0.678,10,100000,No,No,No,USD
26382,TikTok - Live Stream Views | MQ 100K | 30 Minutes,TikTok,Live Stream Viewers,TikTok Live Stream Viewers [ NATURAL INCREASE ],397.76,12.43,50,100000,No,Yes,No,USD
26388,TikTok - Live Stream Views + PK Battle Points | 15 Mins,TikTok,Live Stream Viewers,TikTok Live Stream Views + PK Battle Points,21.696,0.678,10,100000,No,No,No,USD
27770,TikTok Live Stream Views + PK Battle Points [15 min],TikTok,Live Stream Viewers,TikTok Live Stream Views + PK Battle Points,124.9696,3.9053,100,5000,No,No,No,USD
27771,TikTok Live Stream Views + PK Battle Points [30 min],TikTok,Live Stream Viewers,TikTok Live Stream Views + PK Battle Points,249.9392,7.8106,100,5000,No,No,No,USD
27772,TikTok Live Stream Views + PK Battle Points [60 min],TikTok,Live Stream Viewers,TikTok Live Stream Views + PK Battle Points,499.8784,15.6212,100,5000,No,No,No,USD
27773,TikTok Live Stream Views + PK Battle Points [90 min],TikTok,Live Stream Viewers,TikTok Live Stream Views + PK Battle Points,749.8144,23.4317,100,5000,No,No,No,USD
27774,TikTok Live Stream Views + PK Battle Points [120 min],TikTok,Live Stream Viewers,TikTok Live Stream Views + PK Battle Points,999.7536,31.2423,100,5000,No,No,No,USD
27775,TikTok Live Stream Views + PK Battle Points [180 min],TikTok,Live Stream Viewers,TikTok Live Stream Views + PK Battle Points,1499.6288,46.8634,100,5000,No,No,No,USD
27776,TikTok Live Stream Views + PK Battle Points [240 min],TikTok,Live Stream Viewers,TikTok Live Stream Views + PK Battle Points,1999.504,62.4845,100,5000,No,No,No,USD
27777,TikTok Live Stream Views + PK Battle Points [300 min],TikTok,Live Stream Viewers,TikTok Live Stream Views + PK Battle Points,2499.3792,78.1056,100,5000,No,No,No,USD
27778,TikTok Live Stream Views + PK Battle Points [360 min],TikTok,Live Stream Viewers,TikTok Live Stream Views + PK Battle Points,2999.2576,93.7268,100,5000,No,No,No,USD
27779,TikTok Live Stream Views + PK Battle Points [24 Hours],TikTok,Live Stream Viewers,TikTok Live Stream Views + PK Battle Points,11997.0208,374.9069,100,5000,No,No,No,USD
26445,TikTok - Live Stream Viewers | Indonesia | MQ 100K | 30 Minutes,TikTok,Live Stream Viewers,Tiktok Live Stream Views [🇮🇩 Indonesia 🇮🇩] [Provider],578.56,18.08,10,100000,No,Yes,No,USD
26447,TikTok - Live Stream Viewers | Indonesia | MQ 100K | 90 Minutes,TikTok,Live Stream Viewers,Tiktok Live Stream Views [🇮🇩 Indonesia 🇮🇩] [Provider],1735.68,54.24,10,100000,No,Yes,No,USD
26545,Instagram - Likes | Saudi Araba | MQ 50K  | 100% Arabic Accounts | Instant | Day 10K,Instagram,Likes/Reactions,Instagram Likes [ Saudi Arabia 🇸🇦 ] ᴺᴱᵂ,17.3568,0.5424,10,50000,No,No,No,USD
26546,Instagram - Likes | Saudi Araba | Female | MQ 50K  | 100% Arabic Accounts | Instant | Day 10K,Instagram,Likes/Reactions,Instagram Likes [ Saudi Arabia 🇸🇦 ] ᴺᴱᵂ,17.3568,0.5424,10,50000,No,No,No,USD
26547,Instagram - Likes | Saudi Araba | Male | MQ 50K  | 100% Arabic Accounts | Instant | Day 10K,Instagram,Likes/Reactions,Instagram Likes [ Saudi Arabia 🇸🇦 ] ᴺᴱᵂ,17.3568,0.5424,10,50000,No,No,No,USD
26584,Instagram - Followers | MQ 100K | Real - Bot Accounts | Cancel Enable | Day 10K | R365,Instagram,Followers/Subscribers,Instagram Followers [ Working ] ᴺᴱᵂ,26.0352,0.8136,100,100000,Yes,No,No,USD
26586,Instagram - Random Comments | MQ 5M | No Drop | HQ Profiles | Superfast | S2,Instagram,Comments,Instagram Comments [ Cheapest ✨ ] ᴺᴱᵂ,115.712,3.616,10,5000000,No,No,No,USD
26590,Instagram - Custom Comments | MQ 1M | No Drop | HQ Profiles | Superfast,Instagram,Comments,Instagram Comments [ Cheapest ✨ ] ᴺᴱᵂ,126.56,3.955,10,10000,No,No,No,USD
26596,Instagram - Followers | Brazil | MQ 1M | Real Accounts With Posts | Day 100K | R30,Instagram,Followers/Subscribers,Instagram Followers [ Brazil 🇧🇷 ]  [ Ultra FAST COMPLETED ]🔱 Provider,184.416,5.763,10,1000000,Yes,Yes,No,USD
26602,Instagram - Post Save | MQ 400K | HQ | Cancel Enable | Instant Start | Day 400K,Instagram,Saves,Instagram Services [ Cheapest ✨ ] ᴺᴱᵂ,1.2672,0.0396,10,400000,No,No,No,USD
26604,Instagram - Story Impressions | MQ 10M | HQ | Cancel Enable | With Story Link | Instant Start | Day 1M,Instagram,Views/Plays,Instagram Services [ Cheapest ✨ ] ᴺᴱᵂ,2.1696,0.0678,100,10000000,No,Yes,No,USD
26610,Instagram - Story Link Click | MQ 400K | HQ | Cancel Enable | Instant Start | Day 400K,Instagram,Stories/Mentions,Instagram Services [ Cheapest ✨ ] ᴺᴱᵂ,28.928,0.904,100,100000,No,Yes,No,USD
26612,Instagram - Followers | MQ 10K | Real People With Posts | Cancel Enable | Drop 5% | Day 10K,Instagram,Followers/Subscribers,Instagram Followers [ Real Account ],81.36,2.5425,50,10000,No,Yes,No,USD
26614,Instagram - Followers | MQ 20K | Real People With Posts | Cancel Enable | Drop 5% | Day 10K | R30,Instagram,Followers/Subscribers,Instagram Followers [ Real Account ],113.904,3.5595,50,20000,Yes,Yes,No,USD
26615,Instagram - Repost | Worldwide | MQ  50K | 100% Real Accounts | Cancel Enable | Instant Start,Instagram,Shares,Instagram Repost,325.44,10.17,10,50000,No,No,No,USD
26616,Instagram - Repost | Worldwide | MQ  5K | 100% Real Accounts | Cancel Enable | Instant Start,Instagram,Shares,Instagram Repost,361.6,11.3,1,5000,No,No,No,USD
26633,Instagram - Shares | MQ 2.1B | Super Fast | Cancel Enable | Instant Start | Day 250K,Instagram,Shares,Instagram Share ᴺᴱᵂ,0.2912,0.0091,100,2147483647,No,Yes,No,USD
26634,Instagram - Share | MQ 1M | Cancel Enable | Instant Start | Day 1M,Instagram,Shares,Instagram Share ᴺᴱᵂ,0.3008,0.0094,100,1000000,No,Yes,No,USD
26641,Instagram - Video Views | MQ 5M | All Link | Video + Reels + IGTV | Fast and Cheap,Instagram,Views/Plays,Instagram Video Views [ PROVİDER Recommended 🎖️ ],0.0384,0.0012,50,2147483647,No,No,No,USD
26672,Instagram - Share | MQ 10M | Instant | Super Fast Completed,Instagram,Shares,Instagram Services [ Recommended ] ᴺᴱᵂ,0.2912,0.0091,100,100000000,No,Yes,No,USD
26719,Instagram - Followers | MQ 25K | Real &amp; Bot Profiles | Cancel Enable | Day 2K | All Flag Review Review,Instagram,Followers/Subscribers,Instagram Followers [ All Flag Types Working 🏳️ ] ᴺᴱᵂ,18.08,0.565,10,25000,No,Yes,No,USD
26722,Instagram - Followers | MQ 5K  | 100% PP &amp; 10% Story | Cancel Enable | Day 5K | Increases 80% Profile Visits,Instagram,Followers/Subscribers,Instagram Followers + Profile Visit [ 🔱 VIP Services ] ᴺᴱᵂ,115.712,3.616,10,5000,No,Yes,No,USD
26724,Instagram - Followers | MQ 300K | 100% PP &amp; 20% Story | Cancel Enable | Day 50K | Increases 80% Profile Visits | R365,Instagram,Followers/Subscribers,Instagram Followers + Profile Visit [ 🔱 VIP Services ] ᴺᴱᵂ,139.216,4.3505,10,300000,Yes,Yes,No,USD
26743,Instagram - Custom Comments | MQ 500K | High Quality Profiles | Cancel Enable | Day 1K,Instagram,Comments,Instagram Comments [ Best In Market ] 🥇,108.48,3.39,10,500000,No,No,No,USD
26744,Instagram - Random Comments | MQ 500K | High Quality Profiles | Cancel Enable | Day 1K,Instagram,Comments,Instagram Comments [ Best In Market ] 🥇,108.48,3.39,10,500000,No,No,No,USD
26738,Instagram - Custom Comments | MQ 10K | High Quality Profiles | Instant,Instagram,Comments,Instagram Comments [ Best In Market ] 🥇,198.88,6.215,5,10000,No,Yes,No,USD
26749,Instagram - Followers | Worldwide | MQ 10K | Real Data | Cancel Enable |  Superfast | Flag on: Auto Cancel,Instagram,Followers/Subscribers,Instagram Followers [ Recommended ] ᴺᴱᵂ,112.096,3.503,10,10000,No,Yes,No,USD
26763,Instagram - Followers | MQ 1M | Real &amp; Bot Profiles | Cancel Enable | Day 100K | Flag Off,Instagram,Followers/Subscribers,Instagram Followers [ Flag Off 🚩],88.592,2.7685,10,1000000,No,Yes,No,USD
26788,Instagram - Share | MQ 10M | Instant | Super Fast Completed,Instagram,Shares,Instagram Services [ World Wide 🌍 ] 🔱 ᴾᴿᴼⱽᴵᴰᴱᴿ,0.6528,0.0204,10,10000000,No,Yes,No,USD
26792,Instagram - Video Views | MQ 2.1B | All Link | Instant Start | Fast,Instagram,Views/Plays,Instagram Video Views [ Cheapestt ] ᴺᴱᵂ,0.064,0.002,100,2147483647,No,Yes,No,USD
26798,Instagram - Video Views | MQ 2.1B | All Link | Cancel Enable | Instant Start | Fast,Instagram,Views/Plays,Instagram Video Views [ Cheapestt ] ᴺᴱᵂ,0.1376,0.0043,100,2147483647,No,Yes,No,USD
26805,Instagram - Video Views | MQ 2.1B | All Video | No-Drop | 200M | INSTANT | 0-15 Min | 50M Day,Instagram,Views/Plays,Instagram Video Views [ Cheapestt ] ᴺᴱᵂ,0.2016,0.0063,100,2147483647,No,Yes,No,USD
26816,Instagram - Followers | Worldwide | MQ 100K | Real Data | Cancel Enable | Superfast | Auto Cancel,Instagram,Followers/Subscribers,Instagram Followers [ World Wide 🌍 ] 🔱 ᴾᴿᴼⱽᴵᴰᴱᴿ,108.48,3.39,100,100000,No,No,No,USD
26902,Instagram - Video Views + Reach + Impressions | MQ 250K | All Link | Cancel Enable | Super Speed Fast,Instagram,Views/Plays,Instagram Video Views,0.7232,0.0226,100,2147483647,No,Yes,No,USD
26905,Instagram - Premium Likes | Turkish | MQ 1K | 100% Turkish | 1K per minutes | Auto | R365,Instagram,Likes/Reactions,Instagram Turkish Likes [NEW SERVICE],48.816,1.5255,20,1000,Yes,Yes,No,USD
26982,Instagram - Comments | MQ 200K | Positive Emoji | 0-15 Min | 50K/Day,Instagram,Comments,Instagram Comments [Random &amp; Custom &amp; Emojis],65.088,2.034,10,200000,No,No,No,USD
26988,Instagram - Save | MQ 50K | Real | Fast | 0-10 Minutes | 2K/Day,Instagram,Views/Plays,Instagram Impression Services,1.808,0.0565,10,50000,No,No,No,USD
26984,Instagram - Shares | MQ 500K | Real | Fast | 0-10 Minutes | 100K/Day,Instagram,Views/Plays,Instagram Impression Services,5.2448,0.1639,10,500000,No,Yes,No,USD
28928,Instagram Channel Member | Vietnam 🇻🇳 | [ Max 1M ] | HQ Real | Instant 𝟭 𝗠𝗶𝗻𝘂𝘁𝗲𝘀 𝗖𝗼𝗺𝗽𝗹𝗲𝘁𝗲𝗱,Instagram,Followers/Subscribers,Instagram Channel Member [Country Targeted] 🌍,19.888,0.6215,10,1000000,No,Yes,No,USD
28929,Instagram Channel Member | Thailand 🇹🇭 | [ Max 1M ] | HQ Real | Instant 𝟭 𝗠𝗶𝗻𝘂𝘁𝗲𝘀 𝗖𝗼𝗺𝗽𝗹𝗲𝘁𝗲𝗱,Instagram,Followers/Subscribers,Instagram Channel Member [Country Targeted] 🌍,19.888,0.6215,10,1000000,No,Yes,No,USD
28930,Instagram Channel Member | Nigeria 🇳🇬 | [ Max 1M ] | HQ Real | Instant 𝟭 𝗠𝗶𝗻𝘂𝘁𝗲𝘀 𝗖𝗼𝗺𝗽𝗹𝗲𝘁𝗲𝗱,Instagram,Followers/Subscribers,Instagram Channel Member [Country Targeted] 🌍,19.888,0.6215,10,1000000,No,Yes,No,USD
28931,Instagram Channel Member | Pakistan 🇵🇰 | [ Max 1M ] | HQ Real | Instant 𝟭 𝗠𝗶𝗻𝘂𝘁𝗲𝘀 𝗖𝗼𝗺𝗽𝗹𝗲𝘁𝗲𝗱,Instagram,Followers/Subscribers,Instagram Channel Member [Country Targeted] 🌍,19.888,0.6215,10,1000000,No,Yes,No,USD
26995,Instagram - Channel Member | Global | MQ  1M | HQ Real | Instant | 1 Min Complete,Instagram,Followers/Subscribers,Instagram Channel Member [Country Targeted] 🌍,19.888,0.6215,10,1000000,No,Yes,No,USD
28919,Instagram Channel Member | Global 🌎 | [ Max 100K ] | HQ Real | Instant 𝟭 𝗠𝗶𝗻𝘂𝘁𝗲𝘀 𝗖𝗼𝗺𝗽𝗹𝗲𝘁𝗲𝗱,Instagram,Followers/Subscribers,Instagram Channel Member [Country Targeted] 🌍,19.888,0.6215,10,1000000,No,Yes,No,USD
28920,Instagram Channel Member | USA 🇺🇸 | [ Max 1M ] | HQ Real | Instant	𝟭 𝗠𝗶𝗻𝘂𝘁𝗲𝘀 𝗖𝗼𝗺𝗽𝗹𝗲𝘁𝗲𝗱,Instagram,Followers/Subscribers,Instagram Channel Member [Country Targeted] 🌍,19.888,0.6215,10,1000000,No,Yes,No,USD
28921,Instagram Channel Member | Arab 🇸🇦 | [ Max 1M ] | HQ Real | Instant	𝟭 𝗠𝗶𝗻𝘂𝘁𝗲𝘀 𝗖𝗼𝗺𝗽𝗹𝗲𝘁𝗲𝗱,Instagram,Followers/Subscribers,Instagram Channel Member [Country Targeted] 🌍,19.888,0.6215,10,1000000,No,Yes,No,USD
28922,Instagram Channel Member | Turkey 🇹🇷 | [ Max 1M ] | HQ Real | Instant 𝟭 𝗠𝗶𝗻𝘂𝘁𝗲𝘀 𝗖𝗼𝗺𝗽𝗹𝗲𝘁𝗲𝗱,Instagram,Followers/Subscribers,Instagram Channel Member [Country Targeted] 🌍,19.888,0.6215,10,1000000,No,Yes,No,USD
28923,Instagram Channel Member | Europe 🇪🇺 | [ Max 1M ] | HQ Real | Instant 𝟭 𝗠𝗶𝗻𝘂𝘁𝗲𝘀 𝗖𝗼𝗺𝗽𝗹𝗲𝘁𝗲𝗱,Instagram,Followers/Subscribers,Instagram Channel Member [Country Targeted] 🌍,19.888,0.6215,10,1000000,No,Yes,No,USD
28924,Instagram Channel Member | Azerbaijan 🇦🇿 | [ Max 1M ] | HQ Real | Instant 𝟭 𝗠𝗶𝗻𝘂𝘁𝗲𝘀 𝗖𝗼𝗺𝗽𝗹𝗲𝘁𝗲𝗱,Instagram,Followers/Subscribers,Instagram Channel Member [Country Targeted] 🌍,19.888,0.6215,10,1000000,No,Yes,No,USD
28925,Instagram Channel Member | Latin America 🇦🇷 | [ Max 1M ] | HQ Real | Instant 𝟭 𝗠𝗶𝗻𝘂𝘁𝗲𝘀 𝗖𝗼𝗺𝗽𝗹𝗲𝘁𝗲𝗱,Instagram,Followers/Subscribers,Instagram Channel Member [Country Targeted] 🌍,19.888,0.6215,10,1000000,No,Yes,No,USD
28926,Instagram Channel Member | India 🇮🇳 | [ Max 1M ] | HQ Real | Instant 𝟭 𝗠𝗶𝗻𝘂𝘁𝗲𝘀 𝗖𝗼𝗺𝗽𝗹𝗲𝘁𝗲𝗱,Instagram,Followers/Subscribers,Instagram Channel Member [Country Targeted] 🌍,19.888,0.6215,10,1000000,No,Yes,No,USD
28927,Instagram Channel Member | Brazil 🇧🇷 | [ Max 1M ] | HQ Real | Instant 𝟭 𝗠𝗶𝗻𝘂𝘁𝗲𝘀 𝗖𝗼𝗺𝗽𝗹𝗲𝘁𝗲𝗱,Instagram,Followers/Subscribers,Instagram Channel Member [Country Targeted] 🌍,19.888,0.6215,10,1000000,No,Yes,No,USD
30252,Instagram Channel Member | Global 🌎 | [ Max 100K ] | HQ Real | Instant 𝟭 𝗠𝗶𝗻𝘂𝘁𝗲𝘀 𝗖𝗼𝗺𝗽𝗹𝗲𝘁𝗲𝗱,Instagram,Followers/Subscribers,Instagram Channel Member [Country Targeted] 🌍,35.4368,1.1074,10,1000000,No,Yes,No,USD
30253,Instagram Channel Member | USA 🇺🇸 | [ Max 1M ] | HQ Real | Instant	𝟭 𝗠𝗶𝗻𝘂𝘁𝗲𝘀 𝗖𝗼𝗺𝗽𝗹𝗲𝘁𝗲𝗱,Instagram,Followers/Subscribers,Instagram Channel Member [Country Targeted] 🌍,35.4368,1.1074,10,1000000,No,Yes,No,USD
30254,Instagram Channel Member | Arab 🇸🇦 | [ Max 1M ] | HQ Real | Instant	𝟭 𝗠𝗶𝗻𝘂𝘁𝗲𝘀 𝗖𝗼𝗺𝗽𝗹𝗲𝘁𝗲𝗱,Instagram,Followers/Subscribers,Instagram Channel Member [Country Targeted] 🌍,35.4368,1.1074,10,1000000,No,Yes,No,USD
30255,Instagram Channel Member | Turkey 🇹🇷 | [ Max 1M ] | HQ Real | Instant 𝟭 𝗠𝗶𝗻𝘂𝘁𝗲𝘀 𝗖𝗼𝗺𝗽𝗹𝗲𝘁𝗲𝗱,Instagram,Followers/Subscribers,Instagram Channel Member [Country Targeted] 🌍,35.4368,1.1074,10,1000000,No,Yes,No,USD
30256,Instagram Channel Member | Europe 🇪🇺 | [ Max 1M ] | HQ Real | Instant 𝟭 𝗠𝗶𝗻𝘂𝘁𝗲𝘀 𝗖𝗼𝗺𝗽𝗹𝗲𝘁𝗲𝗱,Instagram,Followers/Subscribers,Instagram Channel Member [Country Targeted] 🌍,35.4368,1.1074,10,1000000,No,Yes,No,USD
30257,Instagram Channel Member | Azerbaijan 🇦🇿 | [ Max 1M ] | HQ Real | Instant 𝟭 𝗠𝗶𝗻𝘂𝘁𝗲𝘀 𝗖𝗼𝗺𝗽𝗹𝗲𝘁𝗲𝗱,Instagram,Followers/Subscribers,Instagram Channel Member [Country Targeted] 🌍,35.4368,1.1074,10,1000000,No,Yes,No,USD
30258,Instagram Channel Member | Latin America 🇦🇷 | [ Max 1M ] | HQ Real | Instant 𝟭 𝗠𝗶𝗻𝘂𝘁𝗲𝘀 𝗖𝗼𝗺𝗽𝗹𝗲𝘁𝗲𝗱,Instagram,Followers/Subscribers,Instagram Channel Member [Country Targeted] 🌍,35.4368,1.1074,10,1000000,No,Yes,No,USD
30259,Instagram Channel Member | India 🇮🇳 | [ Max 1M ] | HQ Real | Instant 𝟭 𝗠𝗶𝗻𝘂𝘁𝗲𝘀 𝗖𝗼𝗺𝗽𝗹𝗲𝘁𝗲𝗱,Instagram,Followers/Subscribers,Instagram Channel Member [Country Targeted] 🌍,35.4368,1.1074,10,1000000,No,Yes,No,USD
30260,Instagram Channel Member | Brazil 🇧🇷 | [ Max 1M ] | HQ Real | Instant 𝟭 𝗠𝗶𝗻𝘂𝘁𝗲𝘀 𝗖𝗼𝗺𝗽𝗹𝗲𝘁𝗲𝗱,Instagram,Followers/Subscribers,Instagram Channel Member [Country Targeted] 🌍,35.4368,1.1074,10,1000000,No,Yes,No,USD
30261,Instagram Channel Member | Vietnam 🇻🇳 | [ Max 1M ] | HQ Real | Instant 𝟭 𝗠𝗶𝗻𝘂𝘁𝗲𝘀 𝗖𝗼𝗺𝗽𝗹𝗲𝘁𝗲𝗱,Instagram,Followers/Subscribers,Instagram Channel Member [Country Targeted] 🌍,35.4368,1.1074,10,1000000,No,Yes,No,USD
30262,Instagram Channel Member | Thailand 🇹🇭 | [ Max 1M ] | HQ Real | Instant 𝟭 𝗠𝗶𝗻𝘂𝘁𝗲𝘀 𝗖𝗼𝗺𝗽𝗹𝗲𝘁𝗲𝗱,Instagram,Followers/Subscribers,Instagram Channel Member [Country Targeted] 🌍,35.4368,1.1074,10,1000000,No,Yes,No,USD
30263,Instagram Channel Member | Nigeria 🇳🇬 | [ Max 1M ] | HQ Real | Instant 𝟭 𝗠𝗶𝗻𝘂𝘁𝗲𝘀 𝗖𝗼𝗺𝗽𝗹𝗲𝘁𝗲𝗱,Instagram,Followers/Subscribers,Instagram Channel Member [Country Targeted] 🌍,35.4368,1.1074,10,1000000,No,Yes,No,USD
30264,Instagram Channel Member | Pakistan 🇵🇰 | [ Max 1M ] | HQ Real | Instant 𝟭 𝗠𝗶𝗻𝘂𝘁𝗲𝘀 𝗖𝗼𝗺𝗽𝗹𝗲𝘁𝗲𝗱,Instagram,Followers/Subscribers,Instagram Channel Member [Country Targeted] 🌍,35.4368,1.1074,10,1000000,No,Yes,No,USD
27008,Instagram - Channel Member | Global | MQ 1M | HQ Real | Instant | 1 Min Complete | R90,Instagram,Followers/Subscribers,Instagram Channel Member [Country Targeted] ♻️,25.312,0.791,10,1000000,Yes,Yes,No,USD
27039,Instagram - Followers | MQ 1M | Old Accounts With Posts | Cancel Enable | Day 100K | All Flag Types Working,Instagram,Followers/Subscribers,Instagram Followers | ⭐ 𝐀𝐥𝐥 𝐅𝐥𝐚𝐠 𝐓𝐲𝐩𝐞𝐬 𝐖𝐨𝐫𝐤𝐢𝐧𝐠 ⭐,121.136,3.7855,10,1000000,No,No,No,USD
27048,Instagram - Video Views | MQ 2.1B | All Link | Cancel Enable | Fast,Instagram,Views/Plays,Instagram Video Views ᴺᴱᵂ,0.0416,0.0013,100,2147483647,No,No,No,USD
27049,Instagram - Video Views | MQ 2.1B | All Link | Instant Start | Fast,Instagram,Views/Plays,Instagram Video Views ᴺᴱᵂ,0.048,0.0015,100,2147483647,No,No,No,USD
27050,Instagram - Video Views | MQ 2.1B | All Link | Instant Start | Fast | Cheapest,Instagram,Views/Plays,Instagram Video Views ᴺᴱᵂ,0.0608,0.0019,100,2147483647,No,No,No,USD
27054,Instagram - Video Views + Video+ Reel + IGTV | All Link | Unlimited | Fast,Instagram,Views/Plays,Instagram Video Views ᴺᴱᵂ,0.1472,0.0046,100,2147483647,No,No,No,USD
27059,Instagram - Likes | Brazil | MQ 1K | 100% Real Brazilian Accounts | Cancel Enable | Instant,Instagram,Likes/Reactions,Instagram Likes [ Brazil 🇧🇷 ] ᴺᴱᵂ,45.2,1.4125,50,1000,No,No,No,USD
27063,Instagram - Likes | Arabic | MQ 1K | 100% Real Arabic Accounts | Cancel Enable | Instant Start,Instagram,Likes/Reactions,Instagram Likes [ Arabic 🇸🇦 ] ᴺᴱᵂ,48.816,1.5255,50,1000,No,Yes,No,USD
27064,Instagram - Likes | Arabic | MQ 5K | 100% Real Arabic Accounts | Cancel Enable | Instant Start,Instagram,Likes/Reactions,Instagram Likes [ Arabic 🇸🇦 ] ᴺᴱᵂ,52.432,1.6385,50,5000,No,Yes,No,USD
27065,Instagram - Likes | Arabic | MQ 100K | 100% Real Arabic Accounts | Cancel Enable | Instant Start,Instagram,Likes/Reactions,Instagram Likes [ Arabic 🇸🇦 ] ᴺᴱᵂ,65.088,2.034,50,100000,No,Yes,No,USD
27067,Instagram - Likes | Turkey | MQ 1K | 100% Real Turkish  Accounts | Cancel Enable | Instant Start,Instagram,Likes/Reactions,Instagram Likes [ Turkey 🇹🇷 ] ᴺᴱᵂ,48.816,1.5255,20,1000,No,Yes,No,USD
27070,Instagram - Likes | Turkey | MQ 1K | 100% Real Turkish  Accounts | Cancel Enable | Instant Start | R365,Instagram,Likes/Reactions,Instagram Likes [ Turkey 🇹🇷 ] ᴺᴱᵂ,65.4496,2.0453,20,100000,No,Yes,No,USD
27077,Instagram - Likes | Korea | MQ 1K | 100% Real Korean Accounts | Cancel Enable | Instant Start | R365,Instagram,Likes/Reactions,Instagram Likes [ Korea 🇰🇷 ] ᴺᴱᵂ,61.472,1.921,20,1000000,Yes,Yes,No,USD
27147,TikTok - Followers | MQ 1M,TikTok,Followers/Subscribers,TikTok ➜ Followers (𝐅𝐀𝐒𝐓),37.968,1.1865,10,1000000,No,No,No,USD
27152,TikTok - Likes + Views | MQ 5M | R90,TikTok,Views/Plays,TikTok ➜ Likes,7.5936,0.2373,10,5000000,No,Yes,No,USD
27168,Instagram Likes [ 100% real account ] [ Start - Instant  ] [ Speed 200k/day 🚀 ] [ No refill 🚫 ] [ No Drop ],Instagram,Likes/Reactions,Instagram likes [ New Fast Server ] Real 100%,5.0624,0.1582,10,2000000,No,Yes,No,USD
27217,Instagram Likes [ 100% real account ] [ Start - Instant ] [ Speed 200k/day 🚀 ] [ 30 Days Refill ] [ No Drop ],Instagram,Likes/Reactions,Instagram likes [ New Fast Server ] Real 100%,5.0624,0.1582,10,2000000,Yes,Yes,No,USD
27218,Instagram Likes [ 100% real account ] [ Start - Instant ] [ Speed 200k/day 🚀 ] [ 365 Days Refill ] [ No Drop ],Instagram,Likes/Reactions,Instagram likes [ New Fast Server ] Real 100%,5.424,0.1695,10,2000000,Yes,Yes,No,USD
27195,Tiktok Views | Super Instant! | 10M/D | Always Work,TikTok,Views/Plays,TikTok,0.4704,0.0147,100,250000000,No,Yes,No,USD
27197,Facebook Page / Profile Followers | Instant | 1K/Day | 30 Days Refill ♻️,Facebook,Followers/Subscribers,Facebook Page Likes and Followers,22.4192,0.7006,100,200000,No,No,No,USD
27204,Youtube Video Likes | Speed 1K/D [ R30 ] - No Drop!,YouTube,Likes/Reactions,YouTube Likes,36.0704,1.1272,10,10000,No,No,No,USD
27210,Facebook Post Reaction [ 👍 ] | Cancel Enable | Instant Start | No Refill,Facebook,Likes/Reactions,Facebook Post Emoticons | Reaction  ❤️😂😲😢😡,13.7408,0.4294,50,100000,No,Yes,No,USD
27211,Facebook Post Reaction [ ❤️ ] | Cancel Enable | Instant Start| No Refill,Facebook,Likes/Reactions,Facebook Post Emoticons | Reaction  ❤️😂😲😢😡,13.7408,0.4294,10,100000,No,No,No,USD
27214,Facebook Post Reaction [ 😡 ] | Cancel Enable | Instant Start | No Refill,Facebook,Likes/Reactions,Facebook Post Emoticons | Reaction  ❤️😂😲😢😡,13.7408,0.4294,10,100000,No,No,No,USD
27219,Instagram followers [ Max 5M ] [ Instant ⚡️ ] [ Speed 100k/day 🚀 ] [ No refill 🚫 ],Instagram,Followers/Subscribers,Instagram followers [ New Server - Old Provider ] Instant,86.784,2.712,10,5000000,No,Yes,No,USD
27223,Instagram Followers [ Real Accounts ] [ Start Time - 0-2hr ] [ Speed 5k-10k/day ] [ No Refill 🚫 ],Instagram,Followers/Subscribers,𝗜𝗡𝗦𝗧𝗔𝗚𝗥𝗔𝗠 - Followers [ 5k-10k Speed ] [ Updated Server ] P1,8.832,0.276,10,1000000,No,Yes,No,USD
27232,Instagram Followers [ Real HQ Accounts ] [ Start Time - Instant ] [ Speed 200k/day ] [ 30 Days refill ♻️ ],Instagram,Followers/Subscribers,𝗜𝗡𝗦𝗧𝗔𝗚𝗥𝗔𝗠 - Followers [ 250k Speed ] [ Updated Server ] P3,19.888,0.6215,10,1000000,Yes,Yes,No,USD
27296,Instagram Followers [High Quality+ Real] [Extreme Speed] [500K/D] [Instant],Instagram,Followers/Subscribers,Instagram Followers [Extreme Speed Instant - All Flags],72.8992,2.2781,100,500000,No,No,No,USD
27297,Instagram Followers [High Quality+ Real] [30 Days Refill] [Extreme Speed] [500K/D] [Instant],Instagram,Followers/Subscribers,Instagram Followers [Extreme Speed Instant - All Flags],83.3152,2.6036,100,500000,No,No,No,USD
27298,Instagram Followers [High Quality+ Real] [60 Days Refill] [Extreme Speed] [500K/D] [Instant],Instagram,Followers/Subscribers,Instagram Followers [Extreme Speed Instant - All Flags],93.728,2.929,100,500000,No,No,No,USD
27299,Instagram Followers [High Quality+ Real] [90 Days Refill] [Extreme Speed] [500K/D] [Instant],Instagram,Followers/Subscribers,Instagram Followers [Extreme Speed Instant - All Flags],104.1408,3.2544,100,500000,No,No,No,USD
27302,Instagram Followers [High Quality+ Real] [No Refill] [50-100K/D] [0-1/H],Instagram,Followers/Subscribers,Instagram Followers [Cheapest - All Flags],62.4864,1.9527,10,200000,No,No,No,USD
27303,Instagram Followers [High Quality+ Real] [30 Days Refill] [50-100K/D] [0-1/H],Instagram,Followers/Subscribers,Instagram Followers [Cheapest - All Flags],69.4272,2.1696,10,200000,No,No,No,USD
27308,Instagram Followers [High Quality+ Real] [No Refill] [50K/D] [Instant],Instagram,Followers/Subscribers,Instagram Followers [Provider - All Flags],52.0704,1.6272,200,50000,No,No,No,USD
27320,Instagram Followers [High Quality] [365 Days Refill] [50K/D] [Instant] [Working],Instagram,Followers/Subscribers,Instagram Followers [Latest - All Flags],138.8544,4.3392,10,100000,No,No,No,USD
27321,Instagram Followers [High Quality] [Lifetime Refill] [50K/D] [Instant] [Working],Instagram,Followers/Subscribers,Instagram Followers [Latest - All Flags],156.2112,4.8816,10,100000,No,No,No,USD
27322,Instagram Followers [High Quality] [No Refill] [100K/D] [Instant] [Working],Instagram,Followers/Subscribers,Instagram Followers [Latest - All Flags] [Faster],23.9552,0.7486,10,100000,No,No,No,USD
27326,Instagram Followers [High Quality] [365 Days Refill] [100K/D] [Instant] [Working],Instagram,Followers/Subscribers,Instagram Followers [Latest - All Flags] [Faster],104.1408,3.2544,10,100000,No,No,No,USD
27327,Instagram Followers [High Quality] [Lifetime Refill] [100K/D] [Instant] [Working],Instagram,Followers/Subscribers,Instagram Followers [Latest - All Flags] [Faster],124.9696,3.9053,10,100000,No,No,No,USD
27329,TikTok Video View [10M] [INSTANT]⛔,TikTok,Views/Plays,TikTok View - Share,0.32,0.01,50,2147483647,No,Yes,No,USD
27330,Tiktok Share [10M] [No Refill] [INSTANT - SUPERFAST],TikTok,Views/Plays,TikTok View - Share,2.128,0.0665,10,10000000,No,Yes,No,USD
30265,627  - Tiktok Share [10M] [30 Day Refill] [INSTANT - SUPERFAST],TikTok,Views/Plays,TikTok View - Share,2.4832,0.0776,10,10000000,No,Yes,No,USD
27337,Youtube Video Like [100K] [Instant Superfast] [No Refill],YouTube,Likes/Reactions,Youtube Likes,25.1616,0.7863,10,100000,No,Yes,No,USD
27338,BEST Youtube Video Like [175K] [Instant Superfast][Non Drop] [30 Day Refill] 🔥,YouTube,Likes/Reactions,Youtube Likes,25.5168,0.7974,10,175000,No,Yes,No,USD
30210,774 - Youtube Real Live Stream Custom Comments [20K] [30 Day Refill] ⛔,YouTube,Live Stream Viewers,Youtube Comment | Comment Like,177.184,5.537,1,20000,No,Yes,No,USD
27339,Youtube Real Custom Comments [10K] [30 Day Refill] ⛔,YouTube,Likes/Reactions,Youtube Comment | Comment Like,177.184,5.537,1,10000,No,Yes,No,USD
27304,Instagram Followers [High Quality+ Real] [60 Days Refill] [50-100K/D] [0-1/H],Instagram,Followers/Subscribers,Services Over 24 Hours,76.3712,2.3866,10,200000,No,No,No,USD
27367,YouTube Live Stream Views [ Max 700K ] | 110% Concurrent | 15 Minutes,YouTube,Live Stream Viewers,𝐘𝐎𝐔𝐓𝐔𝐁𝐄 - Live Streaming [ Most Selling New Server 2] ( Max 700k ),6.1472,0.1921,50,800000,No,Yes,No,USD
27368,YouTube Live Stream Views [ Max 700K ] | 110% Concurrent | 30 Minutes,YouTube,Live Stream Viewers,𝐘𝐎𝐔𝐓𝐔𝐁𝐄 - Live Streaming [ Most Selling New Server 2] ( Max 700k ),11.9328,0.3729,50,800000,No,Yes,No,USD
27369,YouTube Live Stream Views [ Max 700K ] | 110% Concurrent | 60 Minutes,YouTube,Live Stream Viewers,𝐘𝐎𝐔𝐓𝐔𝐁𝐄 - Live Streaming [ Most Selling New Server 2] ( Max 700k ),23.504,0.7345,50,800000,No,Yes,No,USD
27370,YouTube Live Stream Views [ Max 700K ] | 110% Concurrent | 90 Minutes,YouTube,Live Stream Viewers,𝐘𝐎𝐔𝐓𝐔𝐁𝐄 - Live Streaming [ Most Selling New Server 2] ( Max 700k ),35.4368,1.1074,50,800000,No,No,No,USD
27371,YouTube Live Stream Views [ Max 700K ] | 110% Concurrent | 120 Minutes,YouTube,Live Stream Viewers,𝐘𝐎𝐔𝐓𝐔𝐁𝐄 - Live Streaming [ Most Selling New Server 2] ( Max 700k ),47.008,1.469,50,800000,No,Yes,No,USD
27372,YouTube Live Stream Views [ Max 700K ] | 110% Concurrent | 180 Minutes,YouTube,Live Stream Viewers,𝐘𝐎𝐔𝐓𝐔𝐁𝐄 - Live Streaming [ Most Selling New Server 2] ( Max 700k ),52.0704,1.6272,50,800000,No,Yes,No,USD
27373,YouTube Live Stream Views [ Max 700K ] | 110% Concurrent | 360 Minutes,YouTube,Live Stream Viewers,𝐘𝐎𝐔𝐓𝐔𝐁𝐄 - Live Streaming [ Most Selling New Server 2] ( Max 700k ),65.088,2.034,50,800000,No,Yes,No,USD
27374,YouTube Live Stream Views [ Max 700K ] | 110% Concurrent | 720 Minutes,YouTube,Live Stream Viewers,𝐘𝐎𝐔𝐓𝐔𝐁𝐄 - Live Streaming [ Most Selling New Server 2] ( Max 700k ),130.176,4.068,50,800000,No,Yes,No,USD
27375,YouTube Live Stream Views [ Max 700K ] | 100% Concurrent | 1440 Minutes,YouTube,Live Stream Viewers,𝐘𝐎𝐔𝐓𝐔𝐁𝐄 - Live Streaming [ Most Selling New Server 2] ( Max 700k ),795.52,24.86,50,800000,No,No,No,USD
27376,Youtube Live Stream Views [ 15 Minutes ] [ Cheapest Server - 100% ConCurrent ] [ Instant ],YouTube,Live Stream Viewers,𝐘𝐎𝐔𝐓𝐔𝐁𝐄 - Live Stream [ Cheapest Server ],1.2672,0.0396,50,50000,No,No,No,USD
27377,Youtube Live Stream Views [ 30 Minutes ] [ Cheapest Server - 100% ConCurrent ] [ Instant ],YouTube,Live Stream Viewers,𝐘𝐎𝐔𝐓𝐔𝐁𝐄 - Live Stream [ Cheapest Server ],2.5312,0.0791,50,50000,No,No,No,USD
27378,Youtube Live Stream Views [ 60 Minutes ] [ Cheapest Server - 100% ConCurrent ] [ Instant ],YouTube,Live Stream Viewers,𝐘𝐎𝐔𝐓𝐔𝐁𝐄 - Live Stream [ Cheapest Server ],5.0624,0.1582,50,50000,No,No,No,USD
27379,Youtube Live Stream Views [ 90 Minutes ] [ Cheapest Server - 100% ConCurrent ] [ Instant ],YouTube,Live Stream Viewers,𝐘𝐎𝐔𝐓𝐔𝐁𝐄 - Live Stream [ Cheapest Server ],7.5936,0.2373,50,50000,No,No,No,USD
27380,Youtube Live Stream Views [ 120 Minutes ] [ Cheapest Server - 100% ConCurrent ] [ Instant ],YouTube,Live Stream Viewers,𝐘𝐎𝐔𝐓𝐔𝐁𝐄 - Live Stream [ Cheapest Server ],10.848,0.339,50,50000,No,No,No,USD
27381,Youtube Live Stream Views [ 150 Minutes ] [ Cheapest Server - 100% ConCurrent ] [ Instant ],YouTube,Live Stream Viewers,𝐘𝐎𝐔𝐓𝐔𝐁𝐄 - Live Stream [ Cheapest Server ],15.1872,0.4746,50,50000,No,No,No,USD
27382,Youtube Live Stream Views [ 180 Minutes ] [ Cheapest Server - 100% ConCurrent ] [ Instant ],YouTube,Live Stream Viewers,𝐘𝐎𝐔𝐓𝐔𝐁𝐄 - Live Stream [ Cheapest Server ],17.3568,0.5424,50,50000,No,No,No,USD
27383,Youtube Live Stream Views [ 360 Minutes ] [ Cheapest Server - 100% ConCurrent ] [ Instant ],YouTube,Live Stream Viewers,𝐘𝐎𝐔𝐓𝐔𝐁𝐄 - Live Stream [ Cheapest Server ],36.16,1.13,50,50000,No,No,No,USD
27384,Youtube Live Stream Views [ 720 Minutes OR 12 HOURS - 100% ConCurrent ] [ Instant ],YouTube,Live Stream Viewers,𝐘𝐎𝐔𝐓𝐔𝐁𝐄 - Live Stream [ Cheapest Server ],68.704,2.147,50,50000,No,No,No,USD
27385,Youtube Live Stream Views [ 1440 Minutes / 24 HOURS - 100% ConCurrent ] [ Instant ],YouTube,Live Stream Viewers,𝐘𝐎𝐔𝐓𝐔𝐁𝐄 - Live Stream [ Cheapest Server ],137.408,4.294,50,50000,No,No,No,USD
27386,Tiktok Live Stream Views [ Premium Quality ] | 100% Concurrent | 15 Minutes ],TikTok,Live Stream Viewers,TIKTOK - Live Stream [ Premium Quality ],21.696,0.678,10,300000,No,Yes,No,USD
27387,Tiktok Live Stream Views [ Premium Quality ] | 100% Concurrent | 30 Minutes ],TikTok,Live Stream Viewers,TIKTOK - Live Stream [ Premium Quality ],43.392,1.356,10,300000,No,Yes,No,USD
27388,Tiktok Live Stream Views [ Premium Quality ] | 100% Concurrent | 60 Minutes ],TikTok,Live Stream Viewers,TIKTOK - Live Stream [ Premium Quality ],86.784,2.712,10,300000,No,Yes,No,USD
27389,Tiktok Live Stream Views [ Premium Quality ] | 100% Concurrent | 90 Minutes ],TikTok,Live Stream Viewers,TIKTOK - Live Stream [ Premium Quality ],130.176,4.068,10,300000,No,Yes,No,USD
27390,Tiktok Live Stream Views [ Premium Quality ] | 100% Concurrent | 120 Minutes ],TikTok,Live Stream Viewers,TIKTOK - Live Stream [ Premium Quality ],173.568,5.424,10,300000,No,Yes,No,USD
27391,Tiktok Live Stream Views [ Premium Quality ] | 100% Concurrent | 180 Minutes ],TikTok,Live Stream Viewers,TIKTOK - Live Stream [ Premium Quality ],260.352,8.136,10,300000,No,Yes,No,USD
27392,Tiktok Live Stream Views [ Premium Quality ] | 100% Concurrent | 360 Minutes ],TikTok,Live Stream Viewers,TIKTOK - Live Stream [ Premium Quality ],520.704,16.272,10,200000,No,No,No,USD
27393,Tiktok Live Stream Views [ Premium Quality ] | 100% Concurrent | 720 Minutes ],TikTok,Live Stream Viewers,TIKTOK - Live Stream [ Premium Quality ],1012.48,31.64,10,300000,No,Yes,No,USD
27394,Tiktok Live Stream Views [ Premium Quality ] | 100% Concurrent | [ 24 Hours ],TikTok,Live Stream Viewers,TIKTOK - Live Stream [ Premium Quality ],1988.8,62.15,10,300000,No,Yes,No,USD
27395,Youtube Live Stream Views [Max: 300K]  [Start : Instant] [Stay ]30 Minutes],YouTube,Live Stream Viewers,Youtube Live Stream [CONCURRENT - CHEAPEST] ( Most Selling ),3.616,0.113,20,500000,No,Yes,No,USD
27396,Youtube Live Stream Views [Max: 300K]  [Start : Instant] [Stay ] 60 Minutes],YouTube,Live Stream Viewers,Youtube Live Stream [CONCURRENT - CHEAPEST] ( Most Selling ),7.232,0.226,20,500000,No,Yes,No,USD
27397,Youtube Live Stream Views [Max: 300K] [ Start : Instant] [Stay ] 90 Minutes],YouTube,Live Stream Viewers,Youtube Live Stream [CONCURRENT - CHEAPEST] ( Most Selling ),10.4864,0.3277,20,500000,No,Yes,No,USD
27398,Youtube Live Stream Views [Max: 300K] [Start Time: Instant] [Speed: For 2 Hours],YouTube,Live Stream Viewers,Youtube Live Stream [CONCURRENT - CHEAPEST] ( Most Selling ),10.4864,0.3277,20,500000,No,No,No,USD
27399,Youtube Live Stream Views [Max: 300K] [Start Time: Instant] [Speed: For 6 Hours],YouTube,Live Stream Viewers,Youtube Live Stream [CONCURRENT - CHEAPEST] ( Most Selling ),231.424,7.232,50,500000,No,No,No,USD
27400,Youtube Live Stream Views [Max: 300K] [Start Time: Instant] [Speed: For 12 Hours],YouTube,Live Stream Viewers,Youtube Live Stream [CONCURRENT - CHEAPEST] ( Most Selling ),462.848,14.464,50,500000,No,No,No,USD
27401,Youtube Live Stream Views [Max: 300K] [Start Time: Instant] [Speed: For 24 Hours],YouTube,Live Stream Viewers,Youtube Live Stream [CONCURRENT - CHEAPEST] ( Most Selling ),831.68,25.99,50,500000,No,No,No,USD
27402,YT Viewers [ Livestream views | [15 min ] ( Instant ) ( 0.048$ Per 1k ),YouTube,Live Stream Viewers,𝐘𝐎𝐔𝐓𝐔𝐁𝐄 - Live Stream Service ( Unique Service ) ( Lowest Rate Guarantee ),1.7376,0.0543,50,500000,No,Yes,No,USD
27403,YT Viewers [ Livestream views | 60 Minutes ( Max 100k ),YouTube,Live Stream Viewers,𝐘𝐎𝐔𝐓𝐔𝐁𝐄 - Live Stream Service ( Unique Service ) ( Lowest Rate Guarantee ),8.6784,0.2712,50,500000,No,Yes,No,USD
27404,YT Viewers [ Livestream views | 120 Minutes ( Max 100k ),YouTube,Live Stream Viewers,𝐘𝐎𝐔𝐓𝐔𝐁𝐄 - Live Stream Service ( Unique Service ) ( Lowest Rate Guarantee ),15.9104,0.4972,50,500000,No,Yes,No,USD
27405,YT Viewers [ Livestream views | 180 Minutes ( Max 100k ),YouTube,Live Stream Viewers,𝐘𝐎𝐔𝐓𝐔𝐁𝐄 - Live Stream Service ( Unique Service ) ( Lowest Rate Guarantee ),31.8208,0.9944,50,500000,No,Yes,No,USD
27406,YT Viewers [ Livestream views | 360 Minutes ( Max 100k ),YouTube,Live Stream Viewers,𝐘𝐎𝐔𝐓𝐔𝐁𝐄 - Live Stream Service ( Unique Service ) ( Lowest Rate Guarantee ),57.856,1.808,50,500000,No,No,No,USD
27407,YT Viewers [ Livestream views | 12 hours  ( Max 100k ),YouTube,Live Stream Viewers,𝐘𝐎𝐔𝐓𝐔𝐁𝐄 - Live Stream Service ( Unique Service ) ( Lowest Rate Guarantee ),173.568,5.424,50,500000,No,No,No,USD
27408,YT Viewers [ Livestream views | 24 hours ( Max 100k ),YouTube,Live Stream Viewers,𝐘𝐎𝐔𝐓𝐔𝐁𝐄 - Live Stream Service ( Unique Service ) ( Lowest Rate Guarantee ),343.52,10.735,50,500000,No,No,No,USD
27409,Youtube Live Stream Views [Max: 500K] [Start time : INSTANT] [Stay time: 15 min],YouTube,Live Stream Viewers,YOUTUBE - Live Stream Views [100% Concurrent Viewers] [Cheapest] [ Second Server ],6.8704,0.2147,50,500000,No,No,No,USD
27410,Youtube Live Stream Views [Max: 500K] [Start time : INSTANT] [Stay time: 30 min],YouTube,Live Stream Viewers,YOUTUBE - Live Stream Views [100% Concurrent Viewers] [Cheapest] [ Second Server ],13.7408,0.4294,50,500000,No,No,No,USD
27411,Youtube Live Stream Views [Max: 500K] [Start time : INSTANT] [Stay time: 60 min],YouTube,Live Stream Viewers,YOUTUBE - Live Stream Views [100% Concurrent Viewers] [Cheapest] [ Second Server ],18.08,0.565,50,500000,No,Yes,No,USD
27413,Youtube Live Stream Views [Max: 500K] [Start time : INSTANT] [Stay time: 2 hours],YouTube,Live Stream Viewers,YOUTUBE - Live Stream Views [100% Concurrent Viewers] [Cheapest] [ Second Server ],36.16,1.13,50,500000,No,Yes,No,USD
27412,Youtube Live Stream Views [Max: 500K] [Start time : INSTANT] [Stay time: 90 min],YouTube,Live Stream Viewers,YOUTUBE - Live Stream Views [100% Concurrent Viewers] [Cheapest] [ Second Server ],40.8608,1.2769,50,500000,No,No,No,USD
27414,Youtube Live Stream Views [Max: 500K] [Start time : INSTANT] [Stay time: 3 hours],YouTube,Live Stream Viewers,YOUTUBE - Live Stream Views [100% Concurrent Viewers] [Cheapest] [ Second Server ],54.24,1.695,50,500000,No,Yes,No,USD
27415,Youtube Live Stream Views [Max: 500K] [Start time : INSTANT] [Stay time: 4 hours],YouTube,Live Stream Viewers,YOUTUBE - Live Stream Views [100% Concurrent Viewers] [Cheapest] [ Second Server ],108.48,3.39,50,500000,No,No,No,USD
27416,Youtube Live Stream Views [Max: 500K] [Start time : INSTANT] [Stay time: 6 hours],YouTube,Live Stream Viewers,YOUTUBE - Live Stream Views [100% Concurrent Viewers] [Cheapest] [ Second Server ],162.72,5.085,50,500000,No,No,No,USD
27417,Youtube Live Stream Views [Max: 500K] [Start time : INSTANT] [Stay time: 12 hours],YouTube,Live Stream Viewers,YOUTUBE - Live Stream Views [100% Concurrent Viewers] [Cheapest] [ Second Server ],325.44,10.17,50,500000,No,No,No,USD
27418,Youtube Live Stream Views [Max: 500K] [Start time : INSTANT] [Stay time: 24 hours],YouTube,Live Stream Viewers,YOUTUBE - Live Stream Views [100% Concurrent Viewers] [Cheapest] [ Second Server ],650.88,20.34,50,500000,No,No,No,USD
27419,Youtube Live Stream Views [Max: 500K] [Start time : INSTANT] [Stay time: 7 Days],YouTube,Live Stream Viewers,YOUTUBE - Live Stream Views [100% Concurrent Viewers] [Cheapest] [ Second Server ],2186.9568,68.3424,50,500000,No,Yes,No,USD
27420,Youtube Live Stream Views [Max: 500K] [Start time : INSTANT] [Stay time: 15 Days],YouTube,Live Stream Viewers,YOUTUBE - Live Stream Views [100% Concurrent Viewers] [Cheapest] [ Second Server ],4686.336,146.448,50,500000,No,Yes,No,USD
27421,Youtube Live Stream Views [Max: 500K] [Start time : INSTANT] [Stay time: 30 Days],YouTube,Live Stream Viewers,YOUTUBE - Live Stream Views [100% Concurrent Viewers] [Cheapest] [ Second Server ],9372.672,292.896,10,500000,No,Yes,No,USD
27422,Youtube Live Stream Views [Max: 50k]  INSTANT [Stay time: 15 Minutes],YouTube,Live Stream Viewers,𝐘𝐎𝐔𝐓𝐔𝐁𝐄 - Live Stream [ %100 Concurrent ] [ Cheapes in the World ],5.424,0.1695,50,500000,No,No,No,USD
27423,Youtube Live Stream Views [Max: 50K] INSTANT [Stay time: 30 Minutes],YouTube,Live Stream Viewers,𝐘𝐎𝐔𝐓𝐔𝐁𝐄 - Live Stream [ %100 Concurrent ] [ Cheapes in the World ],10.848,0.339,50,500000,No,No,No,USD
27424,Youtube Live Stream Views [Max: 50k] INSTANT [Stay time: 60 Minutes],YouTube,Live Stream Viewers,𝐘𝐎𝐔𝐓𝐔𝐁𝐄 - Live Stream [ %100 Concurrent ] [ Cheapes in the World ],21.696,0.678,50,500000,No,No,No,USD
27425,Youtube Live Stream Views [Max: 50k] INSTANT [Stay time: 90 Minutes],YouTube,Live Stream Viewers,𝐘𝐎𝐔𝐓𝐔𝐁𝐄 - Live Stream [ %100 Concurrent ] [ Cheapes in the World ],32.544,1.017,50,500000,No,No,No,USD
27426,Youtube Live Stream Views [Max: 500k] INSTANT [Stay time: 120 Minutes],YouTube,Live Stream Viewers,𝐘𝐎𝐔𝐓𝐔𝐁𝐄 - Live Stream [ %100 Concurrent ] [ Cheapes in the World ],43.392,1.356,50,500000,No,No,No,USD
27427,Youtube Live Stream Views [Max: 500k] INSTANT [Stay time: 180 Minutes],YouTube,Live Stream Viewers,𝐘𝐎𝐔𝐓𝐔𝐁𝐄 - Live Stream [ %100 Concurrent ] [ Cheapes in the World ],65.088,2.034,50,500000,No,No,No,USD
27428,Youtube Live Stream Views [Max: 500k] INSTANT [Stay time: 360 Minutes],YouTube,Live Stream Viewers,𝐘𝐎𝐔𝐓𝐔𝐁𝐄 - Live Stream [ %100 Concurrent ] [ Cheapes in the World ],129.8144,4.0567,50,500000,No,No,No,USD
27429,Youtube Live Stream Views [Max: 500K] INSTANT [Stay time: 720 Minutes],YouTube,Live Stream Viewers,𝐘𝐎𝐔𝐓𝐔𝐁𝐄 - Live Stream [ %100 Concurrent ] [ Cheapes in the World ],259.6288,8.1134,50,500000,No,No,No,USD
27430,Youtube Live Stream Views [Max: 500k] INSTANT [Stay time: 1440 Minutes],YouTube,Live Stream Viewers,𝐘𝐎𝐔𝐓𝐔𝐁𝐄 - Live Stream [ %100 Concurrent ] [ Cheapes in the World ],519.2576,16.2268,50,500000,No,No,No,USD
27431,Facebook Live Stream [Stay: 15 Minutes ] [Start Time: INSTANT ],Facebook,Live Stream Viewers,𝗙𝗔𝗖𝗘𝗕𝗢𝗢𝗞 - Live Stream Viewers | Always Working | PREMIUM and VIP SERVER,28.928,0.904,10,500000,No,No,No,USD
27432,Facebook Live Stream Views [Max: 10K] [Stay: 30 Minutes] [Start Time: INSTANT],Facebook,Live Stream Viewers,𝗙𝗔𝗖𝗘𝗕𝗢𝗢𝗞 - Live Stream Viewers | Always Working | PREMIUM and VIP SERVER,60.3872,1.8871,30,30000,No,Yes,No,USD
27433,Facebook Live Stream Views [Max: 10K] [ Stay: 120 Minutes ] [Start Time: INSTANT],Facebook,Live Stream Viewers,𝗙𝗔𝗖𝗘𝗕𝗢𝗢𝗞 - Live Stream Viewers | Always Working | PREMIUM and VIP SERVER,241.5488,7.5484,10,30000,No,Yes,No,USD
27434,Facebook Live Stream Views [Max: 10K] [ Stay: 150 Minutes ] [Start Time: INSTANT],Facebook,Live Stream Viewers,𝗙𝗔𝗖𝗘𝗕𝗢𝗢𝗞 - Live Stream Viewers | Always Working | PREMIUM and VIP SERVER,301.936,9.4355,10,30000,No,Yes,No,USD
27435,Facebook Live Stream Views [ Max: 10K] [Stay: 360 Minutes] [ Start Time: INSTANT ],Facebook,Live Stream Viewers,𝗙𝗔𝗖𝗘𝗕𝗢𝗢𝗞 - Live Stream Viewers | Always Working | PREMIUM and VIP SERVER,585.792,18.306,50,10000,No,No,No,USD
27436,Facebook Live Stream Views [ Max: 10K] [Stay: 420 Minutes] [ Start Time: INSTANT ],Facebook,Live Stream Viewers,𝗙𝗔𝗖𝗘𝗕𝗢𝗢𝗞 - Live Stream Viewers | Always Working | PREMIUM and VIP SERVER,668.96,20.905,50,10000,No,No,No,USD
27437,Facebook Live Stream Views [ Max: 10K] [Stay: 480 Minutes] [ Start Time: INSTANT ],Facebook,Live Stream Viewers,𝗙𝗔𝗖𝗘𝗕𝗢𝗢𝗞 - Live Stream Viewers | Always Working | PREMIUM and VIP SERVER,1018.2656,31.8208,50,10000,No,Yes,No,USD
27438,YouTube Live Stream Views [Concurrent - 15 minutes]	Affordable,YouTube,Live Stream Viewers,YOUTUBE - Live Stream - [ CONCURRENT } Affordable ( CHEAPEST ),6.5088,0.2034,50,500000,No,No,No,USD
27439,YouTube Live Stream Views [Concurrent - 30 minutes] Affordable,YouTube,Live Stream Viewers,YOUTUBE - Live Stream - [ CONCURRENT } Affordable ( CHEAPEST ),13.0176,0.4068,50,500000,No,No,No,USD
27440,YouTube Live Stream Views [Concurrent - 60 minutes] Affordable,YouTube,Live Stream Viewers,YOUTUBE - Live Stream - [ CONCURRENT } Affordable ( CHEAPEST ),26.0352,0.8136,50,500000,No,No,No,USD
27441,YouTube Live Stream Views [Concurrent - 90 minutes] Affordable,YouTube,Live Stream Viewers,YOUTUBE - Live Stream - [ CONCURRENT } Affordable ( CHEAPEST ),39.0528,1.2204,50,500000,No,No,No,USD
27442,YouTube Live Stream Views [Concurrent - 120 minutes] Affordable,YouTube,Live Stream Viewers,YOUTUBE - Live Stream - [ CONCURRENT } Affordable ( CHEAPEST ),52.0704,1.6272,50,500000,No,No,No,USD
27443,YouTube Live Stream Views [Concurrent - 150 Min  ] Affordable,YouTube,Live Stream Viewers,YOUTUBE - Live Stream - [ CONCURRENT } Affordable ( CHEAPEST ),65.088,2.034,50,500000,No,No,No,USD
27444,YouTube Live Stream Views [Concurrent - 180 Min or 3 hours ] Affordable,YouTube,Live Stream Viewers,YOUTUBE - Live Stream - [ CONCURRENT } Affordable ( CHEAPEST ),78.1056,2.4408,50,500000,No,No,No,USD
27445,YouTube Live Stream Views [Concurrent - 360 Min or 6 hours ] Affordable,YouTube,Live Stream Viewers,YOUTUBE - Live Stream - [ CONCURRENT } Affordable ( CHEAPEST ),156.9344,4.9042,50,500000,No,No,No,USD
27446,YouTube Live Stream Views [Concurrent - 720 Min or 12 hours ] Affordable,YouTube,Live Stream Viewers,YOUTUBE - Live Stream - [ CONCURRENT } Affordable ( CHEAPEST ),313.8688,9.8084,50,500000,No,No,No,USD
27447,YouTube Live Stream Views [Concurrent - 1440 Min or 24 hours ] Affordable,YouTube,Live Stream Viewers,YOUTUBE - Live Stream - [ CONCURRENT } Affordable ( CHEAPEST ),627.7376,19.6168,50,500000,No,No,No,USD
27448,Youtube Live Stream Views [ 30 Minutes ] [ Lowest Price ] Concurrent 100%,YouTube,Live Stream Viewers,𝐘𝐎𝐔𝐓𝐔𝐁𝐄 - New Live Stream [ Cheapest Price ] ( 100% Quality ),3.9776,0.1243,50,500000,No,No,No,USD
27449,Youtube Live Stream Views [ 45 Minutes ] [ Lowest Price ] Concurrent 100%,YouTube,Live Stream Viewers,𝐘𝐎𝐔𝐓𝐔𝐁𝐄 - New Live Stream [ Cheapest Price ] ( 100% Quality ),9.04,0.2825,50,500000,No,No,No,USD
27450,Youtube Live Stream Views [ 60 Minutes ] [ Lowest Price ] Concurrent 100%,YouTube,Live Stream Viewers,𝐘𝐎𝐔𝐓𝐔𝐁𝐄 - New Live Stream [ Cheapest Price ] ( 100% Quality ),10.1248,0.3164,50,500000,No,No,No,USD
27451,Youtube Live Stream Views [ 120 Minutes ] [ Lowest Price ] Concurrent  100%,YouTube,Live Stream Viewers,𝐘𝐎𝐔𝐓𝐔𝐁𝐄 - New Live Stream [ Cheapest Price ] ( 100% Quality ),19.888,0.6215,50,500000,No,No,No,USD
27452,Youtube Live Stream Views [ 180 Minutes ] [ Lowest Price ] Concurrent 100%,YouTube,Live Stream Viewers,𝐘𝐎𝐔𝐓𝐔𝐁𝐄 - New Live Stream [ Cheapest Price ] ( 100% Quality ),30.3744,0.9492,50,500000,No,No,No,USD
27453,Youtube Live Stream Views [ 240 Minutes ] [ Lowest Price ] Concurrent 100%,YouTube,Live Stream Viewers,𝐘𝐎𝐔𝐓𝐔𝐁𝐄 - New Live Stream [ Cheapest Price ] ( 100% Quality ),36.16,1.13,50,500000,No,No,No,USD
27454,Youtube Live Stream Views [ 300 Minutes ] [ Lowest Price ] Concurrent 100%,YouTube,Live Stream Viewers,𝐘𝐎𝐔𝐓𝐔𝐁𝐄 - New Live Stream [ Cheapest Price ] ( 100% Quality ),47.008,1.469,50,500000,No,No,No,USD
27455,Youtube Live Stream Views [ 360 Minutes ] [ Lowest Price ] Concurrent 100%,YouTube,Live Stream Viewers,𝐘𝐎𝐔𝐓𝐔𝐁𝐄 - New Live Stream [ Cheapest Price ] ( 100% Quality ),57.856,1.808,50,500000,No,No,No,USD
27456,Youtube Live Stream Views [ 720 Minutes ] [ Lowest Price ] Concurrent  100%,YouTube,Live Stream Viewers,𝐘𝐎𝐔𝐓𝐔𝐁𝐄 - New Live Stream [ Cheapest Price ] ( 100% Quality ),115.712,3.616,50,500000,No,No,No,USD
27457,Youtube Live Stream Views [ 1440 Minutes ] [ Lowest Price ] Concurrent 100%,YouTube,Live Stream Viewers,𝐘𝐎𝐔𝐓𝐔𝐁𝐄 - New Live Stream [ Cheapest Price ] ( 100% Quality ),216.96,6.78,50,500000,No,No,No,USD
27458,🎥 YouTube Live Stream [ 15 Minutes Live CONCURRENT ] [ Latest Service ],YouTube,Live Stream Viewers,YOUTUBE - Live [ P1 SERVER ],9.04,0.2825,50,500000,No,No,No,USD
27459,🎥 YouTube Live Stream [ 30 Minutes Live CONCURRENT ] [ Latest Service ],YouTube,Live Stream Viewers,YOUTUBE - Live [ P1 SERVER ],17.3568,0.5424,50,500000,No,No,No,USD
27460,🎥YouTube Live Stream [ 60 Minutes Live CONCURRENT ] [ Latest Service ],YouTube,Live Stream Viewers,YOUTUBE - Live [ P1 SERVER ],36.16,1.13,50,500000,No,No,No,USD
27461,🎥YouTube Live Stream [ 90 Minutes Live CONCURRENT ] [ Latest Service ],YouTube,Live Stream Viewers,YOUTUBE - Live [ P1 SERVER ],54.24,1.695,50,500000,No,No,No,USD
27462,🎥YouTube Live Stream [ 120 Minutes Live CONCURRENT ] [ Latest Service ],YouTube,Live Stream Viewers,YOUTUBE - Live [ P1 SERVER ],72.32,2.26,50,500000,No,No,No,USD
27463,🎥YouTube Live Stream [ 180 Minutes Live CONCURRENT ] [ Latest Service ],YouTube,Live Stream Viewers,YOUTUBE - Live [ P1 SERVER ],108.48,3.39,50,500000,No,No,No,USD
27464,🎥YouTube Live Stream [ 270 Minutes Live CONCURRENT ] [ Latest Service ],YouTube,Live Stream Viewers,YOUTUBE - Live [ P1 SERVER ],216.96,6.78,50,100000,No,No,No,USD
27465,🎥YouTube Live Stream [ 6 Hours Live CONCURRENT ] [ Latest Service ],YouTube,Live Stream Viewers,YOUTUBE - Live [ P1 SERVER ],216.96,6.78,50,500000,No,No,No,USD
27466,🎥YouTube Live Stream [ 300 Min Live CONCURRENT ] [ Latest Service ],YouTube,Live Stream Viewers,YOUTUBE - Live [ P1 SERVER ],289.28,9.04,100,100000,No,No,No,USD
27467,🎥YouTube Live Stream [ 12 Hours Live CONCURRENT ] [ Latest Service ],YouTube,Live Stream Viewers,YOUTUBE - Live [ P1 SERVER ],433.92,13.56,50,500000,No,No,No,USD
27468,🎥YouTube Live Stream [ 24 Hours Live CONCURRENT ] [ Latest Service ],YouTube,Live Stream Viewers,YOUTUBE - Live [ P1 SERVER ],723.2,22.6,50,500000,No,No,No,USD
27469,Youtube Live Stream [ 15 Minutes 100% Concurrent ],YouTube,Live Stream Viewers,𝐘𝐎𝐔𝐓𝐔𝐁𝐄 - Live Stream  [ Best working 100% concurrent ],9.04,0.2825,50,500000,No,No,No,USD
27470,Youtube Live Stream [ 30 Minutes 100% Concurrent ],YouTube,Live Stream Viewers,𝐘𝐎𝐔𝐓𝐔𝐁𝐄 - Live Stream  [ Best working 100% concurrent ],18.08,0.565,50,500000,No,No,No,USD
27471,Youtube Live Stream [ 60 Minutes 100% Concurrent ],YouTube,Live Stream Viewers,𝐘𝐎𝐔𝐓𝐔𝐁𝐄 - Live Stream  [ Best working 100% concurrent ],36.16,1.13,50,500000,No,No,No,USD
27472,Youtube Live Stream [ 90 Minutes 100% Concurrent ],YouTube,Live Stream Viewers,𝐘𝐎𝐔𝐓𝐔𝐁𝐄 - Live Stream  [ Best working 100% concurrent ],54.24,1.695,50,500000,No,No,No,USD
27473,Youtube Live Stream [ 2 Hours - 100% Concurrent ],YouTube,Live Stream Viewers,𝐘𝐎𝐔𝐓𝐔𝐁𝐄 - Live Stream  [ Best working 100% concurrent ],72.32,2.26,20,500000,No,No,No,USD
27474,Youtube Live Stream [ 3 Hours - 100% Concurrent ],YouTube,Live Stream Viewers,𝐘𝐎𝐔𝐓𝐔𝐁𝐄 - Live Stream  [ Best working 100% concurrent ],108.48,3.39,50,500000,No,No,No,USD
27475,Youtube Live Stream [ 6 Hours - 100% Concurrent ],YouTube,Live Stream Viewers,𝐘𝐎𝐔𝐓𝐔𝐁𝐄 - Live Stream  [ Best working 100% concurrent ],155.488,4.859,50,500000,No,No,No,USD
27476,Youtube Live Stream [ 12 Hours - 100% Concurrent ],YouTube,Live Stream Viewers,𝐘𝐎𝐔𝐓𝐔𝐁𝐄 - Live Stream  [ Best working 100% concurrent ],433.92,13.56,50,500000,No,No,No,USD
27477,Youtube Live Stream [ 24 Hours - 100% Concurrent ],YouTube,Live Stream Viewers,𝐘𝐎𝐔𝐓𝐔𝐁𝐄 - Live Stream  [ Best working 100% concurrent ],650.88,20.34,50,500000,No,No,No,USD
27478,Facebook Live Stream Views [ Max 100K ] | 100% Concurrent | 15 Minutes,Facebook,Live Stream Viewers,𝗙𝗔𝗖𝗘𝗕𝗢𝗢𝗞 - Live Stream Views [ Cheapest ],16.272,0.5085,10,500000,No,No,No,USD
27479,Facebook Live Stream Views [ Max 100K ] | 100% Concurrent | 30 Minutes,Facebook,Live Stream Viewers,𝗙𝗔𝗖𝗘𝗕𝗢𝗢𝗞 - Live Stream Views [ Cheapest ],32.544,1.017,10,500000,No,No,No,USD
27480,Facebook Live Stream Views [ Max 100K ] | 100% Concurrent | 60 Minutes,Facebook,Live Stream Viewers,𝗙𝗔𝗖𝗘𝗕𝗢𝗢𝗞 - Live Stream Views [ Cheapest ],65.088,2.034,10,500000,No,No,No,USD
27481,Facebook Live Stream Views [ Max 100K ] | 100% Concurrent | 90 Minutes,Facebook,Live Stream Viewers,𝗙𝗔𝗖𝗘𝗕𝗢𝗢𝗞 - Live Stream Views [ Cheapest ],97.632,3.051,10,500000,No,No,No,USD
27482,Facebook Live Stream Views [ Max 100K ] | 100% Concurrent | 120 Minutes,Facebook,Live Stream Viewers,𝗙𝗔𝗖𝗘𝗕𝗢𝗢𝗞 - Live Stream Views [ Cheapest ],130.176,4.068,10,500000,No,No,No,USD
27483,Facebook Live Stream Views [ Max 100K ] | 100% Concurrent | 150 Minutes,Facebook,Live Stream Viewers,𝗙𝗔𝗖𝗘𝗕𝗢𝗢𝗞 - Live Stream Views [ Cheapest ],162.72,5.085,10,500000,No,No,No,USD
27484,Facebook Live Stream Views [ Max 100K ] | 100% Concurrent | 180 Minutes,Facebook,Live Stream Viewers,𝗙𝗔𝗖𝗘𝗕𝗢𝗢𝗞 - Live Stream Views [ Cheapest ],195.264,6.102,10,500000,No,No,No,USD
27485,Facebook Live Stream Views [ Max 100K ] | 100% Concurrent | 210 Minutes,Facebook,Live Stream Viewers,𝗙𝗔𝗖𝗘𝗕𝗢𝗢𝗞 - Live Stream Views [ Cheapest ],227.808,7.119,10,500000,No,No,No,USD
27486,Facebook Live Stream Views [ Max 100K ] | 100% Concurrent | 240 Minutes,Facebook,Live Stream Viewers,𝗙𝗔𝗖𝗘𝗕𝗢𝗢𝗞 - Live Stream Views [ Cheapest ],260.352,8.136,10,500000,No,No,No,USD
27487,Facebook Live Stream Views [ Max 100K ] | 100% Concurrent | 270 Minutes,Facebook,Live Stream Viewers,𝗙𝗔𝗖𝗘𝗕𝗢𝗢𝗞 - Live Stream Views [ Cheapest ],292.896,9.153,10,500000,No,No,No,USD
27488,Facebook Live Stream Views [ Max 100K ] | 100% Concurrent | 300 Minutes,Facebook,Live Stream Viewers,𝗙𝗔𝗖𝗘𝗕𝗢𝗢𝗞 - Live Stream Views [ Cheapest ],325.44,10.17,10,500000,No,No,No,USD
27489,Facebook Live Stream Views [ Max 100K ] | 100% Concurrent | 360 Minutes,Facebook,Live Stream Viewers,𝗙𝗔𝗖𝗘𝗕𝗢𝗢𝗞 - Live Stream Views [ Cheapest ],390.528,12.204,10,500000,No,No,No,USD
27490,Facebook Live Stream Views [ Max 100K ] | 100% Concurrent | 480 Minutes,Facebook,Live Stream Viewers,𝗙𝗔𝗖𝗘𝗕𝗢𝗢𝗞 - Live Stream Views [ Cheapest ],520.704,16.272,50,30000,No,No,No,USD
27494,Youtube Live Stream [ 100% Concurrent - 60 Minutes ] Lowest Rate,YouTube,Live Stream Viewers,𝐘𝐎𝐔𝐓𝐔𝐁𝐄 - Live Stream [ Best And Cheap ] ( Max 800k Live Per Video Capacity ) ),7.5936,0.2373,50,500000,No,No,No,USD
27491,Youtube Live Stream [ 100% Concurrent - 15 Minutes ] Lowest Rate,YouTube,Live Stream Viewers,𝐘𝐎𝐔𝐓𝐔𝐁𝐄 - Live Stream [ Best And Cheap ] ( Max 800k Live Per Video Capacity ) ),8.4992,0.2656,50,500000,No,No,No,USD
27495,Youtube Live Stream [ 100% Concurrent - 90 Minutes ] Lowest Rate,YouTube,Live Stream Viewers,𝐘𝐎𝐔𝐓𝐔𝐁𝐄 - Live Stream [ Best And Cheap ] ( Max 800k Live Per Video Capacity ) ),12.2944,0.3842,50,500000,No,No,No,USD
27496,Youtube Live Stream [ 100% Concurrent - 120 Minutes ] Lowest Rate,YouTube,Live Stream Viewers,𝐘𝐎𝐔𝐓𝐔𝐁𝐄 - Live Stream [ Best And Cheap ] ( Max 800k Live Per Video Capacity ) ),12.2944,0.3842,50,500000,No,No,No,USD
27492,Youtube Live Stream [ 100% Concurrent - 30 Minutes ] Lowest Rate,YouTube,Live Stream Viewers,𝐘𝐎𝐔𝐓𝐔𝐁𝐄 - Live Stream [ Best And Cheap ] ( Max 800k Live Per Video Capacity ) ),16.9952,0.5311,50,500000,No,No,No,USD
27493,Youtube Live Stream [ 100% Concurrent - 45 Minutes ] Lowest Rate  ( New ),YouTube,Live Stream Viewers,𝐘𝐎𝐔𝐓𝐔𝐁𝐄 - Live Stream [ Best And Cheap ] ( Max 800k Live Per Video Capacity ) ),21.696,0.678,50,500000,No,No,No,USD
27497,Youtube Live Stream [ 100% Concurrent - 150 Minutes ] Lowest Rate,YouTube,Live Stream Viewers,𝐘𝐎𝐔𝐓𝐔𝐁𝐄 - Live Stream [ Best And Cheap ] ( Max 800k Live Per Video Capacity ) ),24.5888,0.7684,50,500000,No,No,No,USD
27498,Youtube Live Stream [ 100% Concurrent - 180 Minutes ] Lowest Rate,YouTube,Live Stream Viewers,𝐘𝐎𝐔𝐓𝐔𝐁𝐄 - Live Stream [ Best And Cheap ] ( Max 800k Live Per Video Capacity ) ),104.864,3.277,50,500000,No,No,No,USD
27499,Youtube Live Stream [ 100% Concurrent - 240 Minutes ] Lowest Rate,YouTube,Live Stream Viewers,𝐘𝐎𝐔𝐓𝐔𝐁𝐄 - Live Stream [ Best And Cheap ] ( Max 800k Live Per Video Capacity ) ),137.408,4.294,50,500000,No,No,No,USD
27500,Youtube Live Stream [ 100% Concurrent - 360 Minutes ] Lowest Rate,YouTube,Live Stream Viewers,𝐘𝐎𝐔𝐓𝐔𝐁𝐄 - Live Stream [ Best And Cheap ] ( Max 800k Live Per Video Capacity ) ),209.728,6.554,50,500000,No,No,No,USD
27501,Youtube Live Stream [ 100% Concurrent - 720 Minutes ] Lowest Rate,YouTube,Live Stream Viewers,𝐘𝐎𝐔𝐓𝐔𝐁𝐄 - Live Stream [ Best And Cheap ] ( Max 800k Live Per Video Capacity ) ),361.6,11.3,50,500000,No,No,No,USD
27502,Youtube Live Stream [ 100% Concurrent - 1440 Minutes ] Lowest Rate,YouTube,Live Stream Viewers,𝐘𝐎𝐔𝐓𝐔𝐁𝐄 - Live Stream [ Best And Cheap ] ( Max 800k Live Per Video Capacity ) ),723.2,22.6,50,500000,No,No,No,USD
27503,Youtube Live Stream Views [Max: 500K] [Start time : INSTANT] [Stay time: 15 min],YouTube,Live Stream Viewers,𝐘𝐎𝐔𝐓𝐔𝐁𝐄 - Live Stream Views [100% Concurrent Viewers] [ Cheapes in the World ],2.1696,0.0678,50,50000,No,Yes,No,USD
27504,Youtube Live Stream Views [Max: 500K] [Start time : INSTANT] [Stay time: 30 min],YouTube,Live Stream Viewers,𝐘𝐎𝐔𝐓𝐔𝐁𝐄 - Live Stream Views [100% Concurrent Viewers] [ Cheapes in the World ],3.616,0.113,50,50000,No,Yes,No,USD
27506,Youtube Live Stream Views [Max: 500K] [Start time : INSTANT] [Stay time: 60 min],YouTube,Live Stream Viewers,𝐘𝐎𝐔𝐓𝐔𝐁𝐄 - Live Stream Views [100% Concurrent Viewers] [ Cheapes in the World ],7.232,0.226,50,50000,No,Yes,No,USD
27507,Youtube Live Stream Views [Max: 500K] [Start time : INSTANT] [Stay time: 90 min],YouTube,Live Stream Viewers,𝐘𝐎𝐔𝐓𝐔𝐁𝐄 - Live Stream Views [100% Concurrent Viewers] [ Cheapes in the World ],10.4864,0.3277,50,50000,No,Yes,No,USD
27508,Youtube Live Stream Views [Max: 500K] [Start time : INSTANT] [Stay time: 2 hours],YouTube,Live Stream Viewers,𝐘𝐎𝐔𝐓𝐔𝐁𝐄 - Live Stream Views [100% Concurrent Viewers] [ Cheapes in the World ],10.4864,0.3277,50,50000,No,Yes,No,USD
27505,Youtube Live Stream Views [ 45 Minutes ] [ Lowest Price ],YouTube,Live Stream Viewers,𝐘𝐎𝐔𝐓𝐔𝐁𝐄 - Live Stream Views [100% Concurrent Viewers] [ Cheapes in the World ],19.5264,0.6102,50,500000,No,No,No,USD
27509,Youtube Live Stream Views [Max: 500K] [Start time : INSTANT] [Stay time: 3 hours],YouTube,Live Stream Viewers,𝐘𝐎𝐔𝐓𝐔𝐁𝐄 - Live Stream Views [100% Concurrent Viewers] [ Cheapes in the World ],20.2496,0.6328,50,50000,No,No,No,USD
27510,Youtube Live Stream Views [Max: 500K] [Start time : INSTANT] [Stay time: 4 hours],YouTube,Live Stream Viewers,𝐘𝐎𝐔𝐓𝐔𝐁𝐄 - Live Stream Views [100% Concurrent Viewers] [ Cheapes in the World ],21.696,0.678,50,50000,No,No,No,USD
27511,Youtube Live Stream Views [Max: 500K] [Start time : INSTANT] [Stay time: 6 hours],YouTube,Live Stream Viewers,𝐘𝐎𝐔𝐓𝐔𝐁𝐄 - Live Stream Views [100% Concurrent Viewers] [ Cheapes in the World ],40.1376,1.2543,50,50000,No,Yes,No,USD
27512,Youtube Live Stream Views [Max: 500K] [Start time : INSTANT] [Stay time: 12 hours],YouTube,Live Stream Viewers,𝐘𝐎𝐔𝐓𝐔𝐁𝐄 - Live Stream Views [100% Concurrent Viewers] [ Cheapes in the World ],83.5296,2.6103,50,50000,No,Yes,No,USD
27513,Youtube Live Stream Views [Max: 500K] [Start time : INSTANT] [Stay time: 24 hours],YouTube,Live Stream Viewers,𝐘𝐎𝐔𝐓𝐔𝐁𝐄 - Live Stream Views [100% Concurrent Viewers] [ Cheapes in the World ],166.6976,5.2093,50,50000,No,Yes,No,USD
27514,Youtube Live Stream Views [Max: 500K] [Start time : INSTANT] [Stay time: 7 Days],YouTube,Live Stream Viewers,𝐘𝐎𝐔𝐓𝐔𝐁𝐄 - Live Stream Views [100% Concurrent Viewers] [ Cheapes in the World ],723.2,22.6,50,50000,No,No,No,USD
27515,Youtube Live Stream Views [Max: 500K] [Start time : INSTANT] [Stay time: 15 Days],YouTube,Live Stream Viewers,𝐘𝐎𝐔𝐓𝐔𝐁𝐄 - Live Stream Views [100% Concurrent Viewers] [ Cheapes in the World ],2169.6,67.8,50,50000,No,No,No,USD
27516,Youtube Live Stream Views [Max: 500K] [Start time : INSTANT] [Stay time: 30 Days],YouTube,Live Stream Viewers,𝐘𝐎𝐔𝐓𝐔𝐁𝐄 - Live Stream Views [100% Concurrent Viewers] [ Cheapes in the World ],7232.0,226.0,50,500000,No,Yes,No,USD
27517,YouTube Live Stream [ 15 Minutes Live CONCURRENT ] [ Latest Service ],YouTube,Live Stream Viewers,𝐘𝐎𝐔𝐓𝐔𝐁𝐄 - Live Streaming [ Latest Service ] ( Lowest Rate ) Affordable,9.04,0.2825,50,500000,No,No,No,USD
27518,YouTube Live Stream [ 30 Minutes Live CONCURRENT ] [ Latest Service ],YouTube,Live Stream Viewers,𝐘𝐎𝐔𝐓𝐔𝐁𝐄 - Live Streaming [ Latest Service ] ( Lowest Rate ) Affordable,18.08,0.565,50,500000,No,No,No,USD
27520,YouTube Live Stream [ 45 Minutes Live CONCURRENT ] [ Latest Service ] ( New ),YouTube,Live Stream Viewers,𝐘𝐎𝐔𝐓𝐔𝐁𝐄 - Live Streaming [ Latest Service ] ( Lowest Rate ) Affordable,19.888,0.6215,50,500000,No,No,No,USD
27523,YouTube Live Stream [ 180 Minutes ( 3 hours ) Live CONCURRENT ] [ Latest Service ],YouTube,Live Stream Viewers,𝐘𝐎𝐔𝐓𝐔𝐁𝐄 - Live Streaming [ Latest Service ] ( Lowest Rate ) Affordable,21.696,0.678,50,500000,No,Yes,No,USD
27519,YouTube Live Stream [ 60 Minutes Live CONCURRENT ] [ Latest Service ],YouTube,Live Stream Viewers,𝐘𝐎𝐔𝐓𝐔𝐁𝐄 - Live Streaming [ Latest Service ] ( Lowest Rate ) Affordable,36.16,1.13,50,500000,No,No,No,USD
27521,YouTube Live Stream [ 90 Minutes Live CONCURRENT ] [ Latest Service ],YouTube,Live Stream Viewers,𝐘𝐎𝐔𝐓𝐔𝐁𝐄 - Live Streaming [ Latest Service ] ( Lowest Rate ) Affordable,57.856,1.808,50,50000,No,Yes,No,USD
27522,YouTube Live Stream [ 120 Minutes ( 2 Hours ) Live CONCURRENT ] [ Latest Service ],YouTube,Live Stream Viewers,𝐘𝐎𝐔𝐓𝐔𝐁𝐄 - Live Streaming [ Latest Service ] ( Lowest Rate ) Affordable,72.32,2.26,50,50000,No,Yes,No,USD
27524,YouTube Live Stream [ 6 Hours Live CONCURRENT ] [ Latest Service ],YouTube,Live Stream Viewers,𝐘𝐎𝐔𝐓𝐔𝐁𝐄 - Live Streaming [ Latest Service ] ( Lowest Rate ) Affordable,216.96,6.78,50,500000,No,No,No,USD
27525,YouTube Live Stream [ 12 Hours Live CONCURRENT ] [ Latest Service ],YouTube,Live Stream Viewers,𝐘𝐎𝐔𝐓𝐔𝐁𝐄 - Live Streaming [ Latest Service ] ( Lowest Rate ) Affordable,361.6,11.3,50,500000,No,No,No,USD
27526,YouTube Live Stream [ 24 Hours Live CONCURRENT ] [ Latest Service ],YouTube,Live Stream Viewers,𝐘𝐎𝐔𝐓𝐔𝐁𝐄 - Live Streaming [ Latest Service ] ( Lowest Rate ) Affordable,723.2,22.6,50,500000,No,No,No,USD
27527,Youtube Live Stream Views [ 15 Min ] [100% Real] [ Discovery ] [ 100% Concurrent ] [Instant ],YouTube,Live Stream Viewers,Youtube Live Stream ( Discovery ),7.232,0.226,50,500000,No,No,No,USD
27528,Youtube Live Stream Views [ 30 Min ] [100% Real] [ Discovery ] [ 100% Concurrent ] [Instant ],YouTube,Live Stream Viewers,Youtube Live Stream ( Discovery ),14.464,0.452,50,500000,No,No,No,USD
27529,Youtube Live Stream Views [ 60 Min ] [100% Real] [ Discovery ] [ 100% Concurrent ] [Instant ],YouTube,Live Stream Viewers,Youtube Live Stream ( Discovery ),28.928,0.904,20,500000,No,No,No,USD
27530,Youtube Live Stream Views [ 90 Min ] [100% Real] [ Discovery ] [ 100% Concurrent ] [Instant ],YouTube,Live Stream Viewers,Youtube Live Stream ( Discovery ),43.392,1.356,50,500000,No,No,No,USD
27531,Youtube Live Stream Views [ 120 Min ] [100% Real] [ Discovery ] [ 100% Concurrent ] [Instant ],YouTube,Live Stream Viewers,Youtube Live Stream ( Discovery ),57.856,1.808,50,500000,No,No,No,USD
27532,Youtube Live Stream Views [ 3 Hour ] [100% Real] [ Discovery ] [ 100% Concurrent ] [Instant ],YouTube,Live Stream Viewers,Youtube Live Stream ( Discovery ),130.176,4.068,50,500000,No,No,No,USD
27533,Youtube Live Stream Views [ 6 Hour ] [100% Real] [ Discovery ] [ 100% Concurrent ] [Instant ],YouTube,Live Stream Viewers,Youtube Live Stream ( Discovery ),260.352,8.136,50,500000,No,No,No,USD
27534,Tiktok Live Stream Views [ Max 200K ] | %100 Concurrent | 15 Minutes %𝟭𝟬𝟬 𝗪𝗢𝗥𝗞İ𝗡𝗚,TikTok,Live Stream Viewers,TikTok Live Stream Views [ UPDATE SPECİAL ] ᴺᴱᵂ,19.888,0.6215,50,100000,No,Yes,No,USD
27535,Tiktok Live Stream Views [ Max 200K ] | %100 Concurrent | 30 Minutes %𝟭𝟬𝟬 𝗪𝗢𝗥𝗞İ𝗡𝗚,TikTok,Live Stream Viewers,TikTok Live Stream Views [ UPDATE SPECİAL ] ᴺᴱᵂ,39.776,1.243,50,100000,No,Yes,No,USD
27536,Tiktok Live Stream Views [ Max 200K ] | %100 Concurrent | 60 Minutes %𝟭𝟬𝟬 𝗪𝗢𝗥𝗞İ𝗡𝗚,TikTok,Live Stream Viewers,TikTok Live Stream Views [ UPDATE SPECİAL ] ᴺᴱᵂ,79.552,2.486,50,100000,No,Yes,No,USD
27537,Tiktok Live Stream Views [ Max 200K ] | %100 Concurrent | 90 Minutes %𝟭𝟬𝟬 𝗪𝗢𝗥𝗞İ𝗡𝗚,TikTok,Live Stream Viewers,TikTok Live Stream Views [ UPDATE SPECİAL ] ᴺᴱᵂ,119.328,3.729,50,100000,No,Yes,No,USD
27538,Tiktok Live Stream Views [ Max 200K ] | %100 Concurrent | 120 Minutes %𝟭𝟬𝟬 𝗪𝗢𝗥𝗞İ𝗡𝗚,TikTok,Live Stream Viewers,TikTok Live Stream Views [ UPDATE SPECİAL ] ᴺᴱᵂ,159.104,4.972,10,100000,No,Yes,No,USD
27539,Tiktok Live Stream Views [ Max 200K ] | %100 Concurrent | 180 Minutes %𝟭𝟬𝟬 𝗪𝗢𝗥𝗞İ𝗡𝗚,TikTok,Live Stream Viewers,TikTok Live Stream Views [ UPDATE SPECİAL ] ᴺᴱᵂ,238.656,7.458,10,100000,No,Yes,No,USD
27540,Tiktok Live Stream Views [ Max 200K ] | %100 Concurrent | 360 Minutes %𝟭𝟬𝟬 𝗪𝗢𝗥𝗞İ𝗡𝗚,TikTok,Live Stream Viewers,TikTok Live Stream Views [ UPDATE SPECİAL ] ᴺᴱᵂ,477.312,14.916,10,100000,No,Yes,No,USD
27541,Tiktok Live Stream Views [ Max 200K ] | %100 Concurrent | 480 Minutes %𝟭𝟬𝟬 𝗪𝗢𝗥𝗞İ𝗡𝗚,TikTok,Live Stream Viewers,TikTok Live Stream Views [ UPDATE SPECİAL ] ᴺᴱᵂ,636.416,19.888,10,200000,No,Yes,No,USD
27542,Tiktok Live Stream Views [ Max 200K ] | %100 Concurrent | 720 Minutes %𝟭𝟬𝟬 𝗪𝗢𝗥𝗞İ𝗡𝗚,TikTok,Live Stream Viewers,TikTok Live Stream Views [ UPDATE SPECİAL ] ᴺᴱᵂ,954.624,29.832,10,200000,No,Yes,No,USD
27543,Tiktok Live Stream Views [ Max 200K ] | %100 Concurrent | 1440 Minutes %𝟭𝟬𝟬 𝗪𝗢𝗥𝗞İ𝗡𝗚,TikTok,Live Stream Viewers,TikTok Live Stream Views [ UPDATE SPECİAL ] ᴺᴱᵂ,1988.8,62.15,10,200000,No,Yes,No,USD
27544,YouTube Live Stream Views [ High Quality ] [ 15 Minutes ] [ BEST FOR RANKING LIVE ],YouTube,Live Stream Viewers,𝐄𝐗𝐂𝐋𝐔𝐒𝐈𝐕𝐄 -  Youtube Live Stream [ BEST For RANKING ] Extra Live on Every Order,10.848,0.339,50,50000,No,Yes,No,USD
27546,YouTube Live Stream Views [ High Quality ] [ 90 Minutes ] [ BEST FOR RANKING LIVE ],YouTube,Live Stream Viewers,𝐄𝐗𝐂𝐋𝐔𝐒𝐈𝐕𝐄 -  Youtube Live Stream [ BEST For RANKING ] Extra Live on Every Order,14.464,0.452,50,500000,No,Yes,No,USD
27547,YouTube Live Stream Views [ High Quality ] [ 150 Minutes ] [ BEST FOR RANKING LIVE ],YouTube,Live Stream Viewers,𝐄𝐗𝐂𝐋𝐔𝐒𝐈𝐕𝐄 -  Youtube Live Stream [ BEST For RANKING ] Extra Live on Every Order,25.312,0.791,50,500000,No,Yes,No,USD
27545,YouTube Live Stream Views [ High Quality ] [ 60 Minutes ] [ BEST FOR RANKING LIVE ] ( Max 400k Live ),YouTube,Live Stream Viewers,𝐄𝐗𝐂𝐋𝐔𝐒𝐈𝐕𝐄 -  Youtube Live Stream [ BEST For RANKING ] Extra Live on Every Order,43.392,1.356,50,50000,No,Yes,No,USD
27550,YouTube Live Stream Views [ High Quality ] [ 6 Hours ] [ BEST FOR RANKING LIVE ],YouTube,Live Stream Viewers,𝐄𝐗𝐂𝐋𝐔𝐒𝐈𝐕𝐄 -  Youtube Live Stream [ BEST For RANKING ] Extra Live on Every Order,43.392,1.356,50,500000,No,Yes,No,USD
27548,YouTube Live Stream Views [ High Quality ] [ 3 Hour ] [ BEST FOR RANKING LIVE ],YouTube,Live Stream Viewers,𝐄𝐗𝐂𝐋𝐔𝐒𝐈𝐕𝐄 -  Youtube Live Stream [ BEST For RANKING ] Extra Live on Every Order,52.0704,1.6272,50,50000,No,No,No,USD
27549,YouTube Live Stream Views [ High Quality ] [ 4 Hours ] [ BEST FOR RANKING LIVE ]	( New ),YouTube,Live Stream Viewers,𝐄𝐗𝐂𝐋𝐔𝐒𝐈𝐕𝐄 -  Youtube Live Stream [ BEST For RANKING ] Extra Live on Every Order,162.72,5.085,50,500000,No,No,No,USD
27551,YouTube Live Stream Views [ High Quality ] [ 12 Hours ] [ BEST FOR RANKING LIVE ],YouTube,Live Stream Viewers,𝐄𝐗𝐂𝐋𝐔𝐒𝐈𝐕𝐄 -  Youtube Live Stream [ BEST For RANKING ] Extra Live on Every Order,397.76,12.43,50,500000,No,No,No,USD
27552,YouTube Live Stream Views [ High Quality ] [ 24 Hours ] [ BEST FOR RANKING LIVE ],YouTube,Live Stream Viewers,𝐄𝐗𝐂𝐋𝐔𝐒𝐈𝐕𝐄 -  Youtube Live Stream [ BEST For RANKING ] Extra Live on Every Order,795.52,24.86,50,500000,No,No,No,USD
27553,Youtube Live Stream Views [Max: 500K] [Start time : INSTANT] [Stay time: 15 min],YouTube,Live Stream Viewers,Youtube Live Stream ( Super Cheap ) 100% Concurrent ( Server 3 ),7.232,0.226,20,500000,No,No,No,USD
27557,Youtube Live Stream Views [Max: 100K] [Start time : INSTANT] [Stay time: 2 hours],YouTube,Live Stream Viewers,Youtube Live Stream ( Super Cheap ) 100% Concurrent ( Server 3 ),10.848,0.339,50,50000,No,Yes,No,USD
27554,Youtube Live Stream Views [Max: 500K] [Start time : INSTANT] [Stay time: 30 min],YouTube,Live Stream Viewers,Youtube Live Stream ( Super Cheap ) 100% Concurrent ( Server 3 ),14.464,0.452,50,50000,No,Yes,No,USD
27555,Youtube Live Stream Views [Max: 500K] [Start time : INSTANT] [Stay time: 60 min],YouTube,Live Stream Viewers,Youtube Live Stream ( Super Cheap ) 100% Concurrent ( Server 3 ),28.928,0.904,50,50000,No,Yes,No,USD
27556,Youtube Live Stream Views [Max: 100K] [Start time : INSTANT] [Stay time: 90 min],YouTube,Live Stream Viewers,Youtube Live Stream ( Super Cheap ) 100% Concurrent ( Server 3 ),43.392,1.356,50,50000,No,No,No,USD
27558,Youtube Live Stream Views [Max: 500K] [Start time : INSTANT] [Stay time: 3 hours],YouTube,Live Stream Viewers,Youtube Live Stream ( Super Cheap ) 100% Concurrent ( Server 3 ),108.48,3.39,50,500000,No,No,No,USD
27559,Youtube Live Stream Views [Max: 100K] [Start time : INSTANT] [Stay time: 4 hours],YouTube,Live Stream Viewers,Youtube Live Stream ( Super Cheap ) 100% Concurrent ( Server 3 ),144.64,4.52,50,500000,No,No,No,USD
27560,Youtube Live Stream Views [Max: 100K] [Start time : INSTANT] [Stay time: 6 hours],YouTube,Live Stream Viewers,Youtube Live Stream ( Super Cheap ) 100% Concurrent ( Server 3 ),216.96,6.78,50,500000,No,No,No,USD
27561,Youtube Live Stream Views [Max: 100K] [Start time : INSTANT] [Stay time: 12 hours],YouTube,Live Stream Viewers,Youtube Live Stream ( Super Cheap ) 100% Concurrent ( Server 3 ),325.44,10.17,50,500000,No,No,No,USD
27562,Youtube Live Stream Views [Max: 100K] [Start time : INSTANT] [Stay time: 24 hours],YouTube,Live Stream Viewers,Youtube Live Stream ( Super Cheap ) 100% Concurrent ( Server 3 ),506.24,15.82,50,500000,No,No,No,USD
27563,Tiktok Live Stream Views + %200 Likes [15 Minutes],TikTok,Live Stream Viewers,Tiktok Livestream Views + Live Likes,23.9552,0.7486,50,10000,No,No,No,USD
27564,Tiktok Live Stream Views + %200 Likes [30 Minutes],TikTok,Live Stream Viewers,Tiktok Livestream Views + Live Likes,47.9072,1.4971,50,10000,No,No,No,USD
27565,Tiktok Live Stream Views + %200 Likes [60 Minutes],TikTok,Live Stream Viewers,Tiktok Livestream Views + Live Likes,95.8112,2.9941,50,10000,No,No,No,USD
27566,Tiktok Live Stream Views + %200 Likes [90 Minutes],TikTok,Live Stream Viewers,Tiktok Livestream Views + Live Likes,143.7152,4.4911,50,10000,No,No,No,USD
27567,Tiktok Live Stream Views + %200 Likes [120 Minutes],TikTok,Live Stream Viewers,Tiktok Livestream Views + Live Likes,191.6192,5.9881,50,10000,No,No,No,USD
27568,Tiktok Live Stream Views + %200 Likes [150 Minutes],TikTok,Live Stream Viewers,Tiktok Livestream Views + Live Likes,239.5264,7.4852,50,10000,No,No,No,USD
27569,Tiktok Live Stream Views + %200 Likes [180 Minutes],TikTok,Live Stream Viewers,Tiktok Livestream Views + Live Likes,287.4304,8.9822,50,10000,No,No,No,USD
27570,Tiktok Live Stream Views + %200 Likes [240 Minutes],TikTok,Live Stream Viewers,Tiktok Livestream Views + Live Likes,383.2384,11.9762,50,10000,No,No,No,USD
27571,Tiktok Live Stream Views + %200 Likes [270 Minutes],TikTok,Live Stream Viewers,Tiktok Livestream Views + Live Likes,431.1456,13.4733,50,10000,No,No,No,USD
27572,Tiktok Live Stream Views + %200 Likes [300 Minutes],TikTok,Live Stream Viewers,Tiktok Livestream Views + Live Likes,479.0496,14.9703,50,10000,No,No,No,USD
27573,TikTok Live Stream Viewers [30 Minutes] [Start Time: Instant],TikTok,Live Stream Viewers,TikTok Live Stream Viewers [Stable Service],83.3152,2.6036,50,100000,No,No,No,USD
27574,TikTok Live Stream Viewers [60 Minutes] [Start Time: Instant],TikTok,Live Stream Viewers,TikTok Live Stream Viewers [Stable Service],166.6272,5.2071,50,100000,No,No,No,USD
27575,TikTok Live Stream Viewers [90 Minutes] [Start Time: Instant],TikTok,Live Stream Viewers,TikTok Live Stream Viewers [Stable Service],249.9392,7.8106,50,100000,No,No,No,USD
27576,TikTok Live Stream Viewers [120 Minutes] [Start Time: Instant],TikTok,Live Stream Viewers,TikTok Live Stream Viewers [Stable Service],333.2512,10.4141,50,100000,No,No,No,USD
27577,TikTok Live Stream Viewers [150 Minutes] [Start Time: Instant],TikTok,Live Stream Viewers,TikTok Live Stream Viewers [Stable Service],416.5632,13.0176,50,100000,No,No,No,USD
27578,TikTok Live Stream Viewers [180 Minutes] [Start Time: Instant],TikTok,Live Stream Viewers,TikTok Live Stream Viewers [Stable Service],499.8784,15.6212,50,100000,No,No,No,USD
27579,TikTok Live Stream Viewers [210 Minutes] [Start Time: Instant],TikTok,Live Stream Viewers,TikTok Live Stream Viewers [Stable Service],583.1904,18.2247,50,100000,No,No,No,USD
27580,TikTok Live Stream Viewers [240 Minutes] [Start Time: Instant],TikTok,Live Stream Viewers,TikTok Live Stream Viewers [Stable Service],666.5024,20.8282,50,100000,No,No,No,USD
27581,TikTok Live Stream Viewers [270 Minutes] [Start Time: Instant],TikTok,Live Stream Viewers,TikTok Live Stream Viewers [Stable Service],749.8144,23.4317,50,100000,No,No,No,USD
27582,TikTok Live Stream Viewers [300 Minutes] [Start Time: Instant],TikTok,Live Stream Viewers,TikTok Live Stream Viewers [Stable Service],833.1264,26.0352,50,100000,No,No,No,USD
27583,Youtube Live Stream Views + Likes [15 Minutes],YouTube,Live Stream Viewers,Youtube Live Stream Views [High Ranking] [Provider - 30.08.2025],1.5648,0.0489,50,5000000,No,No,No,USD
27584,Youtube Live Stream Views + Likes [30 Minutes],YouTube,Live Stream Viewers,Youtube Live Stream Views [High Ranking] [Provider - 30.08.2025],3.1264,0.0977,50,5000000,No,No,No,USD
27585,Youtube Live Stream Views + Likes [60 Minutes],YouTube,Live Stream Viewers,Youtube Live Stream Views [High Ranking] [Provider - 30.08.2025],6.2496,0.1953,50,5000000,No,No,No,USD
27586,Youtube Live Stream Views + Likes [90 Minutes],YouTube,Live Stream Viewers,Youtube Live Stream Views [High Ranking] [Provider - 30.08.2025],9.3728,0.2929,50,5000000,No,No,No,USD
27587,Youtube Live Stream Views + Likes [120 Minutes],YouTube,Live Stream Viewers,Youtube Live Stream Views [High Ranking] [Provider - 30.08.2025],12.4992,0.3906,50,5000000,No,No,No,USD
27588,Youtube Live Stream Views + Likes [180 Minutes],YouTube,Live Stream Viewers,Youtube Live Stream Views [High Ranking] [Provider - 30.08.2025],18.7456,0.5858,50,5000000,No,No,No,USD
27589,Youtube Live Stream Views + Likes [240 Minutes],YouTube,Live Stream Viewers,Youtube Live Stream Views [High Ranking] [Provider - 30.08.2025],24.9952,0.7811,50,5000000,No,No,No,USD
27590,Youtube Live Stream Views + Likes [360 Minutes],YouTube,Live Stream Viewers,Youtube Live Stream Views [High Ranking] [Provider - 30.08.2025],38.1856,1.1933,50,5000000,No,No,No,USD
27591,Youtube Live Stream Views + Likes [720 Minutes],YouTube,Live Stream Viewers,Youtube Live Stream Views [High Ranking] [Provider - 30.08.2025],76.3712,2.3866,50,5000000,No,No,No,USD
27592,Youtube Live Stream Views + Likes [1440 Minutes],YouTube,Live Stream Viewers,Youtube Live Stream Views [High Ranking] [Provider - 30.08.2025],152.7424,4.7732,50,5000000,No,No,No,USD
27593,Youtube Live Stream Views + Likes [7 Days],YouTube,Live Stream Viewers,Youtube Live Stream Views [High Ranking] [Provider - 30.08.2025],1110.8352,34.7136,50,5000000,No,No,No,USD
27594,Youtube Live Stream Views + Likes [30 Days],YouTube,Live Stream Viewers,Youtube Live Stream Views [High Ranking] [Provider - 30.08.2025],4582.1952,143.1936,50,5000000,No,No,No,USD
27595,Facebook Live Stream Viewers [ 15 minutes ],Facebook,Live Stream Viewers,Facebook Live Stream Viewers [Working Good - Latest],11.2864,0.3527,10,10000,No,No,No,USD
27596,Facebook Live Stream Viewers [ 30 minutes ],Facebook,Live Stream Viewers,Facebook Live Stream Viewers [Working Good - Latest],22.5696,0.7053,10,10000,No,No,No,USD
27597,Facebook Live Stream Viewers [ 45 minutes ],Facebook,Live Stream Viewers,Facebook Live Stream Viewers [Working Good - Latest],33.856,1.058,10,10000,No,No,No,USD
27598,Facebook Live Stream Viewers [ 60 minutes ],Facebook,Live Stream Viewers,Facebook Live Stream Viewers [Working Good - Latest],45.136,1.4105,10,10000,No,No,No,USD
27599,Facebook Live Stream Viewers [ 90 minutes ],Facebook,Live Stream Viewers,Facebook Live Stream Viewers [Working Good - Latest],67.7024,2.1157,10,10000,No,No,No,USD
27600,Facebook Live Stream Viewers [ 120 minutes ],Facebook,Live Stream Viewers,Facebook Live Stream Viewers [Working Good - Latest],90.272,2.821,10,10000,No,No,No,USD
27601,Facebook Live Stream Viewers [ 150 minutes ],Facebook,Live Stream Viewers,Facebook Live Stream Viewers [Working Good - Latest],112.8384,3.5262,10,10000,No,No,No,USD
27602,Facebook Live Stream Viewers [ 180 minutes ],Facebook,Live Stream Viewers,Facebook Live Stream Viewers [Working Good - Latest],135.4048,4.2314,10,10000,No,No,No,USD
27603,Facebook Live Stream Viewers [ 210 minutes ],Facebook,Live Stream Viewers,Facebook Live Stream Viewers [Working Good - Latest],157.9744,4.9367,10,10000,No,No,No,USD
27604,Facebook Live Stream Viewers [ 240 minutes ],Facebook,Live Stream Viewers,Facebook Live Stream Viewers [Working Good - Latest],180.5408,5.6419,10,10000,No,No,No,USD
27605,Facebook Live Stream Viewers [ 270 minutes ],Facebook,Live Stream Viewers,Facebook Live Stream Viewers [Working Good - Latest],203.1072,6.3471,10,10000,No,No,No,USD
27606,Facebook Live Stream Viewers [ 300 minutes ],Facebook,Live Stream Viewers,Facebook Live Stream Viewers [Working Good - Latest],225.6768,7.0524,10,10000,No,No,No,USD
27607,Facebook Live Stream Viewers [ 360 minutes ],Facebook,Live Stream Viewers,Facebook Live Stream Viewers [Working Good - Latest],270.8096,8.4628,10,10000,No,No,No,USD
27608,Facebook Live Stream Viewers [ 420 minutes ],Facebook,Live Stream Viewers,Facebook Live Stream Viewers [Working Good - Latest],315.9424,9.8732,10,10000,No,No,No,USD
27609,TikTok Live Stream Viewers [15 Mins] [Start Time: Instant],TikTok,Live Stream Viewers,TikTok Live Stream Viewers [Cheapest in the Market] [70-90% Delivery - No Refund],14.9984,0.4687,20,10000,No,No,No,USD
27610,TikTok Live Stream Viewers [30 Mins] [Start Time: Instant],TikTok,Live Stream Viewers,TikTok Live Stream Viewers [Cheapest in the Market] [70-90% Delivery - No Refund],29.9936,0.9373,20,10000,No,No,No,USD
27611,TikTok Live Stream Viewers [45 Mins] [Start Time: Instant],TikTok,Live Stream Viewers,TikTok Live Stream Viewers [Cheapest in the Market] [70-90% Delivery - No Refund],44.992,1.406,20,10000,No,No,No,USD
27612,TikTok Live Stream Viewers [60 Mins] [Start Time: Instant],TikTok,Live Stream Viewers,TikTok Live Stream Viewers [Cheapest in the Market] [70-90% Delivery - No Refund],59.9872,1.8746,20,10000,No,No,No,USD
27613,TikTok Live Stream Viewers [90 Mins] [Start Time: Instant],TikTok,Live Stream Viewers,TikTok Live Stream Viewers [Cheapest in the Market] [70-90% Delivery - No Refund],89.9776,2.8118,20,10000,No,No,No,USD
27614,TikTok Live Stream Viewers [120 Mins] [Start Time: Instant],TikTok,Live Stream Viewers,TikTok Live Stream Viewers [Cheapest in the Market] [70-90% Delivery - No Refund],119.9744,3.7492,20,10000,No,No,No,USD
27615,TikTok Live Stream Viewers [150 Mins] [Start Time: Instant],TikTok,Live Stream Viewers,TikTok Live Stream Viewers [Cheapest in the Market] [70-90% Delivery - No Refund],149.9648,4.6864,20,10000,No,No,No,USD
27616,TikTok Live Stream Viewers [180 Mins] [Start Time: Instant],TikTok,Live Stream Viewers,TikTok Live Stream Viewers [Cheapest in the Market] [70-90% Delivery - No Refund],179.9552,5.6236,20,10000,No,No,No,USD
27617,TikTok Live Stream Viewers [210 Mins] [Start Time: Instant],TikTok,Live Stream Viewers,TikTok Live Stream Viewers [Cheapest in the Market] [70-90% Delivery - No Refund],209.9488,6.5609,20,10000,No,No,No,USD
27618,TikTok Live Stream Viewers [240 Mins] [Start Time: Instant],TikTok,Live Stream Viewers,TikTok Live Stream Viewers [Cheapest in the Market] [70-90% Delivery - No Refund],239.9424,7.4982,20,10000,No,No,No,USD
27619,TikTok Live Stream Viewers [270 Mins] [Start Time: Instant],TikTok,Live Stream Viewers,TikTok Live Stream Viewers [Cheapest in the Market] [70-90% Delivery - No Refund],269.936,8.4355,20,10000,No,No,No,USD
27620,TikTok Live Stream Viewers [300 Mins] [Start Time: Instant],TikTok,Live Stream Viewers,TikTok Live Stream Viewers [Cheapest in the Market] [70-90% Delivery - No Refund],299.9264,9.3727,20,10000,No,No,No,USD
27641,Instagram Live Stream Viewers  [Stay Time: 15 Mins],Instagram,Live Stream Viewers,Instagram Live Stream Views Cheaper,171.8336,5.3698,50,50000,No,No,No,USD
27642,Instagram Live Stream Viewers  [Stay Time: 30 Mins],Instagram,Live Stream Viewers,Instagram Live Stream Views Cheaper,331.5168,10.3599,50,50000,No,No,No,USD
27643,Instagram Live Stream Viewers  [Stay Time: 60 Mins],Instagram,Live Stream Viewers,Instagram Live Stream Views Cheaper,491.2,15.35,50,50000,No,No,No,USD
27644,Instagram Live Stream Viewers  [Stay Time: 90 Mins],Instagram,Live Stream Viewers,Instagram Live Stream Views Cheaper,690.8032,21.5876,50,50000,No,No,No,USD
27645,Instagram Live Stream Viewers  [Stay Time: 120 Mins],Instagram,Live Stream Viewers,Instagram Live Stream Views Cheaper,810.5632,25.3301,50,50000,No,No,No,USD
27646,Instagram Live Stream Viewers  [Stay Time: 180 Mins],Instagram,Live Stream Viewers,Instagram Live Stream Views Cheaper,951.1552,29.7236,50,50000,No,No,No,USD
27647,Instagram Live Stream Viewers  [Stay Time: 240 Mins],Instagram,Live Stream Viewers,Instagram Live Stream Views Cheaper,1308.704,40.897,50,50000,No,No,No,USD
27648,Instagram Live Stream Viewers  [Stay Time: 360 Mins],Instagram,Live Stream Viewers,Instagram Live Stream Views Cheaper,1666.2528,52.0704,50,50000,No,No,No,USD
27649,Instagram Live Stream Viewers  [Stay Time: 720 Mins],Instagram,Live Stream Viewers,Instagram Live Stream Views Cheaper,1987.3536,62.1048,50,50000,No,No,No,USD
27650,Instagram Live Stream Viewers  [Stay Time: 1440 Mins],Instagram,Live Stream Viewers,Instagram Live Stream Views Cheaper,4061.4912,126.9216,50,50000,No,No,No,USD
27651,Youtube Livestream Views [15 Minutes Stable Concurrent Viewers],YouTube,Live Stream Viewers,Youtube Live Stream Views [100% Concurrent Viewers - Stable],1.7184,0.0537,50,50000,No,No,No,USD
27652,Youtube Livestream Views [30 Minutes Stable Concurrent Viewers],YouTube,Live Stream Viewers,Youtube Live Stream Views [100% Concurrent Viewers - Stable],3.4368,0.1074,50,50000,No,No,No,USD
27653,Youtube Livestream Views [60 Minutes Stable Concurrent Viewers],YouTube,Live Stream Viewers,Youtube Live Stream Views [100% Concurrent Viewers - Stable],6.8768,0.2149,50,50000,No,No,No,USD
27654,Youtube Livestream Views [90 Minutes Stable Concurrent Viewers],YouTube,Live Stream Viewers,Youtube Live Stream Views [100% Concurrent Viewers - Stable],10.3104,0.3222,50,50000,No,No,No,USD
27655,Youtube Livestream Views [120 Minutes Stable Concurrent Viewers],YouTube,Live Stream Viewers,Youtube Live Stream Views [100% Concurrent Viewers - Stable],13.7504,0.4297,50,50000,No,No,No,USD
27656,Youtube Livestream Views [180 Minutes Stable Concurrent Viewers],YouTube,Live Stream Viewers,Youtube Live Stream Views [100% Concurrent Viewers - Stable],20.6208,0.6444,50,50000,No,No,No,USD
27657,Youtube Livestream Views [240 Minutes Stable Concurrent Viewers],YouTube,Live Stream Viewers,Youtube Live Stream Views [100% Concurrent Viewers - Stable],27.4944,0.8592,50,50000,No,No,No,USD
27658,Youtube Livestream Views [360 Minutes Stable Concurrent Viewers],YouTube,Live Stream Viewers,Youtube Live Stream Views [100% Concurrent Viewers - Stable],41.2416,1.2888,50,50000,No,No,No,USD
27659,Youtube Livestream Views [12 Hours Stable Concurrent Viewers],YouTube,Live Stream Viewers,Youtube Live Stream Views [100% Concurrent Viewers - Stable],82.4832,2.5776,50,50000,No,No,No,USD
27660,Youtube Livestream Views [24 Hours Stable Concurrent Viewers],YouTube,Live Stream Viewers,Youtube Live Stream Views [100% Concurrent Viewers - Stable],164.96,5.155,50,50000,No,No,No,USD
27661,"Youtube Live Stream Views [15 Minutes] [Direct, Unknown]",YouTube,Live Stream Viewers,Youtube Livestream Views [Different Sources],12.4992,0.3906,50,50000,No,No,No,USD
27662,"Youtube Live Stream Views [30 Minutes] [Direct, Unknown]",YouTube,Live Stream Viewers,Youtube Livestream Views [Different Sources],24.9952,0.7811,50,50000,No,No,No,USD
27663,"Youtube Live Stream Views [60 Minutes] [Direct, Unknown]",YouTube,Live Stream Viewers,Youtube Livestream Views [Different Sources],49.9904,1.5622,50,50000,No,No,No,USD
27664,"Youtube Live Stream Views [90 Minutes] [Direct, Unknown]",YouTube,Live Stream Viewers,Youtube Livestream Views [Different Sources],74.9824,2.3432,50,50000,No,No,No,USD
27665,"Youtube Live Stream Views [120 Minutes] [Direct, Unknown]",YouTube,Live Stream Viewers,Youtube Livestream Views [Different Sources],99.9776,3.1243,50,50000,No,No,No,USD
27666,"Youtube Live Stream Views [150 Minutes] [Direct, Unknown]",YouTube,Live Stream Viewers,Youtube Livestream Views [Different Sources],124.9696,3.9053,50,50000,No,No,No,USD
27667,"Youtube Live Stream Views [180 Minutes] [Direct, Unknown]",YouTube,Live Stream Viewers,Youtube Livestream Views [Different Sources],137.4688,4.2959,50,50000,No,No,No,USD
27668,"Youtube Live Stream Views [360 Minutes] [Direct, Unknown]",YouTube,Live Stream Viewers,Youtube Livestream Views [Different Sources],274.9344,8.5917,50,50000,No,No,No,USD
27669,"Youtube Live Stream Views [720 Minutes] [Direct, Unknown]",YouTube,Live Stream Viewers,Youtube Livestream Views [Different Sources],416.5632,13.0176,50,50000,No,No,No,USD
27670,"Youtube Live Stream Views [1440 Minutes] [Direct, Unknown]",YouTube,Live Stream Viewers,Youtube Livestream Views [Different Sources],833.1264,26.0352,50,50000,No,No,No,USD
27671,Youtube Livestream Views [15 Minutes],YouTube,Live Stream Viewers,Youtube Live Stream Views [100% Concurrent Viewers - Cheapest],2.9152,0.0911,10,1000000,No,No,No,USD
27672,Youtube Livestream Views [30 Minutes],YouTube,Live Stream Viewers,Youtube Live Stream Views [100% Concurrent Viewers - Cheapest],5.8336,0.1823,10,1000000,No,No,No,USD
27673,Youtube Livestream Views [60 Minutes],YouTube,Live Stream Viewers,Youtube Live Stream Views [100% Concurrent Viewers - Cheapest],11.6672,0.3646,10,1000000,No,No,No,USD
27674,Youtube Livestream Views [90 Minutes],YouTube,Live Stream Viewers,Youtube Live Stream Views [100% Concurrent Viewers - Cheapest],17.4944,0.5467,10,1000000,No,No,No,USD
27675,Youtube Livestream Views [120 Minutes],YouTube,Live Stream Viewers,Youtube Live Stream Views [100% Concurrent Viewers - Cheapest],23.328,0.729,10,1000000,No,No,No,USD
27676,Youtube Livestream Views [180 Minutes],YouTube,Live Stream Viewers,Youtube Live Stream Views [100% Concurrent Viewers - Cheapest],34.9952,1.0936,10,1000000,No,No,No,USD
27677,Youtube Livestream Views [4 Hours],YouTube,Live Stream Viewers,Youtube Live Stream Views [100% Concurrent Viewers - Cheapest],46.656,1.458,10,1000000,No,No,No,USD
27678,Youtube Livestream Views [5 Hours],YouTube,Live Stream Viewers,Youtube Live Stream Views [100% Concurrent Viewers - Cheapest],69.9872,2.1871,10,1000000,No,No,No,USD
27679,Youtube Livestream Views [6 Hours],YouTube,Live Stream Viewers,Youtube Live Stream Views [100% Concurrent Viewers - Cheapest],78.1056,2.4408,10,1000000,No,No,No,USD
27680,Youtube Livestream Views [12 Hours],YouTube,Live Stream Viewers,Youtube Live Stream Views [100% Concurrent Viewers - Cheapest],139.9648,4.3739,10,1000000,No,No,No,USD
27681,Youtube Livestream Views [24 Hours],YouTube,Live Stream Viewers,Youtube Live Stream Views [100% Concurrent Viewers - Cheapest],279.9296,8.7478,10,1000000,No,No,No,USD
27682,Youtube Livestream Views [7 Days],YouTube,Live Stream Viewers,Youtube Live Stream Views [100% Concurrent Viewers - Cheapest],3396.4928,106.1404,10,1000000,No,No,No,USD
27683,Youtube Livestream Views [30 Days],YouTube,Live Stream Viewers,Youtube Live Stream Views [100% Concurrent Viewers - Cheapest],14556.3872,454.8871,10,1000000,No,No,No,USD
27684,Youtube Livestream Views [15 Minutes],YouTube,Live Stream Viewers,Youtube Live Stream Views [100% Concurrent Viewers - Valid For All Streams],8.6784,0.2712,20,20000,No,No,No,USD
27685,Youtube Livestream Views [30 Minutes],YouTube,Live Stream Viewers,Youtube Live Stream Views [100% Concurrent Viewers - Valid For All Streams],17.3568,0.5424,20,20000,No,No,No,USD
27686,Youtube Livestream Views [60 Minutes],YouTube,Live Stream Viewers,Youtube Live Stream Views [100% Concurrent Viewers - Valid For All Streams],34.7136,1.0848,20,20000,No,No,No,USD
27687,Youtube Livestream Views [90 Minutes],YouTube,Live Stream Viewers,Youtube Live Stream Views [100% Concurrent Viewers - Valid For All Streams],69.4272,2.1696,20,20000,No,No,No,USD
27688,Youtube Livestream Views [2 Hours],YouTube,Live Stream Viewers,Youtube Live Stream Views [100% Concurrent Viewers - Valid For All Streams],86.784,2.712,20,20000,No,No,No,USD
27689,Youtube Livestream Views [3 Hours],YouTube,Live Stream Viewers,Youtube Live Stream Views [100% Concurrent Viewers - Valid For All Streams],121.4976,3.7968,20,20000,No,No,No,USD
27690,Youtube Livestream Views [4 Hours],YouTube,Live Stream Viewers,Youtube Live Stream Views [100% Concurrent Viewers - Valid For All Streams],173.568,5.424,20,20000,No,No,No,USD
27691,Youtube Livestream Views [6 Hours],YouTube,Live Stream Viewers,Youtube Live Stream Views [100% Concurrent Viewers - Valid For All Streams],242.9952,7.5936,20,20000,No,No,No,USD
27692,Youtube Livestream Views [12 Hours],YouTube,Live Stream Viewers,Youtube Live Stream Views [100% Concurrent Viewers - Valid For All Streams],485.9904,15.1872,20,20000,No,No,No,USD
27693,Youtube Livestream Views [24 Hours],YouTube,Live Stream Viewers,Youtube Live Stream Views [100% Concurrent Viewers - Valid For All Streams],971.9808,30.3744,20,20000,No,No,No,USD
27694,Youtube Livestream Views [15 Minutes],YouTube,Live Stream Viewers,Youtube Live Stream Views [100% Concurrent Viewers - Super Cheap Latest],5.904,0.1845,100,100000,No,No,No,USD
27695,Youtube Livestream Views [30 Minutes],YouTube,Live Stream Viewers,Youtube Live Stream Views [100% Concurrent Viewers - Super Cheap Latest],11.1104,0.3472,100,100000,No,No,No,USD
27696,Youtube Livestream Views [60 Minutes],YouTube,Live Stream Viewers,Youtube Live Stream Views [100% Concurrent Viewers - Super Cheap Latest],21.872,0.6835,100,100000,No,No,No,USD
27697,Youtube Livestream Views [90 Minutes],YouTube,Live Stream Viewers,Youtube Live Stream Views [100% Concurrent Viewers - Super Cheap Latest],38.88,1.215,100,100000,No,No,No,USD
27698,Youtube Livestream Views [120 Minutes],YouTube,Live Stream Viewers,Youtube Live Stream Views [100% Concurrent Viewers - Super Cheap Latest],47.9072,1.4971,100,100000,No,No,No,USD
27699,Youtube Livestream Views [150 Minutes],YouTube,Live Stream Viewers,Youtube Live Stream Views [100% Concurrent Viewers - Super Cheap Latest],65.6096,2.0503,100,100000,No,No,No,USD
27700,Youtube Livestream Views [180 Minutes],YouTube,Live Stream Viewers,Youtube Live Stream Views [100% Concurrent Viewers - Super Cheap Latest],70.1216,2.1913,100,100000,No,No,No,USD
27701,Youtube Livestream Views [360 Minutes],YouTube,Live Stream Viewers,Youtube Live Stream Views [100% Concurrent Viewers - Super Cheap Latest],131.2192,4.1006,100,100000,No,No,No,USD
27702,Youtube Livestream Views [720 Minutes],YouTube,Live Stream Viewers,Youtube Live Stream Views [100% Concurrent Viewers - Super Cheap Latest],262.4352,8.2011,100,100000,No,No,No,USD
27703,Youtube Livestream Views [1440 Minutes],YouTube,Live Stream Viewers,Youtube Live Stream Views [100% Concurrent Viewers - Super Cheap Latest],801.8848,25.0589,100,100000,No,No,No,USD
27704,Youtube Livestream Views | 150-250 Viewers | Valid For All Streams | 60 Minutes,YouTube,Live Stream Viewers,Youtube Live Stream Views [150-250 Viewers] [AutoStart],9.0272,0.2821,100,2000,No,No,No,USD
27705,Youtube Livestream Views | 150-250 Viewers | Valid For All Streams | 120 Minutes,YouTube,Live Stream Viewers,Youtube Live Stream Views [150-250 Viewers] [AutoStart],14.2336,0.4448,100,2000,No,No,No,USD
27706,Youtube Livestream Views | 150-250 Viewers | Valid For All Streams | 180 Minutes,YouTube,Live Stream Viewers,Youtube Live Stream Views [150-250 Viewers] [AutoStart],20.1344,0.6292,100,2000,No,No,No,USD
27707,Youtube Livestream Views [30 Min],YouTube,Live Stream Viewers,Youtube Live Stream Views [100-120% Concurrent Viewers],12.1504,0.3797,100,60000,No,No,No,USD
27708,Youtube Livestream Views [60 Min],YouTube,Live Stream Viewers,Youtube Live Stream Views [100-120% Concurrent Viewers],24.3008,0.7594,100,60000,No,No,No,USD
27709,Youtube Livestream Views [120 Min],YouTube,Live Stream Viewers,Youtube Live Stream Views [100-120% Concurrent Viewers],48.6016,1.5188,100,60000,No,No,No,USD
27710,Youtube Livestream Views [180 Min],YouTube,Live Stream Viewers,Youtube Live Stream Views [100-120% Concurrent Viewers],72.8992,2.2781,100,60000,No,No,No,USD
27711,Youtube Livestream Views [360 Min],YouTube,Live Stream Viewers,Youtube Live Stream Views [100-120% Concurrent Viewers],145.7984,4.5562,100,60000,No,No,No,USD
27712,Youtube Livestream Views [720 Min],YouTube,Live Stream Viewers,Youtube Live Stream Views [100-120% Concurrent Viewers],291.5968,9.1124,100,60000,No,No,No,USD
27713,Youtube Livestream Views [1440 Min],YouTube,Live Stream Viewers,Youtube Live Stream Views [100-120% Concurrent Viewers],583.1904,18.2247,100,60000,No,No,No,USD
27714,Youtube Livestream Views [3 Days],YouTube,Live Stream Viewers,Youtube Live Stream Views [100-120% Concurrent Viewers],3401.9328,106.3104,200,25000,No,No,No,USD
27715,Youtube Livestream Views [7 Days],YouTube,Live Stream Viewers,Youtube Live Stream Views [100-120% Concurrent Viewers],4391.2704,137.2272,200,25000,No,No,No,USD
27716,Youtube Livestream Views [14 Days],YouTube,Live Stream Viewers,Youtube Live Stream Views [100-120% Concurrent Viewers],8782.5408,274.4544,200,25000,No,No,No,USD
27717,Youtube Livestream Views [30 Days],YouTube,Live Stream Viewers,Youtube Live Stream Views [100-120% Concurrent Viewers],17964.288,561.384,200,25000,No,No,No,USD
27718,Youtube Livestream Views [15 Minutes],YouTube,Live Stream Viewers,Youtube Live Stream Views [100% Concurrent Viewers - Always Working],6.2496,0.1953,100,100000,No,No,No,USD
27719,Youtube Livestream Views [30 Minutes],YouTube,Live Stream Viewers,Youtube Live Stream Views [100% Concurrent Viewers - Always Working],12.4992,0.3906,100,100000,No,No,No,USD
27720,Youtube Livestream Views [60 Minutes],YouTube,Live Stream Viewers,Youtube Live Stream Views [100% Concurrent Viewers - Always Working],24.9952,0.7811,100,100000,No,No,No,USD
27721,Youtube Livestream Views [90 Minutes],YouTube,Live Stream Viewers,Youtube Live Stream Views [100% Concurrent Viewers - Always Working],37.4912,1.1716,100,100000,No,No,No,USD
27722,Youtube Livestream Views [2 Hours],YouTube,Live Stream Viewers,Youtube Live Stream Views [100% Concurrent Viewers - Always Working],49.9904,1.5622,100,100000,No,No,No,USD
27723,Youtube Livestream Views [3 Hours],YouTube,Live Stream Viewers,Youtube Live Stream Views [100% Concurrent Viewers - Always Working],74.9824,2.3432,100,100000,No,No,No,USD
27724,Youtube Livestream Views [4 Hours],YouTube,Live Stream Viewers,Youtube Live Stream Views [100% Concurrent Viewers - Always Working],99.9776,3.1243,50,100000,No,No,No,USD
27725,Youtube Livestream Views [6 Hours],YouTube,Live Stream Viewers,Youtube Live Stream Views [100% Concurrent Viewers - Always Working],149.9648,4.6864,50,100000,No,No,No,USD
27726,Youtube Livestream Views [12 Hours],YouTube,Live Stream Viewers,Youtube Live Stream Views [100% Concurrent Viewers - Always Working],299.9264,9.3727,50,100000,No,No,No,USD
27727,Youtube Livestream Views [24 Hours],YouTube,Live Stream Viewers,Youtube Live Stream Views [100% Concurrent Viewers - Always Working],599.8528,18.7454,50,100000,No,No,No,USD
27728,TikTok Live Stream Viewers [15 Mins],TikTok,Live Stream Viewers,TikTok Live Stream Views [Working Good - Latest],20.8288,0.6509,10,10000,No,No,No,USD
27729,TikTok Live Stream Viewers [30 Mins],TikTok,Live Stream Viewers,TikTok Live Stream Views [Working Good - Latest],41.6576,1.3018,10,10000,No,No,No,USD
27730,TikTok Live Stream Viewers [60 Mins],TikTok,Live Stream Viewers,TikTok Live Stream Views [Working Good - Latest],83.3152,2.6036,10,10000,No,No,No,USD
27731,TikTok Live Stream Viewers [90 Mins],TikTok,Live Stream Viewers,TikTok Live Stream Views [Working Good - Latest],124.9696,3.9053,10,10000,No,No,No,USD
27732,TikTok Live Stream Viewers [120 Mins],TikTok,Live Stream Viewers,TikTok Live Stream Views [Working Good - Latest],166.6272,5.2071,10,10000,No,No,No,USD
27733,TikTok Live Stream Viewers [150 Mins],TikTok,Live Stream Viewers,TikTok Live Stream Views [Working Good - Latest],208.2816,6.5088,10,10000,No,No,No,USD
27734,TikTok Live Stream Viewers [180 Mins],TikTok,Live Stream Viewers,TikTok Live Stream Views [Working Good - Latest],249.9392,7.8106,10,10000,No,No,No,USD
27735,TikTok Live Stream Viewers [210 Mins],TikTok,Live Stream Viewers,TikTok Live Stream Views [Working Good - Latest],291.5968,9.1124,10,10000,No,No,No,USD
27736,TikTok Live Stream Viewers [240 Mins],TikTok,Live Stream Viewers,TikTok Live Stream Views [Working Good - Latest],333.2512,10.4141,10,10000,No,No,No,USD
27737,TikTok Live Stream Viewers [270 Mins],TikTok,Live Stream Viewers,TikTok Live Stream Views [Working Good - Latest],374.9088,11.7159,10,10000,No,No,No,USD
27738,TikTok Live Stream Viewers [300 Mins],TikTok,Live Stream Viewers,TikTok Live Stream Views [Working Good - Latest],416.5632,13.0176,10,10000,No,No,No,USD
27739,Tiktok Live Stream Views [15 Minutes],TikTok,Live Stream Viewers,Tiktok Live Stream Views [Latest - Working],238.656,7.458,50,100000,No,Yes,No,USD
27740,Tiktok Live Stream Views [30 Minutes],TikTok,Live Stream Viewers,Tiktok Live Stream Views [Latest - Working],477.312,14.916,50,100000,No,Yes,No,USD
27741,Tiktok Live Stream Views [60 Minutes],TikTok,Live Stream Viewers,Tiktok Live Stream Views [Latest - Working],954.624,29.832,50,100000,No,Yes,No,USD
27742,Tiktok Live Stream Views [90 Minutes],TikTok,Live Stream Viewers,Tiktok Live Stream Views [Latest - Working],1431.936,44.748,50,100000,No,Yes,No,USD
27743,Tiktok Live Stream Views [120 Minutes],TikTok,Live Stream Viewers,Tiktok Live Stream Views [Latest - Working],1909.248,59.664,50,100000,No,Yes,No,USD
27744,Tiktok Live Stream Views [180 Minutes],TikTok,Live Stream Viewers,Tiktok Live Stream Views [Latest - Working],2863.872,89.496,50,100000,No,Yes,No,USD
27745,Tiktok Live Stream Views [240 Minutes],TikTok,Live Stream Viewers,Tiktok Live Stream Views [Latest - Working],3818.496,119.328,50,100000,No,Yes,No,USD
27746,Tiktok Live Stream Views [300 Minutes],TikTok,Live Stream Viewers,Tiktok Live Stream Views [Latest - Working],4773.12,149.16,50,100000,No,Yes,No,USD
27747,Tiktok Live Stream Views [360 Minutes],TikTok,Live Stream Viewers,Tiktok Live Stream Views [Latest - Working],5727.744,178.992,50,100000,No,Yes,No,USD
27748,Tiktok Live Stream Views [15 Minutes],TikTok,Live Stream Viewers,Tiktok Livestream Views [Smooth - Latest],12.4992,0.3906,100,20000,No,No,No,USD
27749,Tiktok Live Stream Views [30 Minutes],TikTok,Live Stream Viewers,Tiktok Livestream Views [Smooth - Latest],24.9952,0.7811,100,20000,No,No,No,USD
27750,Tiktok Live Stream Views [60 Minutes],TikTok,Live Stream Viewers,Tiktok Livestream Views [Smooth - Latest],49.9904,1.5622,100,20000,No,No,No,USD
27751,Tiktok Live Stream Views [90 Minutes],TikTok,Live Stream Viewers,Tiktok Livestream Views [Smooth - Latest],67.3472,2.1046,100,20000,No,No,No,USD
27752,Tiktok Live Stream Views [120 Minutes],TikTok,Live Stream Viewers,Tiktok Livestream Views [Smooth - Latest],89.9104,2.8097,100,20000,No,No,No,USD
27753,Tiktok Live Stream Views [150 Minutes],TikTok,Live Stream Viewers,Tiktok Livestream Views [Smooth - Latest],112.4736,3.5148,100,20000,No,No,No,USD
27754,Tiktok Live Stream Views [180 Minutes],TikTok,Live Stream Viewers,Tiktok Livestream Views [Smooth - Latest],134.6912,4.2091,100,20000,No,No,No,USD
27755,Tiktok Live Stream Views [210 Minutes],TikTok,Live Stream Viewers,Tiktok Livestream Views [Smooth - Latest],157.2544,4.9142,100,20000,No,No,No,USD
27756,Tiktok Live Stream Views [240 Minutes],TikTok,Live Stream Viewers,Tiktok Livestream Views [Smooth - Latest],179.8176,5.6193,100,20000,No,No,No,USD
27757,Tiktok Live Stream Views [270 Minutes],TikTok,Live Stream Viewers,Tiktok Livestream Views [Smooth - Latest],208.2816,6.5088,100,20000,No,No,No,USD
27758,Tiktok Live Stream Views [300 Minutes],TikTok,Live Stream Viewers,Tiktok Livestream Views [Smooth - Latest],224.9472,7.0296,100,20000,No,No,No,USD
27759,TikTok Live Stream Viewers [15 Mins],TikTok,Live Stream Viewers,TikTok Live Stream Viewers [Working Good],20.8288,0.6509,100,10000,No,No,No,USD
27760,TikTok Live Stream Viewers [30 Mins],TikTok,Live Stream Viewers,TikTok Live Stream Viewers [Working Good],41.6576,1.3018,100,10000,No,No,No,USD
27761,TikTok Live Stream Viewers [60 Mins],TikTok,Live Stream Viewers,TikTok Live Stream Viewers [Working Good],83.3152,2.6036,100,10000,No,No,No,USD
27762,TikTok Live Stream Viewers [90 Mins],TikTok,Live Stream Viewers,TikTok Live Stream Viewers [Working Good],124.9696,3.9053,100,10000,No,No,No,USD
27763,TikTok Live Stream Viewers [120 Mins],TikTok,Live Stream Viewers,TikTok Live Stream Viewers [Working Good],166.6272,5.2071,100,10000,No,No,No,USD
27764,TikTok Live Stream Viewers [150 Mins],TikTok,Live Stream Viewers,TikTok Live Stream Viewers [Working Good],208.2816,6.5088,100,10000,No,No,No,USD
27765,TikTok Live Stream Viewers [180 Mins],TikTok,Live Stream Viewers,TikTok Live Stream Viewers [Working Good],249.9392,7.8106,100,10000,No,No,No,USD
27766,TikTok Live Stream Viewers [210 Mins],TikTok,Live Stream Viewers,TikTok Live Stream Viewers [Working Good],291.5968,9.1124,100,10000,No,No,No,USD
27767,TikTok Live Stream Viewers [240 Mins],TikTok,Live Stream Viewers,TikTok Live Stream Viewers [Working Good],333.2512,10.4141,100,10000,No,No,No,USD
27768,TikTok Live Stream Viewers [270 Mins],TikTok,Live Stream Viewers,TikTok Live Stream Viewers [Working Good],374.9088,11.7159,100,10000,No,No,No,USD
27769,TikTok Live Stream Viewers [300 Mins],TikTok,Live Stream Viewers,TikTok Live Stream Viewers [Working Good],416.5632,13.0176,100,10000,No,No,No,USD
27780,Tiktok Live Stream Views [15 Minutes],TikTok,Live Stream Viewers,TikTok Live Stream Viewers [Cheapest],11.1424,0.3482,50,50000,No,No,No,USD
27781,Tiktok Live Stream Views [30 Minutes],TikTok,Live Stream Viewers,TikTok Live Stream Viewers [Cheapest],22.2752,0.6961,50,50000,No,No,No,USD
27782,Tiktok Live Stream Views [60 Minutes],TikTok,Live Stream Viewers,TikTok Live Stream Viewers [Cheapest],44.5536,1.3923,50,50000,No,No,No,USD
27783,Tiktok Live Stream Views [90 Minutes],TikTok,Live Stream Viewers,TikTok Live Stream Viewers [Cheapest],66.8288,2.0884,50,50000,No,No,No,USD
27784,Tiktok Live Stream Views [120 Minutes],TikTok,Live Stream Viewers,TikTok Live Stream Viewers [Cheapest],89.104,2.7845,50,50000,No,No,No,USD
27785,Tiktok Live Stream Views [180 Minutes],TikTok,Live Stream Viewers,TikTok Live Stream Viewers [Cheapest],133.6576,4.1768,50,50000,No,No,No,USD
27786,Tiktok Live Stream Views [240 Minutes],TikTok,Live Stream Viewers,TikTok Live Stream Viewers [Cheapest],178.208,5.569,50,50000,No,No,No,USD
27787,Tiktok Live Stream Views [270 Minutes],TikTok,Live Stream Viewers,TikTok Live Stream Viewers [Cheapest],200.4832,6.2651,50,50000,No,No,No,USD
27788,Tiktok Live Stream Views [300 Hours],TikTok,Live Stream Viewers,TikTok Live Stream Viewers [Cheapest],222.7584,6.9612,50,50000,No,No,No,USD
27789,Tiktok Live Stream Views [15 Minutes],TikTok,Live Stream Viewers,Tiktok Livestream Views [Working],20.8288,0.6509,100,10000,No,No,No,USD
27790,Tiktok Live Stream Views [30 Minutes],TikTok,Live Stream Viewers,Tiktok Livestream Views [Working],41.6576,1.3018,100,10000,No,No,No,USD
27791,Tiktok Live Stream Views [60 Minutes],TikTok,Live Stream Viewers,Tiktok Livestream Views [Working],83.3152,2.6036,100,10000,No,No,No,USD
27792,Tiktok Live Stream Views [90 Minutes],TikTok,Live Stream Viewers,Tiktok Livestream Views [Working],124.9696,3.9053,100,10000,No,No,No,USD
27793,Tiktok Live Stream Views [120 Minutes],TikTok,Live Stream Viewers,Tiktok Livestream Views [Working],166.6272,5.2071,100,10000,No,No,No,USD
27794,Tiktok Live Stream Views [180 Minutes],TikTok,Live Stream Viewers,Tiktok Livestream Views [Working],249.9392,7.8106,100,10000,No,No,No,USD
27795,Tiktok Live Stream Views [240 Minutes],TikTok,Live Stream Viewers,Tiktok Livestream Views [Working],333.2512,10.4141,100,10000,No,No,No,USD
27796,Tiktok Live Stream Views [300 Minutes],TikTok,Live Stream Viewers,Tiktok Livestream Views [Working],416.5632,13.0176,100,10000,No,No,No,USD
27797,Tiktok Live Stream Views [Valid For All Streams] [15 Minutes],TikTok,Live Stream Viewers,Tiktok Live Stream Views [Cheap],12.1504,0.3797,100,100000,No,No,No,USD
27798,Tiktok Live Stream Views [Valid For All Streams] [30 Minutes],TikTok,Live Stream Viewers,Tiktok Live Stream Views [Cheap],23.9552,0.7486,100,100000,No,No,No,USD
27799,Tiktok Live Stream Views [Valid For All Streams] [60 Minutes],TikTok,Live Stream Viewers,Tiktok Live Stream Views [Cheap],47.9072,1.4971,100,100000,No,No,No,USD
27800,Tiktok Live Stream Views [Valid For All Streams] [90 Minutes],TikTok,Live Stream Viewers,Tiktok Live Stream Views [Cheap],71.8592,2.2456,100,100000,No,No,No,USD
27801,Tiktok Live Stream Views [Valid For All Streams] [120 Minutes],TikTok,Live Stream Viewers,Tiktok Live Stream Views [Cheap],95.8112,2.9941,100,100000,No,No,No,USD
27802,Tiktok Live Stream Views [Valid For All Streams] [180 Minutes],TikTok,Live Stream Viewers,Tiktok Live Stream Views [Cheap],143.7152,4.4911,100,100000,No,No,No,USD
27803,Tiktok Live Stream Views [Valid For All Streams] [240 Minutes],TikTok,Live Stream Viewers,Tiktok Live Stream Views [Cheap],191.6192,5.9881,100,100000,No,No,No,USD
27804,Tiktok Live Stream Views [Valid For All Streams] [300 Minutes],TikTok,Live Stream Viewers,Tiktok Live Stream Views [Cheap],239.5264,7.4852,100,100000,No,No,No,USD
27805,Tiktok Live Stream Views [Valid For All Streams] [360 Minutes],TikTok,Live Stream Viewers,Tiktok Live Stream Views [Cheap],287.4304,8.9822,100,100000,No,No,No,USD
27806,Tiktok Live Stream Views [Valid For All Streams] [12 Hours],TikTok,Live Stream Viewers,Tiktok Live Stream Views [Cheap],574.8576,17.9643,100,100000,No,No,No,USD
27807,Tiktok Live Stream Views [Valid For All Streams] [24 Hours],TikTok,Live Stream Viewers,Tiktok Live Stream Views [Cheap],1149.7152,35.9286,100,100000,No,No,No,USD
27818,Tiktok Live Stream Views [15 Minutes],TikTok,Live Stream Viewers,Tiktok Livestream [Cheap - Stable],20.8288,0.6509,100,20000,No,No,No,USD
27819,Tiktok Live Stream Views [30 Minutes],TikTok,Live Stream Viewers,Tiktok Livestream [Cheap - Stable],41.6576,1.3018,100,10000,No,No,No,USD
27808,Tiktok Livestream Views [15 Minutes] [Instant - Stable],TikTok,Live Stream Viewers,Tiktok Livestream [Cheap - Stable],59.8816,1.8713,50,100000,No,No,No,USD
27809,Tiktok Livestream Views [30 Minutes] [Instant - Stable],TikTok,Live Stream Viewers,Tiktok Livestream [Cheap - Stable],59.8816,1.8713,50,100000,No,No,No,USD
27820,Tiktok Live Stream Views [60 Minutes],TikTok,Live Stream Viewers,Tiktok Livestream [Cheap - Stable],83.3152,2.6036,100,10000,No,No,No,USD
27810,Tiktok Livestream Views [60 Minutes] [Instant - Stable],TikTok,Live Stream Viewers,Tiktok Livestream [Cheap - Stable],119.7632,3.7426,50,100000,No,No,No,USD
27821,Tiktok Live Stream Views [90 Minutes],TikTok,Live Stream Viewers,Tiktok Livestream [Cheap - Stable],124.9696,3.9053,100,20000,No,No,No,USD
27822,Tiktok Live Stream Views [120 Minutes],TikTok,Live Stream Viewers,Tiktok Livestream [Cheap - Stable],166.6272,5.2071,100,20000,No,No,No,USD
27811,Tiktok Livestream Views [90 Minutes] [Instant - Stable],TikTok,Live Stream Viewers,Tiktok Livestream [Cheap - Stable],179.6448,5.6139,50,100000,No,No,No,USD
27812,Tiktok Livestream Views [120 Minutes] [Instant - Stable],TikTok,Live Stream Viewers,Tiktok Livestream [Cheap - Stable],239.5264,7.4852,50,100000,No,No,No,USD
27823,Tiktok Live Stream Views [180 Minutes],TikTok,Live Stream Viewers,Tiktok Livestream [Cheap - Stable],249.9392,7.8106,100,20000,No,No,No,USD
27813,Tiktok Livestream Views [180 Minutes] [Instant - Stable],TikTok,Live Stream Viewers,Tiktok Livestream [Cheap - Stable],299.4048,9.3564,50,100000,No,No,No,USD
27814,Tiktok Livestream Views [240 Minutes] [Instant - Stable],TikTok,Live Stream Viewers,Tiktok Livestream [Cheap - Stable],359.2864,11.2277,50,100000,No,No,No,USD
27815,Tiktok Livestream Views [300 Minutes] [Instant - Stable],TikTok,Live Stream Viewers,Tiktok Livestream [Cheap - Stable],419.168,13.099,50,100000,No,No,No,USD
27816,Tiktok Livestream Views [360 Minutes] [Instant - Stable],TikTok,Live Stream Viewers,Tiktok Livestream [Cheap - Stable],479.0496,14.9703,50,100000,No,No,No,USD
27824,Tiktok Live Stream Views [240 Minutes],TikTok,Live Stream Viewers,Tiktok Livestream [Cheap - Stable],538.9312,16.8416,50,100000,No,No,No,USD
27825,Tiktok Live Stream Views [360 Minutes],TikTok,Live Stream Viewers,Tiktok Livestream [Cheap - Stable],598.8096,18.7128,50,100000,No,No,No,USD
27817,Tiktok Livestream Views [24 Hours] [Instant - Stable],TikTok,Live Stream Viewers,Tiktok Livestream [Cheap - Stable],1999.504,62.4845,50,100000,No,No,No,USD
27826,Tiktok Live Steram Views [Valid For All Streams] [15 Minutes] [Stable],TikTok,Live Stream Viewers,Tiktok Livestream [VIP - Stable],97.2,3.0375,100,50000,No,No,No,USD
27827,Tiktok Live Steram Views [Valid For All Streams] [30 Minutes] [Stable],TikTok,Live Stream Viewers,Tiktok Livestream [VIP - Stable],194.3968,6.0749,100,50000,No,No,No,USD
27828,Tiktok Live Steram Views [Valid For All Streams] [60 Minutes] [Stable],TikTok,Live Stream Viewers,Tiktok Livestream [VIP - Stable],390.528,12.204,100,50000,No,No,No,USD
27829,Tiktok Live Steram Views [Valid For All Streams] [90 Minutes] [Stable],TikTok,Live Stream Viewers,Tiktok Livestream [VIP - Stable],583.1904,18.2247,100,50000,No,No,No,USD
27830,Tiktok Live Steram Views [Valid For All Streams] [120 Minutes] [Stable],TikTok,Live Stream Viewers,Tiktok Livestream [VIP - Stable],781.056,24.408,100,50000,No,No,No,USD
27831,Tiktok Live Steram Views [Valid For All Streams] [180 Minutes] [Stable],TikTok,Live Stream Viewers,Tiktok Livestream [VIP - Stable],1171.584,36.612,100,50000,No,No,No,USD
27832,Tiktok Live Steram Views [Valid For All Streams] [240 Minutes] [Stable],TikTok,Live Stream Viewers,Tiktok Livestream [VIP - Stable],1562.112,48.816,100,50000,No,No,No,USD
27833,Tiktok Live Steram Views [Valid For All Streams] [300 Minutes] [Stable],TikTok,Live Stream Viewers,Tiktok Livestream [VIP - Stable],1943.9616,60.7488,100,50000,No,No,No,USD
27834,Tiktok Live Steram Views [Valid For All Streams] [360 Minutes] [Stable],TikTok,Live Stream Viewers,Tiktok Livestream [VIP - Stable],2325.8112,72.6816,100,50000,No,No,No,USD
27835,Tiktok Live Steram Views [Valid For All Streams] [24 Hours] [Stable],TikTok,Live Stream Viewers,Tiktok Livestream [VIP - Stable],8990.8224,280.9632,100,50000,No,No,No,USD
27836,TikTok Livestream Views [ARAB] [Max: 10K] [Start Time: INSTANT] [Stay: 15 mins],TikTok,Live Stream Viewers,TikTok Live Views [Arabic] [Cheap],91.9936,2.8748,100,100000,No,No,No,USD
27837,TikTok Livestream Views [ARAB] [Max: 10K] [Start Time: INSTANT] [Stay: 30 mins],TikTok,Live Stream Viewers,TikTok Live Views [Arabic] [Cheap],183.984,5.7495,100,100000,No,No,No,USD
27838,TikTok Livestream Views [ARAB] [Max: 10K] [Start Time: INSTANT] [Stay: 60 mins],TikTok,Live Stream Viewers,TikTok Live Views [Arabic] [Cheap],367.9648,11.4989,100,100000,No,No,No,USD
27839,TikTok Livestream Views [ARAB] [Max: 10K] [Start Time: INSTANT] [Stay: 90 mins],TikTok,Live Stream Viewers,TikTok Live Views [Arabic] [Cheap],551.9488,17.2484,100,100000,No,No,No,USD
27840,TikTok Livestream Views [ARAB] [Max: 10K] [Start Time: INSTANT] [Stay: 120 mins],TikTok,Live Stream Viewers,TikTok Live Views [Arabic] [Cheap],735.9296,22.9978,100,100000,No,No,No,USD
27841,TikTok Livestream Views [ARAB] [Max: 10K] [Start Time: INSTANT] [Stay: 180 mins],TikTok,Live Stream Viewers,TikTok Live Views [Arabic] [Cheap],1103.8944,34.4967,100,100000,No,No,No,USD
27842,TikTok Livestream Views [ARAB] [Max: 10K] [Start Time: INSTANT] [Stay: 240 mins],TikTok,Live Stream Viewers,TikTok Live Views [Arabic] [Cheap],1471.8592,45.9956,100,100000,No,No,No,USD
27843,TikTok Livestream Views [ARAB] [Max: 10K] [Start Time: INSTANT] [Stay: 300 mins],TikTok,Live Stream Viewers,TikTok Live Views [Arabic] [Cheap],1839.8208,57.4944,100,100000,No,No,No,USD
27844,TikTok Livestream Views [ARAB] [Max: 10K] [Start Time: INSTANT] [Stay: 360 mins],TikTok,Live Stream Viewers,TikTok Live Views [Arabic] [Cheap],2207.7856,68.9933,100,100000,No,No,No,USD
27845,Facebook Live Stream Views [15 Minutes],Facebook,Live Stream Viewers,Facebook Livestream Views [Cheapest - Latest],10.7744,0.3367,10,10000,No,No,No,USD
27846,Facebook Live Stream Views [30 Minutes],Facebook,Live Stream Viewers,Facebook Livestream Views [Cheapest - Latest],21.5456,0.6733,10,10000,No,No,No,USD
27847,Facebook Live Stream Views [60 Minutes],Facebook,Live Stream Viewers,Facebook Livestream Views [Cheapest - Latest],43.0848,1.3464,10,10000,No,No,No,USD
27848,Facebook Live Stream Views [90 Minutes],Facebook,Live Stream Viewers,Facebook Livestream Views [Cheapest - Latest],64.6272,2.0196,10,10000,No,No,No,USD
27849,Facebook Live Stream Views [120 Minutes],Facebook,Live Stream Viewers,Facebook Livestream Views [Cheapest - Latest],86.1664,2.6927,10,10000,No,No,No,USD
27850,Facebook Live Stream Views [150 Minutes],Facebook,Live Stream Viewers,Facebook Livestream Views [Cheapest - Latest],107.712,3.366,10,10000,No,No,No,USD
27851,Facebook Live Stream Views [180 Minutes],Facebook,Live Stream Viewers,Facebook Livestream Views [Cheapest - Latest],129.2512,4.0391,10,10000,No,No,No,USD
27852,Facebook Live Stream Views [360 Minutes],Facebook,Live Stream Viewers,Facebook Livestream Views [Cheapest - Latest],258.4992,8.0781,10,10000,No,No,No,USD
27853,Facebook Live Stream Views [480 Minutes],Facebook,Live Stream Viewers,Facebook Livestream Views [Cheapest - Latest],367.408,11.4815,10,10000,No,No,No,USD
27854,Facebook Live Stream Views [15 Minutes],Facebook,Live Stream Viewers,Facebook Live Stream Views [Cheapest - Stable],26.0352,0.8136,10,30000,No,No,No,USD
27855,Facebook Live Stream Views [30 Minutes],Facebook,Live Stream Viewers,Facebook Live Stream Views [Cheapest - Stable],52.0704,1.6272,10,30000,No,No,No,USD
27856,Facebook Live Stream Views [60 Minutes],Facebook,Live Stream Viewers,Facebook Live Stream Views [Cheapest - Stable],104.1408,3.2544,10,30000,No,No,No,USD
27857,Facebook Live Stream Views [90 Minutes],Facebook,Live Stream Viewers,Facebook Live Stream Views [Cheapest - Stable],156.2112,4.8816,10,30000,No,No,No,USD
27858,Facebook Live Stream Views [120 Minutes],Facebook,Live Stream Viewers,Facebook Live Stream Views [Cheapest - Stable],208.2816,6.5088,10,30000,No,No,No,USD
27859,Facebook Live Stream Views [150 Minutes],Facebook,Live Stream Viewers,Facebook Live Stream Views [Cheapest - Stable],260.352,8.136,10,30000,No,No,No,USD
27860,Facebook Live Stream Views [180 Minutes],Facebook,Live Stream Viewers,Facebook Live Stream Views [Cheapest - Stable],312.4224,9.7632,10,30000,No,No,No,USD
27861,Facebook Live Stream Views [360 Minutes],Facebook,Live Stream Viewers,Facebook Live Stream Views [Cheapest - Stable],624.8448,19.5264,10,30000,No,No,No,USD
27862,Facebook Live Stream Views [420 Minutes],Facebook,Live Stream Viewers,Facebook Live Stream Views [Cheapest - Stable],728.9856,22.7808,10,30000,No,No,No,USD
27863,Facebook Live Stream Views [480 Minutes],Facebook,Live Stream Viewers,Facebook Live Stream Views [Cheapest - Stable],728.9856,22.7808,10,30000,No,No,No,USD
27864,Facebook Live Stream Views [15 Minutes],Facebook,Live Stream Viewers,Facebook Live Stream Views [Super Cheap - Latest],26.0352,0.8136,20,20000,No,No,No,USD
27865,Facebook Livestream Views [15 Minutes],Facebook,Live Stream Viewers,Facebook Live Stream Views [Super Cheap - Latest],26.0352,0.8136,10,50000,No,No,No,USD
27866,Facebook Livestream Views [30 Minutes],Facebook,Live Stream Viewers,Facebook Live Stream Views [Super Cheap - Latest],52.0704,1.6272,10,50000,No,No,No,USD
27867,Facebook Live Stream Views [30 Minutes],Facebook,Live Stream Viewers,Facebook Live Stream Views [Super Cheap - Latest],52.0704,1.6272,20,20000,No,No,No,USD
27868,Facebook Livestream Views [60 Minutes],Facebook,Live Stream Viewers,Facebook Live Stream Views [Super Cheap - Latest],104.1408,3.2544,10,50000,No,No,No,USD
27869,Facebook Live Stream Views [60 Minutes],Facebook,Live Stream Viewers,Facebook Live Stream Views [Super Cheap - Latest],104.1408,3.2544,20,20000,No,No,No,USD
27870,Facebook Livestream Views [90 Minutes],Facebook,Live Stream Viewers,Facebook Live Stream Views [Super Cheap - Latest],156.2112,4.8816,10,50000,No,No,No,USD
27871,Facebook Live Stream Views [90 Minutes],Facebook,Live Stream Viewers,Facebook Live Stream Views [Super Cheap - Latest],156.2112,4.8816,20,20000,No,No,No,USD
27872,Facebook Livestream Views [120 Minutes],Facebook,Live Stream Viewers,Facebook Live Stream Views [Super Cheap - Latest],208.2816,6.5088,10,50000,No,No,No,USD
27873,Facebook Live Stream Views [120 Minutes],Facebook,Live Stream Viewers,Facebook Live Stream Views [Super Cheap - Latest],208.2816,6.5088,20,20000,No,No,No,USD
27874,Facebook Livestream Views [150 Minutes],Facebook,Live Stream Viewers,Facebook Live Stream Views [Super Cheap - Latest],260.352,8.136,10,50000,No,No,No,USD
27875,Facebook Live Stream Views [150 Minutes],Facebook,Live Stream Viewers,Facebook Live Stream Views [Super Cheap - Latest],260.352,8.136,20,20000,No,No,No,USD
27876,Facebook Livestream Views [180 Minutes],Facebook,Live Stream Viewers,Facebook Live Stream Views [Super Cheap - Latest],312.4224,9.7632,10,50000,No,No,No,USD
27877,Facebook Live Stream Views [180 Minutes],Facebook,Live Stream Viewers,Facebook Live Stream Views [Super Cheap - Latest],312.4224,9.7632,20,20000,No,No,No,USD
27878,Facebook Livestream Views [210 Minutes],Facebook,Live Stream Viewers,Facebook Live Stream Views [Super Cheap - Latest],364.4928,11.3904,10,50000,No,No,No,USD
27879,Facebook Live Stream Views [210 Minutes],Facebook,Live Stream Viewers,Facebook Live Stream Views [Super Cheap - Latest],364.4928,11.3904,20,20000,No,No,No,USD
27880,Facebook Livestream Views [240 Minutes],Facebook,Live Stream Viewers,Facebook Live Stream Views [Super Cheap - Latest],416.5632,13.0176,10,50000,No,No,No,USD
27881,Facebook Live Stream Views [240 Minutes],Facebook,Live Stream Viewers,Facebook Live Stream Views [Super Cheap - Latest],416.5632,13.0176,20,20000,No,No,No,USD
27882,Facebook Livestream Views [270 Minutes],Facebook,Live Stream Viewers,Facebook Live Stream Views [Super Cheap - Latest],468.6336,14.6448,10,50000,No,No,No,USD
27883,Facebook Live Stream Views [270 Minutes],Facebook,Live Stream Viewers,Facebook Live Stream Views [Super Cheap - Latest],468.6336,14.6448,20,20000,No,No,No,USD
27884,Facebook Livestream Views [300 Minutes],Facebook,Live Stream Viewers,Facebook Live Stream Views [Super Cheap - Latest],520.704,16.272,10,50000,No,No,No,USD
27885,Facebook Live Stream Views [300 Minutes],Facebook,Live Stream Viewers,Facebook Live Stream Views [Super Cheap - Latest],520.704,16.272,20,20000,No,No,No,USD
27886,Facebook Livestream Views [360 Minutes],Facebook,Live Stream Viewers,Facebook Live Stream Views [Super Cheap - Latest],572.7744,17.8992,10,50000,No,No,No,USD
27887,Facebook Live Stream Views [330 Minutes],Facebook,Live Stream Viewers,Facebook Live Stream Views [Super Cheap - Latest],572.7744,17.8992,20,20000,No,No,No,USD
27888,Facebook Livestream Views [420 Minutes],Facebook,Live Stream Viewers,Facebook Live Stream Views [Super Cheap - Latest],624.8448,19.5264,10,50000,No,No,No,USD
27889,Facebook Live Stream Views [360 Minutes],Facebook,Live Stream Viewers,Facebook Live Stream Views [Super Cheap - Latest],624.8448,19.5264,20,20000,No,No,No,USD
27890,Facebook Live Stream Views [420 Minutes],Facebook,Live Stream Viewers,Facebook Live Stream Views [Super Cheap - Latest],676.9152,21.1536,20,20000,No,No,No,USD
27891,Facebook Livestream Views [12 Hours],Facebook,Live Stream Viewers,Facebook Live Stream Views [Super Cheap - Latest],1214.976,37.968,10,50000,No,No,No,USD
27892,Facebook Livestream Views [24 Hours],Facebook,Live Stream Viewers,Facebook Live Stream Views [Super Cheap - Latest],2256.384,70.512,10,50000,No,No,No,USD
27893,Facebook Livestream Views [7 Days],Facebook,Live Stream Viewers,Facebook Live Stream Views [Super Cheap - Latest],16662.528,520.704,10,50000,No,No,No,USD
27894,Facebook Livestream Views [30 Days],Facebook,Live Stream Viewers,Facebook Live Stream Views [Super Cheap - Latest],76369.92,2386.56,10,50000,No,No,No,USD
27895,Instagram Likes [Non Drop] [10K/Day] [30 Days Refill] ✅,Instagram,Likes/Reactions,Instagram Likes | Refill [11.11.2025] ᴺᴱᵂ,7.5936,0.2373,10,80000,No,No,No,USD
27896,Instagram Likes [Non Drop] [20K/Day] [30 Days Refill] ✅,Instagram,Likes/Reactions,Instagram Likes | Refill [11.11.2025] ᴺᴱᵂ,9.4016,0.2938,10,500000,No,No,No,USD
27897,Instagram Likes [Posts &amp; Reels] [Non Drop] [50K/Day] [30 Days Refill] ✅,Instagram,Likes/Reactions,Instagram Likes | Refill [11.11.2025] ᴺᴱᵂ,10.848,0.339,50,3000000,No,Yes,No,USD
27898,Instagram Followers [Non Drop] [5K/Day] [30 Days Refill] ✅ NEW,Instagram,Followers/Subscribers,Instagram Followers [Added from 10.11.2025] ᴺᴱᵂ,68.3424,2.1357,10,100000,No,No,No,USD
27899,Instagram Followers [Premium Quality] [Non Drop] [10K/Day] [30 Days Refill] ✅,Instagram,Followers/Subscribers,Instagram Followers [Added from 10.11.2025] ᴺᴱᵂ,173.568,5.424,50,1000000,No,Yes,No,USD
27900,TikTok Followers [Non Drop] [5K/Day] [Lifetime Refill] ✅ Working,TikTok,Followers/Subscribers,TikTok Followers | Working Providers [10.11.2025] ᴺᴱᵂ,45.2,1.4125,50,1000000,No,No,No,USD
27902,Instagram Followers [High Quality] [Non Drop] [100K/Day] [180 Days Refill] ✅,Instagram,Followers/Subscribers,Instagram Followers | Working Provider [23.10.2025] ᴺᴱᵂ,106.672,3.3335,100,500000,No,No,No,USD
27903,Youtube WatchTime [30+ Mins Video] [500 Hours/Day] [30 Days Refill] ✅,YouTube,Other,YouTube WatchTime | Latest Update [29.09.2025] ᴺᴱᵂ,683.424,21.357,100,10000,No,No,No,USD
27904,Youtube WatchTime [60+ Mins Video] [1000 Hours/Day] [30 Days Refill] ✅,YouTube,Other,YouTube WatchTime | Latest Update [29.09.2025] ᴺᴱᵂ,975.9584,30.4987,100,5000,No,No,No,USD
27905,YouTube Subscribers [👤 Real] [Non Drop] [Speed: 2500/Day] [Lifetime Refill] ✅ VIP,YouTube,Followers/Subscribers,YouTube Subscribers | Best services,1261.984,39.437,50,100000,Yes,No,No,USD
27906,YouTube Views [Non Drop] [Speed: 2K/Day] [Lifetime Refill] ✅ VIP,YouTube,Views/Plays,YouTube Views | Best services,37.2448,1.1639,100,1000000,Yes,No,No,USD
27907,YouTube Shorts [Non Drop] [Speed: 2K/Day] [Lifetime Refill] ⭐ Exclusive,YouTube,Views/Plays,YouTube Views | Best services,43.392,1.356,50,1000000,Yes,No,No,USD
27908,YouTube Views [40 Sec] [Speed: 2K/Day] [Lifetime Refill] ⭐ Exclusive,YouTube,Views/Plays,YouTube Views | Retention,81.36,2.5425,50,1000000,Yes,No,No,USD
27909,YouTube Views [1 Min] [Speed: 2K/Day] [Lifetime Refill] ⭐ Exclusive,YouTube,Views/Plays,YouTube Views | Retention,99.44,3.1075,50,1000000,Yes,No,No,USD
27910,YouTube Views [1.5 Min] [Speed: 2K/Day] [Lifetime Refill] ⭐ Exclusive,YouTube,Views/Plays,YouTube Views | Retention,131.984,4.1245,50,1000000,Yes,No,No,USD
27917,YouTube Views [Native Ads] [Min: 200K] [Non Drop] [Speed: 100K/Day] [Lifetime Refill] 🚀,YouTube,Views/Plays,YouTube Views | Native Ads [Latest | Non Drop],21.696,0.678,200000,10000000,No,Yes,No,USD
27916,YouTube Views [Native Ads] [Min: 100K] [Non Drop] [Speed: 100K/Day] [Lifetime Refill] 🚀,YouTube,Views/Plays,YouTube Views | Native Ads [Latest | Non Drop],23.504,0.7345,100000,10000000,No,Yes,No,USD
27915,YouTube Views [Native Ads] [Min: 40K] [Non Drop] [Speed: 100K/Day] [Lifetime Refill] 🚀,YouTube,Views/Plays,YouTube Views | Native Ads [Latest | Non Drop],24.5888,0.7684,40000,10000000,No,Yes,No,USD
27914,YouTube Views [Native Ads] [Min: 20K] [Non Drop] [Speed: 100K/Day] [Lifetime Refill] 🚀,YouTube,Views/Plays,YouTube Views | Native Ads [Latest | Non Drop],27.12,0.8475,20000,10000000,No,Yes,No,USD
27913,YouTube Views [Native Ads] [Min: 10K] [Non Drop] [Speed: 100K/Day] [Lifetime Refill] 🚀,YouTube,Views/Plays,YouTube Views | Native Ads [Latest | Non Drop],28.928,0.904,10000,10000000,No,Yes,No,USD
27912,YouTube Views [Native Ads] [Min: 5K] [Non Drop] [Speed: 100K/Day] [Lifetime Refill] 🚀,YouTube,Views/Plays,YouTube Views | Native Ads [Latest | Non Drop],30.736,0.9605,5000,10000000,No,Yes,No,USD
27911,YouTube Views [Native Ads] [Min: 3K] [Non Drop] [Speed: 100K/Day] [Lifetime Refill] 🚀,YouTube,Views/Plays,YouTube Views | Native Ads [Latest | Non Drop],31.8208,0.9944,3000,10000000,No,No,No,USD
27923,YouTube Views [Native Ads] [Min: 500K] [Non Drop] [Speed: 300K/Day] [Lifetime Refill] 🚀,YouTube,Views/Plays,YouTube Views | Native Ads (Best),26.0352,0.8136,500000,10000000,No,No,No,USD
27922,YouTube Views [Native Ads] [Min: 100K] [Non Drop] [Speed: 300K/Day] [Lifetime Refill] 🚀,YouTube,Views/Plays,YouTube Views | Native Ads (Best),27.8432,0.8701,100000,10000000,No,No,No,USD
27921,YouTube Views [Native Ads] [Min: 40K] [Non Drop] [Speed: 300K/Day] [Lifetime Refill] 🚀,YouTube,Views/Plays,YouTube Views | Native Ads (Best),28.5664,0.8927,40000,10000000,No,No,No,USD
27920,YouTube Views [Native Ads] [Min: 20K] [Non Drop] [Speed: 300K/Day] [Lifetime Refill] 🚀,YouTube,Views/Plays,YouTube Views | Native Ads (Best),33.6288,1.0509,20000,10000000,No,No,No,USD
27919,YouTube Views [Native Ads] [Min: 10K] [Non Drop] [Speed: 300K/Day] [Lifetime Refill] 🚀,YouTube,Views/Plays,YouTube Views | Native Ads (Best),34.7136,1.0848,10000,10000000,No,No,No,USD
27918,YouTube Views [Native Ads] [Min: 5K] [Non Drop] [Speed: 300K/Day] [Lifetime Refill] 🚀,YouTube,Views/Plays,YouTube Views | Native Ads (Best),37.968,1.1865,5000,10000000,No,No,No,USD
27926,YouTube Shorts Likes [Non Drop] [30K/Day] [Lifetime Refill] 🚀,YouTube,Likes/Reactions,YouTube Shorts | Refill,23.504,0.7345,50,100000,No,No,No,USD
27924,YouTube Shorts Views [👤 Real] [Non Drop] [2K/Day] [Lifetime Refill] ⭐ Exclusive,YouTube,Views/Plays,YouTube Shorts | Refill,43.392,1.356,100,1000000,Yes,No,No,USD
27925,YouTube Shorts Likes [👤 Real] [Non Drop] [5K/Day] [Lifetime Refill] ⭐ Exclusive,YouTube,Likes/Reactions,YouTube Shorts | Refill,121.136,3.7855,30,50000,Yes,No,No,USD
27927,Youtube WatchTime [3+ Mins Video] [Speed: 50 Hours/Day] [Lifetime Refill] ⭐ Exclusive,YouTube,Other,YouTube WatchTime (working) | Refill,271.2,8.475,50,100000,No,No,No,USD
27928,YouTube Subscribers [Non Drop] [100/Day] [30 Days Refill] ⭐ Exclusive,YouTube,Followers/Subscribers,YouTube Subscribers | Refill,864.224,27.007,50,10000,No,No,No,USD
27929,YouTube Subscribers [Non Drop] [100/Day] [Lifetime Refill] ⭐ Exclusive,YouTube,Followers/Subscribers,YouTube Subscribers | Refill,972.704,30.397,50,10000,No,No,No,USD
27930,YouTube Likes [Non Drop] [100K/Day] [Lifetime Refill + Button] 🔥 HOT,YouTube,Likes/Reactions,YouTube Likes | Refill,18.2272,0.5696,50,100000,No,No,No,USD
27931,YouTube Likes [Non Drop] [5K/Min] [90 Days Refill + Button] ✅,YouTube,Likes/Reactions,YouTube Likes | Refill,18.8032,0.5876,10,5000,Yes,No,No,USD
27932,YouTube Likes [Best Service] [Non Drop] [30K/Hour] [30 Days Refill] ✅,YouTube,Likes/Reactions,YouTube Likes | Refill,19.5264,0.6102,10,100000,No,No,No,USD
27933,YouTube Likes 🚀 [Non Drop] [Speed: 100-150K/Day] [Max: 100K] [60 Days Guaranteed] ♻️🔥,YouTube,Likes/Reactions,YouTube Likes | Refill,27.8432,0.8701,20,100000,Yes,No,No,USD
27934,Telegram Members [Good Quality] [Non Drop] [50K/Day] [30 Days Refill] 📌 NEW,Telegram,Followers/Subscribers,Telegram Members | New Provider [added 23.09.2025],20.6112,0.6441,10,100000,No,Yes,No,USD
27935,Telegram Members [Good Quality] [Non Drop] [50K/Day] [60 Days Refill] 📌 NEW,Telegram,Followers/Subscribers,Telegram Members | New Provider [added 23.09.2025],23.1424,0.7232,10,100000,No,Yes,No,USD
27936,Telegram Members [Good Quality] [Non Drop] [50K/Day] [90 Days Refill] 📌 NEW,Telegram,Followers/Subscribers,Telegram Members | New Provider [added 23.09.2025],24.2272,0.7571,10,100000,No,Yes,No,USD
27937,Telegram Members [Good Quality] [Non Drop] [50K/Day] [180 Days Refill] 📌 NEW,Telegram,Followers/Subscribers,Telegram Members | New Provider [added 23.09.2025],31.4592,0.9831,10,100000,No,Yes,No,USD
27938,Telegram Members [Good Quality] [Non Drop] [50K/Day] [270 Days Refill] 📌 NEW,Telegram,Followers/Subscribers,Telegram Members | New Provider [added 23.09.2025],38.6912,1.2091,10,100000,No,Yes,No,USD
27939,Telegram Members [Zero Drop] [Speed: 50K/Day] [30 Days Refill] ⭐,Telegram,Followers/Subscribers,Telegram Members | Zero Drop,24.5888,0.7684,500,100000,No,Yes,No,USD
27940,Telegram Members [Zero Drop] [Speed: 50K/Day] [60 Days Refill] ⭐,Telegram,Followers/Subscribers,Telegram Members | Zero Drop,27.12,0.8475,500,200000,No,Yes,No,USD
27941,Telegram Members [Zero Drop] [Speed: 50K/Day] [90 Days Refill] ⭐,Telegram,Followers/Subscribers,Telegram Members | Zero Drop,29.2896,0.9153,500,200000,No,Yes,No,USD
27942,Telegram Members [Zero Drop] [Speed: 50K/Day] [365 Days Refill] ⭐,Telegram,Followers/Subscribers,Telegram Members | Zero Drop,32.544,1.017,500,500000,No,Yes,No,USD
27943,Telegram Members [Speed: 100K/Day] [30 Days Non Drop] 🚀,Telegram,Followers/Subscribers,Telegram Members | Fast,18.4416,0.5763,500,100000,No,Yes,No,USD
27944,Telegram Members [Speed: 100K/Day] [90 Days Non Drop] 🚀,Telegram,Followers/Subscribers,Telegram Members | Fast,21.3344,0.6667,10,300000,No,Yes,No,USD
27945,Telegram Members [Speed: 100K/Day] [180 Days Non Drop] ⭐,Telegram,Followers/Subscribers,Telegram Members | Fast,43.392,1.356,500,100000,No,Yes,No,USD
27946,Telegram Members [Speed: 100K/Day] [20 Days Refill Button] 🚀,Telegram,Followers/Subscribers,Telegram Members | Refill Button,9.7632,0.3051,10,50000,Yes,No,No,USD
27947,Telegram Members [Speed: 10K/Day] [30 Days Refill Button] 💧,Telegram,Followers/Subscribers,Telegram Members | Refill Button,19.888,0.6215,100,100000,Yes,Yes,No,USD
27948,Telegram Premium Members + Views [Speed: 10K/Day] [7 Days Non Drop] ✅,Telegram,Followers/Subscribers,Telegram Premium Members,130.176,4.068,10,70000,No,Yes,No,USD
27949,Telegram Premium Members + Views [Speed: 10K/Day] [14 Days Non Drop] ✅,Telegram,Followers/Subscribers,Telegram Premium Members,224.192,7.006,10,20000,No,Yes,No,USD
27950,Telegram Premium Members + Views [Speed: 10K/Day] [30-60 Days Non Drop] ✅,Telegram,Followers/Subscribers,Telegram Premium Members,488.16,15.255,10,20000,No,Yes,No,USD
27951,Telegram Premium Members + Views [Speed: 10K/Day] [90-180 Days Non Drop] ✅,Telegram,Followers/Subscribers,Telegram Premium Members,1012.48,31.64,10,20000,No,Yes,No,USD
27952,Telegram Negative Reactions [👎🤮💩🤬😢😱] [Speed: 20K/Day] [Max: 1M] ✅,Telegram,Likes/Reactions,Telegram Reactions,4.3392,0.1356,50,1000000,No,No,No,USD
27953,TikTok Video Save [ Max Unlimited ] | HQ | Drop 0% | No Refill ⚠️ | Instant Start | Day 500K 🚀,TikTok,Saves,Tiktok Services [ Cheapest 💥] ᴺᴱᵂ,0.3104,0.0097,100,2147483647,No,Yes,No,USD
27954,TikTok Share [ Max 100K ] | HQ | Non Drop | No Refill ⚠️ | Instant Start | Day 100K 🚀,TikTok,Shares,Tiktok Services [ Cheapest 💥] ᴺᴱᵂ,0.4352,0.0136,100,2147483647,No,Yes,No,USD
29891,TikTok Share [ Max 100K ] | HQ | Non Drop | No Refill ⚠️ | Instant Start | Day 100K 🚀,TikTok,Shares,Tiktok Services [ Cheapest 💥] ᴺᴱᵂ,0.4352,0.0136,100,2147483647,No,Yes,No,USD
27955,Tiktok PK Battle Points [ Max 5K ] | Non Drop | Instant Start 🚀,TikTok,Other,Tiktok Services [ Cheapest 💥] ᴺᴱᵂ,4.3392,0.1356,100,5000,No,No,No,USD
29892,Tiktok PK Battle Points [ Max 5K ] | Non Drop | Instant Start 🚀,TikTok,Other,Tiktok Services [ Cheapest 💥] ᴺᴱᵂ,4.3392,0.1356,100,5000,No,No,No,USD
27956,Tiktok Comment Likes [ Max 100K ] | Cancel Enable | 30 Days ♻️ | Instant Start | Day 50K,TikTok,Likes/Reactions,Tiktok Services [ Cheapest 💥] ᴺᴱᵂ,7.232,0.226,100,100000,Yes,Yes,No,USD
29893,Tiktok Comment Likes [ Max 100K ] | Cancel Enable | 30 Days ♻️ | Instant Start | Day 50K,TikTok,Likes/Reactions,Tiktok Services [ Cheapest 💥] ᴺᴱᵂ,7.232,0.226,100,100000,Yes,Yes,No,USD
27957,Instagram Likes [ Max 100K ] | Old Accounts | Cancel Enable | Drop 0% | No Refill ⚠️ | Instant Start | Day 100K 🚀,Instagram,Likes/Reactions,Instagram Likes [ 100% Old Real Accounts 🏅] [ Fast Server ] ᴺᴱᵂ,3.9776,0.1243,10,100000,No,No,No,USD
27958,Instagram Likes [ Max 100K ] | Old Accounts | Cancel Enable | Drop 0% | 30 Days ♻️ | Instant Start | Day 100K 🚀,Instagram,Likes/Reactions,Instagram Likes [ 100% Old Real Accounts 🏅] [ Fast Server ] ᴺᴱᵂ,4.16,0.13,10,100000,Yes,No,No,USD
27959,Instagram Likes [ Max 100K ] | Old Accounts | Cancel Enable | Drop 0% | 60 Days ♻️ | Instant Start | Day 100KK 🚀,Instagram,Likes/Reactions,Instagram Likes [ 100% Old Real Accounts 🏅] [ Fast Server ] ᴺᴱᵂ,4.3392,0.1356,10,100000,Yes,No,No,USD
27960,Instagram Likes [ Max 100K ] | Old Accounts | Cancel Enable | Drop 0% | 90 Days ♻️ | Instant Start | Day 100K 🚀,Instagram,Likes/Reactions,Instagram Likes [ 100% Old Real Accounts 🏅] [ Fast Server ] ᴺᴱᵂ,4.5216,0.1413,10,100000,Yes,No,No,USD
27961,Instagram Likes [ Max 100K ] | Old Accounts | Cancel Enable | Drop 0% | 365 Days ♻️ | Instant Start | Day 100K 🚀,Instagram,Likes/Reactions,Instagram Likes [ 100% Old Real Accounts 🏅] [ Fast Server ] ᴺᴱᵂ,4.7008,0.1469,10,100000,Yes,No,No,USD
27962,Instagram Likes [ Max 100K ] | Old Accounts | Cancel Enable | Drop 0% | Lifetime ♻️ | Instant Start | Day 100K 🚀,Instagram,Likes/Reactions,Instagram Likes [ 100% Old Real Accounts 🏅] [ Fast Server ] ᴺᴱᵂ,4.8832,0.1526,10,100000,Yes,No,No,USD
27963,Instagram Followers [ Max 2K ] | Bot Accounts  | No Refill ⚠️ | Instant Start | Day 2K 🚀,Instagram,Followers/Subscribers,Instagram Followers [ Cheapest 💥] ᴺᴱᵂ,14.464,0.452,10,2000,No,Yes,No,USD
29894,Instagram Followers [ Max 2K ] | Bot Accounts  | No Refill ⚠️ | Instant Start | Day 2K 🚀,Instagram,Followers/Subscribers,Instagram Followers [ Cheapest 💥] ᴺᴱᵂ,14.464,0.452,10,2000,No,Yes,No,USD
27964,Instagram Followers [ Max 5K ] | Bot Accounts  | No Refill ⚠️ | Instant Start | Day 5K 🚀,Instagram,Followers/Subscribers,Instagram Followers [ Cheapest 💥] ᴺᴱᵂ,15.1872,0.4746,10,5000,No,Yes,No,USD
29895,Instagram Followers [ Max 5K ] | Bot Accounts  | No Refill ⚠️ | Instant Start | Day 5K 🚀,Instagram,Followers/Subscribers,Instagram Followers [ Cheapest 💥] ᴺᴱᵂ,15.1872,0.4746,10,5000,No,Yes,No,USD
27965,Tiktok Live Stream Comments [ Custom ] [ Max 1K ] | HQ Profiles | Cancel Enable | Instant Start 🚀,TikTok,Live Stream Viewers,Tiktok Live Stream Comments [ Cheapest 💥] ᴺᴱᵂ,16.272,0.5085,1,1000,No,No,No,USD
27966,Tiktok Live Stream Comments [ Random ] [ Max 1K ] | HQ Profiles | SuperFast | Day 1K,TikTok,Live Stream Viewers,Tiktok Live Stream Comments [ Cheapest 💥] ᴺᴱᵂ,16.272,0.5085,1,1000,No,No,No,USD
27967,Tiktok Live Stream Comments [ Emoji ] [ Max 1K ] | HQ Profiles | SuperFast | Day 1K,TikTok,Live Stream Viewers,Tiktok Live Stream Comments [ Cheapest 💥] ᴺᴱᵂ,16.272,0.5085,1,1000,No,No,No,USD
29896,Tiktok Live Stream Comments [ Custom ] [ Max 1K ] | HQ Profiles | Cancel Enable | Instant Start 🚀,TikTok,Live Stream Viewers,Tiktok Live Stream Comments [ Cheapest 💥] ᴺᴱᵂ,16.272,0.5085,1,1000,No,No,No,USD
29897,Tiktok Live Stream Comments [ Random ] [ Max 1K ] | HQ Profiles | SuperFast | Day 1K,TikTok,Live Stream Viewers,Tiktok Live Stream Comments [ Cheapest 💥] ᴺᴱᵂ,16.272,0.5085,1,1000,No,No,No,USD
29898,Tiktok Live Stream Comments [ Emoji ] [ Max 1K ] | HQ Profiles | SuperFast | Day 1K,TikTok,Live Stream Viewers,Tiktok Live Stream Comments [ Cheapest 💥] ᴺᴱᵂ,16.272,0.5085,1,1000,No,No,No,USD
27968,TikTok Video Views [ Max Unlimited ] | Low Drop | Cancel Enable | No Refill ⚠️ | Instant Start | Day 10M 🚀🚀,TikTok,Views/Plays,Tiktok Views [ Cheapest 💥] ᴺᴱᵂ,0.256,0.008,100,2147483647,No,No,No,USD
29899,TikTok Video Views [ Max Unlimited ] | Low Drop | Cancel Enable | No Refill ⚠️ | Instant Start | Day 10M 🚀🚀,TikTok,Views/Plays,Tiktok Views [ Cheapest 💥] ᴺᴱᵂ,0.256,0.008,100,2147483647,No,No,No,USD
27969,TikTok Video Views [ Max Unlimited ] | Low Drop | Cancel Enable | No Refill ⚠️ | Instant Start | Day 10M 🚀🚀,TikTok,Views/Plays,Tiktok Views [ Cheapest 💥] ᴺᴱᵂ,0.2624,0.0082,100,2147483647,No,No,No,USD
29900,TikTok Video Views [ Max Unlimited ] | Low Drop | Cancel Enable | No Refill ⚠️ | Instant Start | Day 10M 🚀🚀,TikTok,Views/Plays,Tiktok Views [ Cheapest 💥] ᴺᴱᵂ,0.2624,0.0082,100,2147483647,No,No,No,USD
27970,TikTok Video Views [ Max Unlimited ] | Low Drop | Cancel Enable | 30 Days ♻️ | Instant Start | Day 10M 🚀🚀,TikTok,Views/Plays,Tiktok Views [ Cheapest 💥] ᴺᴱᵂ,0.2976,0.0093,100,2147483647,Yes,No,No,USD
29901,TikTok Video Views [ Max Unlimited ] | Low Drop | Cancel Enable | 30 Days ♻️ | Instant Start | Day 10M 🚀🚀,TikTok,Views/Plays,Tiktok Views [ Cheapest 💥] ᴺᴱᵂ,0.2976,0.0093,100,2147483647,Yes,No,No,USD
27971,Instagram Likes [ Max 1M ] | Old Accounts | Cancel Enable | Drop 0% | No Refill ⚠️ | Instant Start | Day 250K 🚀,Instagram,Likes/Reactions,Instagram Likes [ 100% Old  Accounts 🏅] [ Fast Server ] ᴺᴱᵂ,4.5216,0.1413,10,1000000,No,No,No,USD
29902,Instagram Likes [ Max 1M ] | Old Accounts | Cancel Enable | Drop 0% | No Refill ⚠️ | Instant Start | Day 250K 🚀,Instagram,Likes/Reactions,Instagram Likes [ 100% Old  Accounts 🏅] [ Fast Server ] ᴺᴱᵂ,4.5216,0.1413,10,1000000,No,No,No,USD
27972,Instagram Likes [ Max 1M ] | Old Accounts | Cancel Enable | Drop 0% | 30 Days ♻️ | Instant Start | Day 250K 🚀,Instagram,Likes/Reactions,Instagram Likes [ 100% Old  Accounts 🏅] [ Fast Server ] ᴺᴱᵂ,4.7008,0.1469,10,1000000,Yes,No,No,USD
29903,Instagram Likes [ Max 1M ] | Old Accounts | Cancel Enable | Drop 0% | 30 Days ♻️ | Instant Start | Day 250K 🚀,Instagram,Likes/Reactions,Instagram Likes [ 100% Old  Accounts 🏅] [ Fast Server ] ᴺᴱᵂ,4.7008,0.1469,10,1000000,Yes,No,No,USD
27973,Instagram Likes [ Max 1M ] | Old Accounts | Cancel Enable | Drop 0% | 60 Days ♻️ | Instant Start | Day 250K 🚀,Instagram,Likes/Reactions,Instagram Likes [ 100% Old  Accounts 🏅] [ Fast Server ] ᴺᴱᵂ,4.8832,0.1526,10,1000000,Yes,No,No,USD
29904,Instagram Likes [ Max 1M ] | Old Accounts | Cancel Enable | Drop 0% | 60 Days ♻️ | Instant Start | Day 250K 🚀,Instagram,Likes/Reactions,Instagram Likes [ 100% Old  Accounts 🏅] [ Fast Server ] ᴺᴱᵂ,4.8832,0.1526,10,1000000,Yes,No,No,USD
27974,Instagram Likes [ Max 1M ] | Old Accounts | Cancel Enable | Drop 0% | 90 Days ♻️ | Instant Start | Day 250K 🚀,Instagram,Likes/Reactions,Instagram Likes [ 100% Old  Accounts 🏅] [ Fast Server ] ᴺᴱᵂ,5.0624,0.1582,10,1000000,Yes,No,No,USD
29905,Instagram Likes [ Max 1M ] | Old Accounts | Cancel Enable | Drop 0% | 90 Days ♻️ | Instant Start | Day 250K 🚀,Instagram,Likes/Reactions,Instagram Likes [ 100% Old  Accounts 🏅] [ Fast Server ] ᴺᴱᵂ,5.0624,0.1582,10,1000000,Yes,No,No,USD
27975,Instagram Likes [ Max 1M ] | Old Accounts | Cancel Enable | Drop 0% | 365 Days ♻️ | Instant Start | Day 250K 🚀,Instagram,Likes/Reactions,Instagram Likes [ 100% Old  Accounts 🏅] [ Fast Server ] ᴺᴱᵂ,5.2448,0.1639,10,1000000,Yes,No,No,USD
29906,Instagram Likes [ Max 1M ] | Old Accounts | Cancel Enable | Drop 0% | 365 Days ♻️ | Instant Start | Day 250K 🚀,Instagram,Likes/Reactions,Instagram Likes [ 100% Old  Accounts 🏅] [ Fast Server ] ᴺᴱᵂ,5.2448,0.1639,10,1000000,Yes,No,No,USD
27976,Instagram Likes [ Max 1M ] | Old Accounts | Cancel Enable | Drop 0% | Lifetime ♻️ | Instant Start | Day 250K 🚀,Instagram,Likes/Reactions,Instagram Likes [ 100% Old  Accounts 🏅] [ Fast Server ] ᴺᴱᵂ,5.424,0.1695,10,1000000,Yes,No,No,USD
29907,Instagram Likes [ Max 1M ] | Old Accounts | Cancel Enable | Drop 0% | Lifetime ♻️ | Instant Start | Day 250K 🚀,Instagram,Likes/Reactions,Instagram Likes [ 100% Old  Accounts 🏅] [ Fast Server ] ᴺᴱᵂ,5.424,0.1695,10,1000000,Yes,No,No,USD
27982,Tiktok Comment Likes [ Max 100K ] | Cancel Enable | No Refill ⚠️ | Instant Start | Day 50K,TikTok,Likes/Reactions,Tiktok Comments [ Cheapest 💥]  ᴺᴱᵂ,9.04,0.2825,10,100000,No,No,No,USD
27977,Tiktok Emoji Comments [ Max 10K ] | 100% Real Accounts | No Refill ⚠️ | Instant Complete 🚀,TikTok,Comments,Tiktok Comments [ Cheapest 💥]  ᴺᴱᵂ,23.504,0.7345,10,10000,No,Yes,No,USD
29911,Tiktok Emoji Comments [ Max 10K ] | 100% Real Accounts | No Refill ⚠️ | Instant Complete 🚀,TikTok,Comments,Tiktok Comments [ Cheapest 💥]  ᴺᴱᵂ,23.504,0.7345,10,10000,No,Yes,No,USD
27980,Tiktok Custom Comments [ Max 5K ] | 100% Real Accounts | No Refill ⚠️ | Instant Complete 🚀,TikTok,Comments,Tiktok Comments [ Cheapest 💥]  ᴺᴱᵂ,25.312,0.791,1,5000,No,No,No,USD
29914,Tiktok Custom Comments [ Max 5K ] | 100% Real Accounts | No Refill ⚠️ | Instant Complete 🚀,TikTok,Comments,Tiktok Comments [ Cheapest 💥]  ᴺᴱᵂ,25.312,0.791,1,5000,No,Yes,No,USD
27978,Tiktok Emoji Comments [ Max 10K ] | 100% Real Accounts | No Refill ⚠️ | Instant Complete 🚀,TikTok,Comments,Tiktok Comments [ Cheapest 💥]  ᴺᴱᵂ,28.928,0.904,1,100000,No,No,No,USD
27979,Tiktok Random Comments [ Max 10K ] | 100% Real Accounts | No Refill ⚠️ | Instant Complete 🚀,TikTok,Comments,Tiktok Comments [ Cheapest 💥]  ᴺᴱᵂ,28.928,0.904,10,10000,No,No,No,USD
27981,Tiktok Custom Comments [ Max 10K ] | 100% Real Accounts | No Refill ⚠️ | Instant Complete 🚀,TikTok,Comments,Tiktok Comments [ Cheapest 💥]  ᴺᴱᵂ,28.928,0.904,10,10000,No,No,No,USD
27983,Tiktok Comments Replies [ Max 100K ] | Cancel Enable | No Refill ⚠️ | Instant Start | Day 50K,TikTok,Comments,Tiktok Comments [ Cheapest 💥]  ᴺᴱᵂ,28.928,0.904,1,100000,No,No,No,USD
29912,Tiktok Emoji Comments [ Max 10K ] | 100% Real Accounts | No Refill ⚠️ | Instant Complete 🚀,TikTok,Comments,Tiktok Comments [ Cheapest 💥]  ᴺᴱᵂ,28.928,0.904,1,100000,No,No,No,USD
29913,Tiktok Random Comments [ Max 10K ] | 100% Real Accounts | No Refill ⚠️ | Instant Complete 🚀,TikTok,Comments,Tiktok Comments [ Cheapest 💥]  ᴺᴱᵂ,28.928,0.904,10,10000,No,Yes,No,USD
29915,Tiktok Custom Comments [ Max 10K ] | 100% Real Accounts | No Refill ⚠️ | Instant Complete 🚀,TikTok,Comments,Tiktok Comments [ Cheapest 💥]  ᴺᴱᵂ,28.928,0.904,10,10000,No,Yes,No,USD
29916,Tiktok Comment Likes [ Max 100K ] | Cancel Enable | No Refill ⚠️ | Instant Start | Day 50K,TikTok,Likes/Reactions,Tiktok Comments [ Cheapest 💥]  ᴺᴱᵂ,28.928,0.904,10,100000,No,No,No,USD
29917,Tiktok Comments Replies [ Max 100K ] | Cancel Enable | No Refill ⚠️ | Instant Start | Day 50K,TikTok,Comments,Tiktok Comments [ Cheapest 💥]  ᴺᴱᵂ,28.928,0.904,1,100000,No,No,No,USD
28021,Instagram Followers [Mix Quality] [No Refill] [100K/D] [0-1/H],Instagram,Followers/Subscribers,Instagram Followers [Cheap Services - Different Bases],7.76,0.2425,100,100000,No,No,No,USD
28310,Instagram Followers [No Refill] [10-20K/D] [0-1/H],Instagram,Followers/Subscribers,Instagram Followers [Cheap Services - Different Bases],10.416,0.3255,10,100000,No,No,No,USD
28019,Instagram Followers [All Flag Types] [Cancel Enabled] [100K/D] [Instant],Instagram,Followers/Subscribers,Instagram Followers [Cheap Services - Different Bases],13.888,0.434,10,10000000,No,Yes,No,USD
28020,Instagram Followers [Mix] [No Refill] [10K/D] [Instant Service],Instagram,Followers/Subscribers,Instagram Followers [Cheap Services - Different Bases],15.2768,0.4774,50,500000,No,No,No,USD
28023,Instagram Followers [Real Accounts] [No Refill] [100K/D] [Instant],Instagram,Followers/Subscribers,Instagram Followers [Cheap Services - Different Bases],17.4944,0.5467,10,100000,No,No,No,USD
28311,Instagram Followers [Real + Mix Indian] [Cancel Enabled] [Extreme Speed] [Instant],Instagram,Followers/Subscribers,Instagram Followers [Cheap Services - Different Bases],18.2272,0.5696,10,1000000,No,Yes,No,USD
28022,Instagram Followers [Real Accounts] [Low Drop] [30-50K/D] [0-3/H],Instagram,Followers/Subscribers,Instagram Followers [Cheap Services - Different Bases],19.0944,0.5967,10,100000,No,No,No,USD
28024,Instagram Followers [Mix Quality] [No Refill] [50-100K/D] [Instant],Instagram,Followers/Subscribers,Instagram Followers [Cheap Services - Different Bases],24.5184,0.7662,100,500000,No,No,No,USD
28025,Instagram Followers [All Flag Types] [High Quality + Real] [Low Drop] [20-50K/D] [0-1/H],Instagram,Followers/Subscribers,Instagram Followers [Provider - Real Global Followers - Different Warranties],19.0944,0.5967,10,100000,No,No,No,USD
28026,Instagram Followers [All Flag Types] [High Quality + Real] [30 Days Refill] [20-50K/D] [0-1/H],Instagram,Followers/Subscribers,Instagram Followers [Provider - Real Global Followers - Different Warranties],26.9056,0.8408,10,100000,No,No,No,USD
28027,Instagram Followers [All Flag Types] [High Quality + Real] [60 Days Refill] [20-50K/D] [0-1/H],Instagram,Followers/Subscribers,Instagram Followers [Provider - Real Global Followers - Different Warranties],29.5072,0.9221,10,100000,No,No,No,USD
28028,Instagram Followers [All Flag Types] [High Quality + Real] [90 Days Refill] [20-50K/D] [0-1/H],Instagram,Followers/Subscribers,Instagram Followers [Provider - Real Global Followers - Different Warranties],32.112,1.0035,10,100000,No,No,No,USD
28029,Instagram Followers [All Flag Types] [High Quality + Real] [365 Days Refill] [20-50K/D] [0-1/H],Instagram,Followers/Subscribers,Instagram Followers [Provider - Real Global Followers - Different Warranties],39.0528,1.2204,10,100000,No,No,No,USD
28030,Instagram Followers [All Flag Types] [High Quality + Real] [Lifetime Refill] [20-50K/D] [0-1/H],Instagram,Followers/Subscribers,Instagram Followers [Provider - Real Global Followers - Different Warranties],44.2624,1.3832,10,100000,No,No,No,USD
28273,Instagram Followers [All Flag Types] [High Quality + Real] [Low Drop] [10-20K/D] [0-1/H],Instagram,Followers/Subscribers,Instagram Followers [Provider - Real Global Followers - Different Speed],18.0512,0.5641,10,100000,No,No,No,USD
28031,Instagram Followers [All Flag Types] [High Quality + Real] [Low Drop] [10-20K/D] [0-1/H],Instagram,Followers/Subscribers,Instagram Followers [Provider - Real Global Followers - Different Speed],28.9888,0.9059,10,100000,No,No,No,USD
28032,Instagram Followers [All Flag Types] [High Quality + Real] [Low Drop] [20-30K/D] [0-1/H],Instagram,Followers/Subscribers,Instagram Followers [Provider - Real Global Followers - Different Speed],34.7136,1.0848,10,100000,No,No,No,USD
28033,Instagram Followers [All Flag Types] [High Quality + Real] [Low Drop] [30-50K/D] [0-1/H],Instagram,Followers/Subscribers,Instagram Followers [Provider - Real Global Followers - Different Speed],48.6016,1.5188,10,100000,No,No,No,USD
28034,Instagram Followers [All Flag Types] [High Quality + Real] [Low Drop] [50-100K/D] [0-1/H],Instagram,Followers/Subscribers,Instagram Followers [Provider - Real Global Followers - Different Speed],57.28,1.79,10,100000,No,No,No,USD
28035,Instagram Followers [ Max 1M ] | Real Accounts | Cancel Enable | Low Drop | No Refill ⚠️ | Instant Start | Day 100K 🚀,Instagram,Followers/Subscribers,Instagram Followers [ Real Accounts ] [ Cheapest ]⭐ ᴺᴱᵂ,22.4192,0.7006,10,1000000,No,Yes,No,USD
28053,Instagram Followers [ Max 1M ] | Real Accounts | Cancel Enable | Low Drop | No Refill ⚠️ | Instant Start | Day 100K 🚀,Instagram,Followers/Subscribers,Instagram Followers [ Real Accounts ] [ Cheapest ]⭐ ᴺᴱᵂ,22.4192,0.7006,10,1000000,No,Yes,No,USD
28054,Instagram Followers [ Max 1M ] | Real Accounts | Cancel Enable | Low Drop | 30 Days ♻️ | Instant Start | Day 100K 🚀,Instagram,Followers/Subscribers,Instagram Followers [ Real Accounts ] [ Cheapest ]⭐ ᴺᴱᵂ,25.6736,0.8023,10,1000000,Yes,No,No,USD
28036,Instagram Followers [ Max 1M ] | Real Accounts | Cancel Enable | Low Drop | 30 Days ♻️ | Instant Start | Day 100K 🚀,Instagram,Followers/Subscribers,Instagram Followers [ Real Accounts ] [ Cheapest ]⭐ ᴺᴱᵂ,26.3968,0.8249,10,1000000,Yes,No,No,USD
28055,Instagram Followers [ Max 1M ] | Real Accounts | Cancel Enable | Low Drop | 60 Days ♻️ | Instant Start | Day 100K 🚀,Instagram,Followers/Subscribers,Instagram Followers [ Real Accounts ] [ Cheapest ]⭐ ᴺᴱᵂ,27.4816,0.8588,10,1000000,Yes,No,No,USD
28037,Instagram Followers [ Max 1M ] | Real Accounts | Cancel Enable | Low Drop | 60 Days ♻️ | Instant Start | Day 100K 🚀,Instagram,Followers/Subscribers,Instagram Followers [ Real Accounts ] [ Cheapest ]⭐ ᴺᴱᵂ,28.2048,0.8814,10,1000000,Yes,No,No,USD
28038,Instagram Followers [ Max 1M ] | Real Accounts | Cancel Enable | Low Drop | 90 Days ♻️ | Instant Start | Day 100K 🚀,Instagram,Followers/Subscribers,Instagram Followers [ Real Accounts ] [ Cheapest ]⭐ ᴺᴱᵂ,29.6512,0.9266,10,1000000,Yes,No,No,USD
28056,Instagram Followers [ Max 1M ] | Real Accounts | Cancel Enable | Low Drop | 90 Days ♻️ | Instant Start | Day 100K 🚀,Instagram,Followers/Subscribers,Instagram Followers [ Real Accounts ] [ Cheapest ]⭐ ᴺᴱᵂ,29.6512,0.9266,10,1000000,Yes,No,No,USD
28057,Instagram Followers [ Max 1M ] | Real Accounts | Cancel Enable | Low Drop | 365 Days ♻️ | Instant Start | Day 100K 🚀,Instagram,Followers/Subscribers,Instagram Followers [ Real Accounts ] [ Cheapest ]⭐ ᴺᴱᵂ,30.3744,0.9492,10,1000000,Yes,No,No,USD
28039,Instagram Followers [ Max 1M ] | Real Accounts | Cancel Enable | Low Drop | 365 Days ♻️ | Instant Start | Day 100K 🚀,Instagram,Followers/Subscribers,Instagram Followers [ Real Accounts ] [ Cheapest ]⭐ ᴺᴱᵂ,30.736,0.9605,10,1000000,Yes,No,No,USD
28040,Instagram Followers [ Max 1M ] | Real Accounts | Cancel Enable | Low Drop | Lifetime ♻️ | Instant Start | Day 100K 🚀,Instagram,Followers/Subscribers,Instagram Followers [ Real Accounts ] [ Cheapest ]⭐ ᴺᴱᵂ,31.8208,0.9944,10,1000000,Yes,No,No,USD
28058,Instagram Followers [ Max 1M ] | Real Accounts | Cancel Enable | Low Drop | Lifetime ♻️ | Instant Start | Day 100K 🚀,Instagram,Followers/Subscribers,Instagram Followers [ Real Accounts ] [ Cheapest ]⭐ ᴺᴱᵂ,31.8208,0.9944,10,1000000,Yes,No,No,USD
28041,Instagram Followers [ Max 100K ] | Old and Real Accounts with Posts | Cancel Enable | Low Drop | No Refill ⚠️ | Instant Start | Day 100K 🚀,Instagram,Followers/Subscribers,Instagram Followers [ Old and Real Accounts with Posts ] ᴺᴱᵂ,19.1648,0.5989,10,100000,No,No,No,USD
29866,Instagram Followers [ Max 100K ] | Old and Real Accounts with Posts | Cancel Enable | Low Drop | No Refill ⚠️ | Instant Start | Day 100K 🚀,Instagram,Followers/Subscribers,Instagram Followers [ Old and Real Accounts with Posts ] ᴺᴱᵂ,19.1648,0.5989,10,100000,No,No,No,USD
28042,Instagram Followers [ Max 100K ] | Old and Real Accounts with Posts | Cancel Enable | Low Drop | 30 Days ♻️ | Instant Start | Day 100K 🚀,Instagram,Followers/Subscribers,Instagram Followers [ Old and Real Accounts with Posts ] ᴺᴱᵂ,24.5888,0.7684,10,100000,Yes,No,No,USD
29867,Instagram Followers [ Max 100K ] | Old and Real Accounts with Posts | Cancel Enable | Low Drop | 30 Days ♻️ | Instant Start | Day 100K 🚀,Instagram,Followers/Subscribers,Instagram Followers [ Old and Real Accounts with Posts ] ᴺᴱᵂ,24.5888,0.7684,10,100000,Yes,No,No,USD
28043,Instagram Followers [ Max 100K ] | Old and Real Accounts with Posts | Cancel Enable | Low Drop | 60 Days ♻️ | Instant Start | Day 100K 🚀,Instagram,Followers/Subscribers,Instagram Followers [ Old and Real Accounts with Posts ] ᴺᴱᵂ,27.12,0.8475,10,100000,Yes,No,No,USD
29868,Instagram Followers [ Max 100K ] | Old and Real Accounts with Posts | Cancel Enable | Low Drop | 60 Days ♻️ | Instant Start | Day 100K 🚀,Instagram,Followers/Subscribers,Instagram Followers [ Old and Real Accounts with Posts ] ᴺᴱᵂ,27.12,0.8475,10,100000,Yes,No,No,USD
28044,Instagram Followers [ Max 100K ] | Old and Real Accounts with Posts | Cancel Enable | Low Drop | 90 Days ♻️ | Instant Start | Day 100K 🚀,Instagram,Followers/Subscribers,Instagram Followers [ Old and Real Accounts with Posts ] ᴺᴱᵂ,28.928,0.904,10,100000,Yes,No,No,USD
29869,Instagram Followers [ Max 100K ] | Old and Real Accounts with Posts | Cancel Enable | Low Drop | 90 Days ♻️ | Instant Start | Day 100K 🚀,Instagram,Followers/Subscribers,Instagram Followers [ Old and Real Accounts with Posts ] ᴺᴱᵂ,28.928,0.904,10,100000,Yes,No,No,USD
28045,Instagram Followers [ Max 100K ] | Old and Real Accounts with Posts | Cancel Enable | Low Drop | 365 Days ♻️ | Instant Start | Day 100K 🚀,Instagram,Followers/Subscribers,Instagram Followers [ Old and Real Accounts with Posts ] ᴺᴱᵂ,30.3744,0.9492,10,100000,Yes,No,No,USD
29870,Instagram Followers [ Max 100K ] | Old and Real Accounts with Posts | Cancel Enable | Low Drop | 365 Days ♻️ | Instant Start | Day 100K 🚀,Instagram,Followers/Subscribers,Instagram Followers [ Old and Real Accounts with Posts ] ᴺᴱᵂ,30.3744,0.9492,10,100000,Yes,No,No,USD
28046,Instagram Followers [ Max 100K ] | Old and Real Accounts with Posts | Cancel Enable | Low Drop | Lifetime ♻️ | Instant Start | Day 100K 🚀,Instagram,Followers/Subscribers,Instagram Followers [ Old and Real Accounts with Posts ] ᴺᴱᵂ,31.8208,0.9944,10,100000,Yes,No,No,USD
29871,Instagram Followers [ Max 100K ] | Old and Real Accounts with Posts | Cancel Enable | Low Drop | Lifetime ♻️ | Instant Start | Day 100K 🚀,Instagram,Followers/Subscribers,Instagram Followers [ Old and Real Accounts with Posts ] ᴺᴱᵂ,31.8208,0.9944,10,100000,Yes,No,No,USD
28047,TikTok Followers [ Max 10M ] | Bot Accounts | No Refill ⚠️ | Instant Start | Day 100K 🚀,TikTok,Followers/Subscribers,TikTok Followers [ Bot Accounts ] [ Cheapest 💥] ᴺᴱᵂ,23.504,0.7345,10,10000000,No,No,No,USD
28048,TikTok Followers  [ Max 1M ] | Real &amp; Bot Accounts | No Refill ⚠️ | Instant Start | Day 100K 🚀,TikTok,Followers/Subscribers,TikTok Followers [ Bot Accounts ] [ Cheapest 💥] ᴺᴱᵂ,23.504,0.7345,10,1000000,No,No,No,USD
28049,TikTok Followers [ Max 10M ] | Real &amp; Bot Accounts | No Refill ⚠️ | Instant Start | Day 100K 🚀,TikTok,Followers/Subscribers,TikTok Followers [ Bot Accounts ] [ Cheapest 💥] ᴺᴱᵂ,37.968,1.1865,10,5000000,No,No,No,USD
28118,TikTok Followers [ Max 5M ] | 100% Real Accounts | Cancel Enable | No Refill ⚠️ | Instant Start | Day 100K 🚀,TikTok,Followers/Subscribers,TikTok Followers [ Instant Completed 🔥 ] ᴺᴱᵂ,23.2448,0.7264,10,1000000,No,Yes,No,USD
28119,TikTok Followers [ Max 1M ] | 100% Real Accounts | Cancel Enable | 7 Days ♻️ | Instant Start | Day 100K 🚀 [ Refill Button Working ],TikTok,Followers/Subscribers,TikTok Followers [ Instant Completed 🔥 ] ᴺᴱᵂ,25.0304,0.7822,10,1000000,No,Yes,No,USD
28120,TikTok Followers [ Max 1M ] | 100% Real Accounts | Cancel Enable | 15 Days ♻️ | Instant Start | Day 100K 🚀 [ Refill Button Working ],TikTok,Followers/Subscribers,TikTok Followers [ Instant Completed 🔥 ] ᴺᴱᵂ,28.608,0.894,10,1000000,No,Yes,No,USD
28051,TikTok Followers [ Max 1M ] | 100% Real Accounts | Cancel Enable | No Refill ⚠️ | Instant Start | Day 100K 🚀,TikTok,Followers/Subscribers,TikTok Followers [ Instant Completed 🔥 ] ᴺᴱᵂ,29.6512,0.9266,10,1000000,No,No,No,USD
28121,TikTok Followers [ Max 1M ] | 100% Real Accounts | Cancel Enable | 30 Days ♻️ | Instant Start | Day 100K 🚀 [ Refill Button Working ],TikTok,Followers/Subscribers,TikTok Followers [ Instant Completed 🔥 ] ᴺᴱᵂ,32.1824,1.0057,10,1000000,No,Yes,No,USD
28050,TikTok Followers [ Max 5M ] | 100% Real Accounts | Cancel Enable | No Refill ⚠️ | Instant Start | Day 100K 🚀,TikTok,Followers/Subscribers,TikTok Followers [ Instant Completed 🔥 ] ᴺᴱᵂ,36.16,1.13,10,5000000,No,Yes,No,USD
28073,TikTok Followers [ Max 5M ] | 100% Real Accounts | Cancel Enable | No Refill ⚠️ | Instant Start | Day 100K 🚀,TikTok,Followers/Subscribers,TikTok Followers [ Instant Completed 🔥 ] ᴺᴱᵂ,36.16,1.13,10,5000000,No,Yes,No,USD
28074,TikTok Followers [ Max 1M ] | 100% Real Accounts | Cancel Enable | No Refill ⚠️ | Instant Start | Day 100K 🚀,TikTok,Followers/Subscribers,TikTok Followers [ Instant Completed 🔥 ] ᴺᴱᵂ,37.968,1.1865,10,1000000,No,Yes,No,USD
28052,TikTok Followers [ Max 1M ] | 100% Real Accounts | Cancel Enable | 7 Days ♻️ | Instant Start | Day 100K 🚀 [ Refill Button Working ],TikTok,Followers/Subscribers,TikTok Followers [ Instant Completed 🔥 ] ᴺᴱᵂ,38.9824,1.2182,10,1000000,No,Yes,No,USD
28075,TikTok Followers [ Max 1M ] | 100% Real Accounts | Cancel Enable | No Refill ⚠️ | Instant Start | Day 100K 🚀,TikTok,Followers/Subscribers,TikTok Followers [ Instant Completed 🔥 ] ᴺᴱᵂ,39.776,1.243,10,1000000,No,Yes,No,USD
28076,TikTok Followers [ Max 1M ] | 100% Real Accounts | Cancel Enable | 7 Days ♻️ | Instant Start | Day 100K 🚀 [ Refill Button Working ],TikTok,Followers/Subscribers,TikTok Followers [ Instant Completed 🔥 ] ᴺᴱᵂ,39.776,1.243,10,1000000,No,Yes,No,USD
28077,TikTok Followers [ Max 1M ] | 100% Real Accounts | Cancel Enable | 15 Days ♻️ | Instant Start | Day 100K 🚀 [ Refill Button Working ],TikTok,Followers/Subscribers,TikTok Followers [ Instant Completed 🔥 ] ᴺᴱᵂ,43.392,1.356,10,1000000,No,Yes,No,USD
28122,TikTok Followers [ Max 1M ] | 100% Real Accounts | Cancel Enable | No Refill ⚠️ | Instant Start | Day 100K 🚀,TikTok,Followers/Subscribers,TikTok Followers [ Instant Completed 🔥 ] ᴺᴱᵂ,46.4,1.45,10,1000000,No,Yes,No,USD
28078,TikTok Followers [ Max 1M ] | 100% Real Accounts | Cancel Enable | 30 Days ♻️ | Instant Start | Day 100K 🚀 [ Refill Button Working ],TikTok,Followers/Subscribers,TikTok Followers [ Instant Completed 🔥 ] ᴺᴱᵂ,47.008,1.469,10,1000000,No,Yes,No,USD
28113,TikTok Followers HQ [Max: 500K] [Refill: No] [Start Time: 0 - 1 Hour] [Speed: 10K/day],TikTok,Followers/Subscribers,TikTok Followers [ Instant Completed 🔥 ] ᴺᴱᵂ,54.24,1.695,10,1000000,No,No,No,USD
28114,TikTok Followers HQ [Max: 500K] [Refill: No] [Start Time: 0 - 1 Hour] [Speed: 100K/day],TikTok,Followers/Subscribers,TikTok Followers [ Instant Completed 🔥 ] ᴺᴱᵂ,54.24,1.695,10,1000000,No,No,No,USD
28123,TikTok Followers [ Max 5M ] | HQ Profiles | Low Drop | Cancel Enable | No Refill ⚠️ | Instant Start | Day 50K,TikTok,Followers/Subscribers,TikTok Followers [ Instant Completed 🔥 ] ᴺᴱᵂ,54.24,1.695,10,10000000,No,No,No,USD
28124,TikTok Followers [ Max 1M ] | 100% Real Accounts | Cancel Enable | 7 Days ♻️ | Instant Start | Day 100K 🚀 [ Refill Button Working ],TikTok,Followers/Subscribers,TikTok Followers [ Instant Completed 🔥 ] ᴺᴱᵂ,55.2352,1.7261,10,1000000,No,Yes,No,USD
28125,TikTok Followers [ Max 1M ] | 100% Real Accounts | Cancel Enable | 15 Days ♻️ | Instant Start | Day 100K 🚀 [ Refill Button Working ],TikTok,Followers/Subscribers,TikTok Followers [ Instant Completed 🔥 ] ᴺᴱᵂ,57.1648,1.7864,10,10000000,No,Yes,No,USD
28126,TikTok Followers [ Max 5M ] | HQ Profiles | Low Drop | Cancel Enable | 30 Days ♻️ | Instant Start | Day 50K,TikTok,Followers/Subscribers,TikTok Followers [ Instant Completed 🔥 ] ᴺᴱᵂ,65.088,2.034,10,10000000,No,No,No,USD
28059,TikTok Followers [ Max 10M ] | Bot Accounts | No Refill ⚠️ | Instant Start | Day 200K 🚀,TikTok,Followers/Subscribers,Tiktok Followers [ Super Fast Delivery 🚀 ] [ DIFFERENT SPEED 💥] ᴺᴱᵂ,15.5488,0.4859,10,10000000,No,No,No,USD
28060,TikTok Followers [ Max 10M ] | Bot Accounts | No Refill ⚠️ | Instant Start | Day 200K 🚀,TikTok,Followers/Subscribers,Tiktok Followers [ Super Fast Delivery 🚀 ] [ DIFFERENT SPEED 💥] ᴺᴱᵂ,16.272,0.5085,10,10000000,No,No,No,USD
28061,TikTok Followers [ Max 10M ] | Bot Accounts | 7 Days ♻️ | Instant Start | Day 200K 🚀,TikTok,Followers/Subscribers,Tiktok Followers [ Super Fast Delivery 🚀 ] [ DIFFERENT SPEED 💥] ᴺᴱᵂ,16.816,0.5255,10,10000000,Yes,No,No,USD
28062,TikTok Followers [ Max 10M ] | Bot Accounts | 10 Days ♻️ | Instant Start | Day 200K 🚀,TikTok,Followers/Subscribers,Tiktok Followers [ Super Fast Delivery 🚀 ] [ DIFFERENT SPEED 💥] ᴺᴱᵂ,16.9952,0.5311,10,10000000,Yes,No,No,USD
28063,TikTok Followers [ Max 10M ] | Bot Accounts | 15 Days ♻️ | Instant Start | Day 200K 🚀,TikTok,Followers/Subscribers,Tiktok Followers [ Super Fast Delivery 🚀 ] [ DIFFERENT SPEED 💥] ᴺᴱᵂ,17.3568,0.5424,10,10000000,Yes,No,No,USD
28064,TikTok Followers [ Max 10M ] | Bot Accounts | 20 Days ♻️ | Instant Start | Day 200K 🚀,TikTok,Followers/Subscribers,Tiktok Followers [ Super Fast Delivery 🚀 ] [ DIFFERENT SPEED 💥] ᴺᴱᵂ,17.7184,0.5537,10,10000000,Yes,No,No,USD
28065,TikTok Followers [ Max 10M ] | Bot Accounts | 30 Days ♻️ | Instant Start | Day 200K 🚀,TikTok,Followers/Subscribers,Tiktok Followers [ Super Fast Delivery 🚀 ] [ DIFFERENT SPEED 💥] ᴺᴱᵂ,18.08,0.565,10,10000000,Yes,No,No,USD
28066,TikTok Followers [ Max 5M ] | Bot Accounts | No Refill ⚠️ | Instant Start | Day 100K 🚀,TikTok,Followers/Subscribers,Tiktok Followers [ Super Fast Delivery 🚀 ] [ Cheapest 💥] ᴺᴱᵂ,18.8032,0.5876,50,5000000,No,No,No,USD
28067,TikTok Followers [ Max 5M ] | Bot Accounts | No Refill ⚠️ | Instant Start | Day 100K 🚀,TikTok,Followers/Subscribers,Tiktok Followers [ Super Fast Delivery 🚀 ] [ Cheapest 💥] ᴺᴱᵂ,19.5264,0.6102,10,5000000,No,No,No,USD
28068,TikTok Followers [ Max 10M ] | Bot Accounts | 7 Days ♻️ | Instant Start | Day 100K 🚀,TikTok,Followers/Subscribers,Tiktok Followers [ Super Fast Delivery 🚀 ] [ Cheapest 💥] ᴺᴱᵂ,20.2496,0.6328,10,5000000,Yes,No,No,USD
28069,TikTok Followers [ Max 10M ] | Bot Accounts | 10 Days ♻️ | Instant Start | Day 100K 🚀,TikTok,Followers/Subscribers,Tiktok Followers [ Super Fast Delivery 🚀 ] [ Cheapest 💥] ᴺᴱᵂ,20.9728,0.6554,10,5000000,Yes,No,No,USD
28070,TikTok Followers [ Max 10M ] | Bot Accounts | 15 Days ♻️ | Instant Start | Day 100K 🚀,TikTok,Followers/Subscribers,Tiktok Followers [ Super Fast Delivery 🚀 ] [ Cheapest 💥] ᴺᴱᵂ,21.3344,0.6667,10,5000000,Yes,No,No,USD
28071,TikTok Followers [ Max 10M ] | Bot Accounts | 20 Days ♻️ | Instant Start | Day 100K 🚀,TikTok,Followers/Subscribers,Tiktok Followers [ Super Fast Delivery 🚀 ] [ Cheapest 💥] ᴺᴱᵂ,21.696,0.678,10,5000000,Yes,No,No,USD
28072,TikTok Followers [ Max 10M ] | Bot Accounts | 30 Days ♻️ | Instant Start | Day 100K 🚀,TikTok,Followers/Subscribers,Tiktok Followers [ Super Fast Delivery 🚀 ] [ Cheapest 💥] ᴺᴱᵂ,22.0576,0.6893,10,5000000,Yes,No,No,USD
28192,TikTok Followers [ Max 1M ] | Low Drop | Cancel Enable | No Refill ⚠️ | Instant Start | Day 100K 🚀 𝐔𝐋𝐓𝐑𝐀 𝐅𝐀𝐒𝐓 🚀,TikTok,Followers/Subscribers,Tiktok Followers [ Lowest Price 💥 ] ᴺᴱᵂ,7.232,0.226,10,1000000,No,Yes,No,USD
29746,TikTok Followers [ Max 1M ] | Low Drop | Cancel Enable | No Refill ⚠️ | Instant Start | Day 100K 🚀 𝐔𝐋𝐓𝐑𝐀 𝐅𝐀𝐒𝐓 🚀,TikTok,Followers/Subscribers,Tiktok Followers [ Lowest Price 💥 ] ᴺᴱᵂ,7.232,0.226,10,1000000,No,Yes,No,USD
28193,TikTok Followers [ Max 1M ] | Low Drop | Cancel Enable | 10 Days ♻️ | Instant Start | Day 100K 🚀 𝐔𝐋𝐓𝐑𝐀 𝐅𝐀𝐒𝐓 🚀,TikTok,Followers/Subscribers,Tiktok Followers [ Lowest Price 💥 ] ᴺᴱᵂ,7.9552,0.2486,10,1000000,Yes,Yes,No,USD
29747,TikTok Followers [ Max 1M ] | Low Drop | Cancel Enable | 10 Days ♻️ | Instant Start | Day 100K 🚀 𝐔𝐋𝐓𝐑𝐀 𝐅𝐀𝐒𝐓 🚀,TikTok,Followers/Subscribers,Tiktok Followers [ Lowest Price 💥 ] ᴺᴱᵂ,7.9552,0.2486,10,1000000,Yes,Yes,No,USD
28194,TikTok Followers [ Max 1M ] | Low Drop | Cancel Enable | 20 Days ♻️ | Instant Start | Day 100K 🚀 𝐔𝐋𝐓𝐑𝐀 𝐅𝐀𝐒𝐓 🚀,TikTok,Followers/Subscribers,Tiktok Followers [ Lowest Price 💥 ] ᴺᴱᵂ,8.6784,0.2712,10,1000000,Yes,Yes,No,USD
29748,TikTok Followers [ Max 1M ] | Low Drop | Cancel Enable | 20 Days ♻️ | Instant Start | Day 100K 🚀 𝐔𝐋𝐓𝐑𝐀 𝐅𝐀𝐒𝐓 🚀,TikTok,Followers/Subscribers,Tiktok Followers [ Lowest Price 💥 ] ᴺᴱᵂ,8.6784,0.2712,10,1000000,Yes,Yes,No,USD
28195,TikTok Followers [ Max 1M ] | Low Drop | Cancel Enable | 30 Days ♻️ | Instant Start | Day 100K 🚀 𝐔𝐋𝐓𝐑𝐀 𝐅𝐀𝐒𝐓 🚀,TikTok,Followers/Subscribers,Tiktok Followers [ Lowest Price 💥 ] ᴺᴱᵂ,9.4016,0.2938,10,1000000,Yes,Yes,No,USD
29749,TikTok Followers [ Max 1M ] | Low Drop | Cancel Enable | 30 Days ♻️ | Instant Start | Day 100K 🚀 𝐔𝐋𝐓𝐑𝐀 𝐅𝐀𝐒𝐓 🚀,TikTok,Followers/Subscribers,Tiktok Followers [ Lowest Price 💥 ] ᴺᴱᵂ,9.4016,0.2938,10,1000000,Yes,Yes,No,USD
28080,TikTok Followers [ Max 1M ] | Real and Bot Accounts | Cancel Enable | High Drop | 10 Days ♻️ | Instant Start | Day 100K 🚀,TikTok,Followers/Subscribers,Tiktok Followers [ Lowest Price 💥 ] ᴺᴱᵂ,10.3072,0.3221,10,1000000,No,Yes,No,USD
28079,TikTok Followers [ Max 1M ] | Real and Bot Accounts | Cancel Enable | High Drop | No Refill ⚠️ | Instant Start | Day 100K 🚀,TikTok,Followers/Subscribers,Tiktok Followers [ Lowest Price 💥 ] ᴺᴱᵂ,23.1424,0.7232,10,1000000,No,No,No,USD
28085,TikTok Followers [ Max 1M ] | LQ Accounts | 30 Days ♻️ | Instant Start | Day 100K 🚀,TikTok,Followers/Subscribers,Tiktok Followers [ Best Price 💫 ] ᴺᴱᵂ,11.4784,0.3587,10,1000000,Yes,No,No,USD
28083,TikTok Followers [ Max 1M ] | LQ Accounts | No Refill ⚠️ | Instant Start | Day 100K 🚀,TikTok,Followers/Subscribers,Tiktok Followers [ Best Price 💫 ] ᴺᴱᵂ,24.9504,0.7797,10,1000000,No,No,No,USD
28081,TikTok Followers [ Max 500K ] | LQ Accounts | Cancel Enable | No Refill ⚠️ | Instant Start | Day 100K 🚀,TikTok,Followers/Subscribers,Tiktok Followers [ Best Price 💫 ] ᴺᴱᵂ,41.584,1.2995,10,1000000,No,Yes,No,USD
28084,TikTok Followers [ Max 1M ] | LQ Accounts | 20 Days ♻️ | Instant Start | Day 100K 🚀,TikTok,Followers/Subscribers,Tiktok Followers [ Best Price 💫 ] ᴺᴱᵂ,55.6864,1.7402,10,1000000,No,Yes,No,USD
28082,TikTok Followers [ Max 1M ] | LQ Accounts | Cancel Enable | No Refill ⚠️ | Instant Start | Day 100K 🚀,TikTok,Followers/Subscribers,Tiktok Followers [ Best Price 💫 ] ᴺᴱᵂ,72.32,2.26,10,100000,No,Yes,No,USD
28088,TikTok Followers | Max 1M | Cancel Enable | No Refill ⚠️ | Instant Start | Day 10K 🚀,TikTok,Followers/Subscribers,Tiktok Follow Services,45.2,1.4125,10,10000000,No,Yes,No,USD
29768,TikTok Followers [ Max 1M ] | Accounts with a Profile Photo | Cancel Enable | No Refill ⚠️ | Instant Start | Day 100K 🚀,TikTok,Followers/Subscribers,Tiktok Followers [ Best Price 💫 ] [ BASE #2 ] ᴺᴱᵂ,7.4144,0.2317,10,1000000,No,Yes,No,USD
28090,TikTok Followers [ Max 1M ] | Accounts with a Profile Photo | Cancel Enable | No Refill ⚠️ | Instant Start | Day 100K 🚀,TikTok,Followers/Subscribers,Tiktok Followers [ Best Price 💫 ] [ BASE #2 ] ᴺᴱᵂ,7.4144,0.2317,10,1000000,No,Yes,No,USD
29769,TikTok Followers [ Max 1M ] | Accounts with a Profile Photo | Cancel Enable | 10 Days ♻️ | Instant Start | Day 100K 🚀,TikTok,Followers/Subscribers,Tiktok Followers [ Best Price 💫 ] [ BASE #2 ] ᴺᴱᵂ,7.776,0.243,10,1000000,Yes,Yes,No,USD
28091,TikTok Followers [ Max 1M ] | Accounts with a Profile Photo | Cancel Enable | 10 Days ♻️ | Instant Start | Day 100K 🚀,TikTok,Followers/Subscribers,Tiktok Followers [ Best Price 💫 ] [ BASE #2 ] ᴺᴱᵂ,7.776,0.243,10,1000000,Yes,Yes,No,USD
29770,TikTok Followers [ Max 1M ] | Accounts with a Profile Photo | Cancel Enable | 20 Days ♻️ | Instant Start | Day 100K 🚀,TikTok,Followers/Subscribers,Tiktok Followers [ Best Price 💫 ] [ BASE #2 ] ᴺᴱᵂ,8.1376,0.2543,10,1000000,Yes,No,No,USD
28092,TikTok Followers [ Max 1M ] | Accounts with a Profile Photo | Cancel Enable | 20 Days ♻️ | Instant Start | Day 100K 🚀,TikTok,Followers/Subscribers,Tiktok Followers [ Best Price 💫 ] [ BASE #2 ] ᴺᴱᵂ,8.1376,0.2543,10,1000000,Yes,Yes,No,USD
29771,TikTok Followers [ Max 1M ] | Accounts with a Profile Photo | Cancel Enable | 30 Days ♻️ | Instant Start | Day 100K 🚀,TikTok,Followers/Subscribers,Tiktok Followers [ Best Price 💫 ] [ BASE #2 ] ᴺᴱᵂ,8.4992,0.2656,10,1000000,Yes,No,No,USD
28093,TikTok Followers [ Max 1M ] | Accounts with a Profile Photo | Cancel Enable | 30 Days ♻️ | Instant Start | Day 100K 🚀,TikTok,Followers/Subscribers,Tiktok Followers [ Best Price 💫 ] [ BASE #2 ] ᴺᴱᵂ,8.4992,0.2656,10,1000000,Yes,Yes,No,USD
29772,TikTok Followers [ Max 300K ] | LQ Accounts | Cancel Enable | No Refill ⚠️ | Instant Start | Day 100K 🚀,TikTok,Followers/Subscribers,Tiktok Followers [ Best Price 💫 ] [ BASE #1  ]   ᴺᴱᵂ,8.3168,0.2599,10,1000000,No,No,No,USD
28094,TikTok Followers [ Max 300K ] | LQ Accounts | Cancel Enable | No Refill ⚠️ | Instant Start | Day 100K 🚀,TikTok,Followers/Subscribers,Tiktok Followers [ Best Price 💫 ] [ BASE #1  ]   ᴺᴱᵂ,8.4992,0.2656,10,1000000,No,No,No,USD
29773,TikTok Followers [ Max 300K ] | LQ Accounts | Cancel Enable | 10 Days ♻️  | Instant Start | Day 100K 🚀,TikTok,Followers/Subscribers,Tiktok Followers [ Best Price 💫 ] [ BASE #1  ]   ᴺᴱᵂ,8.6784,0.2712,10,1000000,Yes,No,No,USD
28095,TikTok Followers [ Max 300K ] | LQ Accounts | Cancel Enable | 10 Days ♻️  | Instant Start | Day 100K 🚀,TikTok,Followers/Subscribers,Tiktok Followers [ Best Price 💫 ] [ BASE #1  ]   ᴺᴱᵂ,8.8608,0.2769,10,1000000,Yes,No,No,USD
29774,TikTok Followers [ Max 300K ] | LQ Accounts | Cancel Enable | 20 Days ♻️  | Instant Start | Day 100K 🚀,TikTok,Followers/Subscribers,Tiktok Followers [ Best Price 💫 ] [ BASE #1  ]   ᴺᴱᵂ,9.04,0.2825,10,1000000,Yes,No,No,USD
28096,TikTok Followers [ Max 300K ] | LQ Accounts | Cancel Enable | 20 Days ♻️  | Instant Start | Day 100K 🚀,TikTok,Followers/Subscribers,Tiktok Followers [ Best Price 💫 ] [ BASE #1  ]   ᴺᴱᵂ,9.2224,0.2882,10,1000000,Yes,No,No,USD
29775,TikTok Followers [ Max 300K ] | LQ Accounts | Cancel Enable | 30 Days ♻️  | Instant Start | Day 100K 🚀,TikTok,Followers/Subscribers,Tiktok Followers [ Best Price 💫 ] [ BASE #1  ]   ᴺᴱᵂ,9.4016,0.2938,10,1000000,Yes,No,No,USD
28097,TikTok Followers [ Max 300K ] | LQ Accounts | Cancel Enable | 30 Days ♻️  | Instant Start | Day 100K 🚀,TikTok,Followers/Subscribers,Tiktok Followers [ Best Price 💫 ] [ BASE #1  ]   ᴺᴱᵂ,9.584,0.2995,10,1000000,Yes,No,No,USD
29776,TikTok Followers [ Max 1M ] | LQ Accounts | Cancel Enable | No Refill ⚠️ | Instant Start 🚀 | Day 100K ⚡,TikTok,Followers/Subscribers,TikTok Followers [ Super Fast 🚀 ] [ Cheapest 💥] ᴺᴱᵂ,9.04,0.2825,50,1000000,No,No,No,USD
28098,TikTok Followers [ Max 1M ] | LQ Accounts | Cancel Enable | No Refill ⚠️ | Instant Start 🚀 | Day 100K ⚡,TikTok,Followers/Subscribers,TikTok Followers [ Super Fast 🚀 ] [ Cheapest 💥] ᴺᴱᵂ,9.04,0.2825,50,1000000,No,Yes,No,USD
29777,TikTok Followers [ Max 1M ] | LQ Accounts | Cancel Enable | 10 Days ♻️ | Instant Start 🚀 | Day 100K ⚡,TikTok,Followers/Subscribers,TikTok Followers [ Super Fast 🚀 ] [ Cheapest 💥] ᴺᴱᵂ,9.7632,0.3051,50,1000000,Yes,No,No,USD
28099,TikTok Followers [ Max 1M ] | LQ Accounts | Cancel Enable | 10 Days ♻️ | Instant Start 🚀 | Day 100K ⚡,TikTok,Followers/Subscribers,TikTok Followers [ Super Fast 🚀 ] [ Cheapest 💥] ᴺᴱᵂ,9.7632,0.3051,50,1000000,Yes,Yes,No,USD
29778,TikTok Followers [ Max 1M ] | LQ Accounts | Cancel Enable | 20 Days ♻️ | Instant Start 🚀 | Day 100K ⚡,TikTok,Followers/Subscribers,TikTok Followers [ Super Fast 🚀 ] [ Cheapest 💥] ᴺᴱᵂ,10.4864,0.3277,50,1000000,Yes,No,No,USD
28100,TikTok Followers [ Max 1M ] | LQ Accounts | Cancel Enable | 20 Days ♻️ | Instant Start 🚀 | Day 100K ⚡,TikTok,Followers/Subscribers,TikTok Followers [ Super Fast 🚀 ] [ Cheapest 💥] ᴺᴱᵂ,10.4864,0.3277,50,1000000,Yes,Yes,No,USD
29779,TikTok Followers [ Max 1M ] | LQ Accounts | Cancel Enable | 30 Days ♻️ | Instant Start 🚀 | Day 100K ⚡,TikTok,Followers/Subscribers,TikTok Followers [ Super Fast 🚀 ] [ Cheapest 💥] ᴺᴱᵂ,11.2096,0.3503,50,1000000,Yes,No,No,USD
28101,TikTok Followers [ Max 1M ] | LQ Accounts | Cancel Enable | 30 Days ♻️ | Instant Start 🚀 | Day 100K ⚡,TikTok,Followers/Subscribers,TikTok Followers [ Super Fast 🚀 ] [ Cheapest 💥] ᴺᴱᵂ,11.2096,0.3503,50,1000000,Yes,Yes,No,USD
29780,TikTok Followers [ Max 1M ] | LQ Accounts | Cancel Enable | No Refill ⚠️ | Instant Start | Day 100K 🚀,TikTok,Followers/Subscribers,TikTok Followers [ LQ Accounts ] [  Best Price 💫] ᴺᴱᵂ,9.584,0.2995,10,1000000,No,No,No,USD
28102,TikTok Followers [ Max 1M ] | LQ Accounts | Cancel Enable | No Refill ⚠️ | Instant Start | Day 100K 🚀,TikTok,Followers/Subscribers,TikTok Followers [ LQ Accounts ] [  Best Price 💫] ᴺᴱᵂ,9.584,0.2995,10,1000000,No,No,No,USD
29781,TikTok Followers [ Max 1M ] | LQ Accounts | Cancel Enable | 10 Days ♻️ | Instant Start | Day 100K 🚀,TikTok,Followers/Subscribers,TikTok Followers [ LQ Accounts ] [  Best Price 💫] ᴺᴱᵂ,10.1248,0.3164,10,1000000,Yes,No,No,USD
28103,TikTok Followers [ Max 1M ] | LQ Accounts | Cancel Enable | 10 Days ♻️ | Instant Start | Day 100K 🚀,TikTok,Followers/Subscribers,TikTok Followers [ LQ Accounts ] [  Best Price 💫] ᴺᴱᵂ,10.1248,0.3164,10,1000000,Yes,No,No,USD
29782,TikTok Followers [ Max 1M ] | LQ Accounts | Cancel Enable | 20 Days ♻️ | Instant Start | Day 100K 🚀,TikTok,Followers/Subscribers,TikTok Followers [ LQ Accounts ] [  Best Price 💫] ᴺᴱᵂ,10.848,0.339,10,1000000,Yes,No,No,USD
28104,TikTok Followers [ Max 1M ] | LQ Accounts | Cancel Enable | 20 Days ♻️ | Instant Start | Day 100K 🚀,TikTok,Followers/Subscribers,TikTok Followers [ LQ Accounts ] [  Best Price 💫] ᴺᴱᵂ,10.848,0.339,10,1000000,Yes,No,No,USD
29783,TikTok Followers [ Max 1M ] | LQ Accounts | Cancel Enable | 30 Days ♻️ | Instant Start | Day 100K 🚀,TikTok,Followers/Subscribers,TikTok Followers [ LQ Accounts ] [  Best Price 💫] ᴺᴱᵂ,11.5712,0.3616,10,1000000,Yes,No,No,USD
28105,TikTok Followers [ Max 1M ] | LQ Accounts | Cancel Enable | 30 Days ♻️ | Instant Start | Day 100K 🚀,TikTok,Followers/Subscribers,TikTok Followers [ LQ Accounts ] [  Best Price 💫] ᴺᴱᵂ,11.5712,0.3616,10,1000000,Yes,No,No,USD
29784,TikTok Followers [ Max 100K ] | LQ Accounts | Cancel Enable | No Refill ⚠️ | Instant Start | Day 100K 🚀,TikTok,Followers/Subscribers,TikTok Followers [ Real and Bot Accounts ] [ Cheapest 💥] ᴺᴱᵂ,11.7536,0.3673,10,1000000,No,Yes,No,USD
28106,TikTok Followers [ Max 100K ] | LQ Accounts | Cancel Enable | No Refill ⚠️ | Instant Start | Day 100K 🚀,TikTok,Followers/Subscribers,TikTok Followers [ Real and Bot Accounts ] [ Cheapest 💥] ᴺᴱᵂ,11.7536,0.3673,10,1000000,No,Yes,No,USD
29785,TikTok Followers [ Max 100K ] | LQ Accounts | Cancel Enable | 7 Days ♻️ | Instant Start | Day 100K 🚀,TikTok,Followers/Subscribers,TikTok Followers [ Real and Bot Accounts ] [ Cheapest 💥] ᴺᴱᵂ,12.656,0.3955,10,100000,Yes,Yes,No,USD
28107,TikTok Followers [ Max 100K ] | LQ Accounts | Cancel Enable | 7 Days ♻️ | Instant Start | Day 100K 🚀,TikTok,Followers/Subscribers,TikTok Followers [ Real and Bot Accounts ] [ Cheapest 💥] ᴺᴱᵂ,12.656,0.3955,10,100000,Yes,Yes,No,USD
29787,TikTok Followers [ Max 200K ] | LQ Accounts | Cancel Enable | No Refill ⚠️ | Instant Start | Day 100K 🚀,TikTok,Followers/Subscribers,TikTok Followers [ Real and Bot Accounts ] [ Cheapest 💥] ᴺᴱᵂ,13.2,0.4125,50,200000,No,Yes,No,USD
28109,TikTok Followers [ Max 200K ] | LQ Accounts | Cancel Enable | No Refill ⚠️ | Instant Start | Day 100K 🚀,TikTok,Followers/Subscribers,TikTok Followers [ Real and Bot Accounts ] [ Cheapest 💥] ᴺᴱᵂ,13.2,0.4125,10,200000,No,Yes,No,USD
29788,TikTok Followers [ Max 200K ] | LQ Accounts | Cancel Enable | No Refill ⚠️ | Instant Start | Day 100K 🚀,TikTok,Followers/Subscribers,TikTok Followers [ Real and Bot Accounts ] [ Cheapest 💥] ᴺᴱᵂ,13.3792,0.4181,20,200000,No,Yes,No,USD
28110,TikTok Followers [ Max 200K ] | LQ Accounts | Cancel Enable | No Refill ⚠️ | Instant Start | Day 100K 🚀,TikTok,Followers/Subscribers,TikTok Followers [ Real and Bot Accounts ] [ Cheapest 💥] ᴺᴱᵂ,13.3792,0.4181,20,200000,No,No,No,USD
29789,TikTok Followers [ Max 5M ] | Bot Accounts | Cancel Enable | No Refill ⚠️ | Instant Start | Day 100K 🚀,TikTok,Followers/Subscribers,TikTok Followers [ Real and Bot Accounts ] [ Cheapest 💥] ᴺᴱᵂ,14.1024,0.4407,10,5000000,No,Yes,No,USD
28111,TikTok Followers [ Max 5M ] | Bot Accounts | Cancel Enable | No Refill ⚠️ | Instant Start | Day 100K 🚀,TikTok,Followers/Subscribers,TikTok Followers [ Real and Bot Accounts ] [ Cheapest 💥] ᴺᴱᵂ,14.1024,0.4407,10,5000000,No,Yes,No,USD
29790,TikTok Followers [ Max 100K ] | Real and Bot Accounts | Cancel Enable | No Refill ⚠️ | Instant Start | Day 100K 🚀,TikTok,Followers/Subscribers,TikTok Followers [ Real and Bot Accounts ] [ Cheapest 💥] ᴺᴱᵂ,14.464,0.452,10,1000000,No,No,No,USD
28112,TikTok Followers [ Max 100K ] | Real and Bot Accounts | Cancel Enable | No Refill ⚠️ | Instant Start | Day 100K 🚀,TikTok,Followers/Subscribers,TikTok Followers [ Real and Bot Accounts ] [ Cheapest 💥] ᴺᴱᵂ,14.464,0.452,10,1000000,No,No,No,USD
29786,TikTok Followers [ Max 500K ] | LQ Accounts | Cancel Enable | No Refill ⚠️ | Instant Start | Day 100K 🚀,TikTok,Followers/Subscribers,TikTok Followers [ Real and Bot Accounts ] [ Cheapest 💥] ᴺᴱᵂ,39.776,1.243,20,500000,No,Yes,No,USD
28108,TikTok Followers [ Max 500K ] | LQ Accounts | Cancel Enable | No Refill ⚠️ | Instant Start | Day 100K 🚀,TikTok,Followers/Subscribers,TikTok Followers [ Real and Bot Accounts ] [ Cheapest 💥] ᴺᴱᵂ,39.776,1.243,20,500000,No,Yes,No,USD
28127,Instagram - Followers | Real+Bots,Instagram,Followers/Subscribers,Instagram Followers | work 100%,20.8,0.65,50,1000000,No,Yes,No,USD
28128,Instagram - Followers | Real+Bots | 2 million/month,Instagram,Followers/Subscribers,Instagram Followers | work 100%,28.704,0.897,10,1000000,No,Yes,No,USD
28129,Instagram - Followers | Real+Bots | 2 million/month | R30 - 100%,Instagram,Followers/Subscribers,Instagram Followers | work 100%,33.28,1.04,10,1000000,Yes,Yes,No,USD
28130,TikTok Followers [ Max 100K ] | 100% Real Accounts With Posts | Cancel Enable | No Refill ⚠️ | Instant Start | Day 100K 🚀,TikTok,Followers/Subscribers,TikTok Followers [ FAST Working ] ᴺᴱᵂ,40.8608,1.2769,10,100000,No,No,No,USD
28131,TikTok Followers [ Max 100K ] | 100% Real Accounts With Posts | Cancel Enable | 7 Days ♻️ | Instant Start | Day 100K 🚀,TikTok,Followers/Subscribers,TikTok Followers [ FAST Working ] ᴺᴱᵂ,44.4768,1.3899,10,100000,Yes,No,No,USD
28132,TikTok Followers [ Max 100K ] | 100% Real Accounts With Posts | Cancel Enable | 14 Days ♻️ | Instant Start | Day 100K 🚀,TikTok,Followers/Subscribers,TikTok Followers [ FAST Working ] ᴺᴱᵂ,48.816,1.5255,10,100000,Yes,No,No,USD
29704,TikTok Video Save [ Max Unlimited ] | HQ | Cancel Enable | Drop 0% | No Refill ⚠️ | Instant Start | Day 100K 🚀,TikTok,Saves,TikTok Save [ Cheapest 🚀]  ᴺᴱᵂ,0.1344,0.0042,100,2147483647,No,Yes,No,USD
28133,TikTok Video Save [ Max Unlimited ] | HQ | Cancel Enable | Drop 0% | No Refill ⚠️ | Instant Start | Day 100K 🚀,TikTok,Saves,TikTok Save [ Cheapest 🚀]  ᴺᴱᵂ,0.1344,0.0042,100,2147483647,No,Yes,No,USD
29705,TikTok Video Save [ Max Unlimited ] | HQ | Cancel Enable | Drop 0% | Lifetime ♻️ | Instant Start | Day 100K 🚀,TikTok,Saves,TikTok Save [ Cheapest 🚀]  ᴺᴱᵂ,0.1472,0.0046,100,2147483647,Yes,Yes,No,USD
28134,TikTok Video Save [ Max Unlimited ] | HQ | Cancel Enable | Drop 0% | Lifetime ♻️ | Instant Start | Day 100K 🚀,TikTok,Saves,TikTok Save [ Cheapest 🚀]  ᴺᴱᵂ,0.1472,0.0046,100,2147483647,Yes,Yes,No,USD
29706,TikTok Video Save [ Max Unlimited ] | HQ | Cancel Enable | Drop 0% | No Refill ⚠️ | Instant Start | Day 100K 🚀,TikTok,Saves,TikTok Save [ Cheapest 🚀]  ᴺᴱᵂ,0.1824,0.0057,10,2147483647,No,Yes,No,USD
28135,TikTok Video Save [ Max Unlimited ] | HQ | Cancel Enable | Drop 0% | No Refill ⚠️ | Instant Start | Day 100K 🚀,TikTok,Saves,TikTok Save [ Cheapest 🚀]  ᴺᴱᵂ,0.1824,0.0057,10,2147483647,No,Yes,No,USD
29707,TikTok Video Save [ Max Unlimited ] | HQ | Cancel Enable | Drop 0% | Lifetime ♻️ | Instant Start | Day 100K 🚀,TikTok,Saves,TikTok Save [ Cheapest 🚀]  ᴺᴱᵂ,0.2176,0.0068,10,2147483647,Yes,Yes,No,USD
28136,TikTok Video Save [ Max Unlimited ] | HQ | Cancel Enable | Drop 0% | Lifetime ♻️ | Instant Start | Day 100K 🚀,TikTok,Saves,TikTok Save [ Cheapest 🚀]  ᴺᴱᵂ,0.2176,0.0068,10,2147483647,Yes,Yes,No,USD
29708,TikTok Video Views [ Max Unlimited ] | HQ | Cancel Enable | No Refill ⚠️ | Instant Start | Day 10M 🚀🚀,TikTok,Views/Plays,TikTok Video Views [ Update Working ] ᴺᴱᵂ,0.256,0.008,100,2147483647,No,No,No,USD
28137,TikTok Video Views [ Max Unlimited ] | HQ | Cancel Enable | No Refill ⚠️ | Instant Start | Day 10M 🚀🚀,TikTok,Views/Plays,TikTok Video Views [ Update Working ] ᴺᴱᵂ,0.256,0.008,100,2147483647,No,No,No,USD
29709,TikTok Video Views [ Max Unlimited ] | HQ | Cancel Enable | 15 Days ♻️ | Instant Start | Day 10M 🚀🚀,TikTok,Views/Plays,TikTok Video Views [ Update Working ] ᴺᴱᵂ,0.272,0.0085,100,2147483647,No,No,No,USD
28138,TikTok Video Views [ Max Unlimited ] | HQ | Cancel Enable | 15 Days ♻️ | Instant Start | Day 10M 🚀🚀,TikTok,Views/Plays,TikTok Video Views [ Update Working ] ᴺᴱᵂ,0.272,0.0085,100,2147483647,Yes,No,No,USD
29710,TikTok Video Views [ Max Unlimited ] | HQ | Cancel Enable | 30 Days ♻️ | Instant Start | Day 10M 🚀🚀,TikTok,Views/Plays,TikTok Video Views [ Update Working ] ᴺᴱᵂ,0.2912,0.0091,100,2147483647,No,No,No,USD
28139,TikTok Video Views [ Max Unlimited ] | HQ | Cancel Enable | 30 Days ♻️ | Instant Start | Day 10M 🚀🚀,TikTok,Views/Plays,TikTok Video Views [ Update Working ] ᴺᴱᵂ,0.2912,0.0091,100,2147483647,Yes,No,No,USD
29711,TikTok Followers [ Max 10M ] | 100% Real Accounts With Posts | Cancel Enable | No Refill ⚠️ | Instant Start | Day 100K 🚀,TikTok,Followers/Subscribers,TikTok Followers [ Update Working ] ᴺᴱᵂ,45.2,1.4125,10,10000000,No,No,No,USD
28140,TikTok Followers [ Max 10M ] | 100% Real Accounts With Posts | Cancel Enable | No Refill ⚠️ | Instant Start | Day 100K 🚀,TikTok,Followers/Subscribers,TikTok Followers [ Update Working ] ᴺᴱᵂ,45.2,1.4125,10,10000000,No,No,No,USD
29712,TikTok Followers [ Max 10M ] | 100% Real Accounts With Posts | Cancel Enable | 7 Days ♻️ | Instant Start | Day 100K 🚀,TikTok,Followers/Subscribers,TikTok Followers [ Update Working ] ᴺᴱᵂ,47.008,1.469,10,10000000,Yes,No,No,USD
28141,TikTok Followers [ Max 10M ] | 100% Real Accounts With Posts | Cancel Enable | 7 Days ♻️ | Instant Start | Day 100K 🚀,TikTok,Followers/Subscribers,TikTok Followers [ Update Working ] ᴺᴱᵂ,47.008,1.469,10,10000000,Yes,No,No,USD
29713,TikTok Followers [ Max 10M ] | 100% Real Accounts With Posts | Cancel Enable | 14 Days ♻️ | Instant Start | Day 100K 🚀,TikTok,Followers/Subscribers,TikTok Followers [ Update Working ] ᴺᴱᵂ,48.816,1.5255,10,10000000,Yes,No,No,USD
28142,TikTok Followers [ Max 10M ] | 100% Real Accounts With Posts | Cancel Enable | 14 Days ♻️ | Instant Start | Day 100K 🚀,TikTok,Followers/Subscribers,TikTok Followers [ Update Working ] ᴺᴱᵂ,48.816,1.5255,10,10000000,Yes,No,No,USD
29714,TikTok Likes + Views [ Max 1M ] | High Quality Accounts with Posts | Cancel Enable | Drop 0% | No Refill ⚠️ | Instant Start | Day 100K 🚀,TikTok,Views/Plays,TikTok Likes [ Drop 0% ] [ BASE #2 ] ᴺᴱᵂ,2.8928,0.0904,10,1000000,No,Yes,No,USD
28143,TikTok Likes + Views [ Max 1M ] | High Quality Accounts with Posts | Cancel Enable | Drop 0% | No Refill ⚠️ | Instant Start | Day 100K 🚀,TikTok,Views/Plays,TikTok Likes [ Drop 0% ] [ BASE #2 ] ᴺᴱᵂ,2.8928,0.0904,10,1000000,No,Yes,No,USD
29715,TikTok Likes + Views [ Max 1M ] | High Quality Accounts with Posts | Cancel Enable | Drop 0% | 7 Days ♻️ | Instant Start | Day 100K 🚀,TikTok,Views/Plays,TikTok Likes [ Drop 0% ] [ BASE #2 ] ᴺᴱᵂ,3.0752,0.0961,10,1000000,Yes,Yes,No,USD
28144,TikTok Likes + Views [ Max 1M ] | High Quality Accounts with Posts | Cancel Enable | Drop 0% | 7 Days ♻️ | Instant Start | Day 100K 🚀,TikTok,Views/Plays,TikTok Likes [ Drop 0% ] [ BASE #2 ] ᴺᴱᵂ,3.0752,0.0961,10,1000000,Yes,Yes,No,USD
29716,TikTok Likes + Views [ Max 1M ] | High Quality Accounts with Posts | Cancel Enable | Drop 0% | 15 Days ♻️ | Instant Start | Day 100K 🚀,TikTok,Views/Plays,TikTok Likes [ Drop 0% ] [ BASE #2 ] ᴺᴱᵂ,3.1488,0.0984,10,1000000,Yes,Yes,No,USD
28145,TikTok Likes + Views [ Max 1M ] | High Quality Accounts with Posts | Cancel Enable | Drop 0% | 15 Days ♻️ | Instant Start | Day 100K 🚀,TikTok,Views/Plays,TikTok Likes [ Drop 0% ] [ BASE #2 ] ᴺᴱᵂ,3.1488,0.0984,10,1000000,Yes,Yes,No,USD
29717,TikTok Likes + Views [ Max 1M ] | High Quality Accounts with Posts | Cancel Enable | Drop 0% | 30 Days ♻️ | Instant Start | Day 100K 🚀,TikTok,Views/Plays,TikTok Likes [ Drop 0% ] [ BASE #2 ] ᴺᴱᵂ,3.2544,0.1017,10,1000000,Yes,Yes,No,USD
28146,TikTok Likes + Views [ Max 1M ] | High Quality Accounts with Posts | Cancel Enable | Drop 0% | 30 Days ♻️ | Instant Start | Day 100K 🚀,TikTok,Views/Plays,TikTok Likes [ Drop 0% ] [ BASE #2 ] ᴺᴱᵂ,3.2544,0.1017,10,1000000,Yes,Yes,No,USD
29718,TikTok Likes + Views [ Max 1M ] | High Quality Accounts with Posts | Cancel Enable | Drop 0% | 60 Days ♻️ | Instant Start | Day 100K 🚀,TikTok,Views/Plays,TikTok Likes [ Drop 0% ] [ BASE #2 ] ᴺᴱᵂ,3.328,0.104,10,1000000,Yes,Yes,No,USD
28147,TikTok Likes + Views [ Max 1M ] | High Quality Accounts with Posts | Cancel Enable | Drop 0% | 60 Days ♻️ | Instant Start | Day 100K 🚀,TikTok,Views/Plays,TikTok Likes [ Drop 0% ] [ BASE #2 ] ᴺᴱᵂ,3.328,0.104,10,1000000,Yes,Yes,No,USD
29719,TikTok Likes + Views [ Max 1M ] | High Quality Accounts with Posts | Cancel Enable | Drop 0% | 90 Days ♻️ | Instant Start | Day 100K 🚀,TikTok,Views/Plays,TikTok Likes [ Drop 0% ] [ BASE #2 ] ᴺᴱᵂ,3.4016,0.1063,10,1000000,Yes,Yes,No,USD
28148,TikTok Likes + Views [ Max 1M ] | High Quality Accounts with Posts | Cancel Enable | Drop 0% | 90 Days ♻️ | Instant Start | Day 100K 🚀,TikTok,Views/Plays,TikTok Likes [ Drop 0% ] [ BASE #2 ] ᴺᴱᵂ,3.4016,0.1063,10,1000000,Yes,Yes,No,USD
29720,TikTok Likes + Views [ Max 1M ] | High Quality Accounts with Posts | Cancel Enable | Drop 0% | 365 Days ♻️ | Instant Start | Day 100K 🚀,TikTok,Views/Plays,TikTok Likes [ Drop 0% ] [ BASE #2 ] ᴺᴱᵂ,3.472,0.1085,10,1000000,Yes,Yes,No,USD
28149,TikTok Likes + Views [ Max 1M ] | High Quality Accounts with Posts | Cancel Enable | Drop 0% | 365 Days ♻️ | Instant Start | Day 100K 🚀,TikTok,Views/Plays,TikTok Likes [ Drop 0% ] [ BASE #2 ] ᴺᴱᵂ,3.472,0.1085,10,1000000,Yes,Yes,No,USD
29721,TikTok Likes + Views [ Max 1M ] | High Quality Accounts with Posts | Cancel Enable | Drop 0% | Lifetime ♻️ | Instant Start | Day 100K 🚀,TikTok,Views/Plays,TikTok Likes [ Drop 0% ] [ BASE #2 ] ᴺᴱᵂ,3.5456,0.1108,10,1000000,Yes,Yes,No,USD
28150,TikTok Likes + Views [ Max 1M ] | High Quality Accounts with Posts | Cancel Enable | Drop 0% | Lifetime ♻️ | Instant Start | Day 100K 🚀,TikTok,Views/Plays,TikTok Likes [ Drop 0% ] [ BASE #2 ] ᴺᴱᵂ,3.5456,0.1108,10,1000000,Yes,Yes,No,USD
28151,TikTok Video Views [ Max 10M ] | HQ | Cancel Enable | No Refill ⚠️ | Instant Start | Day 10M 🚀 🚀,TikTok,Views/Plays,TikTok Video Views [ UPDATE ] ᴺᴱᵂ,0.256,0.008,100,2147483647,No,No,No,USD
28152,TikTok Video Views [ Max 10M ] | HQ | Cancel Enable | No Refill ⚠️ | Instant Start | Day 10M 🚀 🚀,TikTok,Views/Plays,TikTok Video Views [ UPDATE ] ᴺᴱᵂ,0.256,0.008,100,2147483647,No,No,No,USD
28153,TikTok Video Views [ Max 10M ] | HQ | Cancel Enable | 15 Days ♻️ | Instant Start | Day 10M 🚀 🚀,TikTok,Views/Plays,TikTok Video Views [ UPDATE ] ᴺᴱᵂ,0.272,0.0085,100,2147483647,Yes,No,No,USD
28154,TikTok Video Views [ Max 10M ] | HQ | Cancel Enable | 30 Days ♻️ | Instant Start | Day 10M 🚀 🚀,TikTok,Views/Plays,TikTok Video Views [ UPDATE ] ᴺᴱᵂ,0.2912,0.0091,100,2147483647,Yes,No,No,USD
29726,TikTok Likes + Views [ Max 3M ] | High Quality Accounts with Posts | Cancel Enable | Drop 0% | No Refill ⚠️ | Instant Start | Day 200K 🚀,TikTok,Views/Plays,Tiktok Likes [ High Quality ]  [ Drop 0% ] ᴺᴱᵂ,4.0864,0.1277,10,3000000,No,Yes,No,USD
28155,TikTok Likes + Views [ Max 3M ] | High Quality Accounts with Posts | Cancel Enable | Drop 0% | No Refill ⚠️ | Instant Start | Day 200K 🚀,TikTok,Views/Plays,Tiktok Likes [ High Quality ]  [ Drop 0% ] ᴺᴱᵂ,4.0864,0.1277,10,3000000,No,Yes,No,USD
29727,TikTok Likes + Views [ Max 3M ] | High Quality Accounts with Posts | Cancel Enable | Drop 0% | 30 Days ♻️ | Instant Start | Day 200K 🚀,TikTok,Views/Plays,Tiktok Likes [ High Quality ]  [ Drop 0% ] ᴺᴱᵂ,4.1248,0.1289,10,3000000,Yes,Yes,No,USD
28156,TikTok Likes + Views [ Max 3M ] | High Quality Accounts with Posts | Cancel Enable | Drop 0% | 30 Days ♻️ | Instant Start | Day 200K 🚀,TikTok,Views/Plays,Tiktok Likes [ High Quality ]  [ Drop 0% ] ᴺᴱᵂ,4.1248,0.1289,10,3000000,Yes,Yes,No,USD
29728,TikTok Likes + Views [ Max 3M ] | High Quality Accounts with Posts | Cancel Enable | Drop 0% | 60 Days ♻️ | Instant Start | Day 200K 🚀,TikTok,Views/Plays,Tiktok Likes [ High Quality ]  [ Drop 0% ] ᴺᴱᵂ,4.16,0.13,10,3000000,Yes,Yes,No,USD
28157,TikTok Likes + Views [ Max 3M ] | High Quality Accounts with Posts | Cancel Enable | Drop 0% | 60 Days ♻️ | Instant Start | Day 200K 🚀,TikTok,Views/Plays,Tiktok Likes [ High Quality ]  [ Drop 0% ] ᴺᴱᵂ,4.16,0.13,10,3000000,Yes,Yes,No,USD
29729,TikTok Likes + Views [ Max 3M ] | High Quality Accounts with Posts | Cancel Enable | Drop 0% | 90 Days ♻️ | Instant Start | Day 200K 🚀,TikTok,Views/Plays,Tiktok Likes [ High Quality ]  [ Drop 0% ] ᴺᴱᵂ,4.1952,0.1311,10,3000000,Yes,Yes,No,USD
28158,TikTok Likes + Views [ Max 3M ] | High Quality Accounts with Posts | Cancel Enable | Drop 0% | 90 Days ♻️ | Instant Start | Day 200K 🚀,TikTok,Views/Plays,Tiktok Likes [ High Quality ]  [ Drop 0% ] ᴺᴱᵂ,4.1952,0.1311,10,3000000,Yes,Yes,No,USD
29730,TikTok Likes + Views [ Max 3M ] | High Quality Accounts with Posts | Cancel Enable | Drop 0% | 365 Days ♻️ | Instant Start | Day 200K 🚀,TikTok,Views/Plays,Tiktok Likes [ High Quality ]  [ Drop 0% ] ᴺᴱᵂ,4.2336,0.1323,10,3000000,Yes,Yes,No,USD
28159,TikTok Likes + Views [ Max 3M ] | High Quality Accounts with Posts | Cancel Enable | Drop 0% | 365 Days ♻️ | Instant Start | Day 200K 🚀,TikTok,Views/Plays,Tiktok Likes [ High Quality ]  [ Drop 0% ] ᴺᴱᵂ,4.2336,0.1323,10,3000000,Yes,Yes,No,USD
28160,TikTok Likes + Views [ Max 3M ] | High Quality Accounts with Posts | Cancel Enable | Drop 0% | Lifetime ♻️ | Instant Start | Day 200K 🚀,TikTok,Views/Plays,Tiktok Likes [ High Quality ]  [ Drop 0% ] ᴺᴱᵂ,4.2688,0.1334,10,3000000,Yes,Yes,No,USD
29731,TikTok Likes + Views [ Max 3M ] | High Quality Accounts with Posts | Cancel Enable | Drop 0% | Lifetime ♻️ | Instant Start | Day 200K 🚀,TikTok,Views/Plays,Tiktok Likes [ High Quality ]  [ Drop 0% ] ᴺᴱᵂ,4.2688,0.1334,10,3000000,Yes,Yes,No,USD
28161,TikTok Followers [ Max 5M ] | LQ Accounts | Cancel Enable | Low Drop | No Refill ⚠️ | Instant Start | Day 100K 🚀,TikTok,Followers/Subscribers,Tiktok Followers [ Best Price ⚡ ] [ Cheapest 💰],39.776,1.243,10,5000000,No,No,No,USD
29659,TikTok Followers [ Max 5M ] | LQ Accounts | Cancel Enable | Low Drop | No Refill ⚠️ | Instant Start | Day 100K 🚀,TikTok,Followers/Subscribers,Tiktok Followers [ Best Price ⚡ ] [ Cheapest 💰],39.776,1.243,10,5000000,No,No,No,USD
28162,TikTok Followers [ Max 5M ] | LQ Accounts | Cancel Enable | Low Drop | 10 Days ♻️ | Instant Start | Day 100K 🚀,TikTok,Followers/Subscribers,Tiktok Followers [ Best Price ⚡ ] [ Cheapest 💰],43.392,1.356,10,5000000,Yes,No,No,USD
29660,TikTok Followers [ Max 5M ] | LQ Accounts | Cancel Enable | Low Drop | 10 Days ♻️ | Instant Start | Day 100K 🚀,TikTok,Followers/Subscribers,Tiktok Followers [ Best Price ⚡ ] [ Cheapest 💰],43.392,1.356,10,5000000,Yes,No,No,USD
28163,TikTok Followers [ Max 5M ] | LQ Accounts | Cancel Enable | Low Drop | 15 Days ♻️ | Instant Start | Day 100K 🚀,TikTok,Followers/Subscribers,Tiktok Followers [ Best Price ⚡ ] [ Cheapest 💰],47.008,1.469,10,5000000,Yes,No,No,USD
29661,TikTok Followers [ Max 5M ] | LQ Accounts | Cancel Enable | Low Drop | 15 Days ♻️ | Instant Start | Day 100K 🚀,TikTok,Followers/Subscribers,Tiktok Followers [ Best Price ⚡ ] [ Cheapest 💰],47.008,1.469,10,5000000,Yes,No,No,USD
28164,TikTok Followers [ Max 5M ] | LQ Accounts | Cancel Enable | Low Drop | 20 Days ♻️ | Instant Start | Day 100K 🚀,TikTok,Followers/Subscribers,Tiktok Followers [ Best Price ⚡ ] [ Cheapest 💰],48.816,1.5255,10,5000000,Yes,No,No,USD
29662,TikTok Followers [ Max 5M ] | LQ Accounts | Cancel Enable | Low Drop | 20 Days ♻️ | Instant Start | Day 100K 🚀,TikTok,Followers/Subscribers,Tiktok Followers [ Best Price ⚡ ] [ Cheapest 💰],48.816,1.5255,10,5000000,Yes,No,No,USD
28165,TikTok Followers [ Max 5M ] | LQ Accounts | Cancel Enable | Low Drop | 30 Days ♻️ | Instant Start | Day 100K 🚀,TikTok,Followers/Subscribers,Tiktok Followers [ Best Price ⚡ ] [ Cheapest 💰],52.432,1.6385,10,5000000,Yes,No,No,USD
29663,TikTok Followers [ Max 5M ] | LQ Accounts | Cancel Enable | Low Drop | 30 Days ♻️ | Instant Start | Day 100K 🚀,TikTok,Followers/Subscribers,Tiktok Followers [ Best Price ⚡ ] [ Cheapest 💰],52.432,1.6385,10,5000000,Yes,No,No,USD
28166,TikTok Likes [ Max 5M ] | Bot Accounts | Cancel Enable | No Refill ⚠️ | Instant Start | Day 200K 🚀,TikTok,Likes/Reactions,Tiktok Likes [ Instant Start ⚡ ] [ Cheapest 💰],0.4,0.0125,10,5000000,No,No,No,USD
28167,TikTok Likes [ Max 5M ] | Bot Accounts | Cancel Enable | 30 Days ♻️ | Instant Start | Day 200K 🚀,TikTok,Likes/Reactions,Tiktok Likes [ Instant Start ⚡ ] [ Cheapest 💰],0.4352,0.0136,10,5000000,Yes,No,No,USD
28168,TikTok Likes [ Max 5M ] | Bot Accounts | Cancel Enable | 60 Days ♻️ | Instant Start | Day 200K 🚀,TikTok,Likes/Reactions,Tiktok Likes [ Instant Start ⚡ ] [ Cheapest 💰],0.4704,0.0147,10,5000000,Yes,No,No,USD
28169,TikTok Likes [ Max 5M ] | Bot Accounts | Cancel Enable | 90 Days ♻️ | Instant Start | Day 200K 🚀,TikTok,Likes/Reactions,Tiktok Likes [ Instant Start ⚡ ] [ Cheapest 💰],0.5088,0.0159,10,5000000,Yes,No,No,USD
28170,TikTok Likes [ Max 5M ] | Bot Accounts | Cancel Enable | 365 Days ♻️ | Instant Start | Day 200K 🚀,TikTok,Likes/Reactions,Tiktok Likes [ Instant Start ⚡ ] [ Cheapest 💰],0.544,0.017,10,5000000,Yes,No,No,USD
28171,TikTok Likes [ Max 5M ] | Bot Accounts | Cancel Enable | Lifetime ♻️ | Instant Start | Day 200K 🚀,TikTok,Likes/Reactions,Tiktok Likes [ Instant Start ⚡ ] [ Cheapest 💰],0.5792,0.0181,10,5000000,Yes,No,No,USD
28172,TikTok Followers [ Max 1M  ] | Low Drop  | Cancel Enable  | No Refill 🚫 | Instant Start  | Day 100K 🔥,TikTok,Followers/Subscribers,Tiktok Followers [ Instant Start ⚡ ] [ Cheapest 💰],4.7008,0.1469,100,1000000,No,Yes,No,USD
29732,TikTok Followers [ Max 1M  ] | Low Drop  | Cancel Enable  | No Refill 🚫 | Instant Start  | Day 100K 🔥,TikTok,Followers/Subscribers,Tiktok Followers [ Instant Start ⚡ ] [ Cheapest 💰],4.7008,0.1469,100,1000000,No,Yes,No,USD
28173,TikTok Followers [ Max 1M ] | Low Drop | Cancel Enable | No Refill 🚫 | Instant Start | Day 100K 🔥,TikTok,Followers/Subscribers,Tiktok Followers [ Instant Start ⚡ ] [ Cheapest 💰],4.8832,0.1526,50,1000000,No,Yes,No,USD
29733,TikTok Followers [ Max 1M ] | Low Drop | Cancel Enable | No Refill 🚫 | Instant Start | Day 100K 🔥,TikTok,Followers/Subscribers,Tiktok Followers [ Instant Start ⚡ ] [ Cheapest 💰],4.8832,0.1526,50,1000000,No,Yes,No,USD
28174,TikTok Followers [ Max 1M ] | Low Drop | Cancel Enable | No Refill 🚫 | Instant Start | Day 100K 🔥,TikTok,Followers/Subscribers,Tiktok Followers [ Instant Start ⚡ ] [ Cheapest 💰],5.0624,0.1582,10,1000000,No,Yes,No,USD
29734,TikTok Followers [ Max 1M ] | Low Drop | Cancel Enable | No Refill 🚫 | Instant Start | Day 100K 🔥,TikTok,Followers/Subscribers,Tiktok Followers [ Instant Start ⚡ ] [ Cheapest 💰],5.0624,0.1582,10,1000000,No,Yes,No,USD
28175,TikTok Followers [ Max 1M ] | Low Drop | Cancel Enable | 10 Days ♻️ | Instant Start | Day 100K 🔥,TikTok,Followers/Subscribers,Tiktok Followers [ Instant Start ⚡ ] [ Cheapest 💰],5.424,0.1695,10,1000000,Yes,Yes,No,USD
29735,TikTok Followers [ Max 1M ] | Low Drop | Cancel Enable | 10 Days ♻️ | Instant Start | Day 100K 🔥,TikTok,Followers/Subscribers,Tiktok Followers [ Instant Start ⚡ ] [ Cheapest 💰],5.424,0.1695,10,1000000,Yes,Yes,No,USD
28176,TikTok Followers [ Max 1M ] | Low Drop | Cancel Enable | 15 Days ♻️ | Instant Start | Day 100K 🔥,TikTok,Followers/Subscribers,Tiktok Followers [ Instant Start ⚡ ] [ Cheapest 💰],5.7856,0.1808,10,1000000,Yes,Yes,No,USD
29736,TikTok Followers [ Max 1M ] | Low Drop | Cancel Enable | 15 Days ♻️ | Instant Start | Day 100K 🔥,TikTok,Followers/Subscribers,Tiktok Followers [ Instant Start ⚡ ] [ Cheapest 💰],5.7856,0.1808,10,1000000,Yes,Yes,No,USD
28177,TikTok Followers [ Max 1M ] | Low Drop | Cancel Enable | 20 Days ♻️ | Instant Start | Day 100K 🔥,TikTok,Followers/Subscribers,Tiktok Followers [ Instant Start ⚡ ] [ Cheapest 💰],6.1472,0.1921,10,1000000,Yes,Yes,No,USD
29737,TikTok Followers [ Max 1M ] | Low Drop | Cancel Enable | 20 Days ♻️ | Instant Start | Day 100K 🔥,TikTok,Followers/Subscribers,Tiktok Followers [ Instant Start ⚡ ] [ Cheapest 💰],6.1472,0.1921,10,1000000,Yes,Yes,No,USD
28178,TikTok Followers [ Max 1M ] | Low Drop | Cancel Enable | 30 Days ♻️ | Instant Start | Day 100K 🔥,TikTok,Followers/Subscribers,Tiktok Followers [ Instant Start ⚡ ] [ Cheapest 💰],6.5088,0.2034,10,1000000,Yes,Yes,No,USD
29738,TikTok Followers [ Max 1M ] | Low Drop | Cancel Enable | 30 Days ♻️ | Instant Start | Day 100K 🔥,TikTok,Followers/Subscribers,Tiktok Followers [ Instant Start ⚡ ] [ Cheapest 💰],6.5088,0.2034,10,1000000,Yes,Yes,No,USD
28179,TikTok Followers [ Max 1M ] | 100% Real Accounts | Non Drop | No Refill ⚠️ | Instant Start | Day 200K 🚀,TikTok,Followers/Subscribers,TikTok Followers [ 0% DROP - High Speed ] [ ⚙️ Auto Refill ♻️ ] ᴺᴱᵂ,47.008,1.469,10,1000000,No,No,No,USD
29739,TikTok Followers [ Max 1M ] | 100% Real Accounts | Non Drop | No Refill ⚠️ | Instant Start | Day 200K 🚀,TikTok,Followers/Subscribers,TikTok Followers [ 0% DROP - High Speed ] [ ⚙️ Auto Refill ♻️ ] ᴺᴱᵂ,47.008,1.469,10,1000000,No,No,No,USD
28180,TikTok Followers [ Max 1M ] | 100% Real Accounts | Non Drop | 10 Days Auto Refill ♻️ | Instant Start | Day 200K 🚀,TikTok,Followers/Subscribers,TikTok Followers [ 0% DROP - High Speed ] [ ⚙️ Auto Refill ♻️ ] ᴺᴱᵂ,47.7312,1.4916,10,1000000,Yes,No,No,USD
29740,TikTok Followers [ Max 1M ] | 100% Real Accounts | Non Drop | 10 Days Auto Refill ♻️ | Instant Start | Day 200K 🚀,TikTok,Followers/Subscribers,TikTok Followers [ 0% DROP - High Speed ] [ ⚙️ Auto Refill ♻️ ] ᴺᴱᵂ,47.7312,1.4916,10,1000000,Yes,No,No,USD
28181,TikTok Followers [ Max 1M ] | 100% Real Accounts | Non Drop | 30 Days Auto Refill ♻️ | Instant Start | Day 200K 🚀,TikTok,Followers/Subscribers,TikTok Followers [ 0% DROP - High Speed ] [ ⚙️ Auto Refill ♻️ ] ᴺᴱᵂ,48.816,1.5255,10,1000000,Yes,No,No,USD
29741,TikTok Followers [ Max 1M ] | 100% Real Accounts | Non Drop | 30 Days Auto Refill ♻️ | Instant Start | Day 200K 🚀,TikTok,Followers/Subscribers,TikTok Followers [ 0% DROP - High Speed ] [ ⚙️ Auto Refill ♻️ ] ᴺᴱᵂ,48.816,1.5255,10,1000000,Yes,No,No,USD
28182,TikTok Followers [ Max 1M ] | 100% Real Accounts | Non Drop | 60 Days Auto Refill ♻️ | Instant Start | Day 200K 🚀,TikTok,Followers/Subscribers,TikTok Followers [ 0% DROP - High Speed ] [ ⚙️ Auto Refill ♻️ ] ᴺᴱᵂ,50.624,1.582,10,1000000,Yes,No,No,USD
29742,TikTok Followers [ Max 1M ] | 100% Real Accounts | Non Drop | 60 Days Auto Refill ♻️ | Instant Start | Day 200K 🚀,TikTok,Followers/Subscribers,TikTok Followers [ 0% DROP - High Speed ] [ ⚙️ Auto Refill ♻️ ] ᴺᴱᵂ,50.624,1.582,10,1000000,Yes,No,No,USD
28183,TikTok Followers [ Max 1M ] | 100% Real Accounts | Non Drop | 90 Days Auto Refill ♻️ | Instant Start | Day 200K 🚀,TikTok,Followers/Subscribers,TikTok Followers [ 0% DROP - High Speed ] [ ⚙️ Auto Refill ♻️ ] ᴺᴱᵂ,52.432,1.6385,10,1000000,Yes,No,No,USD
29743,TikTok Followers [ Max 1M ] | 100% Real Accounts | Non Drop | 90 Days Auto Refill ♻️ | Instant Start | Day 200K 🚀,TikTok,Followers/Subscribers,TikTok Followers [ 0% DROP - High Speed ] [ ⚙️ Auto Refill ♻️ ] ᴺᴱᵂ,52.432,1.6385,10,1000000,Yes,No,No,USD
28184,TikTok Followers [ Max 1M ] | 100% Real Accounts | Non Drop | 365 Days Auto Refill ♻️ | Instant Start | Day 200K 🚀,TikTok,Followers/Subscribers,TikTok Followers [ 0% DROP - High Speed ] [ ⚙️ Auto Refill ♻️ ] ᴺᴱᵂ,54.24,1.695,10,1000000,Yes,No,No,USD
29744,TikTok Followers [ Max 1M ] | 100% Real Accounts | Non Drop | 365 Days Auto Refill ♻️ | Instant Start | Day 200K 🚀,TikTok,Followers/Subscribers,TikTok Followers [ 0% DROP - High Speed ] [ ⚙️ Auto Refill ♻️ ] ᴺᴱᵂ,54.24,1.695,10,1000000,Yes,No,No,USD
28185,TikTok Followers [ Max 1M ] | 100% Real Accounts | Non Drop | Lifetime Auto Refill ♻️ | Instant Start | Day 200K 🚀,TikTok,Followers/Subscribers,TikTok Followers [ 0% DROP - High Speed ] [ ⚙️ Auto Refill ♻️ ] ᴺᴱᵂ,56.048,1.7515,10,1000000,Yes,No,No,USD
29745,TikTok Followers [ Max 1M ] | 100% Real Accounts | Non Drop | Lifetime Auto Refill ♻️ | Instant Start | Day 200K 🚀,TikTok,Followers/Subscribers,TikTok Followers [ 0% DROP - High Speed ] [ ⚙️ Auto Refill ♻️ ] ᴺᴱᵂ,56.048,1.7515,10,1000000,Yes,No,No,USD
28186,TikTok Followers [ Max 1M ] | LQ Accounts | Low Drop | No Refill ⚠️ | Instant Start | Day 100K 🔥,TikTok,Followers/Subscribers,Tiktok Followers [ Best Price 💎 ] ᴺᴱᵂ,5.7856,0.1808,100,1000000,No,Yes,No,USD
28187,TikTok Followers [ Max 1M ] | LQ Accounts | Low Drop | No Refill ⚠️ | Instant Start | Day 100K 🔥,TikTok,Followers/Subscribers,Tiktok Followers [ Best Price 💎 ] ᴺᴱᵂ,6.1472,0.1921,50,1000000,No,Yes,No,USD
28188,TikTok Followers [ Max 1M ] | LQ Accounts | Low Drop | No Refill ⚠️ | Instant Start | Day 100K 🔥,TikTok,Followers/Subscribers,Tiktok Followers [ Best Price 💎 ] ᴺᴱᵂ,6.5088,0.2034,10,1000000,No,Yes,No,USD
28189,TikTok Followers [ Max 1M ] | LQ Accounts | Low Drop | 10 Days ♻️ | Instant Start | Day 100K 🔥,TikTok,Followers/Subscribers,Tiktok Followers [ Best Price 💎 ] ᴺᴱᵂ,7.232,0.226,10,1000000,Yes,Yes,No,USD
28190,TikTok Followers [ Max 1M ] | LQ Accounts | Low Drop | 20 Days ♻️ | Instant Start | Day 100K 🔥,TikTok,Followers/Subscribers,Tiktok Followers [ Best Price 💎 ] ᴺᴱᵂ,7.9552,0.2486,10,1000000,Yes,Yes,No,USD
28191,TikTok Followers [ Max 1M ] | LQ Accounts | Low Drop | 30 Days ♻️ | Instant Start | Day 100K 🔥,TikTok,Followers/Subscribers,Tiktok Followers [ Best Price 💎 ] ᴺᴱᵂ,8.6784,0.2712,10,1000000,Yes,Yes,No,USD
28196,TikTok Followers [ Max 1M ] | 100% Real Accounts | Cancel Enable | No Refill ⚠️ | Instant Start | Day 50K 🚀,TikTok,Followers/Subscribers,TikTok Followers [ Updated 01.02.2026 ] ᴺᴱᵂ,27.4816,0.8588,10,1000000,No,Yes,No,USD
29637,TikTok Followers [ Max 1M ] | 100% Real Accounts | Cancel Enable | No Refill ⚠️ | Instant Start | Day 50K 🚀,TikTok,Followers/Subscribers,TikTok Followers [ Updated 01.02.2026 ] ᴺᴱᵂ,27.4816,0.8588,10,1000000,No,Yes,No,USD
28197,TikTok Followers [ Max 1M ] | 100% Real Accounts | Cancel Enable | 7 Days ♻️ | Instant Start | Day 50K 🚀,TikTok,Followers/Subscribers,TikTok Followers [ Updated 01.02.2026 ] ᴺᴱᵂ,31.4592,0.9831,10,1000000,Yes,Yes,No,USD
29638,TikTok Followers [ Max 1M ] | 100% Real Accounts | Cancel Enable | 7 Days ♻️ | Instant Start | Day 50K 🚀,TikTok,Followers/Subscribers,TikTok Followers [ Updated 01.02.2026 ] ᴺᴱᵂ,31.4592,0.9831,10,1000000,Yes,Yes,No,USD
28198,TikTok Followers [ Worldwide 🌍 ] [ Max 5M ] | HQ+REAL | Cancel Enable | No Refill ⚠️ | Instant Start | Day 200K 🚀,TikTok,Followers/Subscribers,TikTok Followers [ Extreme Speed ] ᴺᴱᵂ,41.2224,1.2882,10,5000000,No,No,No,USD
29639,TikTok Followers [ Worldwide 🌍 ] [ Max 5M ] | HQ+REAL | Cancel Enable | No Refill ⚠️ | Instant Start | Day 200K 🚀,TikTok,Followers/Subscribers,TikTok Followers [ Extreme Speed ] ᴺᴱᵂ,41.2224,1.2882,10,5000000,No,No,No,USD
28199,TikTok Followers [ Worldwide 🌍 ] [ Max 5M ] | HQ+REAL | Cancel Enable | 10 Days ♻️ | Instant Start | Day 200K 🚀,TikTok,Followers/Subscribers,TikTok Followers [ Extreme Speed ] ᴺᴱᵂ,44.4768,1.3899,10,5000000,Yes,No,No,USD
29640,TikTok Followers [ Worldwide 🌍 ] [ Max 5M ] | HQ+REAL | Cancel Enable | 10 Days ♻️ | Instant Start | Day 200K 🚀,TikTok,Followers/Subscribers,TikTok Followers [ Extreme Speed ] ᴺᴱᵂ,44.4768,1.3899,10,5000000,Yes,No,No,USD
28200,TikTok Followers [ Max 1M ] | 100% Real Accounts With Posts | Cancel Enable | No Refill ⚠️ | Instant Start | Day 50K 🚀,TikTok,Followers/Subscribers,TikTok Followers [ HQ Accounts ] [ FAST SPEED 💥] ᴺᴱᵂ,37.968,1.1865,10,1000000,No,No,No,USD
29664,TikTok Followers [ Max 1M ] | 100% Real Accounts With Posts | Cancel Enable | No Refill ⚠️ | Instant Start | Day 50K 🚀,TikTok,Followers/Subscribers,TikTok Followers [ HQ Accounts ] [ FAST SPEED 💥] ᴺᴱᵂ,37.968,1.1865,10,1000000,No,No,No,USD
28201,TikTok Followers [ Max 100K ] | 100% Real Accounts With Posts | 7 Days ♻️ | Instant Start | Day 100K 🚀,TikTok,Followers/Subscribers,TikTok Followers [ HQ Accounts ] [ FAST SPEED 💥] ᴺᴱᵂ,41.584,1.2995,10,1000000,Yes,No,No,USD
29665,TikTok Followers [ Max 100K ] | 100% Real Accounts With Posts | 7 Days ♻️ | Instant Start | Day 100K 🚀,TikTok,Followers/Subscribers,TikTok Followers [ HQ Accounts ] [ FAST SPEED 💥] ᴺᴱᵂ,41.584,1.2995,10,1000000,Yes,No,No,USD
28202,TikTok Followers [ Max 100K ] | 100% Real Accounts With Posts | 15 Days ♻️ | Instant Start | Day 100K 🚀,TikTok,Followers/Subscribers,TikTok Followers [ HQ Accounts ] [ FAST SPEED 💥] ᴺᴱᵂ,45.2,1.4125,10,1000000,Yes,No,No,USD
29666,TikTok Followers [ Max 100K ] | 100% Real Accounts With Posts | 15 Days ♻️ | Instant Start | Day 100K 🚀,TikTok,Followers/Subscribers,TikTok Followers [ HQ Accounts ] [ FAST SPEED 💥] ᴺᴱᵂ,45.2,1.4125,10,1000000,Yes,No,No,USD
28203,TikTok Followers [ Max 100K ] | 100% Real Accounts With Posts | 20 Days ♻️ | Instant Start | Day 100K 🚀,TikTok,Followers/Subscribers,TikTok Followers [ HQ Accounts ] [ FAST SPEED 💥] ᴺᴱᵂ,47.008,1.469,10,1000000,Yes,No,No,USD
29667,TikTok Followers [ Max 100K ] | 100% Real Accounts With Posts | 20 Days ♻️ | Instant Start | Day 100K 🚀,TikTok,Followers/Subscribers,TikTok Followers [ HQ Accounts ] [ FAST SPEED 💥] ᴺᴱᵂ,47.008,1.469,10,1000000,Yes,No,No,USD
28204,TikTok Followers [ Max 100K ] | 100% Real Accounts With Posts | 30 Days ♻️ | Instant Start | Day 100K 🚀,TikTok,Followers/Subscribers,TikTok Followers [ HQ Accounts ] [ FAST SPEED 💥] ᴺᴱᵂ,50.624,1.582,10,1000000,Yes,No,No,USD
29668,TikTok Followers [ Max 100K ] | 100% Real Accounts With Posts | 30 Days ♻️ | Instant Start | Day 100K 🚀,TikTok,Followers/Subscribers,TikTok Followers [ HQ Accounts ] [ FAST SPEED 💥] ᴺᴱᵂ,50.624,1.582,10,1000000,Yes,No,No,USD
28205,TikTok Video Views [ Max Unlimited ] | HQ | Cancel Enable | No Refill ⚠️ | Instant Start | Day 10M 🚀 𝗦𝗲𝗿𝘃𝗲𝗿 𝟭,TikTok,Views/Plays,TikTok Video Views [ Different Speed] ᴺᴱᵂ,0.256,0.008,100,2147483647,No,No,No,USD
28207,TikTok Video Views [ Max Unlimited ] | HQ | Cancel Enable | No Refill ⚠️ | Instant Start | Day 10M 🚀 𝗦𝗲𝗿𝘃𝗲𝗿 𝟮,TikTok,Views/Plays,TikTok Video Views [ Different Speed] ᴺᴱᵂ,0.256,0.008,50,2147483647,No,No,No,USD
29669,TikTok Video Views [ Max Unlimited ] | HQ | Cancel Enable | No Refill ⚠️ | Instant Start | Day 10M 🚀 𝗦𝗲𝗿𝘃𝗲𝗿 𝟭,TikTok,Views/Plays,TikTok Video Views [ Different Speed] ᴺᴱᵂ,0.256,0.008,100,2147483647,No,No,No,USD
29671,TikTok Video Views [ Max Unlimited ] | HQ | Cancel Enable | No Refill ⚠️ | Instant Start | Day 10M 🚀 𝗦𝗲𝗿𝘃𝗲𝗿 𝟮,TikTok,Views/Plays,TikTok Video Views [ Different Speed] ᴺᴱᵂ,0.256,0.008,50,2147483647,No,No,No,USD
28206,TikTok Video Views [ Max Unlimited ] | HQ | Cancel Enable | 30 Days ♻️ | Instant Start | Day 10M 🚀 𝗦𝗲𝗿𝘃𝗲𝗿 𝟭,TikTok,Views/Plays,TikTok Video Views [ Different Speed] ᴺᴱᵂ,0.2912,0.0091,100,2147483647,Yes,No,No,USD
28208,TikTok Video Views [ Max Unlimited ] | HQ | Cancel Enable | 30 Days ♻️ | Instant Start | Day 10M 🚀 𝗦𝗲𝗿𝘃𝗲𝗿 𝟮,TikTok,Views/Plays,TikTok Video Views [ Different Speed] ᴺᴱᵂ,0.2912,0.0091,50,2147483647,Yes,No,No,USD
29670,TikTok Video Views [ Max Unlimited ] | HQ | Cancel Enable | 30 Days ♻️ | Instant Start | Day 10M 🚀 𝗦𝗲𝗿𝘃𝗲𝗿 𝟭,TikTok,Views/Plays,TikTok Video Views [ Different Speed] ᴺᴱᵂ,0.2912,0.0091,100,2147483647,No,No,No,USD
29672,TikTok Video Views [ Max Unlimited ] | HQ | Cancel Enable | 30 Days ♻️ | Instant Start | Day 10M 🚀 𝗦𝗲𝗿𝘃𝗲𝗿 𝟮,TikTok,Views/Plays,TikTok Video Views [ Different Speed] ᴺᴱᵂ,0.2912,0.0091,50,2147483647,No,No,No,USD
28209,TikTok Likes [ Max 10M ] | HQ and Real Profiles | Low Drop | No Refill ⚠️ | Instant Start | Day 100K 🚀,TikTok,Likes/Reactions,TikTok Likes [ High Quality ] [ Cheapest 💥] ᴺᴱᵂ,1.4464,0.0452,10,10000000,No,No,No,USD
29673,TikTok Likes [ Max 10M ] | HQ and Real Profiles | Low Drop | No Refill ⚠️ | Instant Start | Day 100K 🚀,TikTok,Likes/Reactions,TikTok Likes [ High Quality ] [ Cheapest 💥] ᴺᴱᵂ,1.4464,0.0452,10,10000000,No,No,No,USD
28210,TikTok Likes [ Max 10M ] | HQ and Real Profiles | Low Drop | 30 Days ♻️ | Instant Start | Day 100K 🚀,TikTok,Likes/Reactions,TikTok Likes [ High Quality ] [ Cheapest 💥] ᴺᴱᵂ,1.4848,0.0464,10,10000000,Yes,No,No,USD
29674,TikTok Likes [ Max 10M ] | HQ and Real Profiles | Low Drop | 30 Days ♻️ | Instant Start | Day 100K 🚀,TikTok,Likes/Reactions,TikTok Likes [ High Quality ] [ Cheapest 💥] ᴺᴱᵂ,1.4848,0.0464,10,10000000,Yes,No,No,USD
28211,TikTok Likes [ Max 10M ] | HQ and Real Profiles | Low Drop | 60 Days ♻️ | Instant Start | Day 100K 🚀,TikTok,Likes/Reactions,TikTok Likes [ High Quality ] [ Cheapest 💥] ᴺᴱᵂ,1.52,0.0475,10,10000000,Yes,No,No,USD
29675,TikTok Likes [ Max 10M ] | HQ and Real Profiles | Low Drop | 60 Days ♻️ | Instant Start | Day 100K 🚀,TikTok,Likes/Reactions,TikTok Likes [ High Quality ] [ Cheapest 💥] ᴺᴱᵂ,1.52,0.0475,10,10000000,Yes,No,No,USD
28212,TikTok Likes [ Max 10M ] | HQ and Real Profiles | Low Drop | 90 Days ♻️ | Instant Start | Day 100K 🚀,TikTok,Likes/Reactions,TikTok Likes [ High Quality ] [ Cheapest 💥] ᴺᴱᵂ,1.5552,0.0486,10,10000000,Yes,No,No,USD
29676,TikTok Likes [ Max 10M ] | HQ and Real Profiles | Low Drop | 90 Days ♻️ | Instant Start | Day 100K 🚀,TikTok,Likes/Reactions,TikTok Likes [ High Quality ] [ Cheapest 💥] ᴺᴱᵂ,1.5552,0.0486,10,10000000,Yes,No,No,USD
28213,TikTok Likes [ Max 10M ] | HQ and Real Profiles | Low Drop | 365 Days ♻️ | Instant Start | Day 100K 🚀,TikTok,Likes/Reactions,TikTok Likes [ High Quality ] [ Cheapest 💥] ᴺᴱᵂ,1.5936,0.0498,10,10000000,Yes,No,No,USD
29677,TikTok Likes [ Max 10M ] | HQ and Real Profiles | Low Drop | 365 Days ♻️ | Instant Start | Day 100K 🚀,TikTok,Likes/Reactions,TikTok Likes [ High Quality ] [ Cheapest 💥] ᴺᴱᵂ,1.5936,0.0498,10,10000000,Yes,No,No,USD
28214,TikTok Likes [ Max 10M ] | HQ and Real Profiles | Low Drop | Lifetime ♻️ | Instant Start | Day 100K 🚀,TikTok,Likes/Reactions,TikTok Likes [ High Quality ] [ Cheapest 💥] ᴺᴱᵂ,1.6288,0.0509,10,10000000,Yes,No,No,USD
29678,TikTok Likes [ Max 10M ] | HQ and Real Profiles | Low Drop | Lifetime ♻️ | Instant Start | Day 100K 🚀,TikTok,Likes/Reactions,TikTok Likes [ High Quality ] [ Cheapest 💥] ᴺᴱᵂ,1.6288,0.0509,10,10000000,Yes,No,No,USD
28215,TikTok Video Views [ Max Unlimited ] | HQ | Cancel Enable | No Refill ⚠️ | Instant Start | Day 10M 🚀🚀,TikTok,Views/Plays,TikTok Video Views [ Update 21.01.2026 ] ᴺᴱᵂ,0.256,0.008,50,2147483647,No,No,No,USD
29679,TikTok Video Views [ Max Unlimited ] | HQ | Cancel Enable | No Refill ⚠️ | Instant Start | Day 10M 🚀🚀,TikTok,Views/Plays,TikTok Video Views [ Update 21.01.2026 ] ᴺᴱᵂ,0.256,0.008,50,2147483647,No,No,No,USD
28216,TikTok Video Views [ Max Unlimited ] | HQ | Cancel Enable | No Refill ⚠️ | Instant Start | Day 10M 🚀🚀,TikTok,Views/Plays,TikTok Video Views [ Update 21.01.2026 ] ᴺᴱᵂ,0.2624,0.0082,100,2147483647,No,No,No,USD
29680,TikTok Video Views [ Max Unlimited ] | HQ | Cancel Enable | No Refill ⚠️ | Instant Start | Day 10M 🚀🚀,TikTok,Views/Plays,TikTok Video Views [ Update 21.01.2026 ] ᴺᴱᵂ,0.2624,0.0082,100,2147483647,No,No,No,USD
28217,TikTok Video Views [ Max Unlimited ] | HQ | Cancel Enable | 30 Days ♻️ | Instant Start | Day 10M 🚀🚀,TikTok,Views/Plays,TikTok Video Views [ Update 21.01.2026 ] ᴺᴱᵂ,0.272,0.0085,100,2147483647,Yes,No,No,USD
29681,TikTok Video Views [ Max Unlimited ] | HQ | Cancel Enable | 30 Days ♻️ | Instant Start | Day 10M 🚀🚀,TikTok,Views/Plays,TikTok Video Views [ Update 21.01.2026 ] ᴺᴱᵂ,0.272,0.0085,100,2147483647,No,No,No,USD
28218,TikTok Video Views [ Max Unlimited ] | HQ | Cancel Enable | 60 Days ♻️ | Instant Start | Day 10M 🚀🚀,TikTok,Views/Plays,TikTok Video Views [ Update 21.01.2026 ] ᴺᴱᵂ,0.2912,0.0091,100,2147483647,Yes,No,No,USD
29682,TikTok Video Views [ Max Unlimited ] | HQ | Cancel Enable | 60 Days ♻️ | Instant Start | Day 10M 🚀🚀,TikTok,Views/Plays,TikTok Video Views [ Update 21.01.2026 ] ᴺᴱᵂ,0.2912,0.0091,100,2147483647,No,No,No,USD
28219,TikTok Video Views [ Max Unlimited ] | HQ | Cancel Enable | 90 Days ♻️ | Instant Start | Day 10M 🚀🚀,TikTok,Views/Plays,TikTok Video Views [ Update 21.01.2026 ] ᴺᴱᵂ,0.3264,0.0102,100,2147483647,Yes,No,No,USD
29683,TikTok Video Views [ Max Unlimited ] | HQ | Cancel Enable | 90 Days ♻️ | Instant Start | Day 10M 🚀🚀,TikTok,Views/Plays,TikTok Video Views [ Update 21.01.2026 ] ᴺᴱᵂ,0.3264,0.0102,100,2147483647,No,No,No,USD
28220,TikTok Video Views [ Max Unlimited ] | HQ | Cancel Enable | 365 Days ♻️ | Instant Start | Day 10M 🚀🚀,TikTok,Views/Plays,TikTok Video Views [ Update 21.01.2026 ] ᴺᴱᵂ,0.3456,0.0108,100,2147483647,Yes,No,No,USD
29684,TikTok Video Views [ Max Unlimited ] | HQ | Cancel Enable | 365 Days ♻️ | Instant Start | Day 10M 🚀🚀,TikTok,Views/Plays,TikTok Video Views [ Update 21.01.2026 ] ᴺᴱᵂ,0.3456,0.0108,100,2147483647,No,No,No,USD
28221,TikTok Video Views [ Max Unlimited ] | HQ | Cancel Enable | Lifetime ♻️ | Instant Start | Day 10M 🚀🚀,TikTok,Views/Plays,TikTok Video Views [ Update 21.01.2026 ] ᴺᴱᵂ,0.3616,0.0113,100,2147483647,Yes,No,No,USD
29685,TikTok Video Views [ Max Unlimited ] | HQ | Cancel Enable | Lifetime ♻️ | Instant Start | Day 10M 🚀🚀,TikTok,Views/Plays,TikTok Video Views [ Update 21.01.2026 ] ᴺᴱᵂ,0.3616,0.0113,100,2147483647,No,No,No,USD
28222,TikTok Followers [ Max 1M ] | LQ Accounts | Cancel Enable | No Refill ⚠️ | Instant Start | Day 100K 🚀,TikTok,Followers/Subscribers,Tiktok Followers [ Update 21.01.2026 ] ᴺᴱᵂ,15.7312,0.4916,100,1000000,No,Yes,No,USD
29692,TikTok Followers [ Max 1M ] | LQ Accounts | Cancel Enable | No Refill ⚠️ | Instant Start | Day 100K 🚀,TikTok,Followers/Subscribers,Tiktok Followers [ Update 21.01.2026 ] ᴺᴱᵂ,15.7312,0.4916,100,1000000,No,Yes,No,USD
28223,TikTok Followers [ Max 1M ] | LQ Accounts | Cancel Enable | No Refill ⚠️ | Instant Start | Day 100K 🚀,TikTok,Followers/Subscribers,Tiktok Followers [ Update 21.01.2026 ] ᴺᴱᵂ,17.1776,0.5368,10,1000000,No,Yes,No,USD
29693,TikTok Followers [ Max 1M ] | LQ Accounts | Cancel Enable | No Refill ⚠️ | Instant Start | Day 100K 🚀,TikTok,Followers/Subscribers,Tiktok Followers [ Update 21.01.2026 ] ᴺᴱᵂ,17.1776,0.5368,10,1000000,No,Yes,No,USD
28224,TikTok Followers [ Max 1M ] | LQ Accounts | Cancel Enable | 10 Days ♻️ | Instant Start | Day 100K 🚀,TikTok,Followers/Subscribers,Tiktok Followers [ Update 21.01.2026 ] ᴺᴱᵂ,19.888,0.6215,10,1000000,Yes,Yes,No,USD
29694,TikTok Followers [ Max 1M ] | LQ Accounts | Cancel Enable | 10 Days ♻️ | Instant Start | Day 100K 🚀,TikTok,Followers/Subscribers,Tiktok Followers [ Update 21.01.2026 ] ᴺᴱᵂ,19.888,0.6215,10,1000000,Yes,Yes,No,USD
28225,TikTok Followers [ Max 1M ] | LQ Accounts | Cancel Enable | 15 Days ♻️ | Instant Start | Day 100K 🚀,TikTok,Followers/Subscribers,Tiktok Followers [ Update 21.01.2026 ] ᴺᴱᵂ,23.1424,0.7232,10,1000000,Yes,Yes,No,USD
29695,TikTok Followers [ Max 1M ] | LQ Accounts | Cancel Enable | 15 Days ♻️ | Instant Start | Day 100K 🚀,TikTok,Followers/Subscribers,Tiktok Followers [ Update 21.01.2026 ] ᴺᴱᵂ,23.1424,0.7232,10,1000000,Yes,Yes,No,USD
29696,TikTok Followers [ Max 1M ] | LQ Accounts | Cancel Enable | 20 Days ♻️ | Instant Start | Day 100K 🚀,TikTok,Followers/Subscribers,Tiktok Followers [ Update 21.01.2026 ] ᴺᴱᵂ,26.0352,0.8136,10,1000000,Yes,Yes,No,USD
28226,TikTok Followers [ Max 1M ] | LQ Accounts | Cancel Enable | 20 Days ♻️ | Instant Start | Day 100K 🚀,TikTok,Followers/Subscribers,Tiktok Followers [ Update 21.01.2026 ] ᴺᴱᵂ,26.0352,0.8136,10,1000000,Yes,Yes,No,USD
29697,TikTok Followers [ Max 1M ] | LQ Accounts | Cancel Enable | 30 Days ♻️ | Instant Start | Day 100K 🚀,TikTok,Followers/Subscribers,Tiktok Followers [ Update 21.01.2026 ] ᴺᴱᵂ,28.928,0.904,10,1000000,Yes,Yes,No,USD
28227,TikTok Followers [ Max 1M ] | LQ Accounts | Cancel Enable | 30 Days ♻️ | Instant Start | Day 100K 🚀,TikTok,Followers/Subscribers,Tiktok Followers [ Update 21.01.2026 ] ᴺᴱᵂ,28.928,0.904,10,1000000,Yes,Yes,No,USD
29698,TikTok Likes [ Max 1M ] | 100% Real Accounts | Cancel Enable | No Refill ⚠️ | Instant Start | Day 100K 🚀,TikTok,Likes/Reactions,TikTok Likes [ UltraFast 🚀 ] ᴺᴱᵂ,2.8928,0.0904,10,1000000,No,Yes,No,USD
28228,TikTok Likes [ Max 1M ] | 100% Real Accounts | Cancel Enable | No Refill ⚠️ | Instant Start | Day 100K 🚀,TikTok,Likes/Reactions,TikTok Likes [ UltraFast 🚀 ] ᴺᴱᵂ,2.8928,0.0904,10,1000000,No,Yes,No,USD
29699,TikTok Likes [ Max 1M ] | 100% Real Accounts | Cancel Enable | 30 Days ♻️ | Instant Start | Day 100K 🚀,TikTok,Likes/Reactions,TikTok Likes [ UltraFast 🚀 ] ᴺᴱᵂ,2.9312,0.0916,10,1000000,Yes,Yes,No,USD
28229,TikTok Likes [ Max 1M ] | 100% Real Accounts | Cancel Enable | 30 Days ♻️ | Instant Start | Day 100K 🚀,TikTok,Likes/Reactions,TikTok Likes [ UltraFast 🚀 ] ᴺᴱᵂ,2.9312,0.0916,10,1000000,Yes,Yes,No,USD
29700,TikTok Likes [ Max 1M ] | 100% Real Accounts | Cancel Enable | 60 Days ♻️ | Instant Start | Day 100K 🚀,TikTok,Likes/Reactions,TikTok Likes [ UltraFast 🚀 ] ᴺᴱᵂ,2.9664,0.0927,10,1000000,Yes,Yes,No,USD
28230,TikTok Likes [ Max 1M ] | 100% Real Accounts | Cancel Enable | 60 Days ♻️ | Instant Start | Day 100K 🚀,TikTok,Likes/Reactions,TikTok Likes [ UltraFast 🚀 ] ᴺᴱᵂ,2.9664,0.0927,10,1000000,Yes,Yes,No,USD
29701,TikTok Likes [ Max 1M ] | 100% Real Accounts | Cancel Enable | 90 Days ♻️ | Instant Start | Day 100K 🚀,TikTok,Likes/Reactions,TikTok Likes [ UltraFast 🚀 ] ᴺᴱᵂ,3.0016,0.0938,10,1000000,Yes,Yes,No,USD
28231,TikTok Likes [ Max 1M ] | 100% Real Accounts | Cancel Enable | 90 Days ♻️ | Instant Start | Day 100K 🚀,TikTok,Likes/Reactions,TikTok Likes [ UltraFast 🚀 ] ᴺᴱᵂ,3.0016,0.0938,10,1000000,Yes,Yes,No,USD
29702,TikTok Likes [ Max 1M ] | 100% Real Accounts | Cancel Enable | 365 Days ♻️ | Instant Start | Day 100K 🚀,TikTok,Likes/Reactions,TikTok Likes [ UltraFast 🚀 ] ᴺᴱᵂ,3.04,0.095,10,1000000,Yes,Yes,No,USD
28232,TikTok Likes [ Max 1M ] | 100% Real Accounts | Cancel Enable | 365 Days ♻️ | Instant Start | Day 100K 🚀,TikTok,Likes/Reactions,TikTok Likes [ UltraFast 🚀 ] ᴺᴱᵂ,3.04,0.095,10,1000000,Yes,Yes,No,USD
29703,TikTok Likes [ Max 1M ] | 100% Real Accounts | Cancel Enable | Lifetime ♻️ | Instant Start | Day 100K 🚀,TikTok,Likes/Reactions,TikTok Likes [ UltraFast 🚀 ] ᴺᴱᵂ,3.0752,0.0961,10,1000000,Yes,Yes,No,USD
28233,TikTok Likes [ Max 1M ] | 100% Real Accounts | Cancel Enable | Lifetime ♻️ | Instant Start | Day 100K 🚀,TikTok,Likes/Reactions,TikTok Likes [ UltraFast 🚀 ] ᴺᴱᵂ,3.0752,0.0961,10,1000000,Yes,Yes,No,USD
28234,TikTok Likes  [100%🇧🇷BRAZIL] 🚫  [45K/day] [Max 100K],TikTok,Likes/Reactions,Tiktok Likes,3.2544,0.1017,10,1000000,No,Yes,No,USD
28235,Tiktok Followers [100%🇧🇷BRAZIL] 🚫 [1K/day] [Max 10K],TikTok,Followers/Subscribers,Tiktok Followers,35.7984,1.1187,10,1000000,No,Yes,No,USD
28236,Tiktok Followers [100%🇧🇷BRAZIL] 🚫 [3K/day] [Max 10K],TikTok,Followers/Subscribers,Tiktok Followers,39.4144,1.2317,10,1000000,No,Yes,No,USD
28237,Tiktok Followers [100%🇧🇷BRAZIL] 🚫 [5K/day] [Max 10K],TikTok,Followers/Subscribers,Tiktok Followers,41.9456,1.3108,10,1000000,No,Yes,No,USD
28238,Tiktok Followers 🇧🇷 [BRAZIL] 🚫 [10K/day] [Max 100K],TikTok,Followers/Subscribers,Tiktok Followers,86.4224,2.7007,10,100000,No,No,No,USD
28239,TikTok Live Share | 🚀Super Instant Start🚀 | 100K/Hour 🔥,TikTok,Shares,Tiktok Live Services,16.272,0.5085,10,1000000,No,No,No,USD
28241,Tiktok Live Stream Views | 30 Minutes | 🚀Super Instant 🚀 | Max 50K 🔥,TikTok,Live Stream Viewers,Tiktok Live Services,144.64,4.52,100,50000,No,No,No,USD
28240,TikTok Live Emoji Comment | 🚀Super Instant Start🚀 | 1K/Hour 🔥,TikTok,Comments,Tiktok Live Services,162.72,5.085,10,100000,No,No,No,USD
28242,Tiktok Live Stream Views | 60 Minutes | 🚀Super Instant 🚀 | Max 50K 🔥,TikTok,Live Stream Viewers,Tiktok Live Services,289.28,9.04,100,50000,No,No,No,USD
28243,Tiktok Live Stream Views | 90 Minutes | 🚀Super Instant 🚀 | Max 50K 🔥,TikTok,Live Stream Viewers,Tiktok Live Services,433.92,13.56,100,50000,No,No,No,USD
28244,Tiktok Live Stream Views | 180 Minutes | 🚀Super Instant 🚀 | Max 50K 🔥,TikTok,Live Stream Viewers,Tiktok Live Services,723.2,22.6,100,50000,No,No,No,USD
28245,Tiktok Live Stream Views | 240 Minutes | 🚀Super Instant 🚀 | Max 50K 🔥,TikTok,Live Stream Viewers,Tiktok Live Services,867.84,27.12,100,50000,No,No,No,USD
28246,TikTok Video Download | Max 10K | 🚀Instant Start🚀 | 1K/Hour [R30] 🔥,TikTok,Other,Tiktok Download Services,5.424,0.1695,50,10000,No,No,No,USD
28247,TikTok Emoji Comment | Max 100K | 🚀Instant Start🚀 | 1K/Hour [R30] 🔥,TikTok,Comments,Tiktok Comment Services,108.48,3.39,10,100000,No,No,No,USD
28248,TikTok Custom Comment | Max 100K | 🚀Instant Start🚀 | 1K/Hour [R30] 🔥,TikTok,Comments,Tiktok Comment Services,108.48,3.39,10,100000,No,No,No,USD
28249,TikTok Comment Like | Max 1K | 🚀Instant Start🚀 [R30] 🔥,TikTok,Likes/Reactions,Tiktok Comment Like,180.8,5.65,10,100000,No,No,No,USD
28250,Spotify Free Plays | 🚀Instant Start🚀 | Max 1M | Speed 5k/days 🔥,Spotify,Views/Plays,Spotify Plays &amp; Listener,11.2832,0.3526,1000,100000000,No,No,No,USD
28252,Spotify Podcast Plays | 🚀Instant Start🚀 | Speed 10k-50k/days 🔥,Spotify,Views/Plays,Spotify Plays &amp; Listener,11.9328,0.3729,1000,100000000,No,No,No,USD
28251,Spotify Premium Plays | 🚀 Instant Start 🚀|  Speed 1k/days 🔥,Spotify,Views/Plays,Spotify Plays &amp; Listener,26.5792,0.8306,1000,100000000,No,No,No,USD
28253,Spotify Monthly Listeners | 🚀Instant Start🚀 | Max 50k | 10k-30k/days 🔥,Spotify,Views/Plays,Spotify Plays &amp; Listener,63.28,1.9775,1000,5000000,No,No,No,USD
28254,Instagram Brazil Likes [No Drop] [R30] [10-20K/D] [0-1/H],Instagram,Likes/Reactions,Instagram Brazil [Provider - Cheapest in the Market],9.3728,0.2929,10,20000,No,No,No,USD
28255,Instagram Brazil Male Likes [No Drop] [R30] [10-20K/D] [0-1/H],Instagram,Likes/Reactions,Instagram Brazil [Provider - Cheapest in the Market],9.3728,0.2929,10,10000,Yes,No,No,USD
28256,Instagram Brazil Female Likes [No Drop] [R30] [10-20K/D] [0-1/H],Instagram,Likes/Reactions,Instagram Brazil [Provider - Cheapest in the Market],9.3728,0.2929,10,10000,Yes,No,No,USD
28260,Instagram Brazil Auto Likes [No Drop] [R30] [10-20K/D] [0-1/H],Instagram,Likes/Reactions,Instagram Brazil [Provider - Cheapest in the Market],9.3728,0.2929,10,20000,No,No,No,USD
28261,Instagram Brazil Male Auto Likes [No Drop] [R30] [10-20K/D] [0-1/H],Instagram,Likes/Reactions,Instagram Brazil [Provider - Cheapest in the Market],9.3728,0.2929,10,10000,No,No,No,USD
28262,Instagram Brazil Female Auto Likes [No Drop] [R30] [10-20K/D] [0-1/H],Instagram,Likes/Reactions,Instagram Brazil [Provider - Cheapest in the Market],9.3728,0.2929,10,10000,No,No,No,USD
28257,Instagram Brazil Followers [All Flags] [Very Low Drop] [R30] [5-10K/D] [0-1/H],Instagram,Followers/Subscribers,Instagram Brazil [Provider - Cheapest in the Market],62.4864,1.9527,10,20000,Yes,No,No,USD
28258,Instagram Brazil Male Followers [All Flags] [Very Low Drop] [R30] [5-10K/D] [0-1/H],Instagram,Followers/Subscribers,Instagram Brazil [Provider - Cheapest in the Market],83.3152,2.6036,10,10000,Yes,No,No,USD
28259,Instagram Brazil Female Followers [All Flags] [Very Low Drop] [R30] [5-10K/D] [0-1/H],Instagram,Followers/Subscribers,Instagram Brazil [Provider - Cheapest in the Market],83.3152,2.6036,10,10000,Yes,No,No,USD
28267,Instagram Followers [All Flag Types] [High Quality + Real] [Low Drop] [20-50K/D] [0-1/H],Instagram,Followers/Subscribers,Instagram Followers [Provider - Real Followers - Min 50],15.6224,0.4882,50,100000,No,No,No,USD
28268,Instagram Followers [All Flag Types] [High Quality + Real] [30 Days Refill] [20-50K/D] [0-1/H],Instagram,Followers/Subscribers,Instagram Followers [Provider - Real Followers - Min 50],24.3008,0.7594,50,100000,No,No,No,USD
28269,Instagram Followers [All Flag Types] [High Quality + Real] [60 Days Refill] [20-50K/D] [0-1/H],Instagram,Followers/Subscribers,Instagram Followers [Provider - Real Followers - Min 50],27.7728,0.8679,50,100000,No,No,No,USD
28270,Instagram Followers [All Flag Types] [High Quality + Real] [90 Days Refill] [20-50K/D] [0-1/H],Instagram,Followers/Subscribers,Instagram Followers [Provider - Real Followers - Min 50],31.2448,0.9764,50,100000,No,No,No,USD
28271,Instagram Followers [All Flag Types] [High Quality + Real] [365 Days Refill] [20-50K/D] [0-1/H],Instagram,Followers/Subscribers,Instagram Followers [Provider - Real Followers - Min 50],34.7136,1.0848,50,100000,No,No,No,USD
28272,Instagram Followers [All Flag Types] [High Quality + Real] [Lifetime Refill] [20-50K/D] [0-1/H],Instagram,Followers/Subscribers,Instagram Followers [Provider - Real Followers - Min 50],38.1856,1.1933,50,100000,No,No,No,USD
28274,Instagram Likes [High Quality + Real] [No Drop] [10-20K/D] [0-1/H],Instagram,Likes/Reactions,Instagram Likes [Provider - Real Global Likes - Different Speed],3.8208,0.1194,10,100000,No,No,No,USD
28275,Instagram Likes [High Quality + Real] [No Drop] [20-30K/D] [0-1/H],Instagram,Likes/Reactions,Instagram Likes [Provider - Real Global Likes - Different Speed],5.728,0.179,10,100000,No,No,No,USD
28276,Instagram Likes [High Quality + Real] [No Drop] [30-50K/D] [0-1/H],Instagram,Likes/Reactions,Instagram Likes [Provider - Real Global Likes - Different Speed],6.944,0.217,10,100000,No,No,No,USD
28277,Instagram Likes [High Quality + Real] [No Drop] [50-100K/D] [0-1/H],Instagram,Likes/Reactions,Instagram Likes [Provider - Real Global Likes - Different Speed],10.0672,0.3146,10,100000,No,No,No,USD
28278,Instagram Arabic Real Likes [High Quality] [No Drop] [50-100K/D] [Start 1 Hour],Instagram,Likes/Reactions,Instagram Arabic Likes [Provider - Always Working],9.3728,0.2929,10,100000,No,No,No,USD
28279,Instagram Arabic Real Likes [High Quality] [30 Days Refill] [50-100K/D] [Start 1 Hour],Instagram,Likes/Reactions,Instagram Arabic Likes [Provider - Always Working],11.8048,0.3689,10,100000,No,No,No,USD
28280,Instagram Arabic Real Likes [High Quality] [60 Days Refill] [50-100K/D] [Start 1 Hour],Instagram,Likes/Reactions,Instagram Arabic Likes [Provider - Always Working],12.8448,0.4014,10,100000,No,No,No,USD
28281,Instagram Arabic Real Likes [High Quality] [90 Days Refill] [50-100K/D] [Start 1 Hour],Instagram,Likes/Reactions,Instagram Arabic Likes [Provider - Always Working],13.888,0.434,10,100000,No,No,No,USD
28282,Instagram Arabic Real Likes [High Quality] [365 Days Refill] [50-100K/D] [Start 1 Hour],Instagram,Likes/Reactions,Instagram Arabic Likes [Provider - Always Working],14.928,0.4665,10,100000,No,No,No,USD
28283,Instagram Arabic Real Likes [High Quality] [Lifetime Refill] [50-100K/D] [Start 1 Hour],Instagram,Likes/Reactions,Instagram Arabic Likes [Provider - Always Working],15.9712,0.4991,10,100000,No,No,No,USD
28284,Instagram Brazil Followers [All Flags] [Very Low Drop] [R30] [5-10K/D] [Instant],Instagram,Followers/Subscribers,Instagram Brazil Followers [Provider - Different Warranty Periods],62.4864,1.9527,10,20000,Yes,No,No,USD
28285,Instagram Brazil Followers [All Flags] [Very Low Drop] [R60] [5-10K/D] [Instant],Instagram,Followers/Subscribers,Instagram Brazil Followers [Provider - Different Warranty Periods],76.3712,2.3866,10,20000,Yes,No,No,USD
28286,Instagram Brazil Followers [All Flags] [Very Low Drop] [R90] [5-10K/D] [Instant],Instagram,Followers/Subscribers,Instagram Brazil Followers [Provider - Different Warranty Periods],90.256,2.8205,10,20000,Yes,No,No,USD
28287,Instagram Brazil Followers [All Flags] [Very Low Drop] [R365] [5-10K/D] [Instant],Instagram,Followers/Subscribers,Instagram Brazil Followers [Provider - Different Warranty Periods],111.0848,3.4714,10,20000,Yes,No,No,USD
28288,Instagram Brazil Followers [All Flags] [Very Low Drop] [R∞] [5-10K/D] [Instant],Instagram,Followers/Subscribers,Instagram Brazil Followers [Provider - Different Warranty Periods],131.9136,4.1223,10,20000,Yes,No,No,USD
28289,Instagram Brazil Likes [No Drop] [R30] [10-20K/D] [Instant],Instagram,Likes/Reactions,Instagram Brazil Likes [Provider - Different Warranty Periods] [Not Working Currently],9.3728,0.2929,10,20000,No,No,No,USD
28290,Instagram Brazil Likes [No Drop] [R60] [10-20K/D] [Instant],Instagram,Likes/Reactions,Instagram Brazil Likes [Provider - Different Warranty Periods] [Not Working Currently],10.416,0.3255,10,20000,No,No,No,USD
28291,Instagram Brazil Likes [No Drop] [R90] [10-20K/D] [Instant],Instagram,Likes/Reactions,Instagram Brazil Likes [Provider - Different Warranty Periods] [Not Working Currently],11.456,0.358,10,20000,No,No,No,USD
28292,Instagram Brazil Likes [No Drop] [R365] [10-20K/D] [Instant],Instagram,Likes/Reactions,Instagram Brazil Likes [Provider - Different Warranty Periods] [Not Working Currently],12.4992,0.3906,10,20000,No,No,No,USD
28293,Instagram Brazil Likes [No Drop] [R∞] [10-20K/D] [Instant],Instagram,Likes/Reactions,Instagram Brazil Likes [Provider - Different Warranty Periods] [Not Working Currently],13.888,0.434,10,20000,No,No,No,USD
28295,Instagram USA Likes [No Drop] [R30] [5-10K/D] [0-1/H],Instagram,Likes/Reactions,Instagram USA [Provider - 22.12.2025] [Not Working Currently],9.3728,0.2929,10,10000,No,No,No,USD
28294,Instagram USA Followers [All Flags] [Very Low Drop] [R30] [5-10K/D] [0-1/H],Instagram,Followers/Subscribers,Instagram USA [Provider - 22.12.2025] [Not Working Currently],62.4864,1.9527,10,10000,No,No,No,USD
28296,Instagram USA Followers [All Flags] [Very Low Drop] [R30] [5-10K/D] [Instant],Instagram,Followers/Subscribers,Instagram USA Followers [Provider - Different Warranty Periods] [Not Working Currently],62.4864,1.9527,10,10000,No,No,No,USD
28297,Instagram USA Followers [All Flags] [Very Low Drop] [R60] [5-10K/D] [Instant],Instagram,Followers/Subscribers,Instagram USA Followers [Provider - Different Warranty Periods] [Not Working Currently],76.3712,2.3866,10,10000,No,No,No,USD
28298,Instagram USA Followers [All Flags] [Very Low Drop] [R90] [5-10K/D] [Instant],Instagram,Followers/Subscribers,Instagram USA Followers [Provider - Different Warranty Periods] [Not Working Currently],90.256,2.8205,10,10000,No,No,No,USD
28299,Instagram USA Followers [All Flags] [Very Low Drop] [R365] [5-10K/D] [Instant],Instagram,Followers/Subscribers,Instagram USA Followers [Provider - Different Warranty Periods] [Not Working Currently],111.0848,3.4714,10,10000,No,No,No,USD
28300,Instagram USA Followers [All Flags] [Very Low Drop] [R∞] [5-10K/D] [Instant],Instagram,Followers/Subscribers,Instagram USA Followers [Provider - Different Warranty Periods] [Not Working Currently],131.9136,4.1223,10,10000,No,No,No,USD
28301,Instagram USA Likes [No Drop] [R30] [10-20K/D] [Instant],Instagram,Likes/Reactions,Instagram USA Likes [Provider - Different Warranty Periods] [Not Working Currently],9.3728,0.2929,10,10000,No,No,No,USD
28302,Instagram USA Likes [No Drop] [R60] [10-20K/D] [Instant],Instagram,Likes/Reactions,Instagram USA Likes [Provider - Different Warranty Periods] [Not Working Currently],10.416,0.3255,10,10000,No,No,No,USD
28303,Instagram USA Likes [No Drop] [R90] [10-20K/D] [Instant],Instagram,Likes/Reactions,Instagram USA Likes [Provider - Different Warranty Periods] [Not Working Currently],11.456,0.358,10,10000,No,No,No,USD
28304,Instagram USA Likes [No Drop] [R365] [10-20K/D] [Instant],Instagram,Likes/Reactions,Instagram USA Likes [Provider - Different Warranty Periods] [Not Working Currently],12.4992,0.3906,10,10000,No,No,No,USD
28305,Instagram USA Likes [No Drop] [R∞] [10-20K/D] [Instant],Instagram,Likes/Reactions,Instagram USA Likes [Provider - Different Warranty Periods] [Not Working Currently],13.888,0.434,10,10000,No,No,No,USD
28306,Instagram Korean Likes [Real Exclusive] [10K/D] [Instant],Instagram,Likes/Reactions,Instagram Korean [Provider - Best Service in the Market],83.3152,2.6036,10,20000,No,No,No,USD
28307,Instagram Korean Likes [Real Exclusive] [30 Days Refill] [10K/D] [Instant],Instagram,Likes/Reactions,Instagram Korean [Provider - Best Service in the Market],104.1408,3.2544,10,20000,No,No,No,USD
28308,Instagram Korean Followers [Real Exclusive] [10K/D] [Instant],Instagram,Followers/Subscribers,Instagram Korean [Provider - Best Service in the Market],1041.408,32.544,10,20000,No,No,No,USD
28309,Instagram Korean Followers [Real Exclusive] [30 Days Refill] [10K/D] [Instant],Instagram,Followers/Subscribers,Instagram Korean [Provider - Best Service in the Market],1214.976,37.968,10,20000,No,No,No,USD
28312,Instagram Followers [Mixed] [Cancel Enabled] [No Refill] [50K/D] [Instant],Instagram,Followers/Subscribers,Instagram Followers [Up to Date Speed - 06.12.2025],24.1472,0.7546,10,500000,No,Yes,No,USD
28313,Instagram Followers [Real + High Quality] [No Refill] [30-50K/D] [Instant],Instagram,Followers/Subscribers,Instagram Followers [Up to Date Speed - 06.12.2025],28.64,0.895,10,500000,No,No,No,USD
28314,Instagram Followers [Old Accounts] [30 Days Refill] [100K/D] [Instant],Instagram,Followers/Subscribers,Instagram Followers [Up to Date Speed - 06.12.2025],31.2448,0.9764,10,100000000,No,No,No,USD
28315,Instagram Followers [Mix Accounts] [Lifetime Refill] [100K/D] [Instant],Instagram,Followers/Subscribers,Instagram Followers [Up to Date Speed - 06.12.2025],34.7136,1.0848,100,10000000,No,No,No,USD
28316,Instagram Followers [Real] [30 Days Auto Refill] [20K/D] [Instant],Instagram,Followers/Subscribers,Instagram Followers [Up to Date Speed - 06.12.2025],61.792,1.931,10,50000,No,Yes,No,USD
28317,Instagram Followers [Real] [30 Days Auto Refill] [2-3K/D] [Start Instant],Instagram,Followers/Subscribers,Instagram Followers [Up to Date Speed - 06.12.2025],54.8288,1.7134,10,100000,Yes,Yes,No,USD
28318,Instagram Followers [Real + High Quality] [No Refill] [30-50K/D] [Start 10 Minutes],Instagram,Followers/Subscribers,Instagram Followers [Up to Date Speed - 06.12.2025],79.8432,2.4951,10,500000,No,No,No,USD
28319,Instagram Followers [Real + High Quality] [30 Days Refill] [30-50K/D] [Start 10 Minutes],Instagram,Followers/Subscribers,Instagram Followers [Up to Date Speed - 06.12.2025],86.784,2.712,10,100000,No,No,No,USD
28320,Instagram Followers [Old Accounts] [365 Days Refill] [100K/D] [Instant],Instagram,Followers/Subscribers,Instagram Followers [Up to Date Speed - 06.12.2025],88.5216,2.7663,10,10000000,No,Yes,No,USD
28321,Instagram Followers [Old Accounts] [R30] [50K/D] [Instant],Instagram,Followers/Subscribers,Instagram Followers [Up to Date Speed - 06.12.2025],90.256,2.8205,5,500000,Yes,Yes,No,USD
28322,Instagram Followers [Real] [30 Days Auto Refill] [5-10K/D] [Start Instant],Instagram,Followers/Subscribers,Instagram Followers [Up to Date Speed - 06.12.2025],73.2256,2.2883,10,100000,Yes,Yes,No,USD
28323,Instagram Followers [Real + High Quality] [Low Drop] [100-200K/D] [Start 0-10 Minutes],Instagram,Followers/Subscribers,Instagram Followers [Up to Date Speed - 06.12.2025],97.2,3.0375,10,500000,No,Yes,No,USD
28324,Instagram Followers [Real + High Quality] [30 Days Refill] [Low Drop] [100-200K/D] [Start 0-10 Minutes],Instagram,Followers/Subscribers,Instagram Followers [Up to Date Speed - 06.12.2025],111.0848,3.4714,10,500000,No,Yes,No,USD
28325,Instagram Followers [Old Accounts] [No Refill] [200-400K/D] [Instant],Instagram,Followers/Subscribers,Instagram Followers [Up to Date Speed - 06.12.2025],117.456,3.6705,10,50000000,No,Yes,No,USD
28326,Instagram Followers [Real Accounts] [No Refill] [50K/D] [Instant],Instagram,Followers/Subscribers,Instagram Followers [Reliable for Drop - 05.12.2025],19.8304,0.6197,10,1000000,No,Yes,No,USD
28327,Instagram Followers [30 Days Refill] [Extreme Speed] [Cancel Enabled] [300-500K/D] [Instant],Instagram,Followers/Subscribers,Instagram Followers [Reliable for Drop - 05.12.2025],26.0352,0.8136,100,500000,No,No,No,USD
28328,Instagram Followers [Real Accounts] [30 Days Refill] [50K/D] [Instant],Instagram,Followers/Subscribers,Instagram Followers [Reliable for Drop - 05.12.2025],38.1856,1.1933,10,10000000,Yes,No,No,USD
28329,Instagram Followers [All Flag Types] [30 Days Refill] [5-10K/D] [Instant],Instagram,Followers/Subscribers,Instagram Followers [Reliable for Drop - 05.12.2025],42.96,1.3425,10,500000,No,No,No,USD
28330,Instagram Followers [Real Accounts] [365 Days Refill] [50K/D] [Instant],Instagram,Followers/Subscribers,Instagram Followers [Reliable for Drop - 05.12.2025],46.864,1.4645,10,10000000,No,No,No,USD
28337,Instagram Followers [Old Accounts] [Lifetime Refill] [100K/D] [Instant],Instagram,Followers/Subscribers,Instagram Followers [Reliable for Drop - 05.12.2025],49.9904,1.5622,100,50000000,Yes,Yes,No,USD
28338,Instagram Followers [Old Accounts] [365 Days Refill] [100K/D] [Instant],Instagram,Followers/Subscribers,Instagram Followers [Reliable for Drop - 05.12.2025],52.0704,1.6272,10,10000000,No,Yes,No,USD
28332,Instagram Followers [All Flag Types] [Low Drop] [30 Days Refill] [2-3K/D] [Instant],Instagram,Followers/Subscribers,Instagram Followers [Reliable for Drop - 05.12.2025],69.4272,2.1696,10,10000,No,No,No,USD
28333,Instagram Followers [Real Accounts] [Lifetime Refill] [50K/D] [Instant],Instagram,Followers/Subscribers,Instagram Followers [Reliable for Drop - 05.12.2025],72.8992,2.2781,10,10000000,Yes,No,No,USD
28331,Instagram Followers [Old Accounts] [All Types] [365 Days Refill] [20-100K/D] [Button is Working],Instagram,Followers/Subscribers,Instagram Followers [Reliable for Drop - 05.12.2025],86.784,2.712,10,5000000,Yes,No,No,USD
28334,Instagram Followers [All Flag Types] [30 Days Refill Button] [Cancel Enabled] [50-100K/D] [Instant],Instagram,Followers/Subscribers,Instagram Followers [Reliable for Drop - 05.12.2025],90.256,2.8205,10,500000,Yes,Yes,No,USD
28335,Instagram Followers [All Flag Types] [60 Days Refill] [50-100K/D] [Instant],Instagram,Followers/Subscribers,Instagram Followers [Reliable for Drop - 05.12.2025],97.2,3.0375,10,1000000,No,No,No,USD
28336,Instagram Followers [All Flag Types] [365 Days Refill] [Cancel Enabled] [50-100K/D] [Instant] [Read Description],Instagram,Followers/Subscribers,Instagram Followers [Reliable for Drop - 05.12.2025],104.1408,3.2544,10,5000000,No,No,No,USD
28339,Instagram Followers [All Flag Types] [Low Drop] [30 Days Refill] [10-20K/D] [0-4/H],Instagram,Followers/Subscribers,Instagram Followers [Reliable for Drop - 05.12.2025],131.9136,4.1223,50,500000,Yes,Yes,No,USD
28340,Instagram Followers [All Flag Types] [High Quality] [Low Drop] [30 Days Refill] [1-2K/D] [Instant],Instagram,Followers/Subscribers,Instagram Followers [Reliable for Drop - 05.12.2025],145.7984,4.5562,10,20000,Yes,Yes,No,USD
28341,Instagram Followers [Real] [Cancel Enabled] [30 Days Refill] [50-100K/D] [Instant],Instagram,Followers/Subscribers,Instagram Followers [High Quality + Smooth Service],24.9952,0.7811,10,100000,No,No,No,USD
28342,Instagram Followers [Real] [Cancel Enabled] [60 Days Refill] [50-100K/D] [Instant],Instagram,Followers/Subscribers,Instagram Followers [High Quality + Smooth Service],48.6016,1.5188,10,100000,No,No,No,USD
28343,Instagram Followers [Real] [Cancel Enabled] [90 Days Refill] [50-100K/D] [Instant],Instagram,Followers/Subscribers,Instagram Followers [High Quality + Smooth Service],59.0144,1.8442,10,100000,No,No,No,USD
28344,Instagram Followers [Real] [Cancel Enabled] [365 Days Refill] [50-100K/D] [Instant],Instagram,Followers/Subscribers,Instagram Followers [High Quality + Smooth Service],69.4272,2.1696,10,100000,No,Yes,No,USD
28345,Instagram Followers [Real] [Cancel Enabled] [Lifetime Refill] [50-100K/D] [Instant],Instagram,Followers/Subscribers,Instagram Followers [High Quality + Smooth Service],83.3152,2.6036,10,100000,No,No,No,USD
28346,Instagram Followers [Mix Quality] [30 Days Refill] [Cancel Enabled] [20-40K/D] [Instant],Instagram,Followers/Subscribers,Instagram Followers [Almost No Drop] [Refill: Unlimited],48.6016,1.5188,10,100000,No,No,No,USD
28347,Instagram Followers [Mix Quality] [60 Days Refill] [Cancel Enabled] [20-40K/D] [Instant],Instagram,Followers/Subscribers,Instagram Followers [Almost No Drop] [Refill: Unlimited],55.5424,1.7357,10,100000,No,No,No,USD
28348,Instagram Followers [Mix Quality] [90 Days Refill] [Cancel Enabled] [20-40K/D] [Instant],Instagram,Followers/Subscribers,Instagram Followers [Almost No Drop] [Refill: Unlimited],65.9584,2.0612,10,100000,No,No,No,USD
28349,Instagram Followers [Mix Quality] [365 Days Refill] [Cancel Enabled] [20-40K/D] [Instant],Instagram,Followers/Subscribers,Instagram Followers [Almost No Drop] [Refill: Unlimited],90.256,2.8205,10,100000,No,No,No,USD
28350,Instagram Followers [Mix Quality] [Lifetime Refill] [Cancel Enabled] [20-40K/D] [Instant],Instagram,Followers/Subscribers,Instagram Followers [Almost No Drop] [Refill: Unlimited],104.1408,3.2544,10,100000,No,No,No,USD
28351,Instagram Followers [Mix Quality] [No Refill] [20K/D] [Instant],Instagram,Followers/Subscribers,Instagram Followers [Cheap],20.8288,0.6509,100,200000,No,No,No,USD
28352,Instagram Followers [Mix Quality] [30 Days Refill] [20K/D] [Instant],Instagram,Followers/Subscribers,Instagram Followers [Cheap],32.9792,1.0306,100,200000,No,No,No,USD
28353,Instagram Followers [Mix Quality] [60 Days Refill] [20K/D] [Instant],Instagram,Followers/Subscribers,Instagram Followers [Cheap],36.4512,1.1391,100,200000,No,No,No,USD
28354,Instagram Followers [Mix Quality] [90 Days Refill] [20K/D] [Instant],Instagram,Followers/Subscribers,Instagram Followers [Cheap],41.6576,1.3018,100,200000,No,No,No,USD
28355,Instagram Followers [Mix Quality] [365 Days Refill] [20K/D] [Instant],Instagram,Followers/Subscribers,Instagram Followers [Cheap],48.6016,1.5188,100,200000,No,No,No,USD
28356,Instagram Followers [Mix Quality] [Lifetime Refill] [20K/D] [Instant],Instagram,Followers/Subscribers,Instagram Followers [Cheap],53.808,1.6815,100,200000,No,No,No,USD
28357,Instagram Followers [Mixed] [Low Drop] [10K/D] [0-1/H],Instagram,Followers/Subscribers,Instagram Followers [Cheap - Different Bases],8.3328,0.2604,100,100000,No,No,No,USD
28363,Instagram Followers [Mix Quality] [No Refill] [30K/D] [0-1/H],Instagram,Followers/Subscribers,Instagram Followers [Cheap - Different Bases],10.416,0.3255,50,100000,No,No,No,USD
28362,Instagram Followers [Mix Quality] [No Refill] [20K/D] [Instant],Instagram,Followers/Subscribers,Instagram Followers [Cheap - Different Bases],17.3568,0.5424,250,50000,No,Yes,No,USD
28358,Instagram Followers [Real Quality] [No Refill] [50K/D] [0-2/H],Instagram,Followers/Subscribers,Instagram Followers [Cheap - Different Bases],19.0944,0.5967,10,500000,No,No,No,USD
28359,Instagram Followers [Mix Quality] [No Refill] [50K/D] [0-24/H],Instagram,Followers/Subscribers,Instagram Followers [Cheap - Different Bases],19.1616,0.5988,100,100000,No,No,No,USD
28360,Instagram Followers [Mix Quality] [No Refill] [20K/D] [0-24/H],Instagram,Followers/Subscribers,Instagram Followers [Cheap - Different Bases],26.0352,0.8136,100,500000,No,No,No,USD
28361,Instagram Followers [All Flag Types] [High Speed] [Cancel Enabled] [100-200K/D] [Instant],Instagram,Followers/Subscribers,Instagram Followers [Cheap - Different Bases],33.4304,1.0447,10,1000000,No,No,No,USD
28364,Instagram Followers [Real Quality] [No Refill] [30K/D] [Instant],Instagram,Followers/Subscribers,Instagram Followers [Cheap - Different Bases],48.6016,1.5188,10,500000,No,No,No,USD
28365,Instagram Followers [All Flags] [No Refill] [100K/D] [Instant],Instagram,Followers/Subscribers,Instagram Followers [Latest - Refill + Button],10.416,0.3255,1,100000000,No,Yes,No,USD
28368,Instagram Followers [All Flags] [No Refill] [200K/D] [Instant],Instagram,Followers/Subscribers,Instagram Followers [Latest - Refill + Button],31.2032,0.9751,10,100000000,No,Yes,No,USD
28366,Instagram Followers [No Refill] [100K/D] [Instant],Instagram,Followers/Subscribers,Instagram Followers [Latest - Refill + Button],32.4416,1.0138,10,50000000,No,Yes,No,USD
28367,Instagram Followers [Highest Speed] [500K-1M/D] [Instant],Instagram,Followers/Subscribers,Instagram Followers [Latest - Refill + Button],32.752,1.0235,10,50000000,No,Yes,No,USD
28369,Instagram Followers [All Flag Types] [High Drop] [Cancel Enabled] [200-400K/D] [Instant],Instagram,Followers/Subscribers,Instagram Followers [Latest - Refill + Button],45.5808,1.4244,10,10000000,No,Yes,No,USD
28370,Instagram Followers [All Flag Types] [Low Drop] [Cancel Enabled] [50-100K/D] [Instant],Instagram,Followers/Subscribers,Instagram Followers [Latest - Refill + Button],51.8912,1.6216,1,5000000,No,Yes,No,USD
28371,Instagram Followers [Old Accounts] [No Refill] [200-400K+/D] [Instant],Instagram,Followers/Subscribers,Instagram Followers [Latest - Refill + Button],71.8784,2.2462,10,10000000,No,Yes,No,USD
28372,Instagram Followers [All Flags] [365 Days Refill Button Working] [1 Time Refill] [100K/D] [Instant],Instagram,Followers/Subscribers,Instagram Followers [Latest - Refill + Button],87.6544,2.7392,10,100000000,Yes,Yes,No,USD
28373,Instagram Followers [All Flags] [30 Days Refill Button Working] [Unlimited Refill] [100K/D] [Instant],Instagram,Followers/Subscribers,Instagram Followers [Latest - Refill + Button],140.2432,4.3826,10,100000000,Yes,Yes,No,USD
28374,Instagram Followers [All Flags] [365 Days Refill Button Working] [Unlimited Refill] [100K/D] [Instant],Instagram,Followers/Subscribers,Instagram Followers [Latest - Refill + Button],210.3648,6.5739,10,100000000,Yes,Yes,No,USD
28375,Instagram Followers [Old Accounts] [No Refill] [50K/D] [Instant],Instagram,Followers/Subscribers,Instagram Followers [Old Accounts + Low Drop],34.7136,1.0848,10,500000,No,Yes,No,USD
28376,Instagram Followers [Old Accounts] [30 Days Refill] [50K/D] [Instant],Instagram,Followers/Subscribers,Instagram Followers [Old Accounts + Low Drop],43.392,1.356,10,500000,No,Yes,No,USD
28377,Instagram Followers [Old Accounts] [60 Days Refill] [50K/D] [Instant],Instagram,Followers/Subscribers,Instagram Followers [Old Accounts + Low Drop],52.0704,1.6272,10,500000,No,Yes,No,USD
28378,Instagram Followers [Old Accounts] [90 Days Refill] [50K/D] [Instant],Instagram,Followers/Subscribers,Instagram Followers [Old Accounts + Low Drop],62.4864,1.9527,10,500000,No,Yes,No,USD
28379,Instagram Followers [Old Accounts] [365 Days Refill] [50K/D] [Instant],Instagram,Followers/Subscribers,Instagram Followers [Old Accounts + Low Drop],72.8992,2.2781,10,500000,No,Yes,No,USD
28380,Instagram Followers [Old Accounts] [Lifetime Refill] [50K/D] [Instant],Instagram,Followers/Subscribers,Instagram Followers [Old Accounts + Low Drop],83.3152,2.6036,10,500000,No,Yes,No,USD
28381,Instagram Indian Likes [Premium Quality] [No Drop] [50K/D] [Instant],Instagram,Likes/Reactions,Instagram Premium Quality Indian Likes [Stories + Power Accounts - Exclusive Service],9.7216,0.3038,10,50000,No,No,No,USD
28382,Instagram Indian Likes [Premium Quality] [No Drop] [30 Days Refill] [50K/D] [Instant],Instagram,Likes/Reactions,Instagram Premium Quality Indian Likes [Stories + Power Accounts - Exclusive Service],10.416,0.3255,10,50000,No,No,No,USD
28383,Instagram Indian Likes [Premium Quality] [No Drop] [Lifetime Guaranteed] [50K/D] [Instant],Instagram,Likes/Reactions,Instagram Premium Quality Indian Likes [Stories + Power Accounts - Exclusive Service],12.1504,0.3797,10,50000,No,No,No,USD
28385,Instagram Followers [High Quality+ Real] [365 Days Refill] [Extreme Speed] [500K/D] [Instant],Instagram,Followers/Subscribers,Instagram Followers [Extreme Speed Instant - All Flags] [Our Service - Stable Speed],121.4976,3.7968,100,500000,No,No,No,USD
28386,Instagram Followers [High Quality+ Real] [Lifetime Refill] [Extreme Speed] [500K/D] [Instant],Instagram,Followers/Subscribers,Instagram Followers [Extreme Speed Instant - All Flags] [Our Service - Stable Speed],138.8544,4.3392,100,500000,No,No,No,USD
28387,Instagram Followers [High Quality+ Real] [90 Days Refill] [50-100K/D] [0-1/H],Instagram,Followers/Subscribers,Instagram Followers [Real - All Flags] [Refill - %100],86.784,2.712,10,200000,No,No,No,USD
28388,Instagram Followers [High Quality+ Real] [365 Days Refill] [50-100K/D] [0-1/H],Instagram,Followers/Subscribers,Instagram Followers [Real - All Flags] [Refill - %100],104.1408,3.2544,10,200000,No,No,No,USD
28389,Instagram Followers [High Quality+ Real] [Lifetime Refill] [50-100K/D] [0-1/H],Instagram,Followers/Subscribers,Instagram Followers [Real - All Flags] [Refill - %100],121.4976,3.7968,10,200000,No,No,No,USD
28390,Instagram Followers [High Quality+ Real] [30 Days Refill] [50K/D] [Instant],Instagram,Followers/Subscribers,Instagram Followers [Provider - All Flags]  [Min 200 - Speed Maximum]  [Refill: Unlimited],97.2,3.0375,200,50000,No,No,No,USD
28391,Instagram Followers [High Quality+ Real] [60 Days Refill] [50K/D] [Instant],Instagram,Followers/Subscribers,Instagram Followers [Provider - All Flags]  [Min 200 - Speed Maximum]  [Refill: Unlimited],111.0848,3.4714,200,50000,No,No,No,USD
28392,Instagram Followers [High Quality+ Real] [90 Days Refill] [50K/D] [Instant],Instagram,Followers/Subscribers,Instagram Followers [Provider - All Flags]  [Min 200 - Speed Maximum]  [Refill: Unlimited],124.9696,3.9053,200,50000,No,No,No,USD
28393,Instagram Followers [High Quality+ Real] [365 Days Refill] [50K/D] [Instant],Instagram,Followers/Subscribers,Instagram Followers [Provider - All Flags]  [Min 200 - Speed Maximum]  [Refill: Unlimited],152.7424,4.7732,200,50000,No,No,No,USD
28394,Instagram Followers [High Quality+ Real] [Lifetime Refill] [50K/D] [Instant],Instagram,Followers/Subscribers,Instagram Followers [Provider - All Flags]  [Min 200 - Speed Maximum]  [Refill: Unlimited],173.568,5.424,200,50000,No,No,No,USD
28395,Instagram Followers [High Quality] [No Refill] [50K/D] [Instant] [Emergeny],Instagram,Followers/Subscribers,Instagram Followers [Provider - All Flags - Emergency Server],114.5568,3.5799,10,50000,No,No,No,USD
28396,Instagram Followers [High Quality] [30 Days Refill] [50K/D] [Instant] [Emergeny],Instagram,Followers/Subscribers,Instagram Followers [Provider - All Flags - Emergency Server],156.2112,4.8816,10,50000,No,No,No,USD
28397,Instagram Followers [High Quality] [No Refill] [50K/D] [Instant] [Working],Instagram,Followers/Subscribers,Instagram Followers [High Quality - All Flags] [Low Drop Rate],52.0704,1.6272,10,100000,No,No,No,USD
28398,Instagram Followers [High Quality] [30 Days Refill] [50K/D] [Instant] [Working],Instagram,Followers/Subscribers,Instagram Followers [High Quality - All Flags] [Low Drop Rate],83.3152,2.6036,10,100000,No,No,No,USD
28399,Instagram Followers [High Quality] [60 Days Refill] [50K/D] [Instant] [Working],Instagram,Followers/Subscribers,Instagram Followers [High Quality - All Flags] [Low Drop Rate],104.1408,3.2544,10,100000,No,No,No,USD
28400,Instagram Followers [High Quality] [90 Days Refill] [50K/D] [Instant] [Working],Instagram,Followers/Subscribers,Instagram Followers [High Quality - All Flags] [Low Drop Rate],121.4976,3.7968,10,100000,No,No,No,USD
28401,Instagram Followers [High Quality] [60 Days Refill] [100K/D] [Instant] [Working],Instagram,Followers/Subscribers,Instagram Followers [High Quality - All Flags] [Faster],62.4864,1.9527,10,100000,No,No,No,USD
28402,Instagram Followers [High Quality] [90 Days Refill] [100K/D] [Instant] [Working],Instagram,Followers/Subscribers,Instagram Followers [High Quality - All Flags] [Faster],76.3712,2.3866,10,100000,No,No,No,USD
28403,Instagram Followers [High Quality] [120 Days Refill] [100K/D] [Instant] [Working],Instagram,Followers/Subscribers,Instagram Followers [High Quality - All Flags] [Faster],90.256,2.8205,10,100000,No,No,No,USD
28404,Instagram Followers [All Flag Types] [High Quality + Real] [Low Drop] [200-400K/D] [0-1/H],Instagram,Followers/Subscribers,Instagram Followers  [Provider - Medium Speed] [Working],19.0944,0.5967,10,1000000,No,No,No,USD
28405,Instagram Followers [All Flag Types] [High Quality + Real] [Low Drop] [30 Days Refill] [200-400K/D] [0-1/H],Instagram,Followers/Subscribers,Instagram Followers  [Provider - Medium Speed] [Working],27.7728,0.8679,10,1000000,No,No,No,USD
28406,Instagram Followers [All Flag Types] [High Quality + Real] [Low Drop] [30-50K/D] [0-1/H],Instagram,Followers/Subscribers,Instagram Followers [Provider - High Speed] [Always Working],57.28,1.79,10,1000000,No,No,No,USD
28407,Instagram Followers [All Flag Types] [High Quality + Real] [Low Drop] [100-200K/D] [0-1/H] [Faster],Instagram,Followers/Subscribers,Instagram Followers [Provider - High Speed] [Always Working],57.28,1.79,10,1000000,No,No,No,USD
28408,Instagram Followers [All Flag Types] [High Quality + Real] [Low Drop] [30 Days Refill] [100-200K/D] [0-1/H],Instagram,Followers/Subscribers,Instagram Followers [Provider - High Speed] [Always Working],76.3712,2.3866,10,1000000,No,No,No,USD
28409,Instagram Followers [All Flag Types] [High Quality + Real] [Low Drop] [365 Days Refill] [100-200K/D] [0-1/H],Instagram,Followers/Subscribers,Instagram Followers [Provider - High Speed] [Always Working],86.784,2.712,10,1000000,No,No,No,USD
28410,Instagram Followers [All Flag Types] [Low Drop] [50-100K/D] [Instant],Instagram,Followers/Subscribers,Instagram Quality Followers [High Speed],57.28,1.79,10,1000000,No,No,No,USD
28411,Instagram Followers [All Flag Types] [Low Drop] [30 Days Refill] [Cancel Enabled] [50-100K/D] [Instant],Instagram,Followers/Subscribers,Instagram Quality Followers [High Speed],69.4272,2.1696,10,1000000,No,No,No,USD
28412,Instagram Followers [All Flag Types] [Low Drop] [60 Days Refill] [Cancel Enabled] [50-100K/D] [Instant],Instagram,Followers/Subscribers,Instagram Quality Followers [High Speed],76.3712,2.3866,10,1000000,No,No,No,USD
28413,Instagram Followers [All Flag Types] [Low Drop] [90 Days Refill] [Cancel Enabled] [50-100K/D] [Instant],Instagram,Followers/Subscribers,Instagram Quality Followers [High Speed],83.3152,2.6036,10,1000000,No,No,No,USD
28414,Instagram Followers [All Flag Types] [Low Drop] [365 Days Refill] [Cancel Enabled] [50-100K/D] [Instant],Instagram,Followers/Subscribers,Instagram Quality Followers [High Speed],90.256,2.8205,10,1000000,No,No,No,USD
28415,Instagram Followers [All Flag Types] [Low Drop] [Lifetime Refill] [Cancel Enabled] [50-100K/D] [Instant],Instagram,Followers/Subscribers,Instagram Quality Followers [High Speed],97.2,3.0375,10,1000000,No,No,No,USD
28416,Instagram Followers [All Flag Types] [Extreme Speed] [Cancel Enabled] [300-500K/D] [Instant],Instagram,Followers/Subscribers,Instagram Quality Followers [Extreme Speed],22.1312,0.6916,10,5000000,No,No,No,USD
28417,Instagram Followers [All Flag Types] [Extreme Speed] [30 Days Refill] [Cancel Enabled] [300-500K/D] [Instant],Instagram,Followers/Subscribers,Instagram Quality Followers [Extreme Speed],29.2128,0.9129,10,5000000,No,Yes,No,USD
28418,Instagram Followers [All Flag Types] [Extreme Speed] [60 Days Refill] [Cancel Enabled] [300-500K/D] [Instant],Instagram,Followers/Subscribers,Instagram Quality Followers [Extreme Speed],31.8688,0.9959,10,5000000,No,Yes,No,USD
28419,Instagram Followers [All Flag Types] [Extreme Speed] [90 Days Refill] [Cancel Enabled] [300-500K/D] [Instant],Instagram,Followers/Subscribers,Instagram Quality Followers [Extreme Speed],38.9504,1.2172,10,5000000,No,Yes,No,USD
28420,Instagram Followers [All Flag Types] [Extreme Speed] [365 Days Refill] [Cancel Enabled] [300-500K/D] [Instant],Instagram,Followers/Subscribers,Instagram Quality Followers [Extreme Speed],49.5744,1.5492,10,5000000,No,Yes,No,USD
28421,Instagram Followers [All Flag Types] [Extreme Speed] [365 Days Refill] [Cancel Enabled] [300-500K/D] [Instant],Instagram,Followers/Subscribers,Instagram Quality Followers [Extreme Speed],53.1136,1.6598,10,5000000,No,Yes,No,USD
28422,Instagram Likes [Premium Quality] [World Wide] [R30] [500-1K/D] [0-1/H] ,Instagram,Followers/Subscribers,Instagram Followers and Likes [High Quality Mostly Private Profiles],4.1664,0.1302,10,10000,No,No,No,USD
28423,Instagram Followers [Premium Quality] [World Wide] [R30] [500-1K/D] [0-1/H] ,Instagram,Followers/Subscribers,Instagram Followers and Likes [High Quality Mostly Private Profiles],41.6576,1.3018,10,10000,No,No,No,USD
28424,Instagram Likes [High Quality + Real] [No Drop] [100K/D] [0-1/H],Instagram,Likes/Reactions,Instagram Likes  [Provider - High Speed] [Always Working],10.0672,0.3146,10,100000,No,No,No,USD
28425,Instagram Likes [High Quality + Real] [No Drop] [30 Days Refill] [100K/D] [0-1/H],Instagram,Likes/Reactions,Instagram Likes  [Provider - High Speed] [Always Working],11.1104,0.3472,10,100000,No,No,No,USD
28426,Instagram Likes [Mix Quality]] [20K/D] [Start Instant] [Slow Now],Instagram,Likes/Reactions,Instagram Likes [Working Fast - Different Bases],2.4992,0.0781,100,100000,No,No,No,USD
28428,Instagram Likes [Mix Quality] [No Drop] [20K/D] [Start Instant],Instagram,Likes/Reactions,Instagram Likes [Working Fast - Different Bases],3.648,0.114,50,200000,No,No,No,USD
28430,Instagram Likes [Mix Quality] [Refill: 30 Days] [No Drop] [100K/D] [Start 2 Hours],Instagram,Likes/Reactions,Instagram Likes [Working Fast - Different Bases],6.0512,0.1891,50,200000,Yes,Yes,No,USD
28429,Instagram Likes [Mix Quality] [Refill: 30 Days] [No Drop] [100K/D] [Start 30 Minutes],Instagram,Likes/Reactions,Instagram Likes [Working Fast - Different Bases],6.56,0.205,50,200000,No,No,No,USD
28427,Instagram Likes [Mix] [Low Drop] [Cancel Enabled] [50K+/D] [Instant],Instagram,Likes/Reactions,Instagram Likes [Working Fast - Different Bases],6.688,0.209,10,200000,No,Yes,No,USD
28433,Instagram Likes + Reach [Mix Quality] [Refill: 30 Days] [No Drop] [100K/D] [Instant],Instagram,Views/Plays,Instagram Likes [Working Fast - Different Bases],6.7808,0.2119,10,200000,Yes,Yes,No,USD
28444,Instagram Likes [5-10K/D] [Start 5-10 Min],Instagram,Likes/Reactions,Instagram Likes [Working Fast - Different Bases],7.5008,0.2344,50,100000,No,Yes,No,USD
28442,Instagram Likes [Mix Quality] [Refill: 30 Days] [No Drop] [100K/D] [Instant],Instagram,Likes/Reactions,Instagram Likes [Working Fast - Different Bases],8.7488,0.2734,10,200000,Yes,Yes,No,USD
28431,Instagram Likes [High Quality] [No Drop] [20K/D] [Start Instant],Instagram,Likes/Reactions,Instagram Likes [Working Fast - Different Bases],9.1136,0.2848,10,50000,No,No,No,USD
28445,Instagram Brazil Likes [High Quality] [500/D] [0-1/H],Instagram,Likes/Reactions,Instagram Likes [Working Fast - Different Bases],9.3728,0.2929,10,10000,No,No,No,USD
28432,Instagram Likes [Mix Indian] [Cancel Enabled] [5K/H] [Instant],Instagram,Likes/Reactions,Instagram Likes [Working Fast - Different Bases],9.7504,0.3047,20,5000,No,No,No,USD
28434,Instagram Likes [Mix Indian] [Cancel Enabled] [10K/H] [Instant],Instagram,Likes/Reactions,Instagram Likes [Working Fast - Different Bases],10.832,0.3385,20,1000000,No,No,No,USD
28440,Instagram Likes [Mix Quality] [Refill: 30 Days] [No Drop] [200K/D] [Instant],Instagram,Likes/Reactions,Instagram Likes [Working Fast - Different Bases],10.9376,0.3418,100,200000,Yes,Yes,No,USD
28441,Instagram Likes [Mix Quality] [Refill: 30 Days] [No Drop] [200K/D] [Instant],Instagram,Likes/Reactions,Instagram Likes [Working Fast - Different Bases],10.9376,0.3418,10,200000,Yes,Yes,No,USD
28435,Instagram Likes [100K/D] [Instant],Instagram,Likes/Reactions,Instagram Likes [Working Fast - Different Bases],11.4432,0.3576,10,10000,No,No,No,USD
28436,Instagram Likes [Mix Quality] [Refill: 30 Days] [No Drop] [100K/D] [Instant],Instagram,Likes/Reactions,Instagram Likes [Working Fast - Different Bases],12.0288,0.3759,10,100000,Yes,Yes,No,USD
28437,Instagram Likes [Low Quality] [No Refill] [High Speed] [100K/D] [Instant],Instagram,Likes/Reactions,Instagram Likes [Working Fast - Different Bases],12.2592,0.3831,10,100000,No,Yes,No,USD
28438,Instagram Likes [20-50K/D] [Start 5-10 Min],Instagram,Likes/Reactions,Instagram Likes [Working Fast - Different Bases],13.7504,0.4297,10,100000,No,Yes,No,USD
28439,Instagram Likes [20-50K/D] [Start 10 Minutes],Instagram,Likes/Reactions,Instagram Likes [Working Fast - Different Bases],17.3568,0.5424,50,100000,No,Yes,No,USD
28443,Instagram Real Likes [High Quality] [3-5K/D] [Instant],Instagram,Likes/Reactions,Instagram Likes [Working Fast - Different Bases],19.0944,0.5967,10,100000,No,Yes,No,USD
28446,Instagram Real Likes [High Quality] [5-10K/D] [Instant],Instagram,Likes/Reactions,Instagram Likes [Working Fast - Different Bases],38.1856,1.1933,10,100000,No,Yes,No,USD
28448,Instagram Likes [Real] [High Quality] [50-100K/D] [Super Instant],Instagram,Likes/Reactions,Instagram Likes [Working Fast - Different Bases],49.4688,1.5459,10,100000,No,No,No,USD
28447,Instagram Likes [High Quality] [30-50K/D] [0-6/H],Instagram,Likes/Reactions,Instagram Likes [Working Fast - Different Bases],49.9008,1.5594,10,150000,No,No,No,USD
28449,Instagram Likes [Mix Accounts] [5-10K/D] [0-1/H],Instagram,Likes/Reactions,Instagram Likes [Mostly Instant - Very Stable Server] [Different Warranty Periods],8.6784,0.2712,10,30000,No,No,No,USD
28450,Instagram Likes [Mix Accounts] [30 Days Refill] [5-10K/D] [0-1/H],Instagram,Likes/Reactions,Instagram Likes [Mostly Instant - Very Stable Server] [Different Warranty Periods],9.3728,0.2929,10,30000,No,No,No,USD
28451,Instagram Likes [Mix Accounts] [60 Days Refill] [5-10K/D] [0-1/H],Instagram,Likes/Reactions,Instagram Likes [Mostly Instant - Very Stable Server] [Different Warranty Periods],9.7216,0.3038,10,30000,No,No,No,USD
28452,Instagram Likes [Mix Accounts] [90 Days Refill] [5-10K/D] [0-1/H],Instagram,Likes/Reactions,Instagram Likes [Mostly Instant - Very Stable Server] [Different Warranty Periods],10.0672,0.3146,10,30000,No,No,No,USD
28453,Instagram Likes [Mix Accounts] [365 Days Refill] [5-10K/D] [0-1/H],Instagram,Likes/Reactions,Instagram Likes [Mostly Instant - Very Stable Server] [Different Warranty Periods],10.416,0.3255,10,30000,No,No,No,USD
28454,Instagram Likes [Mix Accounts] [Lifetime Refill] [5-10K/D] [0-1/H],Instagram,Likes/Reactions,Instagram Likes [Mostly Instant - Very Stable Server] [Different Warranty Periods],10.7616,0.3363,10,30000,No,No,No,USD
28455,Telegram Members [30 Days No Drop] [100K/D] [Instant] [High Speed],Telegram,Followers/Subscribers,New Things,15.5616,0.4863,500,100000,No,Yes,No,USD
28456,Telegram Premium Members + Views [3 Days Premium NonDrop] [Cancel Button Enabled] [Instant],Telegram,Followers/Subscribers,Telegram Premium Members [With Views] [NEW BASE] [Provider - Base Increased 50.000 - 26.12.2025],83.3152,2.6036,10,150000,No,Yes,No,USD
28457,Telegram Premium Members + Views [7 Days Premium NonDrop] [Cancel Button Enabled] [Instant],Telegram,Followers/Subscribers,Telegram Premium Members [With Views] [NEW BASE] [Provider - Base Increased 50.000 - 26.12.2025],104.1408,3.2544,10,150000,No,Yes,No,USD
28458,Telegram Premium Members + Views [10 Days Premium NonDrop] [Cancel Button Enabled] [Instant],Telegram,Followers/Subscribers,Telegram Premium Members [With Views] [NEW BASE] [Provider - Base Increased 50.000 - 26.12.2025],145.7984,4.5562,10,150000,No,Yes,No,USD
28459,Telegram Premium Members + Views [15 Days Premium NonDrop] [Cancel Button Enabled] [Instant],Telegram,Followers/Subscribers,Telegram Premium Members [With Views] [NEW BASE] [Provider - Base Increased 50.000 - 26.12.2025],187.456,5.858,10,150000,No,Yes,No,USD
28460,Telegram Premium Members + Views [20 Days Premium NonDrop] [Cancel Button Enabled] [Instant],Telegram,Followers/Subscribers,Telegram Premium Members [With Views] [NEW BASE] [Provider - Base Increased 50.000 - 26.12.2025],291.5968,9.1124,10,150000,No,Yes,No,USD
28461,Telegram Premium Members + Views [25 Days Premium NonDrop] [Cancel Button Enabled] [Instant],Telegram,Followers/Subscribers,Telegram Premium Members [With Views] [NEW BASE] [Provider - Base Increased 50.000 - 26.12.2025],316.5888,9.8934,10,150000,No,Yes,No,USD
28462,Telegram Premium Members + Views [30 Days Premium NonDrop] [Cancel Button Enabled] [Instant],Telegram,Followers/Subscribers,Telegram Premium Members [With Views] [NEW BASE] [Provider - Base Increased 50.000 - 26.12.2025],347.136,10.848,10,150000,No,Yes,No,USD
28463,Telegram Premium Members + Views [45 Days Premium NonDrop] [Cancel Button Enabled] [Instant],Telegram,Followers/Subscribers,Telegram Premium Members [With Views] [NEW BASE] [Provider - Base Increased 50.000 - 26.12.2025],499.8784,15.6212,10,150000,No,Yes,No,USD
28464,Telegram Premium Members + Views [60 Days Premium NonDrop] [Cancel Button Enabled] [Instant],Telegram,Followers/Subscribers,Telegram Premium Members [With Views] [NEW BASE] [Provider - Base Increased 50.000 - 26.12.2025],666.5024,20.8282,10,150000,No,Yes,No,USD
28465,Telegram Premium Members + Views [90 Days Premium NonDrop] [Cancel Button Enabled] [Instant],Telegram,Followers/Subscribers,Telegram Premium Members [With Views] [NEW BASE] [Provider - Base Increased 50.000 - 26.12.2025],916.4416,28.6388,10,150000,No,Yes,No,USD
28466,Telegram Premium Members + Views [180 Days Premium NonDrop] [Cancel Button Enabled] [Instant],Telegram,Followers/Subscribers,Telegram Premium Members [With Views] [NEW BASE] [Provider - Base Increased 50.000 - 26.12.2025],1666.2528,52.0704,10,150000,No,Yes,No,USD
28467,Telegram Premium Members Without Views [3 Days Premium NonDrop] [Cancel Button Enabled] [Instant],Telegram,Followers/Subscribers,Telegram Premium Members [Without Views] [NEW BASE] [Provider - Base Increased 50.000 - 26.12.2025],83.3152,2.6036,10,150000,No,Yes,No,USD
28468,Telegram Premium Members Without Views [7 Days Premium NonDrop] [Cancel Button Enabled] [Instant],Telegram,Followers/Subscribers,Telegram Premium Members [Without Views] [NEW BASE] [Provider - Base Increased 50.000 - 26.12.2025],104.1408,3.2544,10,150000,No,Yes,No,USD
28469,Telegram Premium Members Without Views [10 Days Premium NonDrop] [Cancel Button Enabled] [Instant],Telegram,Followers/Subscribers,Telegram Premium Members [Without Views] [NEW BASE] [Provider - Base Increased 50.000 - 26.12.2025],145.7984,4.5562,10,150000,No,Yes,No,USD
28470,Telegram Premium Members Without Views [15 Days Premium NonDrop] [Cancel Button Enabled] [Instant],Telegram,Followers/Subscribers,Telegram Premium Members [Without Views] [NEW BASE] [Provider - Base Increased 50.000 - 26.12.2025],187.456,5.858,10,150000,No,Yes,No,USD
28471,Telegram Premium Members Without Views [20 Days Premium NonDrop] [Cancel Button Enabled] [Instant],Telegram,Followers/Subscribers,Telegram Premium Members [Without Views] [NEW BASE] [Provider - Base Increased 50.000 - 26.12.2025],291.5968,9.1124,10,150000,No,Yes,No,USD
28472,Telegram Premium Members Without Views [25 Days Premium NonDrop] [Cancel Button Enabled] [Instant],Telegram,Followers/Subscribers,Telegram Premium Members [Without Views] [NEW BASE] [Provider - Base Increased 50.000 - 26.12.2025],316.5888,9.8934,10,150000,No,Yes,No,USD
28473,Telegram Premium Members Without Views [30 Days Premium NonDrop] [Cancel Button Enabled] [Instant],Telegram,Followers/Subscribers,Telegram Premium Members [Without Views] [NEW BASE] [Provider - Base Increased 50.000 - 26.12.2025],347.136,10.848,10,150000,No,Yes,No,USD
28474,Telegram Premium Members Without Views [45 Days Premium NonDrop] [Cancel Button Enabled] [Instant],Telegram,Followers/Subscribers,Telegram Premium Members [Without Views] [NEW BASE] [Provider - Base Increased 50.000 - 26.12.2025],499.8784,15.6212,10,150000,No,Yes,No,USD
28475,Telegram Premium Members Without Views [60 Days Premium NonDrop] [Cancel Button Enabled] [Instant],Telegram,Followers/Subscribers,Telegram Premium Members [Without Views] [NEW BASE] [Provider - Base Increased 50.000 - 26.12.2025],666.5024,20.8282,10,150000,No,Yes,No,USD
28476,Telegram Premium Members Without Views [90 Days Premium NonDrop] [Cancel Button Enabled] [Instant],Telegram,Followers/Subscribers,Telegram Premium Members [Without Views] [NEW BASE] [Provider - Base Increased 50.000 - 26.12.2025],916.4416,28.6388,10,150000,No,Yes,No,USD
28477,Telegram Premium Members Without Views [180 Days Premium NonDrop] [Cancel Button Enabled] [Instant],Telegram,Followers/Subscribers,Telegram Premium Members [Without Views] [NEW BASE] [Provider - Base Increased 50.000 - 26.12.2025],1666.2528,52.0704,10,150000,No,Yes,No,USD
28478,Telegram Premium Views [Instant],Telegram,Views/Plays,Telegram Premium Views [NEW BASE] [Provider - Base Increased 50.000 - 26.12.2025],2.9152,0.0911,10,150000,No,Yes,No,USD
28479,Telegram Premium Views [Last 5 Posts] [Instant],Telegram,Views/Plays,Telegram Premium Views [NEW BASE] [Provider - Base Increased 50.000 - 26.12.2025],14.5824,0.4557,10,150000,No,Yes,No,USD
28480,Telegram Premium Views [Last 20 Posts] [Instant],Telegram,Views/Plays,Telegram Premium Views [NEW BASE] [Provider - Base Increased 50.000 - 26.12.2025],58.32,1.8225,10,150000,No,Yes,No,USD
28481,Telegram Premium Views [Last 50 Posts] [Instant],Telegram,Views/Plays,Telegram Premium Views [NEW BASE] [Provider - Base Increased 50.000 - 26.12.2025],124.9696,3.9053,10,150000,No,Yes,No,USD
28482,Telegram Premium Views [Last 100 Posts] [Instant],Telegram,Views/Plays,Telegram Premium Views [NEW BASE] [Provider - Base Increased 50.000 - 26.12.2025],216.6144,6.7692,10,150000,No,Yes,No,USD
28483,Telegram Premium Boost Channel[Channel Story Activation] [1 Day],Telegram,Stories/Mentions,Telegram Premium Boost [NEW BASE] [Provider - Base Increased 50.000 - 26.12.2025],916.4416,28.6388,10,150000,No,Yes,No,USD
28484,Telegram Premium Boost Channel[Channel Story Activation] [7 Day],Telegram,Stories/Mentions,Telegram Premium Boost [NEW BASE] [Provider - Base Increased 50.000 - 26.12.2025],2207.7856,68.9933,10,150000,No,Yes,No,USD
28485,Telegram Premium Boost Channel[Channel Story Activation] [15 Day],Telegram,Stories/Mentions,Telegram Premium Boost [NEW BASE] [Provider - Base Increased 50.000 - 26.12.2025],4582.1952,143.1936,10,150000,No,Yes,No,USD
28486,Telegram Premium Boost Channel[Channel Story Activation] [30 Day],Telegram,Stories/Mentions,Telegram Premium Boost [NEW BASE] [Provider - Base Increased 50.000 - 26.12.2025],9997.5168,312.4224,10,150000,No,Yes,No,USD
28487,Telegram Members [30 Days Refill] [Cancel Enabled] [50-100K/D] [Instant],Telegram,Followers/Subscribers,Telegram Members [Provider - Warranty All Cases - 20.09.2025],15.9712,0.4991,10,200000,No,Yes,No,USD
28488,Telegram Members [60 Days Refill] [Cancel Enabled] [50-100K/D] [Instant],Telegram,Followers/Subscribers,Telegram Members [Provider - Warranty All Cases - 20.09.2025],18.0512,0.5641,10,200000,No,Yes,No,USD
28489,Telegram Members [90 Days Refill] [Cancel Enabled] [50-100K/D] [Instant],Telegram,Followers/Subscribers,Telegram Members [Provider - Warranty All Cases - 20.09.2025],22.5664,0.7052,10,200000,No,Yes,No,USD
28490,Telegram Members [180 Days Refill] [Cancel Enabled] [50-100K/D] [Instant],Telegram,Followers/Subscribers,Telegram Members [Provider - Warranty All Cases - 20.09.2025],36.4512,1.1391,10,200000,No,Yes,No,USD
28491,Telegram Members [270 Days Refill] [Cancel Enabled] [50-100K/D] [Instant],Telegram,Followers/Subscribers,Telegram Members [Provider - Warranty All Cases - 20.09.2025],43.392,1.356,10,200000,No,Yes,No,USD
28492,Telegram Members [365 Days Refill] [Cancel Enabled] [50-100K/D] [Instant],Telegram,Followers/Subscribers,Telegram Members [Provider - Warranty All Cases - 20.09.2025],52.0704,1.6272,10,200000,No,Yes,No,USD
28493,Telegram Members [Refill: 365 Days] [Speed: 50-100K/D] [Instant],Telegram,Followers/Subscribers,Telegram Members [No Drop - 11.11.2025],13.1936,0.4123,10,500000,No,Yes,No,USD
28495,Telegram Members [Refill: 365 Days] [Speed:10-20K/D] [Instant] [Base 2],Telegram,Followers/Subscribers,Telegram Members [No Drop - 11.11.2025],17.7568,0.5549,10,500000,No,Yes,No,USD
28494,Telegram Members [Refill: 365 Days] [Speed:30-50K/D] [Instant] [Base 1],Telegram,Followers/Subscribers,Telegram Members [No Drop - 11.11.2025],18.1408,0.5669,10,500000,No,Yes,No,USD
28496,Telegram Members [Refill: 365 Days] [Speed:60-100K/D] [Instant] [Base 3],Telegram,Followers/Subscribers,Telegram Members [No Drop - 11.11.2025],18.5216,0.5788,10,500000,No,Yes,No,USD
28497,Telegram Premium Members + Views [7 Days Premium] [Auto Cancel Stuck Orders] [Instant],Telegram,Followers/Subscribers,Telegram Premium Members [Provider - Latest - No Stuck - Fast Service],81.5776,2.5493,10,100000,No,Yes,No,USD
28498,Telegram Premium Members + Views [14 Days Premium] [Auto Cancel Stuck Orders] [Instant],Telegram,Followers/Subscribers,Telegram Premium Members [Provider - Latest - No Stuck - Fast Service],149.2704,4.6647,10,100000,No,Yes,No,USD
28499,Telegram Premium Members + Views [20-30 Days Premium] [Auto Cancel Stuck Orders] [Instant],Telegram,Followers/Subscribers,Telegram Premium Members [Provider - Latest - No Stuck - Fast Service],173.568,5.424,10,100000,No,Yes,No,USD
28500,Telegram Premium Members + Views [30-60 Days Premium] [Auto Cancel Stuck Orders] [Instant],Telegram,Followers/Subscribers,Telegram Premium Members [Provider - Latest - No Stuck - Fast Service],347.136,10.848,10,100000,No,Yes,No,USD
28501,Telegram Premium Members + Views [45 Days Premium] [Auto Cancel Stuck Orders] [Instant],Telegram,Followers/Subscribers,Telegram Premium Members [Provider - Latest - No Stuck - Fast Service],399.2064,12.4752,10,30000,No,Yes,No,USD
28502,Telegram Premium Members + Views [60 Days Premium] [Auto Cancel Stuck Orders] [Instant],Telegram,Followers/Subscribers,Telegram Premium Members [Provider - Latest - No Stuck - Fast Service],534.592,16.706,10,30000,No,Yes,No,USD
28503,Telegram Premium Members + Views [90 Days Premium] [Auto Cancel Stuck Orders] [Instant],Telegram,Followers/Subscribers,Telegram Premium Members [Provider - Latest - No Stuck - Fast Service],676.9152,21.1536,10,30000,No,Yes,No,USD
28504,Telegram Premium Members + Views [180 Days Premium] [Auto Cancel Stuck Orders] [Instant],Telegram,Followers/Subscribers,Telegram Premium Members [Provider - Latest - No Stuck - Fast Service],1162.9056,36.3408,10,30000,No,Yes,No,USD
28505,Telegram Premium Members [30 Days Premium] [Instant],Telegram,Followers/Subscribers,Telegram Premium Members [Provider - 16.10.2025],164.8896,5.1528,10,50000,No,Yes,No,USD
28506,Telegram Premium Members [High Quality] [Mostly Online] [3 Days Premium] [Instant],Telegram,Followers/Subscribers,Telegram Premium Members [Cheap Base],53.808,1.6815,10,50000,No,Yes,No,USD
28507,Telegram Premium Members [High Quality] [Mostly Online] [7 Days Premium] [Instant],Telegram,Followers/Subscribers,Telegram Premium Members [Cheap Base],104.1408,3.2544,10,50000,No,Yes,No,USD
28508,Telegram Premium Members [High Quality] [Mostly Online] [10 Days Premium] [Instant],Telegram,Followers/Subscribers,Telegram Premium Members [Cheap Base],138.8544,4.3392,10,50000,No,Yes,No,USD
28509,Telegram Premium Members [High Quality] [Mostly Online] [15 Days Premium] [Instant],Telegram,Followers/Subscribers,Telegram Premium Members [Cheap Base],182.2464,5.6952,10,50000,No,Yes,No,USD
28510,Telegram Premium Members [High Quality] [Mostly Online] [20 Days Premium] [Instant],Telegram,Followers/Subscribers,Telegram Premium Members [Cheap Base],225.6384,7.0512,10,50000,No,Yes,No,USD
28511,Telegram Premium Members [High Quality] [Mostly Online] [25 Days Premium] [Instant],Telegram,Followers/Subscribers,Telegram Premium Members [Cheap Base],242.9952,7.5936,10,50000,No,Yes,No,USD
28512,Telegram Premium Members [High Quality] [Mostly Online] [30 Days Premium] [Instant],Telegram,Followers/Subscribers,Telegram Premium Members [Cheap Base],275.9744,8.6242,10,50000,No,Yes,No,USD
28513,Telegram Premium Members [High Quality] [Mostly Online] [60 Days Premium] [Instant],Telegram,Followers/Subscribers,Telegram Premium Members [Cheap Base],531.12,16.5975,10,50000,No,Yes,No,USD
28514,Telegram Premium Members [High Quality] [Mostly Online] [90 Days Premium] [Instant],Telegram,Followers/Subscribers,Telegram Premium Members [Cheap Base],657.824,20.557,10,50000,No,Yes,No,USD
28515,Telegram Premium Members [High Quality] [Mostly Online] [180 Days Premium] [Instant],Telegram,Followers/Subscribers,Telegram Premium Members [Cheap Base],1145.5488,35.7984,10,50000,No,Yes,No,USD
28516,Telegram Premium Bot Start + Activity [5 Days] [Instant],Telegram,Other,Telegram Premium Bot Start [Cheap Base],86.784,2.712,10,50000,No,Yes,No,USD
28517,Telegram Premium Bot Start + Activity [7 Days] [Instant],Telegram,Other,Telegram Premium Bot Start [Cheap Base],98.9344,3.0917,10,50000,No,Yes,No,USD
28518,Telegram Premium Bot Start + Activity [10 Days] [Instant],Telegram,Other,Telegram Premium Bot Start [Cheap Base],104.1408,3.2544,10,50000,No,Yes,No,USD
28519,Telegram Premium Bot Start + Activity [15 Days] [Instant],Telegram,Other,Telegram Premium Bot Start [Cheap Base],124.9696,3.9053,10,50000,No,Yes,No,USD
28520,Telegram Premium Bot Start + Activity [20 Days] [Instant],Telegram,Other,Telegram Premium Bot Start [Cheap Base],144.064,4.502,10,50000,No,Yes,No,USD
28521,Telegram Premium Bot Start + Activity [25 Days] [Instant],Telegram,Other,Telegram Premium Bot Start [Cheap Base],159.6832,4.9901,10,50000,No,Yes,No,USD
28522,Telegram Premium Bot Start + Activity [30 Days] [Instant],Telegram,Other,Telegram Premium Bot Start [Cheap Base],173.568,5.424,10,50000,No,Yes,No,USD
28523,Telegram Premium Bot Start + Activity [60 Days] [Instant],Telegram,Other,Telegram Premium Bot Start [Cheap Base],270.768,8.4615,10,50000,No,Yes,No,USD
28524,Telegram Premium Bot Start + Activity [90 Days] [Instant],Telegram,Other,Telegram Premium Bot Start [Cheap Base],367.9648,11.4989,10,50000,No,Yes,No,USD
28525,Telegram Premium Bot Start + Activity [180 Days] [Instant],Telegram,Other,Telegram Premium Bot Start [Cheap Base],451.2768,14.1024,10,50000,No,Yes,No,USD
28526,Telegram Russian Premium Members + Views [7 Days Premium] [New Base],Telegram,Followers/Subscribers,Telegram Russian Premium [New Base],85.0496,2.6578,10,15000,No,Yes,No,USD
28527,Telegram Russian Premium Members + Views [15 Days Premium] [New Base],Telegram,Followers/Subscribers,Telegram Russian Premium [New Base],156.2112,4.8816,10,15000,No,Yes,No,USD
28528,Telegram Russian Premium Members + Views [20 Days Premium] [New Base],Telegram,Followers/Subscribers,Telegram Russian Premium [New Base],251.6736,7.8648,10,15000,No,Yes,No,USD
28529,Telegram Russian Premium Members + Views [25 Days Premium] [New Base],Telegram,Followers/Subscribers,Telegram Russian Premium [New Base],288.1248,9.0039,10,15000,No,Yes,No,USD
28530,Telegram Russian Premium Members + Views [30 Days Premium] [New Base],Telegram,Followers/Subscribers,Telegram Russian Premium [New Base],364.4928,11.3904,10,15000,No,Yes,No,USD
28531,Telegram Russian Premium Members + Views [60 Days Premium] [New Base],Telegram,Followers/Subscribers,Telegram Russian Premium [New Base],555.4176,17.3568,10,15000,No,Yes,No,USD
28532,Telegram Russian Premium Members + Views [90 Days Premium] [New Base],Telegram,Followers/Subscribers,Telegram Russian Premium [New Base],718.5728,22.4554,10,15000,No,Yes,No,USD
28533,Telegram Russian Premium Members + Views [180 Days Premium] [New Base],Telegram,Followers/Subscribers,Telegram Russian Premium [New Base],1152.4928,36.0154,10,15000,No,Yes,No,USD
28534,Telegram Premium Bot Start [30-90 Days Premium] [Instant],Telegram,Other,Telegram Premium Bot Start [Provider - Optimized For Ranking],137.12,4.285,10,50000,No,Yes,No,USD
28535,Telegram Premium Bot Start + Add Note + Activity for 7 Days [7 Days Premium] [Auto Cancel Stuck Orders] [Instant],Telegram,Other,Telegram Premium Bot Start [Provider - Optimized For Ranking],145.7984,4.5562,10,100000,No,Yes,No,USD
28536,Telegram Premium Bot Start + Add Note + Activity for 15 Days [15 Days Premium] [Auto Cancel Stuck Orders] [Instant],Telegram,Other,Telegram Premium Bot Start [Provider - Optimized For Ranking],166.6272,5.2071,10,100000,No,Yes,No,USD
28537,Telegram Premium Bot Start + Add Note + Activity for 30 Days [30 Days Premium] [Auto Cancel Stuck Orders] [Instant],Telegram,Other,Telegram Premium Bot Start [Provider - Optimized For Ranking],173.568,5.424,10,100000,No,Yes,No,USD
28540,Telegram Members [World Wide] [3 Days No Drop] [50K/D] [Instant],Telegram,Followers/Subscribers,Telegram Members + Bot Start [New Base - World Wide],6.2496,0.1953,10,50000,No,Yes,No,USD
28538,Telegram Bot Start [World Wide] [50K/D] [Instant],Telegram,Followers/Subscribers,Telegram Members + Bot Start [New Base - World Wide],6.7904,0.2122,100,50000,No,No,No,USD
28539,Telegram Bot Start with Referral [World Wide] [50K/D] [Instant],Telegram,Followers/Subscribers,Telegram Members + Bot Start [New Base - World Wide],7.2928,0.2279,100,50000,No,Yes,No,USD
28541,Telegram Members [World Wide] [7 Days No Drop] [50K/D] [Instant],Telegram,Followers/Subscribers,Telegram Members + Bot Start [New Base - World Wide],7.9872,0.2496,10,50000,No,Yes,No,USD
28542,Telegram Members [World Wide] [14 Days No Drop] [50K/D] [Instant],Telegram,Followers/Subscribers,Telegram Members + Bot Start [New Base - World Wide],13.888,0.434,10,50000,No,Yes,No,USD
28543,Telegram Members [World Wide] [30 Days No Drop] [50K/D] [Instant],Telegram,Followers/Subscribers,Telegram Members + Bot Start [New Base - World Wide],15.9712,0.4991,10,50000,No,Yes,No,USD
28544,Telegram Members [World Wide] [60 Days No Drop] [50K/D] [Instant],Telegram,Followers/Subscribers,Telegram Members + Bot Start [New Base - World Wide],20.8288,0.6509,10,50000,No,Yes,No,USD
28545,Telegram Members [World Wide] [90 Days No Drop] [50K/D] [Instant],Telegram,Followers/Subscribers,Telegram Members + Bot Start [New Base - World Wide],23.9552,0.7486,10,50000,No,Yes,No,USD
28546,Telegram Members [World Wide] [120 Days No Drop] [50K/D] [Instant],Telegram,Followers/Subscribers,Telegram Members + Bot Start [New Base - World Wide],29.1616,0.9113,10,50000,No,Yes,No,USD
28547,Telegram Members [World Wide] [365 Days No Drop] [50K/D] [Instant],Telegram,Followers/Subscribers,Telegram Members + Bot Start [New Base - World Wide],31.9392,0.9981,10,50000,No,Yes,No,USD
28548,Telegram Members [World Wide] [Lifetime No Drop] [50K/D] [Instant],Telegram,Followers/Subscribers,Telegram Members + Bot Start [New Base - World Wide],34.7136,1.0848,10,50000,No,Yes,No,USD
28555,Telegram Premium Bot Start,Telegram,Other,Telegram [Real Active Users],173.568,5.424,100,50000,No,No,No,USD
28549,Telegram Post Views [Real] [World Wide] [1K/D] [0-1/H],Telegram,Views/Plays,Telegram [Real Active Users],206.5472,6.4546,1,15000,No,No,No,USD
28550,Telegram Story Views [Real] [World Wide] [1K/D] [0-1/H],Telegram,Views/Plays,Telegram [Real Active Users],206.5472,6.4546,1,15000,No,No,No,USD
28551,Telegram Random Reactions [Real] [World Wide] [1K/D] [0-1/H],Telegram,Likes/Reactions,Telegram [Real Active Users],249.9392,7.8106,1,15000,No,No,No,USD
28552,Telegram Votes [Real] [World Wide] [1K/D] [0-1/H],Telegram,Votes,Telegram [Real Active Users],249.9392,7.8106,1,15000,No,No,No,USD
28553,Telegram Reply To Story [Real] [World Wide] [1K/D] [0-1/H],Telegram,Stories/Mentions,Telegram [Real Active Users],293.3312,9.1666,1,15000,No,No,No,USD
28554,Telegram Subscribers [Real] [World Wide] [1K/D] [0-1/H],Telegram,Followers/Subscribers,Telegram [Real Active Users],334.9888,10.4684,1,15000,No,No,No,USD
28556,Telegram Shares / Reposts [Real] [World Wide] [1K/D] [0-1/H],Telegram,Shares,Telegram [Real Active Users],421.7728,13.1804,1,15000,No,No,No,USD
28557,Telegram Random Comments [Real] [World Wide] [1K/D] [0-1/H],Telegram,Comments,Telegram [Real Active Users],680.3872,21.2621,1,15000,No,No,No,USD
28558,Telegram Share Story [Real] [World Wide] [1K/D] [0-1/H],Telegram,Shares,Telegram [Real Active Users],808.8288,25.2759,1,15000,No,No,No,USD
28559,Telegram Bot Start + Complete / Follow All Actions [Real] [World Wide] [1K/D] [0-1/H],Telegram,Other,Telegram [Real Active Users],1839.8208,57.4944,1,15000,No,No,No,USD
28560,Telegram Launch WebAPP + Follow Steps [Real] [World Wide] [1K/D] [0-1/H],Telegram,Other,Telegram [Real Active Users],4686.336,146.448,1,15000,No,No,No,USD
28561,Telegram Premium Views [Instant],Telegram,Views/Plays,Telegram Latest Services [Boost - Shares - Story Likes - Premium Views],3.9424,0.1232,10,100000,No,Yes,No,USD
28562,Telegram Premium Story Views [Instant],Telegram,Views/Plays,Telegram Latest Services [Boost - Shares - Story Likes - Premium Views],7.8816,0.2463,10,100000,No,Yes,No,USD
28563,Telegram Premium Views [Last 5 Posts] [Instant],Telegram,Views/Plays,Telegram Latest Services [Boost - Shares - Story Likes - Premium Views],19.7024,0.6157,10,100000,No,Yes,No,USD
28564,Telegram Story Likes [Instant],Telegram,Views/Plays,Telegram Latest Services [Boost - Shares - Story Likes - Premium Views],35.4592,1.1081,10,100000,No,Yes,No,USD
28565,Telegram Premium Shares [Instant],Telegram,Views/Plays,Telegram Latest Services [Boost - Shares - Story Likes - Premium Views],39.3984,1.2312,10,100000,No,Yes,No,USD
28566,Telegram Premium Views [Last 20 Posts] [Instant],Telegram,Views/Plays,Telegram Latest Services [Boost - Shares - Story Likes - Premium Views],74.8576,2.3393,10,100000,No,Yes,No,USD
28567,Telegram Premium Bot Start [30 Days Premium] Instant],Telegram,Views/Plays,Telegram Latest Services [Boost - Shares - Story Likes - Premium Views],117.8016,3.6813,100,100000,No,Yes,No,USD
28568,Telegram Premium Views [Last 50 Posts] [Instant],Telegram,Views/Plays,Telegram Latest Services [Boost - Shares - Story Likes - Premium Views],153.6512,4.8016,10,100000,No,Yes,No,USD
28569,Telegram Story Shares [Instant],Telegram,Views/Plays,Telegram Latest Services [Boost - Shares - Story Likes - Premium Views],196.9824,6.1557,10,100000,No,Yes,No,USD
28570,Telegram Premium Views [Last 100 Posts] [Instant],Telegram,Views/Plays,Telegram Latest Services [Boost - Shares - Story Likes - Premium Views],271.8432,8.4951,10,100000,No,Yes,No,USD
28571,Telegram Channel Boost [Channel Story Activation] [1 Day],Telegram,Views/Plays,Telegram Latest Services [Boost - Shares - Story Likes - Premium Views],1181.8944,36.9342,10,100000,No,Yes,No,USD
28572,Telegram Channel Boost [Channel Story Activation] [7 Days],Telegram,Views/Plays,Telegram Latest Services [Boost - Shares - Story Likes - Premium Views],2757.7536,86.1798,10,100000,No,Yes,No,USD
28573,Telegram Channel Boost [Channel Story Activation] [14 Days],Telegram,Views/Plays,Telegram Latest Services [Boost - Shares - Story Likes - Premium Views],5870.0736,183.4398,10,100000,No,Yes,No,USD
28574,Telegram Channel Boost [Channel Story Activation] [30 Days],Telegram,Views/Plays,Telegram Latest Services [Boost - Shares - Story Likes - Premium Views],11779.5456,368.1108,10,100000,No,Yes,No,USD
28575,Telegram Channel Boost for Private Channels [Channel Story Activation] [30 Days],Telegram,Views/Plays,Telegram Latest Services [Boost - Shares - Story Likes - Premium Views],11818.9408,369.3419,10,100000,No,Yes,No,USD
28576,Telegram Mix Positive Reactions [👍🤩🎉🔥❤️🥰👏🏻🥳😍❤️‍🔥💯] + Bonus Views [Instant],Telegram,Views/Plays,Telegram Reactions + Bonus Views [Latest],0.5952,0.0186,10,1000000,No,No,No,USD
28577,Telegram Mix Negative ReactionS [🖕💔👎😢💩🤮🤬😡🥱🍌😈] + Bonus Views [Instant],Telegram,Views/Plays,Telegram Reactions + Bonus Views [Latest],0.5952,0.0186,10,1000000,No,No,No,USD
28578,Telegram [😴] Reaction + Bonus Views [Instant],Telegram,Views/Plays,Telegram Reactions + Bonus Views [Latest],0.5952,0.0186,10,1000000,No,No,No,USD
28579,Telegram [👍] Reaction + Bonus Views [Instant],Telegram,Views/Plays,Telegram Reactions + Bonus Views [Latest],0.5952,0.0186,10,1000000,No,No,No,USD
28580,Telegram [👎] Reaction + Bonus Views [Instant],Telegram,Views/Plays,Telegram Reactions + Bonus Views [Latest],0.5952,0.0186,10,1000000,No,No,No,USD
28581,Telegram [❤️] Reaction + Bonus Views [Instant],Telegram,Views/Plays,Telegram Reactions + Bonus Views [Latest],0.5952,0.0186,10,1000000,No,No,No,USD
28582,Telegram [🔥] Reaction + Bonus Views [Instant],Telegram,Views/Plays,Telegram Reactions + Bonus Views [Latest],0.5952,0.0186,10,1000000,No,No,No,USD
28583,Telegram [🥰] Reaction + Bonus Views [Instant],Telegram,Views/Plays,Telegram Reactions + Bonus Views [Latest],0.5952,0.0186,10,1000000,No,No,No,USD
28584,Telegram [😍] Reaction + Bonus Views [Instant],Telegram,Views/Plays,Telegram Reactions + Bonus Views [Latest],0.5952,0.0186,10,1000000,No,No,No,USD
28585,Telegram [👏🏻] Reaction + Bonus Views [Instant],Telegram,Views/Plays,Telegram Reactions + Bonus Views [Latest],0.5952,0.0186,10,1000000,No,No,No,USD
28586,Telegram [😁] Reaction + Bonus Views [Instant],Telegram,Views/Plays,Telegram Reactions + Bonus Views [Latest],0.5952,0.0186,10,1000000,No,No,No,USD
28587,Telegram [🤔] Reaction + Bonus Views [Instant],Telegram,Views/Plays,Telegram Reactions + Bonus Views [Latest],0.5952,0.0186,10,1000000,No,No,No,USD
28588,Telegram [🤯] Reaction + Bonus Views [Instant],Telegram,Views/Plays,Telegram Reactions + Bonus Views [Latest],0.5952,0.0186,10,1000000,No,No,No,USD
28589,Telegram [😱] Reaction + Bonus Views [Instant],Telegram,Views/Plays,Telegram Reactions + Bonus Views [Latest],0.5952,0.0186,10,1000000,No,No,No,USD
28590,Telegram [🐳] Reaction + Bonus Views [Instant],Telegram,Views/Plays,Telegram Reactions + Bonus Views [Latest],0.5952,0.0186,10,1000000,No,No,No,USD
28591,Telegram [🤬] Reaction + Bonus Views [Instant],Telegram,Views/Plays,Telegram Reactions + Bonus Views [Latest],0.5952,0.0186,10,1000000,No,No,No,USD
28592,Telegram [😢] Reaction + Bonus Views [Instant],Telegram,Views/Plays,Telegram Reactions + Bonus Views [Latest],0.5952,0.0186,10,1000000,No,No,No,USD
28593,Telegram [🎉] Reaction + Bonus Views [Instant],Telegram,Views/Plays,Telegram Reactions + Bonus Views [Latest],0.5952,0.0186,10,1000000,No,No,No,USD
28594,Telegram [🤩] Reaction + Bonus Views [Instant],Telegram,Views/Plays,Telegram Reactions + Bonus Views [Latest],0.5952,0.0186,10,1000000,No,No,No,USD
28595,Telegram [🤮] Reaction + Bonus Views [Instant],Telegram,Views/Plays,Telegram Reactions + Bonus Views [Latest],0.5952,0.0186,10,1000000,No,No,No,USD
28596,Telegram [💩] Reaction + Bonus Views [Instant],Telegram,Views/Plays,Telegram Reactions + Bonus Views [Latest],0.5952,0.0186,10,1000000,No,No,No,USD
28597,Telegram [🙏] Reaction + Bonus Views [Instant],Telegram,Views/Plays,Telegram Reactions + Bonus Views [Latest],0.5952,0.0186,10,1000000,No,No,No,USD
28598,Telegram [👌] Reaction + Bonus Views [Instant],Telegram,Views/Plays,Telegram Reactions + Bonus Views [Latest],0.5952,0.0186,10,1000000,No,No,No,USD
28599,Telegram [🕊️] Reaction + Bonus Views [Instant],Telegram,Views/Plays,Telegram Reactions + Bonus Views [Latest],0.5952,0.0186,10,1000000,No,No,No,USD
28600,Telegram [🤡] Reaction + Bonus Views [Instant],Telegram,Views/Plays,Telegram Reactions + Bonus Views [Latest],0.5952,0.0186,10,1000000,No,No,No,USD
28601,Telegram [🥴] Reaction + Bonus Views [Instant],Telegram,Views/Plays,Telegram Reactions + Bonus Views [Latest],0.5952,0.0186,10,1000000,No,No,No,USD
28602,Telegram [🌚] Reaction + Bonus Views [Instant],Telegram,Views/Plays,Telegram Reactions + Bonus Views [Latest],0.5952,0.0186,10,1000000,No,No,No,USD
28603,Telegram [🌭] Reaction + Bonus Views [Instant],Telegram,Views/Plays,Telegram Reactions + Bonus Views [Latest],0.5952,0.0186,10,1000000,No,No,No,USD
28604,Telegram [💯] Reaction + Bonus Views [Instant],Telegram,Views/Plays,Telegram Reactions + Bonus Views [Latest],0.5952,0.0186,10,1000000,No,No,No,USD
28605,Telegram [🤣] Reaction + Bonus Views [Instant],Telegram,Views/Plays,Telegram Reactions + Bonus Views [Latest],0.5952,0.0186,10,1000000,No,No,No,USD
28606,Telegram [⚡] Reaction + Bonus Views [Instant],Telegram,Views/Plays,Telegram Reactions + Bonus Views [Latest],0.5952,0.0186,10,1000000,No,No,No,USD
28607,Telegram [🥱] Reaction + Bonus Views [Instant],Telegram,Views/Plays,Telegram Reactions + Bonus Views [Latest],0.5952,0.0186,10,1000000,No,No,No,USD
28608,Telegram [🍌] Reaction + Bonus Views [Instant],Telegram,Views/Plays,Telegram Reactions + Bonus Views [Latest],0.5952,0.0186,10,1000000,No,No,No,USD
28609,Telegram [🏆] Reaction + Bonus Views [Instant],Telegram,Views/Plays,Telegram Reactions + Bonus Views [Latest],0.5952,0.0186,10,1000000,No,No,No,USD
28610,Telegram [💔] Reaction + Bonus Views [Instant],Telegram,Views/Plays,Telegram Reactions + Bonus Views [Latest],0.5952,0.0186,10,1000000,No,No,No,USD
28611,Telegram [🤨] Reaction + Bonus Views [Instant],Telegram,Views/Plays,Telegram Reactions + Bonus Views [Latest],0.5952,0.0186,10,1000000,No,No,No,USD
28612,Telegram [😐] Reaction + Bonus Views [Instant],Telegram,Views/Plays,Telegram Reactions + Bonus Views [Latest],0.5952,0.0186,10,1000000,No,No,No,USD
28613,Telegram [🤣] Reaction + Bonus Views [Instant],Telegram,Views/Plays,Telegram Reactions + Bonus Views [Latest],0.5952,0.0186,10,1000000,No,No,No,USD
28614,Telegram [🍓] Reaction + Bonus Views [Instant],Telegram,Views/Plays,Telegram Reactions + Bonus Views [Latest],0.5952,0.0186,10,1000000,No,No,No,USD
28615,Telegram [🍾] Reaction + Bonus Views [Instant],Telegram,Views/Plays,Telegram Reactions + Bonus Views [Latest],0.5952,0.0186,10,1000000,No,No,No,USD
28616,Telegram [💋] Reaction + Bonus Views [Instant],Telegram,Views/Plays,Telegram Reactions + Bonus Views [Latest],0.5952,0.0186,10,1000000,No,No,No,USD
28617,Telegram [🖕] Reaction + Bonus Views [Instant],Telegram,Views/Plays,Telegram Reactions + Bonus Views [Latest],0.5952,0.0186,10,1000000,No,No,No,USD
28618,Telegram [😈] Reaction + Bonus Views [Instant],Telegram,Views/Plays,Telegram Reactions + Bonus Views [Latest],0.5952,0.0186,10,1000000,No,No,No,USD
28619,Telegram [😡] Reaction + Bonus Views [Instant],Telegram,Views/Plays,Telegram Reactions + Bonus Views [Latest],0.5952,0.0186,10,1000000,No,No,No,USD
28620,Telegram [😭] Reaction + Bonus Views [Instant],Telegram,Views/Plays,Telegram Reactions + Bonus Views [Latest],0.5952,0.0186,10,1000000,No,No,No,USD
28621,Telegram [🤓] Reaction + Bonus Views [Instant],Telegram,Views/Plays,Telegram Reactions + Bonus Views [Latest],0.5952,0.0186,10,1000000,No,No,No,USD
28622,Telegram [👻] Reaction + Bonus Views [Instant],Telegram,Views/Plays,Telegram Reactions + Bonus Views [Latest],0.5952,0.0186,10,1000000,No,No,No,USD
28623,Telegram [🧑‍💻] Reaction + Bonus Views [Instant],Telegram,Views/Plays,Telegram Reactions + Bonus Views [Latest],0.5952,0.0186,10,1000000,No,No,No,USD
28624,Telegram [🤷‍♀️] Reaction + Bonus Views [Instant],Telegram,Views/Plays,Telegram Reactions + Bonus Views [Latest],0.5952,0.0186,10,1000000,No,No,No,USD
28625,Telegram [👀] Reaction + Bonus Views [Instant],Telegram,Views/Plays,Telegram Reactions + Bonus Views [Latest],0.5952,0.0186,10,1000000,No,No,No,USD
28626,Telegram [🎃] Reaction + Bonus Views [Instant],Telegram,Views/Plays,Telegram Reactions + Bonus Views [Latest],0.5952,0.0186,10,1000000,No,No,No,USD
28627,Telegram [🙈] Reaction + Bonus Views [Instant],Telegram,Views/Plays,Telegram Reactions + Bonus Views [Latest],0.5952,0.0186,10,1000000,No,No,No,USD
28628,Telegram [🫡] Reaction + Bonus Views [Instant],Telegram,Views/Plays,Telegram Reactions + Bonus Views [Latest],0.5952,0.0186,10,1000000,No,No,No,USD
28629,Telegram [😇] Reaction + Bonus Views [Instant],Telegram,Views/Plays,Telegram Reactions + Bonus Views [Latest],0.5952,0.0186,10,1000000,No,No,No,USD
28630,Telegram [🤷] Reaction + Bonus Views [Instant],Telegram,Views/Plays,Telegram Reactions + Bonus Views [Latest],0.5952,0.0186,10,1000000,No,No,No,USD
28631,Telegram [😨] Reaction + Bonus Views [Instant],Telegram,Views/Plays,Telegram Reactions + Bonus Views [Latest],0.5952,0.0186,10,1000000,No,No,No,USD
28632,Telegram [🤝] Reaction + Bonus Views [Instant],Telegram,Views/Plays,Telegram Reactions + Bonus Views [Latest],0.5952,0.0186,10,1000000,No,No,No,USD
28633,Telegram [✍️] Reaction + Bonus Views [Instant],Telegram,Views/Plays,Telegram Reactions + Bonus Views [Latest],0.5952,0.0186,10,1000000,No,No,No,USD
28634,Telegram [🤗] Reaction + Bonus Views [Instant],Telegram,Views/Plays,Telegram Reactions + Bonus Views [Latest],0.5952,0.0186,10,1000000,No,No,No,USD
28635,Telegram [🎅] Reaction + Bonus Views [Instant],Telegram,Views/Plays,Telegram Reactions + Bonus Views [Latest],0.5952,0.0186,10,1000000,No,No,No,USD
28636,Telegram [🤷‍♂️] Reaction + Bonus Views [Instant],Telegram,Views/Plays,Telegram Reactions + Bonus Views [Latest],0.5952,0.0186,10,1000000,No,No,No,USD
28637,Telegram [🎄] Reaction + Bonus Views [Instant],Telegram,Views/Plays,Telegram Reactions + Bonus Views [Latest],0.5952,0.0186,10,1000000,No,No,No,USD
28638,Telegram [☃️] Reaction + Bonus Views [Instant],Telegram,Views/Plays,Telegram Reactions + Bonus Views [Latest],0.5952,0.0186,10,1000000,No,No,No,USD
28639,Telegram [💅] Reaction + Bonus Views [Instant],Telegram,Views/Plays,Telegram Reactions + Bonus Views [Latest],0.5952,0.0186,10,1000000,No,No,No,USD
28640,Telegram [🤪] Reaction + Bonus Views [Instant],Telegram,Views/Plays,Telegram Reactions + Bonus Views [Latest],0.5952,0.0186,10,1000000,No,No,No,USD
28641,Telegram [🗿] Reaction + Bonus Views [Instant],Telegram,Views/Plays,Telegram Reactions + Bonus Views [Latest],0.5952,0.0186,10,1000000,No,No,No,USD
28642,Telegram [👾] Reaction + Bonus Views [Instant],Telegram,Views/Plays,Telegram Reactions + Bonus Views [Latest],0.5952,0.0186,10,1000000,No,No,No,USD
28643,Telegram [🆒] Reaction + Bonus Views [Instant],Telegram,Views/Plays,Telegram Reactions + Bonus Views [Latest],0.5952,0.0186,10,1000000,No,No,No,USD
28644,Telegram [💘] Reaction + Bonus Views [Instant],Telegram,Views/Plays,Telegram Reactions + Bonus Views [Latest],0.5952,0.0186,10,1000000,No,No,No,USD
28645,Telegram [🙉] Reaction + Bonus Views [Instant],Telegram,Views/Plays,Telegram Reactions + Bonus Views [Latest],0.5952,0.0186,10,1000000,No,No,No,USD
28646,Telegram [🦄] Reaction + Bonus Views [Instant],Telegram,Views/Plays,Telegram Reactions + Bonus Views [Latest],0.5952,0.0186,10,1000000,No,No,No,USD
28647,Telegram [😘] Reaction + Bonus Views [Instant],Telegram,Views/Plays,Telegram Reactions + Bonus Views [Latest],0.5952,0.0186,10,1000000,No,No,No,USD
28648,Telegram [😎] Reaction + Bonus Views [Instant],Telegram,Views/Plays,Telegram Reactions + Bonus Views [Latest],0.5952,0.0186,10,1000000,No,No,No,USD
28649,Telegram [💊] Reaction + Bonus Views [Instant],Telegram,Views/Plays,Telegram Reactions + Bonus Views [Latest],0.5952,0.0186,10,1000000,No,No,No,USD
28650,Telegram [🙊] Reaction + Bonus Views [Instant],Telegram,Views/Plays,Telegram Reactions + Bonus Views [Latest],0.5952,0.0186,10,1000000,No,No,No,USD
28651,Telegram [❤️‍🔥] Reaction + Bonus Views [Instant],Telegram,Views/Plays,Telegram Reactions + Bonus Views [Latest],0.5952,0.0186,10,1000000,No,No,No,USD
28652,Telegram Post View,Telegram,Views/Plays,Telegram Views / Reactions / Bot Start [Latest],0.2112,0.0066,1000,40000,No,No,No,USD
28653,Telegram Post View [last 5 post],Telegram,Views/Plays,Telegram Views / Reactions / Bot Start [Latest],0.8,0.025,1000,40000,No,No,No,USD
28654,Telegram Post View [last 10 post],Telegram,Views/Plays,Telegram Views / Reactions / Bot Start [Latest],1.6,0.05,1000,40000,No,No,No,USD
28655,Telegram Post View [last 20 post],Telegram,Views/Plays,Telegram Views / Reactions / Bot Start [Latest],3.1936,0.0998,1000,40000,No,No,No,USD
28656,Telegram Post View [last 30 post],Telegram,Views/Plays,Telegram Views / Reactions / Bot Start [Latest],5.2096,0.1628,1000,40000,No,No,No,USD
28657,Telegram Bot Start,Telegram,Views/Plays,Telegram Views / Reactions / Bot Start [Latest],6.7712,0.2116,100,40000,No,No,No,USD
28658,Telegram Post View [last 50 post],Telegram,Views/Plays,Telegram Views / Reactions / Bot Start [Latest],7.9872,0.2496,1000,40000,No,No,No,USD
28659,Telegram Post Views 🇺🇸[USA] [Include Static],Telegram,Views/Plays,Telegram Views [Include Static],0.7776,0.0243,50,500000,No,Yes,No,USD
28660,Telegram Post Views 🇮🇹[italy] [Include Static],Telegram,Views/Plays,Telegram Views [Include Static],1.9392,0.0606,50,10000,No,Yes,No,USD
28661,Telegram Post Views 🇩🇪[Germany] [Include Static],Telegram,Views/Plays,Telegram Views [Include Static],1.9392,0.0606,50,50000,No,Yes,No,USD
28662,Telegram Post Views 🇹🇷[Turkey] [Include Static],Telegram,Views/Plays,Telegram Views [Include Static],1.9392,0.0606,50,1000000,No,Yes,No,USD
28663,Telegram Post Views 🇮🇱[Israel] [Include Static],Telegram,Views/Plays,Telegram Views [Include Static],1.9392,0.0606,50,1000000,No,Yes,No,USD
28664,Telegram Post Views 🇮🇩[Indonesia] [Include Static],Telegram,Views/Plays,Telegram Views [Include Static],1.9392,0.0606,50,1000000,No,Yes,No,USD
28665,Telegram Post Views 🇨🇳[China] [Include Static],Telegram,Views/Plays,Telegram Views [Include Static],1.9392,0.0606,50,1000000,No,Yes,No,USD
28666,Telegram Post Views 🇷🇺[RUS] [Include Static],Telegram,Views/Plays,Telegram Views [Include Static],1.9392,0.0606,100,100000,No,Yes,No,USD
28667,Telegram Post Views 🇮🇳[INDIA] [Include Static],Telegram,Views/Plays,Telegram Views [Include Static],1.9392,0.0606,50,100000,No,Yes,No,USD
28668,TikTok Video Views [ Max Unlimited ] | Low Drop | Cancel Enable | No Refill ⚠️ | Instant Start | Day 10M 🚀🚀,TikTok,Views/Plays,TikTok [ Instant Completed 🔥 ] ᴺᴱᵂ,0.1152,0.0036,100,10000000,No,No,No,USD
28669,TikTok Video Views [ Max Unlimited ] | HQ | Cancel Enable | Non Drop | No Refill ⚠️ | Instant Start | Day 500M 🚀,TikTok,Views/Plays,TikTok [ Instant Completed 🔥 ] ᴺᴱᵂ,0.1152,0.0036,100,10000000,No,No,No,USD
28670,TikTok Video Views [ Max Unlimited ] | HQ | Cancel Enable | Non Drop | No Refill ⚠️ | Instant Start | Day 500M 🚀,TikTok,Views/Plays,TikTok [ Instant Completed 🔥 ] ᴺᴱᵂ,0.1152,0.0036,100,10000000,No,No,No,USD
28671,TikTok Video Views [ Max Unlimited ] | Low Drop | Cancel Enable | No Refill ⚠️ | Instant Start | Day 10M 🚀🚀,TikTok,Views/Plays,TikTok [ Instant Completed 🔥 ] ᴺᴱᵂ,0.1152,0.0036,100,10000000,No,No,No,USD
28672,TikTok Video Views [ Max Unlimited ] | HQ | Cancel Enable | Non Drop | No Refill ⚠️ | Instant Start | Day 500M 🚀,TikTok,Views/Plays,TikTok [ Instant Completed 🔥 ] ᴺᴱᵂ,0.4256,0.0133,50,2147483647,No,Yes,No,USD
28673,Tiktok Views [30 Days Refill via Button] [Instant],TikTok,Views/Plays,Tiktok Views [Refill],0.3136,0.0098,50,1000000000,Yes,Yes,No,USD
28674,Tiktok Views [30 Days Manual Refill] [Instant],TikTok,Views/Plays,Tiktok Views [Refill],0.3328,0.0104,100,100000000,No,No,No,USD
28676,Tiktok Views [0-12/H],TikTok,Views/Plays,Tiktok Views,0.0928,0.0029,100,1000000000,No,No,No,USD
28675,Tiktok Views [Instant],TikTok,Views/Plays,Tiktok Views,0.3136,0.0098,100,100000000,No,Yes,No,USD
28678,Tiktok Views [Instant],TikTok,Views/Plays,Tiktok Views,0.3136,0.0098,100,100000000,No,Yes,No,USD
28677,Tiktok Views [0-1/H],TikTok,Views/Plays,Tiktok Views,0.3296,0.0103,100,100000000,No,No,No,USD
28684,Tiktok Views [Instant],TikTok,Views/Plays,Tiktok Views,0.3776,0.0118,100,100000000,No,Yes,No,USD
28680,Tiktok Views [0-1/H],TikTok,Views/Plays,Tiktok Views,0.384,0.012,100,100000000,No,Yes,No,USD
28682,Tiktok Views [Instant],TikTok,Views/Plays,Tiktok Views,0.416,0.013,100,100000000,No,Yes,No,USD
28679,Tiktok Views [Instant] [Different Service],TikTok,Views/Plays,Tiktok Views,0.4352,0.0136,100,100000000,No,Yes,No,USD
28681,Tiktok Views [0-5/H],TikTok,Views/Plays,Tiktok Views,0.4544,0.0142,100,1000000000,No,Yes,No,USD
28683,Tiktok Views [0-1/H],TikTok,Views/Plays,Tiktok Views,0.5216,0.0163,100,100000000,No,Yes,No,USD
28685,Tiktok Views [Instant] [Reliable],TikTok,Views/Plays,Tiktok Views,0.8704,0.0272,100,100000000,No,No,No,USD
28686,Tiktok Views [Instant] ,TikTok,Views/Plays,Tiktok Views,1.216,0.038,100,10000000,No,No,No,USD
28687,Tiktok Views [20-50K/D] [0-1/H] [Read Description],TikTok,Views/Plays,Tiktok Views,1.3888,0.0434,100,1000000,No,No,No,USD
28688,718 - Tiktok Views [Instant],TikTok,Views/Plays,Tiktok Views,2.0832,0.0651,100,100000000,No,Yes,No,USD
28689,3592 - Tiktok Views [0-1/H] [Stable],TikTok,Views/Plays,Tiktok Views,2.432,0.076,100,100000000,No,Yes,No,USD
28690,3507 - Tiktok Views [Emergency] [Instant] [Fastest],TikTok,Views/Plays,Tiktok Views,3.8208,0.1194,100,100000000,No,Yes,No,USD
28691,Youtube Views [ Organic Source ] | 100-200k/day - Real Active Users [ FASTEST FOR NOW],YouTube,Views/Plays,Youtube Views [ Old Server ] non drop,24.9504,0.7797,100,10000000,No,No,No,USD
28695,YouTube Views [ Real Native Views ] [Min 10K] [200K+/Day] [Real Users] [Lifetime Guaranteed ♻️] 𝗡𝗼𝗻-𝗗𝗿𝗼𝗽,YouTube,Views/Plays,Youtube Real Native Views  [ 101% non Drop ],26.0352,0.8136,10000,1000000,No,No,No,USD
28692,YouTube Views [ Real Native Views ] [Min 2K] [200K+/Day] [Real Users] [Lifetime Guarantee ♻️] 𝗡𝗼𝗻-𝗗𝗿𝗼𝗽,YouTube,Views/Plays,Youtube Real Native Views  [ 101% non Drop ],27.12,0.8475,2000,1000000,No,No,No,USD
28693,YouTube Views [ Real Native Views ] [Min 3K] [100K+/Day] [Real Users] [Lifetime Guarantee ♻️] 𝗡𝗼𝗻-𝗗𝗿𝗼𝗽,YouTube,Views/Plays,Youtube Real Native Views  [ 101% non Drop ],27.12,0.8475,3000,1000000,No,No,No,USD
28694,YouTube Views [ Real Native Views ] [Min 5K] [200K+/Day] [Real Users] [Lifetime Guarantee ♻️] 𝗡𝗼𝗻-𝗗𝗿𝗼𝗽,YouTube,Views/Plays,Youtube Real Native Views  [ 101% non Drop ],27.12,0.8475,5000,1000000,No,No,No,USD
28696,Tiktok Followers [ Speed 30k-50k/day ] [ Super fast speed ] Instant start [ NR ],TikTok,Followers/Subscribers,Tiktok Followers [ Updated server ],47.7312,1.4916,10,5000000,No,No,No,USD
28697,TikTok Followers | max 200k | Instant | Speed 4k-5k/day | No Refill | Non drop 100%,TikTok,Followers/Subscribers,Tiktok Followers [ Updated server ],54.24,1.695,10,100000,No,No,No,USD
28698,Tiktok Followers | Max 100K | Instant | Fast 10k-20k/day | 30 Days Refill,TikTok,Followers/Subscribers,Tiktok Followers [ Updated server ],54.24,1.695,10,100000,No,No,No,USD
28699,Youtube Watch Time [ 4000 HOURS ] [ 30 DAYS REFILL ] Watch Time 30-60 minutes,YouTube,Other,Youtube Watchtime,655.5808,20.4869,50,4000,No,No,No,USD
28700,Youtube Views ( Latest Service ) High Speed 15K Speed | Instant Start | Life Time | 🔥 [ Recommended],YouTube,Views/Plays,Youtube Views  [ Guaranteed ] [ After Update],23.8656,0.7458,100,10000000,No,No,No,USD
28701,Youtube Views - Speed 100k/day Above 10k Order [ Lifetime Refill ] [ 0-5% Drop ] Instant,YouTube,Views/Plays,Youtube Views  [ Guaranteed ] [ After Update],25.312,0.791,100,20000000,No,No,No,USD
28704,Youtube Views - 2M/day - Life time Guarantee - Native VIEWS - SERVER 2 Instant START,YouTube,Views/Plays,Youtube Views  [ Guaranteed ] [ After Update],28.5664,0.8927,40000,10000000,No,Yes,No,USD
28710,Youtube Views [ New ] [ Speed 2k - 5k/day ] 100% Non drop - Lifetime guaranteed - After Bonus 0.73$ - 1000 Views,YouTube,Views/Plays,Youtube Views  [ Guaranteed ] [ After Update],28.928,0.904,100,10000000,No,No,No,USD
28702,Youtube Views - 1-3% Likes [ Speed 10K-20k/day ] [ Start Time : 0-5Min ] [ Lifetime Guaranteed ],YouTube,Views/Plays,Youtube Views  [ Guaranteed ] [ After Update],30.736,0.9605,100,1000000,No,Yes,No,USD
28705,Youtube Fast Views - [ Speed 100K/day ] [ Lifetime Guaranteed ] [Min 1000],YouTube,Views/Plays,Youtube Views  [ Guaranteed ] [ After Update],31.0976,0.9718,3000,100000000,No,Yes,No,USD
28706,Youtube Views [ NATIVE ] - 500k-700k/day speed [ Start time: 12Hr ] [ Lifetime ],YouTube,Views/Plays,Youtube Views  [ Guaranteed ] [ After Update],31.0976,0.9718,10000,5000000,No,Yes,No,USD
28707,Youtube Views [ New ] [ Speed 70k-100k/day ] 100% Non drop - Lifetime guaranteed - After Bonus 0.94$ - 1000 Views,YouTube,Views/Plays,Youtube Views  [ Guaranteed ] [ After Update],32.1824,1.0057,10000,10000000,No,Yes,No,USD
28708,Youtube Views - 10K-20K/day - Retention 45 seconds + 60 DAYS REFILL,YouTube,Views/Plays,Youtube Views  [ Guaranteed ] [ After Update],33.2672,1.0396,100,10000000,No,Yes,No,USD
28709,Youtube Views [ NATIVE ] - 100k-200k/day speed [NEWS &amp; Restricted Link ] [ Lifetime ] [ Min 10K ],YouTube,Views/Plays,Youtube Views  [ Guaranteed ] [ After Update],34.7136,1.0848,10000,20000000,No,Yes,No,USD
28703,Youtube Views - [ NON DROP ] [ Speed 100-200K/day ] [ Start Time : 0-5Min ] [ Lifetime Guaranteed ],YouTube,Views/Plays,Youtube Views  [ Guaranteed ] [ After Update],39.776,1.243,100,10000000,No,Yes,No,USD
28711,Youtube Real Adwords View Min 500k [ 1M - 340$/k ]  -- Fast Approval,YouTube,Views/Plays,Youtube Views - ADWORDS ( World Most Lowest Rate ),7.0528,0.2204,500000,10000000,No,No,No,USD
28712,Youtube Adwords Views [ Minimum 1M - 420$ ] start Time 24-48hr,YouTube,Views/Plays,Youtube Views - ADWORDS ( World Most Lowest Rate ),8.6784,0.2712,500000,10000000,No,No,No,USD
28714,Adwords views [ Minimum 500K ] [ 1-2 Hours Start Max ] always work [ Speed1M - 6hr ],YouTube,Views/Plays,Youtube Views - ADWORDS ( World Most Lowest Rate ),10.1248,0.3164,500000,10000000,No,No,No,USD
28713,Adwords Views [ Minimum 500K ] [ Speed 2M-5M/day ] start time 24-48hr,YouTube,Views/Plays,Youtube Views - ADWORDS ( World Most Lowest Rate ),10.4864,0.3277,500000,10000000,No,No,No,USD
28715,Youtube subscriber [ Speed 200-300/day ] - Non Drop - 30 days refill,YouTube,Followers/Subscribers,Youtube Subscriber [ New ] Best Price,529.3824,16.5432,50,30000,No,No,No,USD
28716,Youtube subscriber [ Speed 500-1000/day ] - Non Drop - 30 days Refill,YouTube,Followers/Subscribers,Youtube Subscriber [ New ] Best Price,723.2,22.6,50,10000,No,No,No,USD
28717,Youtube Subscriber USA 🇺🇸 | Speed 15000-20000+/day | Refill: 30 Days | 100% Real - Non Drop - NEW,YouTube,Followers/Subscribers,Youtube Subscriber [ New ] Best Price,968.7264,30.2727,100,1000000,No,No,No,USD
28719,Youtube Likes [Refill: No Refill] [Max: 100K] [Start Time: 0-15 Min] [Speed: 20K/Day],YouTube,Likes/Reactions,Youtube Likes [ Fast Server ],3.9776,0.1243,10,20000,No,No,No,USD
28720,Youtube Likes [Refill: No Refill] [Max: 200K] [Start Time: 0-15 Min] [Speed: 20K/Day],YouTube,Likes/Reactions,Youtube Likes [ Fast Server ],3.9776,0.1243,10,20000,No,No,No,USD
28722,Youtube Likes - [ 0-1Hr Start ] [ 50k-100k/day ] [ No Refill ],YouTube,Likes/Reactions,Youtube Likes [ Fast Server ],11.9328,0.3729,20,100000,No,Yes,No,USD
28718,Youtube Likes - Instant Start -[R30] 0.35$/K - Speed upto 50k/Hour - NEW,YouTube,Likes/Reactions,Youtube Likes [ Fast Server ],12.656,0.3955,15,100000,No,Yes,No,USD
28721,Youtube Likes [ Fast Speed 10k/hr ] [ 30 Days Refill ] ( Refill Button Enable ),YouTube,Likes/Reactions,Youtube Likes [ Fast Server ],16.6336,0.5198,10,50000,No,Yes,No,USD
28723,Youtube Likes [ New ] Fast Start [ 30k-50k/day ] [ 30 Days Refill ],YouTube,Likes/Reactions,Youtube Likes [ Fast Server ],19.888,0.6215,10,75000,No,Yes,No,USD
28724,Youtube Likes For Live Video &amp; Normal Video - [ InstantStart ] [ 50k-100k/day ] [ 30 Days Refill ],YouTube,Likes/Reactions,Youtube Likes [ Fast Server ],21.696,0.678,10,75000,No,Yes,No,USD
28725,Youtube Likes ( Fast ) ( Min 10 and Max 100k ) ( 0.69$ ) ( 30 days refill ),YouTube,Likes/Reactions,Youtube Likes [ Fast Server ],22.4192,0.7006,10,100000,No,Yes,No,USD
28726,Youtube Comment Likes | ⏰ Fast Service | Max 30K | No Drop | [Refill : 30 Days ],YouTube,Likes/Reactions,Youtube Likes [ Fast Server ],39.0528,1.2204,10,50000,No,No,No,USD
28727,Youtube Native ads + Likes [ Fast work ] Min 200k [ New ] Start Time: 0-3hr,YouTube,Likes/Reactions,Youtube Native ads + Likes [ Fast working ],22.4192,0.7006,200000,20000000,No,Yes,No,USD
28728,Youtube Native ads + Likes [ Fast work ] Min 500k [ New ] Start Time: 0-3hr,YouTube,Likes/Reactions,Youtube Native ads + Likes [ Fast working ],22.4192,0.7006,500000,20000000,No,Yes,No,USD
28729,Youtube Native ads + Likes [ Fast work ] Min 1M [ New ] Start Time: 0-3hr,YouTube,Likes/Reactions,Youtube Native ads + Likes [ Fast working ],23.504,0.7345,1000000,20000000,No,Yes,No,USD
28730,YOUTUBE VIEWS NATIVE - 200K/day - Min 1M,YouTube,Views/Plays,Youtube Native ads + Likes [ Fast working ],27.12,0.8475,200000,20000000,No,No,No,USD
28731,Youtube Views - 500K/day - Life time Guarantee - Native VIEWS - Min 40K,YouTube,Views/Plays,Youtube Native ads + Likes [ Fast working ],28.2048,0.8814,40000,10000000,No,Yes,No,USD
28732,Youtube Native ads + Likes [ Fast work ] Min 10k [ New ] Start Time: 0-3hr,YouTube,Likes/Reactions,Youtube Native ads + Likes [ Fast working ],29.2896,0.9153,10000,10000000,No,Yes,No,USD
28733,Youtube Native ads + Likes [ Fast work ] Min 40k	[ New ] Start Time: 0-3hr,YouTube,Likes/Reactions,Youtube Native ads + Likes [ Fast working ],29.2896,0.9153,40000,20000000,No,Yes,No,USD
28734,Youtube Native ads + Likes [ Fast work ] Min 40k,YouTube,Likes/Reactions,Youtube Native ads + Likes [ Fast working ],30.0128,0.9379,40000,10000000,No,Yes,No,USD
28735,Youtube Native ads + Likes [ Fast work ] Min 20k [ New ] Start Time: 0-3hr,YouTube,Likes/Reactions,Youtube Native ads + Likes [ Fast working ],30.3744,0.9492,30000,1000000,No,Yes,No,USD
28736,Youtube Native ads + Likes [ Fast work ] Min 30k [ New ] Start Time: 0-3hr,YouTube,Likes/Reactions,Youtube Native ads + Likes [ Fast working ],30.3744,0.9492,30000,20000000,No,Yes,No,USD
28737,Youtube Native ads + Likes [ Fast work ] Min 3k [ New ] Start Time: 0-3hr,YouTube,Likes/Reactions,Youtube Native ads + Likes [ Fast working ],31.0976,0.9718,3000,100000000,No,No,No,USD
28738,Youtube Native ads + Likes [ Fast work ] Min 1k [ New ] Start Time: 0-3hr,YouTube,Likes/Reactions,Youtube Native ads + Likes [ Fast working ],31.4592,0.9831,100,10000000,No,No,No,USD
28742,Youtube Views [ Speed 10k+/day ] [ Start Time: Instant ] [ Drop 10% Max ] [ 30 Days refill },YouTube,Views/Plays,Youtube Views [ Working Server ],25.312,0.791,100,1000000,No,No,No,USD
28744,Youtube Views [ 50k-200k/day ] [Min 5k] Start Time 0-3 Hours [ Lifetime refill ],YouTube,Views/Plays,Youtube Views [ Working Server ],28.5664,0.8927,2000,1000000,No,No,No,USD
28743,Youtube Views [ 50k-100k/day ] [Min 3k] Start Time 0-3 Hours [ Lifetime refill ],YouTube,Views/Plays,Youtube Views [ Working Server ],29.6512,0.9266,3000,10000000,No,No,No,USD
28740,Youtube Views [ Native 300 Minimum ] [ speed 10k-20k/day ] [ Start time : 0-10 Minutes ] [ Lifetime ],YouTube,Views/Plays,Youtube Views [ Working Server ],30.0128,0.9379,100,10000000,No,No,No,USD
28741,Youtube Views [ Native 1k Minimum ] [ speed 30k-50k/day ] [ Start time : 0-10 Minutes ] [ Lifetime ],YouTube,Views/Plays,Youtube Views [ Working Server ],32.544,1.017,100,10000000,No,No,No,USD
28739,Youtube Views [ Minimum 100 ] [ Start Time: 30-60 Minutes ] Speed 2k-4k/day [ Lifetime Guarantee ],YouTube,Views/Plays,Youtube Views [ Working Server ],35.4368,1.1074,100,10000000,No,No,No,USD
28750,Youtube Custom Comments - [ 30k/day Speed ] [ Max 100K ],YouTube,Comments,Youtube Random Comments/ Custom Comments,43.392,1.356,10,100000,No,No,No,USD
28745,Youtube Custom Comments ( Min 10 - Max 5000 ) ( Server 1 ),YouTube,Comments,Youtube Random Comments/ Custom Comments,94.016,2.938,5,10000,No,No,No,USD
28747,Youtube - Comments [ CUSTOM ] [10K] [ Super Fast ] INSTANT	( Server 2 ),YouTube,Comments,Youtube Random Comments/ Custom Comments,173.568,5.424,10,10000,No,No,No,USD
28748,Youtube Video Custom Comments Min 10 Max 100000 - Instant Start [ speed 20k/day ],YouTube,Comments,Youtube Random Comments/ Custom Comments,173.568,5.424,1,10000,No,Yes,No,USD
28749,Youtube Custom Comments - [ Max 50k ] [ WorldWide ] [ Instant Start ],YouTube,Comments,Youtube Random Comments/ Custom Comments,178.992,5.5935,5,50000,No,No,No,USD
28746,Youtube Custom Comments  [Fast start - No Stuck Issue] 30 days refill,YouTube,Comments,Youtube Random Comments/ Custom Comments,180.8,5.65,10,100000,No,No,No,USD
28751,Youtube Live Stream Custom Comments [20K] [30 Day Refill],YouTube,Live Stream Viewers,Youtube Random Comments/ Custom Comments,198.1568,6.1924,1,20000,No,No,No,USD
28756,YouTube Custom Comments [ 100% non drop ] Lifetime Guaranteed,YouTube,Comments,Youtube Custom Comments [ 100% non Drop ] NEW,86.784,2.712,5,3000,No,No,No,USD
28752,Youtube Custom Comments [ Max 100 ] Instant [ 30% avatar Acc ] [ 100% non Drop ] NR,YouTube,Comments,Youtube Custom Comments [ 100% non Drop ] NEW,162.72,5.085,1,100,No,Yes,No,USD
28753,Youtube Custom Comments [ Max 500 ] Instant [ 50% avatar Acc ] [ 100% non Drop ] 30 Days refill,YouTube,Comments,Youtube Custom Comments [ 100% non Drop ] NEW,180.8,5.65,1,500,No,Yes,No,USD
28754,Youtube Custom Comments [ Max 500 ] Instant [ 50% avatar Acc ] [ 100% non Drop ] 90 Days refill,YouTube,Comments,Youtube Custom Comments [ 100% non Drop ] NEW,189.84,5.9325,1,500,No,Yes,No,USD
28755,Youtube Custom Comments [ Max 500 ] Instant [ 50% avatar Acc ] [ 100% non Drop ] 365 Days refill,YouTube,Comments,Youtube Custom Comments [ 100% non Drop ] NEW,216.96,6.78,1,500,No,Yes,No,USD
28757,🔥[NEW] Youtube Community Post Likes ( Instant Start ) NON DROP,YouTube,Likes/Reactions,YouTube Comment Likes / Comments,30.736,0.9605,10,100000,No,Yes,No,USD
28758,⚡️ Youtube Comment Likes | Fast Service | Max 30K | No Drop | 30 Days Refill ♻️,YouTube,Likes/Reactions,YouTube Comment Likes / Comments,33.9904,1.0622,10,100000,No,No,No,USD
28759,Youtube Comments Likes ( Up Vote ) ( Instant ) (  Min 20 ),YouTube,Likes/Reactions,YouTube Comment Likes / Comments,39.776,1.243,20,25000,No,No,No,USD
28760,Youtube Comments Likes ( Min: 10 ) ( upvote ),YouTube,Likes/Reactions,YouTube Comment Likes / Comments,44.8384,1.4012,10,20000,No,No,No,USD
28761,Youtube Comments,YouTube,Likes/Reactions,YouTube Comment Likes / Comments,126.9216,3.9663,5,5000,No,No,No,USD
28766,Youtube Views US | Retention 3-5 minutes |  Speed 5-10k/days | Source Youtube Search/Browse Features,YouTube,Views/Plays,Youtube Views - NO GUARANTEE - Service Only for SEO,15.1872,0.4746,1000,100000,No,No,No,USD
28767,Youtube Views US | Retention 3-5 minutes |  Speed 5-10k/days  | Source Youtube Suggest(Trending/Random),YouTube,Views/Plays,Youtube Views - NO GUARANTEE - Service Only for SEO,15.1872,0.4746,1000,100000,No,No,No,USD
28768,Youtube Views US | Retention 3-5 minutes |  Speed 5-10k/days  | Source Youtube Search By Keywords,YouTube,Views/Plays,Youtube Views - NO GUARANTEE - Service Only for SEO,15.1872,0.4746,1000,100000,No,No,No,USD
28769,Youtube Views US | Retention 3-5 minutes |  Speed 5-10k/days  | Source Youtube Random (Suggest/Search/Browse Features) By Keywords,YouTube,Views/Plays,Youtube Views - NO GUARANTEE - Service Only for SEO,15.1872,0.4746,1000,100000,No,No,No,USD
28772,Youtube Views Việt Nam | Retention 3-5 minutes |  Speed 5-10k/days | Source Search + Browse Features,YouTube,Views/Plays,Youtube Views - NO GUARANTEE - Service Only for SEO,15.1872,0.4746,1000,100000,No,No,No,USD
28773,Youtube Views Việt Nam | Retention 3-5 minutes |  Speed 5-10k/days | Source Suggest(Trending/Random),YouTube,Views/Plays,Youtube Views - NO GUARANTEE - Service Only for SEO,15.1872,0.4746,1000,100000,No,No,No,USD
28774,Youtube Views Việt Nam | Retention 3-5 minutes |  Speed 5-10k/days | Source Youtube Search  By Keywords,YouTube,Views/Plays,Youtube Views - NO GUARANTEE - Service Only for SEO,15.1872,0.4746,1000,100000,No,No,No,USD
28775,Youtube Views Việt Nam | Retention 3-5 minutes |  Speed 5-10k/days  | Source Random (Suggest/Search/Browse Features) By Keywords,YouTube,Views/Plays,Youtube Views - NO GUARANTEE - Service Only for SEO,15.1872,0.4746,1000,100000,No,No,No,USD
28770,| Youtube Views US | Retention 5-10 minutes |  Speed 5-10k/days  | Source Youtube Random (Suggest/Search/Browse Features) By Keywords,YouTube,Views/Plays,Youtube Views - NO GUARANTEE - Service Only for SEO,19.5264,0.6102,1000,100000,No,No,No,USD
28762,Youtube | Views -| Retention 5-10 minutes |  Speed 5-10k/days  | Source Youtube Random (Suggest/Search/Browse Features),YouTube,Views/Plays,Youtube Views - NO GUARANTEE - Service Only for SEO,20.6112,0.6441,1000,100000,No,No,No,USD
28764,Youtube Views Vietnam | Retention 5-10 minutes |  Speed 5-10k/days  | Source Youtube Random (Suggest/Search/Browse Features),YouTube,Views/Plays,Youtube Views - NO GUARANTEE - Service Only for SEO,20.6112,0.6441,1000,100000,No,No,No,USD
28776,Youtube Views Việt Nam | Retention 5-10 minutes |  Speed 5-10k/days  | Source Random (Suggest/Search/Browse Features) By Keywords,YouTube,Views/Plays,Youtube Views - NO GUARANTEE - Service Only for SEO,20.6112,0.6441,1000,100000,No,No,No,USD
28778,| Youtube Views Việt Nam | Retention 15-20  minutes |  Speed 5-10k/days  | Source Youtube Suggest(Trending/Random),YouTube,Views/Plays,Youtube Views - NO GUARANTEE - Service Only for SEO,33.6288,1.0509,1000,100000,No,No,No,USD
28763,Youtube Views US | Retention 15-20 minutes |  Speed 5-10k/days  | Source Youtube Random (Suggest/Search/Browse Features),YouTube,Views/Plays,Youtube Views - NO GUARANTEE - Service Only for SEO,35.0752,1.0961,1000,100000,No,No,No,USD
28765,Youtube Views Vietnam | Retention 15-20 minutes |  Speed 5-10k/days  | Source Youtube Random (Suggest/Search/Browse Features) By Keywords,YouTube,Views/Plays,Youtube Views - NO GUARANTEE - Service Only for SEO,35.0752,1.0961,1000,100000,No,No,No,USD
28771,Youtube Views US | Retention 15-20 minutes |  Speed 5-10k/days  | Source Youtube Random (Suggest/Search/Browse Features) By Keywords,YouTube,Views/Plays,Youtube Views - NO GUARANTEE - Service Only for SEO,35.0752,1.0961,1000,100000,No,No,No,USD
28777,Youtube Views Việt Nam | Retention 15-20 minutes |  Speed 5-10k/days  | Source Random (Suggest/Search/Browse Features) By Keywords,YouTube,Views/Plays,Youtube Views - NO GUARANTEE - Service Only for SEO,35.0752,1.0961,1000,100000,No,No,No,USD
28779,Youtube Live Stream [ 100% Concurrent - 15 Minutes  ] [ Start Instant],YouTube,Live Stream Viewers,Youtube Live Stream [ NEW PACKAGE ] [ CHEAPEST PRICE] ( Low Quality ),1.2672,0.0396,50,500000,No,No,No,USD
28780,Youtube Live Stream [ 100% Concurrent - 30 Minutes  ] [ Start Instant],YouTube,Live Stream Viewers,Youtube Live Stream [ NEW PACKAGE ] [ CHEAPEST PRICE] ( Low Quality ),2.7136,0.0848,50,500000,No,No,No,USD
28781,Youtube Live Stream [ 100% Concurrent - 60 Minutes  ] [ Start Instant],YouTube,Live Stream Viewers,Youtube Live Stream [ NEW PACKAGE ] [ CHEAPEST PRICE] ( Low Quality ),5.424,0.1695,50,500000,No,No,No,USD
28782,Youtube Live Stream [ 100% Concurrent - 90 Minutes  ] [ Start Instant],YouTube,Live Stream Viewers,Youtube Live Stream [ NEW PACKAGE ] [ CHEAPEST PRICE] ( Low Quality ),8.1376,0.2543,50,500000,No,No,No,USD
28783,Youtube Live Stream [ 100% Concurrent - 120 Minutes  ] [ Start Instant],YouTube,Live Stream Viewers,Youtube Live Stream [ NEW PACKAGE ] [ CHEAPEST PRICE] ( Low Quality ),10.848,0.339,50,500000,No,No,No,USD
28784,Youtube Live Stream [ 100% Concurrent - 180 Minutes ] [ Start Instant],YouTube,Live Stream Viewers,Youtube Live Stream [ NEW PACKAGE ] [ CHEAPEST PRICE] ( Low Quality ),16.272,0.5085,50,500000,No,No,No,USD
28785,Youtube Live Stream [ 100% Concurrent - 360 Minutes  ] [ Start Instant],YouTube,Live Stream Viewers,Youtube Live Stream [ NEW PACKAGE ] [ CHEAPEST PRICE] ( Low Quality ),32.544,1.017,50,500000,No,No,No,USD
28786,Youtube Live Stream [ 100% Concurrent - 720 Minutes  ] [ Start Instant],YouTube,Live Stream Viewers,Youtube Live Stream [ NEW PACKAGE ] [ CHEAPEST PRICE] ( Low Quality ),65.088,2.034,50,500000,No,No,No,USD
28787,Youtube Live Stream [ 100% Concurrent - 1440 Minutes  ] [ Start Instant],YouTube,Live Stream Viewers,Youtube Live Stream [ NEW PACKAGE ] [ CHEAPEST PRICE] ( Low Quality ),130.176,4.068,50,500000,No,No,No,USD
28788,Youtube Live Stream Views [Max: 500K] [Start time : INSTANT] [Stay time: 15 min],YouTube,Live Stream Viewers,YouTube - Live Stream Views [100% Concurrent Viewers] [ Cheapest in the World ],2.7136,0.0848,50,500000,No,No,No,USD
28789,Youtube Live Stream Views [Max: 500K] [Start time : INSTANT] [Stay time: 30 min],YouTube,Live Stream Viewers,YouTube - Live Stream Views [100% Concurrent Viewers] [ Cheapest in the World ],5.424,0.1695,50,500000,No,No,No,USD
28790,Youtube Live Stream Views [Max: 500K] [Start time : INSTANT] [Stay time: 60 min],YouTube,Live Stream Viewers,YouTube - Live Stream Views [100% Concurrent Viewers] [ Cheapest in the World ],10.848,0.339,50,500000,No,No,No,USD
28791,Youtube Live Stream Views [Max: 500K] [Start time : INSTANT] [Stay time: 90 min],YouTube,Live Stream Viewers,YouTube - Live Stream Views [100% Concurrent Viewers] [ Cheapest in the World ],16.272,0.5085,50,500000,No,No,No,USD
28792,Youtube Live Stream Views [Max: 500K] [Start time : INSTANT] [Stay time: 2 hours],YouTube,Live Stream Viewers,YouTube - Live Stream Views [100% Concurrent Viewers] [ Cheapest in the World ],21.696,0.678,50,500000,No,No,No,USD
28793,Youtube Live Stream Views [Max: 500K] [Start time : INSTANT] [Stay time: 3 hours],YouTube,Live Stream Viewers,YouTube - Live Stream Views [100% Concurrent Viewers] [ Cheapest in the World ],32.544,1.017,50,500000,No,No,No,USD
28794,Youtube Live Stream Views [Max: 500K] [Start time : INSTANT] [Stay time: 4 hours],YouTube,Live Stream Viewers,YouTube - Live Stream Views [100% Concurrent Viewers] [ Cheapest in the World ],43.392,1.356,50,500000,No,No,No,USD
28795,Youtube Live Stream Views [Max: 500K] [Start time : INSTANT] [Stay time: 6 hours],YouTube,Live Stream Viewers,YouTube - Live Stream Views [100% Concurrent Viewers] [ Cheapest in the World ],65.088,2.034,50,500000,No,No,No,USD
28796,Youtube Live Stream Views [Max: 500K] [Start time : INSTANT] [Stay time: 12 hours],YouTube,Live Stream Viewers,YouTube - Live Stream Views [100% Concurrent Viewers] [ Cheapest in the World ],126.56,3.955,50,500000,No,No,No,USD
28797,Youtube Live Stream Views [Max: 500K] [Start time : INSTANT] [Stay time: 24 hours],YouTube,Live Stream Viewers,YouTube - Live Stream Views [100% Concurrent Viewers] [ Cheapest in the World ],253.12,7.91,50,500000,No,No,No,USD
28798,Youtube Live Stream Views [Max: 500K] [Start time : INSTANT] [Stay time: 7 Days],YouTube,Live Stream Viewers,YouTube - Live Stream Views [100% Concurrent Viewers] [ Cheapest in the World ],723.2,22.6,50,50000,No,No,No,USD
28799,Youtube Live Stream Views [Max: 500K] [Start time : INSTANT] [Stay time: 15 Days],YouTube,Live Stream Viewers,YouTube - Live Stream Views [100% Concurrent Viewers] [ Cheapest in the World ],2169.6,67.8,50,50000,No,No,No,USD
28800,Youtube Live Stream Views [Max: 500K] [Start time : INSTANT] [Stay time: 30 Days],YouTube,Live Stream Viewers,YouTube - Live Stream Views [100% Concurrent Viewers] [ Cheapest in the World ],7232.0,226.0,50,500000,No,Yes,No,USD
28801,Youtube Live Stream [ 100% Concurrent - 15 Minutes ] Low Price,YouTube,Live Stream Viewers,Youtube Live Stream [ Ranking Special ] 100% concurrent [ RECOMMENDED],8.4992,0.2656,50,500000,No,No,No,USD
28802,Youtube Live Stream [ 100% Concurrent - 30 Minutes ] Low Price,YouTube,Live Stream Viewers,Youtube Live Stream [ Ranking Special ] 100% concurrent [ RECOMMENDED],16.9952,0.5311,50,500000,No,No,No,USD
28803,Youtube Live Stream [ 100% Concurrent - 60 Minutes ] Low Price,YouTube,Live Stream Viewers,Youtube Live Stream [ Ranking Special ] 100% concurrent [ RECOMMENDED],34.352,1.0735,50,500000,No,No,No,USD
28804,Youtube Live Stream [ 100% Concurrent - 90 Minutes ] Low Price,YouTube,Live Stream Viewers,Youtube Live Stream [ Ranking Special ] 100% concurrent [ RECOMMENDED],50.624,1.582,50,500000,No,No,No,USD
28805,Youtube Live Stream [ 100% Concurrent - 120 Minutes ] Low Price,YouTube,Live Stream Viewers,Youtube Live Stream [ Ranking Special ] 100% concurrent [ RECOMMENDED],68.704,2.147,50,500000,No,No,No,USD
28806,Youtube Live Stream [ 100% Concurrent - 150 Minutes ] Low Price,YouTube,Live Stream Viewers,Youtube Live Stream [ Ranking Special ] 100% concurrent [ RECOMMENDED],86.784,2.712,50,500000,No,No,No,USD
28807,Youtube Live Stream [ 100% Concurrent - 180 Minutes ] Low Price,YouTube,Live Stream Viewers,Youtube Live Stream [ Ranking Special ] 100% concurrent [ RECOMMENDED],104.864,3.277,50,500000,No,No,No,USD
28808,Youtube Live Stream [ 100% Concurrent - 240 Minutes ] Low Price ( NEW ),YouTube,Live Stream Viewers,Youtube Live Stream [ Ranking Special ] 100% concurrent [ RECOMMENDED],137.408,4.294,50,500000,No,No,No,USD
28809,Youtube Live Stream [ 100% Concurrent - 360 Minutes ] Low Price,YouTube,Live Stream Viewers,Youtube Live Stream [ Ranking Special ] 100% concurrent [ RECOMMENDED],209.728,6.554,50,500000,No,No,No,USD
28810,Youtube Live Stream [ 100% Concurrent - 720 Minutes ] Low Price,YouTube,Live Stream Viewers,Youtube Live Stream [ Ranking Special ] 100% concurrent [ RECOMMENDED],419.456,13.108,50,500000,No,No,No,USD
28811,Youtube Live Stream [ 100% Concurrent - 1440 Minutes ] Low Price,YouTube,Live Stream Viewers,Youtube Live Stream [ Ranking Special ] 100% concurrent [ RECOMMENDED],795.52,24.86,50,500000,No,No,No,USD
28812,YouTube Live Stream Views [ 15 Minutes] [ HIGH RANKING LIVE STREAM],YouTube,Live Stream Viewers,Youtube Live Stream [ Only Perfectsmm Exclusive ],14.464,0.452,50,500000,No,No,No,USD
28813,YouTube Live Stream Views [ 30 Minutes] [ HIGH RANKING LIVE STREAM],YouTube,Live Stream Viewers,Youtube Live Stream [ Only Perfectsmm Exclusive ],28.928,0.904,50,500000,No,No,No,USD
28814,YouTube Live Stream Views [ 60 Minutes] [ HIGH RANKING LIVE STREAM],YouTube,Live Stream Viewers,Youtube Live Stream [ Only Perfectsmm Exclusive ],57.856,1.808,50,500000,No,No,No,USD
28815,YouTube Live Stream Views [ 90 Minutes] [ HIGH RANKING LIVE STREAM],YouTube,Live Stream Viewers,Youtube Live Stream [ Only Perfectsmm Exclusive ],86.784,2.712,50,500000,No,No,No,USD
28816,YouTube Live Stream Views [ 120 Minutes] [ HIGH RANKING LIVE STREAM],YouTube,Live Stream Viewers,Youtube Live Stream [ Only Perfectsmm Exclusive ],115.712,3.616,50,500000,No,No,No,USD
28817,YouTube Live Stream Views [ 150 Minutes] [ HIGH RANKING LIVE STREAM],YouTube,Live Stream Viewers,Youtube Live Stream [ Only Perfectsmm Exclusive ],144.64,4.52,50,500000,No,No,No,USD
28818,YouTube Live Stream Views [ 180 Minutes] [ HIGH RANKING LIVE STREAM],YouTube,Live Stream Viewers,Youtube Live Stream [ Only Perfectsmm Exclusive ],173.568,5.424,50,500000,No,No,No,USD
28819,YouTube Live Stream Views [ 360 Minutes] [ HIGH RANKING LIVE STREAM],YouTube,Live Stream Viewers,Youtube Live Stream [ Only Perfectsmm Exclusive ],347.136,10.848,50,500000,No,No,No,USD
28820,YouTube Live Stream Views [ 720 Minutes] [ HIGH RANKING LIVE STREAM],YouTube,Live Stream Viewers,Youtube Live Stream [ Only Perfectsmm Exclusive ],542.4,16.95,50,500000,No,No,No,USD
28821,YouTube Live Stream Views [ 1440 Minutes] [ HIGH RANKING LIVE STREAM],YouTube,Live Stream Viewers,Youtube Live Stream [ Only Perfectsmm Exclusive ],1084.8,33.9,50,500000,No,No,No,USD
28822,Youtube Subscribes [ Work on shorts Videos Channels ] [ Speed 50/D ] [ Lifetime Refill ] [,YouTube,Followers/Subscribers,Youtube  Subscriber [ Work on shorts Video channel ],580.368,18.1365,100,100000,No,No,No,USD
28825,Instagram Real Likes - SERVER 3 - Best Server {Recommended},Instagram,Followers/Subscribers,INSTAGRAM EMERGENCY LIKES/FOLLOWERS - 🚑🚑🚑🚑🚑,10.4864,0.3277,10,30000,No,No,No,USD
28828,Instagram likes - Server 2 - 2k/hour - 30 Days Guarantee,Instagram,Followers/Subscribers,INSTAGRAM EMERGENCY LIKES/FOLLOWERS - 🚑🚑🚑🚑🚑,10.4864,0.3277,10,30000,No,Yes,No,USD
28827,Instagram Likes - 30 Days Refill - 10K/hour - 🚑🚑 - Server 1,Instagram,Followers/Subscribers,INSTAGRAM EMERGENCY LIKES/FOLLOWERS - 🚑🚑🚑🚑🚑,15.9104,0.4972,10,50000,No,Yes,No,USD
28830,Instagram Likes [ Max 25k] [ 30 Days guarantee] [ 0.55$/K],Instagram,Followers/Subscribers,INSTAGRAM EMERGENCY LIKES/FOLLOWERS - 🚑🚑🚑🚑🚑,19.888,0.6215,10,25000,Yes,Yes,No,USD
28829,Instagram Followers [100k/day] 30 Days Refill,Instagram,Followers/Subscribers,INSTAGRAM EMERGENCY LIKES/FOLLOWERS - 🚑🚑🚑🚑🚑,28.2048,0.8814,10,50000000,Yes,Yes,No,USD
28824,Instagram Followers Emergency No Refil 50K/day,Instagram,Followers/Subscribers,INSTAGRAM EMERGENCY LIKES/FOLLOWERS - 🚑🚑🚑🚑🚑,35.4368,1.1074,10,10000000,No,Yes,No,USD
28823,Instagram Followers 30 Days Refill - 1000/Hour,Instagram,Followers/Subscribers,INSTAGRAM EMERGENCY LIKES/FOLLOWERS - 🚑🚑🚑🚑🚑,90.4,2.825,10,2000000,Yes,No,No,USD
28826,Instagram Followers Emergency 365 Days Refill - 50k/day,Instagram,Followers/Subscribers,INSTAGRAM EMERGENCY LIKES/FOLLOWERS - 🚑🚑🚑🚑🚑,218.768,6.8365,10,10000000,No,Yes,No,USD
28831,Instagram Followers [ Old Acc ] [ Start Time 0-hr ] [ NR ] [ Disable Flag before Order ],Instagram,Followers/Subscribers,Instagram Followers [ Fast Working ] [ New ],46.6464,1.4577,10,5000000,No,Yes,No,USD
28832,Instagram Followers [ Old Acc ] [ Start Time 0-hr ] [ 365 Days Refill  ]  One time refill,Instagram,Followers/Subscribers,Instagram Followers [ Fast Working ] [ New ],113.1808,3.5369,10,10000000,No,Yes,No,USD
28833,Instagram Followers (Old Accounts) 30 Days Refill (50k/day),Instagram,Followers/Subscribers,Instagram Followers [ Fast Working ] [ New ],129.0912,4.0341,10,1000000,No,No,No,USD
28834,Instagram Followers - [ Brazil 🇧🇷 ] [ Old accounts with Post ] Start Time: 0-15minutes [ Speed 10k/day ] [ NR ],Instagram,Followers/Subscribers,Instagram Followers - [ Brazil 🇧🇷 ],36.16,1.13,100,1000000,No,No,No,USD
28835,Instagram Followers - [ Brazil 🇧🇷 ] [ Old accounts with Post ] Start Time: 0-15minutes [ Speed 20k/day ] [ 30 days Refill ],Instagram,Followers/Subscribers,Instagram Followers - [ Brazil 🇧🇷 ],41.584,1.2995,100,1000000,No,No,No,USD
28836,Instagram Followers - [ Brazil 🇧🇷 ] [ Old accounts with Post ] Start Time: 0-15minutes [ Speed 20k/day ] [ 90 days Refill ],Instagram,Followers/Subscribers,Instagram Followers - [ Brazil 🇧🇷 ],47.008,1.469,100,1000000,No,No,No,USD
28837,Instagram Followers - [ Brazil 🇧🇷 ] [ Old accounts with Post ] Start Time: 0-15minutes [ Speed 20k/day ] [ 365 days Refill ],Instagram,Followers/Subscribers,Instagram Followers - [ Brazil 🇧🇷 ],106.672,3.3335,10,500000,No,Yes,No,USD
28840,Instagram Video Views [ All Link Work ] Super Fast [ Non Drop ] Speed 20M/day,Instagram,Views/Plays,Instagram Views [ CHEAP WORKİNG and Stable ],0.0896,0.0028,500,2147483647,No,Yes,No,USD
28838,Instagram Views Super Fast Cheap Server 1 [ TV/VIDEO/REELS] 0.0043$/K,Instagram,Views/Plays,Instagram Views [ CHEAP WORKİNG and Stable ],0.1568,0.0049,100,2147483647,No,No,No,USD
28839,Instagram Views [ Fast ] [ Working all links ] [ Cheapest after update],Instagram,Views/Plays,Instagram Views [ CHEAP WORKİNG and Stable ],0.2016,0.0063,100,2500000,No,Yes,No,USD
28841,Instagram Video Views [ All Link Work ] Ultra Super Fast [ Non Drop ] Speed 30M/day,Instagram,Views/Plays,Instagram Views [ CHEAP WORKİNG and Stable ],0.3264,0.0102,100,2147483647,No,No,No,USD
28842,Instagram Comment Like With Username [ Start Instant ] [ Speed 20k/day ],Instagram,Likes/Reactions,Instagram Comment [ Random/Custom ] &amp; Comment Likes,108.48,3.39,10,20000,No,No,No,USD
28843,Instagram Comment Like With Link [ Start Instant ] [ Speed 20k/day ],Instagram,Likes/Reactions,Instagram Comment [ Random/Custom ] &amp; Comment Likes,108.48,3.39,10,20000,No,No,No,USD
28844,Instagram Random Emoji Comment 🙌👏😢😍😮😂🔥❤️[20K],Instagram,Likes/Reactions,Instagram Comment [ Random/Custom ] &amp; Comment Likes,195.264,6.102,1,20000,No,No,No,USD
28845,Instagram Comment - Negative Emoji 🤬😡😠😤😮‍💨🙄😒💩👿😈🤡🖕[20K],Instagram,Likes/Reactions,Instagram Comment [ Random/Custom ] &amp; Comment Likes,195.264,6.102,10,20000,No,No,No,USD
28847,Instagram Comments [INSTANT] [FEMALE] [Random] [Positive] [Emojis] [10-20K/D],Instagram,Likes/Reactions,Instagram Comment [ Random/Custom ] &amp; Comment Likes,361.6,11.3,10,10000,No,No,No,USD
28848,Instagram Comments [INSTANT] [MALE] [Random] [Positive] [Emojis] [10-20K/D],Instagram,Likes/Reactions,Instagram Comment [ Random/Custom ] &amp; Comment Likes,361.6,11.3,10,100000,No,No,No,USD
28846,Instagram Custom Comment [20K],Instagram,Likes/Reactions,Instagram Comment [ Random/Custom ] &amp; Comment Likes,390.528,12.204,1,20000,No,No,No,USD
28849,Instagram [Indian] [Girls] [Custom Comments] [100% Real Profile],Instagram,Likes/Reactions,Instagram Comment [ Random/Custom ] &amp; Comment Likes,1301.76,40.68,1,300,No,No,No,USD
28850,Instagram Views [Instant ] Good Speed [ Minimum 500 ] - 0.0009$/k,Instagram,Views/Plays,Instagram Views [ New ] Recommended,0.3264,0.0102,100,2147483647,No,No,No,USD
28851,Instagram Views [ Instant ] Fast Speed [ Minimum 100 ] - 0.001$/k,Instagram,Views/Plays,Instagram Views [ New ] Recommended,0.3264,0.0102,100,2147483647,No,No,No,USD
28852,Instagram Views [ Instant ] Ultra fast Speed [ Minimum 50 ] - 0.0011$/k,Instagram,Views/Plays,Instagram Views [ New ] Recommended,0.3264,0.0102,100,2147483647,No,No,No,USD
28853,Facebook Post Reaction [ Like 👍 ] [ Speed 10kk/day ] [ Max 100K ] No Refill [ Cancel Button ],Facebook,Likes/Reactions,Facebook Post Reactions [ New Server ],7.9552,0.2486,50,200000,No,Yes,No,USD
28854,Facebook Post Reaction [ Love ❤️ ] [ Speed 10kk/day ] [ Max 100K ] No Refill [ Cancel Button ],Facebook,Likes/Reactions,Facebook Post Reactions [ New Server ],7.9552,0.2486,10,1000000,No,Yes,No,USD
28855,Facebook Post Reaction [ Care 🤗 ] [ Speed 10kk/day ] [ Max 100K ] No Refill [ Cancel Button ],Facebook,Likes/Reactions,Facebook Post Reactions [ New Server ],8.6784,0.2712,10,100000,No,Yes,No,USD
28856,Facebook Post Reaction [ Wow 😲] [ Speed 10kk/day ] [ Max 100K ] No Refill [ Cancel Button ],Facebook,Likes/Reactions,Facebook Post Reactions [ New Server ],8.6784,0.2712,10,100000,No,Yes,No,USD
28857,Facebook Post Reaction [ Haha 😂] [ Speed 10kk/day ] [ Max 100K ] No Refill [ Cancel Button ],Facebook,Likes/Reactions,Facebook Post Reactions [ New Server ],8.6784,0.2712,10,100000,No,Yes,No,USD
28858,Facebook Post Reaction [ Sad 😥 ] [ Speed 10kk/day ] [ Max 100K ] No Refill [ Cancel Button ],Facebook,Likes/Reactions,Facebook Post Reactions [ New Server ],8.6784,0.2712,10,100000,No,Yes,No,USD
28859,Facebook Post Reaction [ Angry 🤬 ] [ Max 100K ] | Cancel Enable | No Refill ⚠️ | Day 10K,Facebook,Likes/Reactions,Facebook Post Reactions [ New Server ],8.6784,0.2712,10,1000000,No,Yes,No,USD
28860,Facebook Views [ 20k-100k/day ] Start 0-5min - 0.1$/k,Facebook,Views/Plays,Facebook [ Reel/video Views ] [ Fast working ],0.0896,0.0028,500,10000000,No,Yes,No,USD
28861,Facebook Video Views [ Fast Speed ] [ 200K/day ],Facebook,Views/Plays,Facebook [ Reel/video Views ] [ Fast working ],0.7616,0.0238,500,10000000,No,Yes,No,USD
28865,Telegram Members [ Instant start ] 100k/day Speed [ Max 500k ] Refill 365 days ♻️ - Non Drop,Telegram,Followers/Subscribers,Telegram Members [ Non Drop Working ],20.9728,0.6554,100,100000,No,No,No,USD
28862,Telegram Members [ Instant start ] 100k/day Speed [ Max 500k ] Refill 30 days ♻️ - Non Drop,Telegram,Followers/Subscribers,Telegram Members [ Non Drop Working ],24.2272,0.7571,500,30000,No,No,No,USD
28863,Telegram Members [ Instant start ] 100k/day Speed [ Max 500k ] Refill 60 days ♻️ - Non Drop,Telegram,Followers/Subscribers,Telegram Members [ Non Drop Working ],26.7584,0.8362,100,100000,No,Yes,No,USD
28864,Telegram Members [ Instant start ] 100k/day Speed [ Max 500k ] Refill 90 days ♻️ - Non Drop,Telegram,Followers/Subscribers,Telegram Members [ Non Drop Working ],28.5664,0.8927,500,200000,No,No,No,USD
28866,Telegram Members [ Instant start ] 100k/day Speed [ Max 500k ] Refill 450 days ♻️ - Non Drop,Telegram,Followers/Subscribers,Telegram Members [ Non Drop Working ],32.9056,1.0283,500,500000,Yes,Yes,No,USD
28867,Tiktok Live Broadcast Maximum 50K | 10 minutes,TikTok,Live Stream Viewers,➡️Tiktok Live Streams,16.272,0.5085,20,50000,No,Yes,No,USD
28868,Tiktok Live Broadcast Maximum 50K | 30 minutes,TikTok,Live Stream Viewers,➡️Tiktok Live Streams,32.544,1.017,20,50000,No,Yes,No,USD
28869,Tiktok Live Broadcast Maximum 50K | 60 Minutes,TikTok,Live Stream Viewers,➡️Tiktok Live Streams,65.088,2.034,20,50000,No,Yes,No,USD
28870,Tiktok Live Broadcast Maximum 50K | 90 minutes,TikTok,Live Stream Viewers,➡️Tiktok Live Streams,97.632,3.051,20,50000,No,Yes,No,USD
28871,Tiktok Live Broadcast Maximum 50K | 120 Minutes,TikTok,Live Stream Viewers,➡️Tiktok Live Streams,130.176,4.068,20,50000,No,Yes,No,USD
28872,Tiktok Live Broadcast Maximum 50K | 180 Minutes,TikTok,Live Stream Viewers,➡️Tiktok Live Streams,195.264,6.102,20,50000,No,Yes,No,USD
28873,Tiktok Live Broadcast Maximum 20K | 240 minutes,TikTok,Live Stream Viewers,➡️Tiktok Live Streams,260.352,8.136,20,50000,No,Yes,No,USD
28874,YOUTUBE VIEWS NATIVE - 2M/DAY - MIN 1M,Instagram,Views/Plays,YOUTUBE VIEWS BIG ORDER SERVICE,23.504,0.7345,500000,20000000,No,No,No,USD
28875,Facebook Live Stream Views ( 15 Min ),Facebook,Live Stream Viewers,Facebook LIVE STREAM - [ 100% Concurrent Stable Views ] ( Lowest Rate ),16.272,0.5085,10,500000,No,No,No,USD
28876,Facebook Live Stream Views (30 Min),Facebook,Live Stream Viewers,Facebook LIVE STREAM - [ 100% Concurrent Stable Views ] ( Lowest Rate ),32.544,1.017,10,500000,No,No,No,USD
28877,Facebook Live Stream Views ( 60 Min ),Facebook,Live Stream Viewers,Facebook LIVE STREAM - [ 100% Concurrent Stable Views ] ( Lowest Rate ),65.088,2.034,10,500000,No,No,No,USD
28878,Facebook Live Stream Views ( 90 Min ),Facebook,Live Stream Viewers,Facebook LIVE STREAM - [ 100% Concurrent Stable Views ] ( Lowest Rate ),97.632,3.051,10,500000,No,No,No,USD
28879,Facebook Live Stream Views ( 120 Min ),Facebook,Live Stream Viewers,Facebook LIVE STREAM - [ 100% Concurrent Stable Views ] ( Lowest Rate ),130.176,4.068,10,500000,No,No,No,USD
28880,Facebook Live Stream Views ( 150 Min ),Facebook,Live Stream Viewers,Facebook LIVE STREAM - [ 100% Concurrent Stable Views ] ( Lowest Rate ),162.72,5.085,10,500000,No,No,No,USD
28881,Facebook Live Stream Views ( 180 Min ),Facebook,Live Stream Viewers,Facebook LIVE STREAM - [ 100% Concurrent Stable Views ] ( Lowest Rate ),195.264,6.102,10,500000,No,No,No,USD
28882,Facebook Live Stream Views ( 360 Min ),Facebook,Live Stream Viewers,Facebook LIVE STREAM - [ 100% Concurrent Stable Views ] ( Lowest Rate ),390.528,12.204,10,500000,No,No,No,USD
28888,Instagram Video Views [ INSTANT ] [ 0-5 Minutes start ] [ Fast Speed ] - All Link work,Instagram,Views/Plays,Instagram Views [ Emergency server ],1.4464,0.0452,100,50000000,No,Yes,No,USD
28884,Instagram Video Views [ Max 100M] | All Link | Cancel Enable | 𝐒𝐮𝐩𝐞𝐫 𝐅𝐚𝐬𝐭 𝐒𝐩𝐞𝐞𝐝⚡️ [ 𝗣𝗥𝗢𝗩𝗜𝗗𝗘𝗥 ],Instagram,Views/Plays,Instagram Views [ Emergency server ],1.6288,0.0509,100,2147483647,No,Yes,No,USD
28883,Instagram Video Views [ Super Fast Speed ] [ INSTANT START ] [ All link ] - 0.12$/k,Instagram,Views/Plays,Instagram Views [ Emergency server ],1.808,0.0565,100,100000000,No,Yes,No,USD
28887,Instagram Views [ Emergency server ] Fast Speed - All link work,Instagram,Views/Plays,Instagram Views [ Emergency server ],1.808,0.0565,100,15000000,No,Yes,No,USD
28886,Instagram Video Views [ Max Unlimited ] | All Link | Cheapest Price after Upate - 0.12$/k,Instagram,Views/Plays,Instagram Views [ Emergency server ],1.9904,0.0622,100,10000000,No,Yes,No,USD
28885,Instagram Video Views [ Start 0-30 Minutes ] [ Super Fast ] all work - 0.14$,Instagram,Views/Plays,Instagram Views [ Emergency server ],2.1696,0.0678,100,20000000,No,Yes,No,USD
28889,Youtube Subscriber Cheap Service | Nodrop | Speed 50-100/Day [ Refill 30 Days ],YouTube,Followers/Subscribers,Best Price For Youtube Subscriber 🥳,542.4,16.95,50,5000,No,No,No,USD
28890,Facebook Auto Post Likes | 7 days | 5 new posts per day | 40-50 likes for each new post,Facebook,Likes/Reactions,Facebook Auto Post Likes,86.784,2.712,1,1,No,No,No,USD
28891,Facebook Auto Post Likes | 7 days | 5 new posts per day | 80-100 likes for each new post,Facebook,Likes/Reactions,Facebook Auto Post Likes,173.568,5.424,1,1,No,No,No,USD
28894,Facebook Auto Post Likes | 15 days | 5 new posts per day | 40-50 likes for each new post,Facebook,Likes/Reactions,Facebook Auto Post Likes,173.568,5.424,1,1,No,No,No,USD
28892,Facebook Auto Post Likes | 7 days | 5 new posts per day | 180-200 likes for each new post,Facebook,Likes/Reactions,Facebook Auto Post Likes,347.136,10.848,1,1,No,No,No,USD
28895,Facebook Auto Post Likes | 15 days | 5 new posts per day | 80-100 likes for each new post,Facebook,Likes/Reactions,Facebook Auto Post Likes,347.136,10.848,1,1,No,No,No,USD
28898,Facebook Auto Post Likes | 30 days | 5 new posts per day | 40-50 likes for each new post,Facebook,Likes/Reactions,Facebook Auto Post Likes,347.136,10.848,1,1,No,No,No,USD
28896,Facebook Auto Post Likes | 15 days | 5 new posts per day | 180-200 likes for each new post,Facebook,Likes/Reactions,Facebook Auto Post Likes,694.272,21.696,1,1,No,No,No,USD
28899,Facebook Auto Post Likes | 30 days | 5 new posts per day | 80-100 likes for each new post,Facebook,Likes/Reactions,Facebook Auto Post Likes,694.272,21.696,1,1,No,No,No,USD
28900,Facebook Auto Post Likes | 30 days | 5 new posts per day | 180-200 likes for each new post,Facebook,Likes/Reactions,Facebook Auto Post Likes,1388.544,43.392,1,1,No,No,No,USD
28893,Facebook Auto Post Likes | 7 days | 5 new posts per day | 900-1000 likes for each new post,Facebook,Likes/Reactions,Facebook Auto Post Likes,1735.68,54.24,1,1,No,No,No,USD
28897,Facebook Auto Post Likes | 15 days | 5 new posts per day | 900-1000 likes for each new post,Facebook,Likes/Reactions,Facebook Auto Post Likes,3471.36,108.48,1,1,No,No,No,USD
28901,Facebook Auto Post Likes | 30 days | 5 new posts per day | 900-1000 likes for each new post,Facebook,Likes/Reactions,Facebook Auto Post Likes,6942.72,216.96,1,1,No,No,No,USD
28903,🇧🇷 Facebook Page Likes + Followers [Brazil] [Max 200K] [15 Days ♻️][Real] [Non Drop],Facebook,Followers/Subscribers,Facebook Services [Brazil 🇧🇷] [HQ] ᴺᴱᵂ,86.784,2.712,50,200000,Yes,No,No,USD
28902,🇧🇷 Facebook Post Likes [Brazil] [Max 10K] [Real] [Non Drop] [10K/D] [15 Days ♻️],Facebook,Likes/Reactions,Facebook Services [Brazil 🇧🇷] [HQ] ᴺᴱᵂ,108.48,3.39,20,10000,Yes,Yes,No,USD
28906,🇧🇷 Facebook Post Reaction [Love ❤️] [Brazil] [Max 200] [HQ] [15 Days ♻️] [Start: 1-12H],Facebook,Likes/Reactions,Facebook Services [Brazil 🇧🇷] [HQ] ᴺᴱᵂ,108.48,3.39,30,100,Yes,No,No,USD
28907,🇧🇷 Facebook Post Reaction [Wow 😮] [Brazil] [Max 500] [HQ] [15 Days ♻️] [Start: 1-12H],Facebook,Likes/Reactions,Facebook Services [Brazil 🇧🇷] [HQ] ᴺᴱᵂ,108.48,3.39,30,100,Yes,No,No,USD
28908,🇧🇷 Facebook Post Reaction [Haha 😂] [Brazil] [Max 500] [HQ] [15 Days ♻️] [Start: 1-12H],Facebook,Likes/Reactions,Facebook Services [Brazil 🇧🇷] [HQ] ᴺᴱᵂ,108.48,3.39,30,100,Yes,No,No,USD
28909,🇧🇷 Facebook Post Reaction [Sad 😭] [Brazil] [Max 500] [HQ] [15 Days ♻️] [Start: 1-12H],Facebook,Likes/Reactions,Facebook Services [Brazil 🇧🇷] [HQ] ᴺᴱᵂ,108.48,3.39,30,100,Yes,No,No,USD
28910,🇧🇷 Facebook Post Reaction [Care🥰] [Brazil] [Max 500] [HQ] [15 Days ♻️] [Start: 1-12H],Facebook,Likes/Reactions,Facebook Services [Brazil 🇧🇷] [HQ] ᴺᴱᵂ,108.48,3.39,25,500,Yes,No,No,USD
28911,🇧🇷 Facebook Post Reaction [Angry😡] [Brazil] [Max 500] [HQ] [15 Days ♻️] [Start: 1-12H],Facebook,Likes/Reactions,Facebook Services [Brazil 🇧🇷] [HQ] ᴺᴱᵂ,108.48,3.39,25,500,Yes,No,No,USD
28904,🇧🇷 Facebook Post Likes [Brazil] [Max 10K] [Real] [Non Drop] [1K/D] [30 Days ♻️],Facebook,Likes/Reactions,Facebook Services [Brazil 🇧🇷] [HQ] ᴺᴱᵂ,130.176,4.068,20,10000,Yes,Yes,No,USD
28905,🇧🇷 Facebook Comment [Custom] [Brazil] [Max 200] [HQ] [Non Drop] [Start: 1-12H],Facebook,Comments,Facebook Services [Brazil 🇧🇷] [HQ] ᴺᴱᵂ,5424.0,169.5,10,200,No,No,No,USD
28914,Facebook Organic Page Like + Followers | 10K | Low Drop | 1K/Day | 0-2h Start,Facebook,Followers/Subscribers,Facebook Organic | High Quality Services ᴺᴱᵂ,216.2368,6.7574,10,10000,No,Yes,No,USD
28915,Facebook Organic Post Like   | 10K | Low Drop | 1K/Day | 0-2h Start,Facebook,Likes/Reactions,Facebook Organic | High Quality Services ᴺᴱᵂ,282.048,8.814,50,10000,No,No,No,USD
28917,Facebook Organic Post Reaction | 10K | Low Drop | 1K/Day | 0-2h Start,Facebook,Likes/Reactions,Facebook Organic | High Quality Services ᴺᴱᵂ,336.288,10.509,50,10000,No,No,No,USD
28912,Facebook Organic Profile Followers | 10K | Low Drop | 1K/Day | 0-2h Start,Facebook,Followers/Subscribers,Facebook Organic | High Quality Services ᴺᴱᵂ,371.0016,11.5938,10,10000,No,No,No,USD
28913,Facebook Organic Group Members  | 10K | Low Drop | 500-1K/Day | 0-2h Start,Facebook,Followers/Subscribers,Facebook Organic | High Quality Services ᴺᴱᵂ,509.856,15.933,100,10000,No,No,No,USD
28916,Facebook Organic Post Share | 10K | Low Drop | 1K/Day | 0-2h Start,Facebook,Shares,Facebook Organic | High Quality Services ᴺᴱᵂ,824.448,25.764,50,10000,No,No,No,USD
28918,Facebook Organic Random Comment | 10K | Low Drop | 1K/Day | 0-2h Start,Facebook,Comments,Facebook Organic | High Quality Services ᴺᴱᵂ,867.84,27.12,20,10000,No,No,No,USD
28933,Instagram Followers [ Max 1M ] | 𝐑𝐞𝐚𝐥 𝐏𝐞𝐨𝐩𝐥𝐞 𝐖𝐢𝐭𝐡 𝐏𝐨𝐬𝐭𝐬 | Non Drop | 60 Days ♻️ | Day 100K ⚡️ - 𝐁𝐄𝐒𝐓 𝐒𝐏𝐄𝐄𝐃🏆,Instagram,Followers/Subscribers,Instagram Followers [ New ] - [ Flag On/Off - Working on all Settings ] ],20.6112,0.6441,2,1000000,Yes,Yes,No,USD
28932,Instagram Followers [ Max 1M ] | 𝐑𝐞𝐚𝐥 𝐏𝐞𝐨𝐩𝐥𝐞 𝐖𝐢𝐭𝐡 𝐏𝐨𝐬𝐭𝐬 | Non Drop | Day 100K ⚡️ - 𝐁𝐄𝐒𝐓 𝐒𝐏𝐄𝐄𝐃,Instagram,Followers/Subscribers,Instagram Followers [ New ] - [ Flag On/Off - Working on all Settings ] ],52.0704,1.6272,10,1000000,No,No,No,USD
28934,TikTok Likes [ Max 100K ] | HQ Real Profiles | Day 100K 𝐔𝐋𝐓𝐑𝐀 𝐅𝐀𝐒𝐓 🚀,TikTok,Likes/Reactions,TikTok Likes [ Cheapest ] ᴺᴱᵂ,6.1472,0.1921,50,1000000,No,No,No,USD
28940,Instagram Views [ Cheapest 0.0128$/k ],Instagram,Views/Plays,𝗣𝗘𝗥𝗙𝗘𝗖𝗧 𝗦𝗣𝗘𝗖𝗜𝗔𝗟 [ 𝑨𝒍𝒘𝒂𝒚𝒔 𝑾𝒐𝒓𝒌𝒊𝒏𝒈 ],0.7232,0.0226,100,50000000,No,No,No,USD
28951,Instagram Views - Fast Working For all [ Speed 10M /day ],Instagram,Views/Plays,𝗣𝗘𝗥𝗙𝗘𝗖𝗧 𝗦𝗣𝗘𝗖𝗜𝗔𝗟 [ 𝑨𝒍𝒘𝒂𝒚𝒔 𝑾𝒐𝒓𝒌𝒊𝒏𝒈 ],1.4464,0.0452,100,100000000,No,Yes,No,USD
28945,Instagram Views - Speed 200k/ Hour - Instant start,Instagram,Views/Plays,𝗣𝗘𝗥𝗙𝗘𝗖𝗧 𝗦𝗣𝗘𝗖𝗜𝗔𝗟 [ 𝑨𝒍𝒘𝒂𝒚𝒔 𝑾𝒐𝒓𝒌𝒊𝒏𝒈 ],1.6288,0.0509,100,100000000,No,Yes,No,USD
28944,Instagram Views [ Server 2 ] Start Time 0-10min ] [ Work On all],Instagram,Views/Plays,𝗣𝗘𝗥𝗙𝗘𝗖𝗧 𝗦𝗣𝗘𝗖𝗜𝗔𝗟 [ 𝑨𝒍𝒘𝒂𝒚𝒔 𝑾𝒐𝒓𝒌𝒊𝒏𝒈 ],1.9904,0.0622,100,100000000,No,Yes,No,USD
28952,Facebook Video Views ( 0-1hr ) Super Fast ( 100k-200k Per day ),Facebook,Views/Plays,𝗣𝗘𝗥𝗙𝗘𝗖𝗧 𝗦𝗣𝗘𝗖𝗜𝗔𝗟 [ 𝑨𝒍𝒘𝒂𝒚𝒔 𝑾𝒐𝒓𝒌𝒊𝒏𝒈 ],4.7008,0.1469,500,10000000,No,No,No,USD
28959,TikTok Likes [ No refill ] [ Speed 10k - 5Min ] Super Instant ⚡️⚡️,TikTok,Likes/Reactions,𝗣𝗘𝗥𝗙𝗘𝗖𝗧 𝗦𝗣𝗘𝗖𝗜𝗔𝗟 [ 𝑨𝒍𝒘𝒂𝒚𝒔 𝑾𝒐𝒓𝒌𝒊𝒏𝒈 ],5.424,0.1695,10,10000000,No,Yes,No,USD
28960,TikTok Likes - Instant and cheap - Max 150k - 100k/day,TikTok,Likes/Reactions,𝗣𝗘𝗥𝗙𝗘𝗖𝗧 𝗦𝗣𝗘𝗖𝗜𝗔𝗟 [ 𝑨𝒍𝒘𝒂𝒚𝒔 𝑾𝒐𝒓𝒌𝒊𝒏𝒈 ],10.848,0.339,10,150000,No,No,No,USD
28966,Instagram Likes [ Real ] [Non Drop] [30 Days Guarantee ] [ 5k-10k/hour ] 🔥🔥🔥🔥,Instagram,Likes/Reactions,𝗣𝗘𝗥𝗙𝗘𝗖𝗧 𝗦𝗣𝗘𝗖𝗜𝗔𝗟 [ 𝑨𝒍𝒘𝒂𝒚𝒔 𝑾𝒐𝒓𝒌𝒊𝒏𝒈 ],10.848,0.339,50,50000,No,No,No,USD
28967,Instagram Likes Real [ 3k-5k/hour],Instagram,Likes/Reactions,𝗣𝗘𝗥𝗙𝗘𝗖𝗧 𝗦𝗣𝗘𝗖𝗜𝗔𝗟 [ 𝑨𝒍𝒘𝒂𝒚𝒔 𝑾𝒐𝒓𝒌𝒊𝒏𝒈 ],10.848,0.339,20,25000,No,No,No,USD
28954,Facebook Page Followers - [ 0-1Hr start ] [ 10k/day ],Facebook,Followers/Subscribers,𝗣𝗘𝗥𝗙𝗘𝗖𝗧 𝗦𝗣𝗘𝗖𝗜𝗔𝗟 [ 𝑨𝒍𝒘𝒂𝒚𝒔 𝑾𝒐𝒓𝒌𝒊𝒏𝒈 ],14.8256,0.4633,100,500000,No,No,No,USD
28942,Youtube Likes ( New Super Fast ) [ 30k/ Hours ] [ 30 days Refill with Button ] ( Cheapest ),YouTube,Likes/Reactions,𝗣𝗘𝗥𝗙𝗘𝗖𝗧 𝗦𝗣𝗘𝗖𝗜𝗔𝗟 [ 𝑨𝒍𝒘𝒂𝒚𝒔 𝑾𝒐𝒓𝒌𝒊𝒏𝒈 ],15.1872,0.4746,10,100000,No,Yes,No,USD
28941,Instagram Likes [ World Cheapest 0.035$/k ] [ Super Instant ] [ 20k In 10 minutes ],Instagram,Likes/Reactions,𝗣𝗘𝗥𝗙𝗘𝗖𝗧 𝗦𝗣𝗘𝗖𝗜𝗔𝗟 [ 𝑨𝒍𝒘𝒂𝒚𝒔 𝑾𝒐𝒓𝒌𝒊𝒏𝒈 ],17.3568,0.5424,10,500000,No,Yes,No,USD
28946,Youtube Likes [ S1] [ Super Fast] [ 30K-50k/Day] [ R30],YouTube,Likes/Reactions,𝗣𝗘𝗥𝗙𝗘𝗖𝗧 𝗦𝗣𝗘𝗖𝗜𝗔𝗟 [ 𝑨𝒍𝒘𝒂𝒚𝒔 𝑾𝒐𝒓𝒌𝒊𝒏𝒈 ],23.504,0.7345,10,60000,No,Yes,No,USD
28947,Youtube Likes [ S2] [10-15K/Day] [ No Refill],YouTube,Likes/Reactions,𝗣𝗘𝗥𝗙𝗘𝗖𝗧 𝗦𝗣𝗘𝗖𝗜𝗔𝗟 [ 𝑨𝒍𝒘𝒂𝒚𝒔 𝑾𝒐𝒓𝒌𝒊𝒏𝒈 ],23.504,0.7345,50,50000,No,Yes,No,USD
28943,YouTube Views | 5-10K Per Day | Instant Start | LifeTime Guarantee 0.76$,YouTube,Views/Plays,𝗣𝗘𝗥𝗙𝗘𝗖𝗧 𝗦𝗣𝗘𝗖𝗜𝗔𝗟 [ 𝑨𝒍𝒘𝒂𝒚𝒔 𝑾𝒐𝒓𝒌𝒊𝒏𝒈 ],28.2048,0.8814,100,2000000,No,No,No,USD
28949,Youtube Comment Reply Likes [20k-40k/day] 30 days refill,YouTube,Likes/Reactions,𝗣𝗘𝗥𝗙𝗘𝗖𝗧 𝗦𝗣𝗘𝗖𝗜𝗔𝗟 [ 𝑨𝒍𝒘𝒂𝒚𝒔 𝑾𝒐𝒓𝒌𝒊𝒏𝒈 ],29.6512,0.9266,10,100000,No,No,No,USD
28938,Instagram Followers [ Max 500K ] | 𝐎𝐥𝐝 𝐀𝐜𝐜𝐨𝐮𝐧𝐭𝐬 𝐖𝐢𝐭𝐡 𝐏𝐨𝐬𝐭𝐬 | Cancel Enable | No Refill ⚠️ | Day 50K,Instagram,Followers/Subscribers,𝗣𝗘𝗥𝗙𝗘𝗖𝗧 𝗦𝗣𝗘𝗖𝗜𝗔𝗟 [ 𝑨𝒍𝒘𝒂𝒚𝒔 𝑾𝒐𝒓𝒌𝒊𝒏𝒈 ],30.0128,0.9379,100,500000,No,Yes,No,USD
28948,Youtube Comment Likes [30k/day] [ 0.9$/k ],YouTube,Likes/Reactions,𝗣𝗘𝗥𝗙𝗘𝗖𝗧 𝗦𝗣𝗘𝗖𝗜𝗔𝗟 [ 𝑨𝒍𝒘𝒂𝒚𝒔 𝑾𝒐𝒓𝒌𝒊𝒏𝒈 ],32.544,1.017,10,100000,No,No,No,USD
28965,Instagram Followers [ 365 Days Guarantee ],Instagram,Followers/Subscribers,𝗣𝗘𝗥𝗙𝗘𝗖𝗧 𝗦𝗣𝗘𝗖𝗜𝗔𝗟 [ 𝑨𝒍𝒘𝒂𝒚𝒔 𝑾𝒐𝒓𝒌𝒊𝒏𝒈 ],46.6464,1.4577,100,1000000,Yes,Yes,No,USD
28935,Instagram Followers [ Max 1M ] | 𝐑𝐞𝐚𝐥 𝐏𝐞𝐨𝐩𝐥𝐞 𝐖𝐢𝐭𝐡 𝐏𝐨𝐬𝐭𝐬 | Low Drop | No Refill ⚠️ | Instant Start | Day 100K ⚡️,Instagram,Followers/Subscribers,𝗣𝗘𝗥𝗙𝗘𝗖𝗧 𝗦𝗣𝗘𝗖𝗜𝗔𝗟 [ 𝑨𝒍𝒘𝒂𝒚𝒔 𝑾𝒐𝒓𝒌𝒊𝒏𝒈 ],54.24,1.695,10,1000000,No,No,No,USD
28964,Instagram Followers [ 90 Days Refill] [ 30-50k/day],Instagram,Followers/Subscribers,𝗣𝗘𝗥𝗙𝗘𝗖𝗧 𝗦𝗣𝗘𝗖𝗜𝗔𝗟 [ 𝑨𝒍𝒘𝒂𝒚𝒔 𝑾𝒐𝒓𝒌𝒊𝒏𝒈 ],54.24,1.695,2,1000000,Yes,Yes,No,USD
28961,Tiktok Followers | Max 200K | Instant | Fast | 30 Days Refill,TikTok,Followers/Subscribers,𝗣𝗘𝗥𝗙𝗘𝗖𝗧 𝗦𝗣𝗘𝗖𝗜𝗔𝗟 [ 𝑨𝒍𝒘𝒂𝒚𝒔 𝑾𝒐𝒓𝒌𝒊𝒏𝒈 ],57.856,1.808,10,50000,No,No,No,USD
28955,Facebook Photo Likes [ Super Instant ] [ 30 days Refill] [ 5k-20k/day ] #REAL,Facebook,Likes/Reactions,𝗣𝗘𝗥𝗙𝗘𝗖𝗧 𝗦𝗣𝗘𝗖𝗜𝗔𝗟 [ 𝑨𝒍𝒘𝒂𝒚𝒔 𝑾𝒐𝒓𝒌𝒊𝒏𝒈 ],61.8336,1.9323,50,10000,No,No,No,USD
28953,Facebook Page( profile ) Followers - [ 0-1Hr start ] [ 10k/day ],Facebook,Followers/Subscribers,𝗣𝗘𝗥𝗙𝗘𝗖𝗧 𝗦𝗣𝗘𝗖𝗜𝗔𝗟 [ 𝑨𝒍𝒘𝒂𝒚𝒔 𝑾𝒐𝒓𝒌𝒊𝒏𝒈 ],66.1728,2.0679,100,10000000,No,No,No,USD
28937,Instagram Followers [ Max 250K ] | 𝐌𝐢𝐱 𝐐𝐮𝐚𝐥𝐢𝐭𝐲 | Cancel Enable | No Refill ⚠️ | Day 50K 💥💥𝐂𝐡𝐞𝐚𝐩𝐞𝐬𝐭 💥💥,Instagram,Followers/Subscribers,𝗣𝗘𝗥𝗙𝗘𝗖𝗧 𝗦𝗣𝗘𝗖𝗜𝗔𝗟 [ 𝑨𝒍𝒘𝒂𝒚𝒔 𝑾𝒐𝒓𝒌𝒊𝒏𝒈 ],67.2576,2.1018,10,250000,No,Yes,No,USD
28962,Tiktok  Followers [ Max 500K] [ 1K-3k Day],TikTok,Followers/Subscribers,𝗣𝗘𝗥𝗙𝗘𝗖𝗧 𝗦𝗣𝗘𝗖𝗜𝗔𝗟 [ 𝑨𝒍𝒘𝒂𝒚𝒔 𝑾𝒐𝒓𝒌𝒊𝒏𝒈 ],98.3552,3.0736,100,200000,No,Yes,No,USD
28956,Facebook Profile Followers [ 5k-10k/day ] [ 30 days Refill ] NEW LAYOUT,Facebook,Followers/Subscribers,𝗣𝗘𝗥𝗙𝗘𝗖𝗧 𝗦𝗣𝗘𝗖𝗜𝗔𝗟 [ 𝑨𝒍𝒘𝒂𝒚𝒔 𝑾𝒐𝒓𝒌𝒊𝒏𝒈 ],108.48,3.39,100,4000,No,No,No,USD
28936,Instagram Followers [ Max 1M ] | 𝐑𝐞𝐚𝐥 𝐏𝐞𝐨𝐩𝐥𝐞 𝐖𝐢𝐭𝐡 𝐏𝐨𝐬𝐭𝐬 | Low Drop | 30 Days ♻️ | Instant Start | Day 100K ⚡️,Instagram,Followers/Subscribers,𝗣𝗘𝗥𝗙𝗘𝗖𝗧 𝗦𝗣𝗘𝗖𝗜𝗔𝗟 [ 𝑨𝒍𝒘𝒂𝒚𝒔 𝑾𝒐𝒓𝒌𝒊𝒏𝒈 ],113.5424,3.5482,8,1000000,Yes,Yes,No,USD
28969,YouTube Views [Social Ads] [Min 3M] [Speed: 2M+/day] [Lifetime Guaranteed♻️] NON-DROP,YouTube,Views/Plays,Youtube Views From Social - Ads,20.6112,0.6441,1000000,20000000,No,No,No,USD
28972,Tiktok Live Likes [Max: 100M] [Start Time: 5 Min] [Speed: 500K/Day] 🔥,TikTok,Followers/Subscribers,➡️Tiktok Cheapest Likes / Followers,3.2544,0.1017,100,2147483647,No,No,No,USD
28971,TikTok Likes | 100K | Cancel Enable | NR | 0-10 Min | 1K/Day | HQ+REAL 🌍⚡,TikTok,Followers/Subscribers,➡️Tiktok Cheapest Likes / Followers,3.616,0.113,10,100000,No,No,No,USD
28970,TikTok Followers | 10M | Refill: 30 Days ♻️ | Instant | 0-10 Min | 50K/Day | HQ Real Profiles 🌍⚡,TikTok,Followers/Subscribers,➡️Tiktok Cheapest Likes / Followers,134.5152,4.2036,10,1000000,No,No,No,USD
28977,TikTok Likes [ Worldwide 🌎] [ Max 100K ] | 𝗛𝗤+𝗥𝗘𝗔𝗟 | Cancel Enable | NR ⚠️ | Day 100K ⚡️𝐔𝐋𝐓𝐑𝐀 𝐅𝐀𝐒𝐓 🚀,TikTok,Likes/Reactions,Tiktok Likes &gt; 𝐔𝐩𝐝𝐚𝐭𝐞 𝐒𝐩𝐞𝐜𝐢𝐚𝐥 🚀,5.7856,0.1808,10,10000000,No,Yes,No,USD
28974,TikTok Likes [ Worldwide 🌎] [ Max 100K ] | 𝗛𝗤+𝗥𝗘𝗔𝗟 | Cancel Enable | 30 Days ♻️ | Day 200K ⚡️𝐔𝐋𝐓𝐑𝐀 𝐅𝐀𝐒𝐓 🚀,TikTok,Likes/Reactions,Tiktok Likes &gt; 𝐔𝐩𝐝𝐚𝐭𝐞 𝐒𝐩𝐞𝐜𝐢𝐚𝐥 🚀,6.1472,0.1921,10,10000000,No,Yes,No,USD
28975,TikTok Likes [ Worldwide 🌎] [ Max 10M ] | 𝗛𝗤+𝗥𝗘𝗔𝗟 | Cancel Enable | NR ⚠️ | Day 100K ⚡️𝐔𝐋𝐓𝐑𝐀 𝐅𝐀𝐒𝐓 🚀,TikTok,Likes/Reactions,Tiktok Likes &gt; 𝐔𝐩𝐝𝐚𝐭𝐞 𝐒𝐩𝐞𝐜𝐢𝐚𝐥 🚀,6.1472,0.1921,10,10000000,No,Yes,No,USD
28976,TikTok Likes [ Worldwide 🌎] [ Max 100K ] | 𝗛𝗤+𝗥𝗘𝗔𝗟 | Cancel Enable | NR ⚠️ | Day 100K ⚡️𝐔𝐋𝐓𝐑𝐀 𝐅𝐀𝐒𝐓 🚀,TikTok,Likes/Reactions,Tiktok Likes &gt; 𝐔𝐩𝐝𝐚𝐭𝐞 𝐒𝐩𝐞𝐜𝐢𝐚𝐥 🚀,6.5088,0.2034,10,1000000,No,Yes,No,USD
28973,TikTok Likes [ Worldwide 🌎] [ Max 10M ] | 𝗛𝗤+𝗥𝗘𝗔𝗟 | Cancel Enable | 30 Days ♻️ | Day 100K ⚡️𝐔𝐋𝐓𝐑𝐀 𝐅𝐀𝐒𝐓 🚀,TikTok,Likes/Reactions,Tiktok Likes &gt; 𝐔𝐩𝐝𝐚𝐭𝐞 𝐒𝐩𝐞𝐜𝐢𝐚𝐥 🚀,6.8704,0.2147,10,250000,No,Yes,No,USD
28980,TikTok Likes [ Worldwide 🌎] [ Max 1M ] | 𝗛𝗤+𝗥𝗘𝗔𝗟 | Cancel Enable | 30 Days ♻️ | Day 500K ⚡️𝐔𝐋𝐓𝐑𝐀 𝐅𝐀𝐒𝐓 🚀,TikTok,Likes/Reactions,Tiktok Likes &gt; 𝐔𝐩𝐝𝐚𝐭𝐞 𝐒𝐩𝐞𝐜𝐢𝐚𝐥 🚀,7.232,0.226,10,250000,No,Yes,No,USD
28978,TikTok Likes [ Worldwide 🌎] [ Max 1M ] | 𝗛𝗤+𝗥𝗘𝗔𝗟 | Cancel Enable | NR ⚠️ | Day 200K ⚡️𝐔𝐋𝐓𝐑𝐀 𝐅𝐀𝐒𝐓 🚀,TikTok,Likes/Reactions,Tiktok Likes &gt; 𝐔𝐩𝐝𝐚𝐭𝐞 𝐒𝐩𝐞𝐜𝐢𝐚𝐥 🚀,12.656,0.3955,10,1000000,No,Yes,No,USD
28979,TikTok Likes [ Worldwide 🌎] [ Max 100K ] | 𝗛𝗤+𝗥𝗘𝗔𝗟 | Cancel Enable | NR ⚠️ | Day 100K ⚡️𝐔𝐋𝐓𝐑𝐀 𝐅𝐀𝐒𝐓 🚀,TikTok,Likes/Reactions,Tiktok Likes &gt; 𝐔𝐩𝐝𝐚𝐭𝐞 𝐒𝐩𝐞𝐜𝐢𝐚𝐥 🚀,14.1024,0.4407,10,100000,No,Yes,No,USD
28985,TikTok Likes [ Max 500K ] | Start : 0-5 Minutes | Ultra Fast | Days 100K,TikTok,Likes/Reactions,Tiktok Services [ Cheap in the Market ],7.232,0.226,10,500000,No,Yes,No,USD
28987,TikTok Likes [ Max 100K ] | 𝗛𝗤+𝗥𝗘𝗔𝗟 | Cancel Enable | NR ⚠️ | Day 50K ⚡️,TikTok,Likes/Reactions,Tiktok Services [ Cheap in the Market ],8.6784,0.2712,10,100000,No,No,No,USD
28986,TikTok Likes [ Max 100K ] | 𝐌𝐐 | Cancel Enable | NR ⚠️ | Instant Start | Day 50K⚡️,TikTok,Likes/Reactions,Tiktok Services [ Cheap in the Market ],12.2944,0.3842,10,100000,No,No,No,USD
28981,TikTok Followers [ Max 500K ] | 𝐋𝐐 | NR ⚠️ | Instant Start | Day 50K⚡️,TikTok,Followers/Subscribers,Tiktok Services [ Cheap in the Market ],172.1216,5.3788,10,500000,No,No,No,USD
28983,TikTok Followers [ Max 10M ] | 𝐁𝐨𝐭 𝐏𝐫𝐨𝐟𝐢𝐥𝐞𝐬 | SuperFast | Days 50K ⚡️,TikTok,Followers/Subscribers,Tiktok Services [ Cheap in the Market ],175.7376,5.4918,10,10000000,No,No,No,USD
28984,TikTok Followers [ Max 10M ] | 𝐏𝐫𝐨𝐟𝐢𝐥𝐞𝐬 𝐰𝐢𝐭𝐡 𝐏𝐫𝐨𝐟𝐢𝐥𝐞 𝐏𝐡𝐨𝐭𝐨 | Cancel Enable | Super Fast | Days 100K ⚡️,TikTok,Followers/Subscribers,Tiktok Services [ Cheap in the Market ],183.6928,5.7404,10,10000000,No,No,No,USD
28982,TikTok Followers [ Max 10M ] | 𝐁𝐨𝐭 𝐏𝐫𝐨𝐟𝐢𝐥𝐞𝐬 | Cancel Enable | 30 Days ♻️| Day 100K⚡,TikTok,Followers/Subscribers,Tiktok Services [ Cheap in the Market ],224.5536,7.0173,10,10000000,No,No,No,USD
28994,Instagram Bot Likes Max 50K | 0-15 Minutes,Instagram,Followers/Subscribers,Instagram Followers and likes &gt; 𝐔𝐥𝐭𝐫𝐚𝐟𝐚𝐬𝐭 𝐂𝐨𝐦𝐩𝐥𝐞𝐭𝐞𝐝 🚀 ( After Update ),1.4464,0.0452,10,5000000,No,No,No,USD
28988,Instagram Video Views [ Max 100M] | All Link | Cancel Enable | 𝐅𝐚𝐬𝐭 𝐒𝐩𝐞𝐞𝐝⚡️ [ 𝗣𝗥𝗢𝗩𝗜𝗗𝗘𝗥 ],Instagram,Followers/Subscribers,Instagram Followers and likes &gt; 𝐔𝐥𝐭𝐫𝐚𝐟𝐚𝐬𝐭 𝐂𝐨𝐦𝐩𝐥𝐞𝐭𝐞𝐝 🚀 ( After Update ),2.1696,0.0678,100,50000000,No,Yes,No,USD
28993,Instagram Turkish Likes  [Refill: No] [Max: 50K] [Start Time: 0-5 Min] [Speed: 50K/Day],Instagram,Followers/Subscribers,Instagram Followers and likes &gt; 𝐔𝐥𝐭𝐫𝐚𝐟𝐚𝐬𝐭 𝐂𝐨𝐦𝐩𝐥𝐞𝐭𝐞𝐝 🚀 ( After Update ),5.0624,0.1582,10,1000000,No,No,No,USD
28989,Instagram Followers [ Max 10K ] | 𝗛𝗤+𝗥𝗘𝗔𝗟 | NR ⚠️ | Day 10K %𝟭𝟬𝟬 𝗥𝗲𝗮𝗹 𝗢𝗿𝗴𝗮𝗻𝗶𝗰 𝗨𝗟𝗧𝗥𝗔 𝗙𝗔𝗦𝗧,Instagram,Followers/Subscribers,Instagram Followers and likes &gt; 𝐔𝐥𝐭𝐫𝐚𝐟𝐚𝐬𝐭 𝐂𝐨𝐦𝐩𝐥𝐞𝐭𝐞𝐝 🚀 ( After Update ),41.2224,1.2882,15,10000,No,No,No,USD
28990,Instagram Followers [ Max 50K ] | 𝗛𝗤+𝐑𝐞𝐚𝐥 𝐖𝐢𝐭𝐡 𝐏𝐨𝐬𝐭𝐬 | NR ⚠️ | Day 30K &gt; 𝐔𝐥𝐭𝐫𝐚𝐟𝐚𝐬𝐭 𝐂𝐨𝐦𝐩𝐥𝐞𝐭𝐞𝐝 ⚡,Instagram,Followers/Subscribers,Instagram Followers and likes &gt; 𝐔𝐥𝐭𝐫𝐚𝐟𝐚𝐬𝐭 𝐂𝐨𝐦𝐩𝐥𝐞𝐭𝐞𝐝 🚀 ( After Update ),41.2224,1.2882,50,50000,No,No,No,USD
28991,Instagram Followers [ Max 10M ] | 𝐑𝐞𝐚𝐥 𝐏𝐞𝐨𝐩𝐥𝐞 𝐖𝐢𝐭𝐡 𝐏𝐨𝐬𝐭𝐬 | Non Drop | Day 100K ⚡️ - 𝐁𝐄𝐒𝐓 𝐒𝐏𝐄𝐄𝐃 𝐄𝐦𝐞𝐫𝐠𝐞𝐧𝐜𝐲🚨,Instagram,Followers/Subscribers,Instagram Followers and likes &gt; 𝐔𝐥𝐭𝐫𝐚𝐟𝐚𝐬𝐭 𝐂𝐨𝐦𝐩𝐥𝐞𝐭𝐞𝐝 🚀 ( After Update ),42.6688,1.3334,50,10000000,No,No,No,USD
28992,Instagram Followers [ Max 500K ] | 𝗛𝗤+𝐑𝐞𝐚𝐥 𝐖𝐢𝐭𝐡 𝐏𝐨𝐬𝐭𝐬 | 30 Days ♻️ | Day 50K &gt; 𝐔𝐥𝐭𝐫𝐚𝐟𝐚𝐬𝐭 𝐂𝐨𝐦𝐩𝐥𝐞𝐭𝐞𝐝 ⚡,Instagram,Followers/Subscribers,Instagram Followers and likes &gt; 𝐔𝐥𝐭𝐫𝐚𝐟𝐚𝐬𝐭 𝐂𝐨𝐦𝐩𝐥𝐞𝐭𝐞𝐝 🚀 ( After Update ),108.1184,3.3787,10,500000,Yes,Yes,No,USD
28999,TikTok Likes | 200K | Cancel Enable | NR | 0-10 Min | 50K/Day | HQ+REAL 🌍⚡,TikTok,Likes/Reactions,TikTok Services,3.2544,0.1017,10,200000,No,No,No,USD
29002,TikTok Likes | Max: 100K | SuperInstant | Speed: 30K/Day,TikTok,Likes/Reactions,TikTok Services,5.424,0.1695,10,100000,No,Yes,No,USD
29000,𝐓𝐢𝐤𝐭𝐨𝐤 𝐏𝐊 𝐁𝐀𝐓𝐓𝐋𝐄 𝐏𝐎İ𝐍𝐓𝐒 ⚡⚡ 𝙁𝘼𝙎𝙏 𝘾𝙊𝙈𝙋𝙇𝙀𝙏𝙀𝘿,TikTok,Other,TikTok Services,6.1472,0.1921,100,2147483647,No,No,No,USD
29001,TikTok Followers | Max 50K | Instant Start | Speed: 40K/Day 𝐂𝐡𝐞𝐚𝐩 𝗙𝗔𝗦𝗧	𝟯 𝗠𝗶𝗻𝘂𝘁𝗲𝘀 𝗦𝗽𝗲𝗲𝗱 𝟭𝗸,TikTok,Followers/Subscribers,TikTok Services,56.048,1.7515,10,3000000,No,No,No,USD
28998,TikTok Followers [ Max 1M ] | 𝐇𝐐 𝐏𝐫𝐨𝐟𝐢𝐥𝐞𝐬 | Cancel Enable | Instant Start | Day 500K &gt; 𝐔𝐥𝐭𝐫𝐚𝐟𝐚𝐬𝐭 𝐂𝐨𝐦𝐩𝐥𝐞𝐭𝐞𝐝 ⚡,TikTok,Followers/Subscribers,TikTok Services,208.2816,6.5088,10,1000000,No,Yes,No,USD
28996,TikTok Followers [ Max 10M ] | HQ Profiles | Instant Start | Day 100K ⚡&gt; 𝐔𝐥𝐭𝐫𝐚𝐟𝐚𝐬𝐭 𝐂𝐨𝐦𝐩𝐥𝐞𝐭𝐞𝐝 ⚡,TikTok,Followers/Subscribers,TikTok Services,214.7904,6.7122,10,10000000,No,No,No,USD
28995,TikTok Followers | 10M | Refill: 30 Days ♻️ | Instant | 0-10 Min | 50K/Day | HQ Real Profiles 🌍⚡,TikTok,Followers/Subscribers,TikTok Services,244.8032,7.6501,10,10000000,Yes,Yes,No,USD
28997,TikTok Followers [ Max 10M ] | 𝐋𝐐 | Cancel Enable | NR ⚠️ | Day 500K &gt; 𝐔𝐥𝐭𝐫𝐚𝐟𝐚𝐬𝐭 𝐂𝐨𝐦𝐩𝐥𝐞𝐭𝐞𝐝 ⚡,TikTok,Followers/Subscribers,TikTok Services,245.5264,7.6727,10,10000000,No,Yes,No,USD
29003,Instagram Video Views [ Max 100M] | All Link | Cancel Enable | 𝐅𝐚𝐬𝐭 𝐒𝐩𝐞𝐞𝐝⚡️ [ 𝗣𝗥𝗢𝗩𝗜𝗗𝗘𝗥 ],Instagram,Views/Plays,Instagram Views [UPDATE],0.7232,0.0226,100,100000000,No,Yes,No,USD
29004,Instagram Video Views [ Max 100M] | All Link | Cancel Enable | 𝐒𝐮𝐩𝐞𝐫 𝐅𝐚𝐬𝐭 𝐒𝐩𝐞𝐞𝐝⚡️	[ 𝗣𝗥𝗢𝗩𝗜𝗗𝗘𝗥 ],Instagram,Views/Plays,Instagram Views [UPDATE],0.7232,0.0226,100,10000000,No,Yes,No,USD
29006,🇹🇭 Facebook Group Members [Thailand] [Real] [Max 10K] [No Refill] [Start 0-1H],Facebook,Followers/Subscribers,Facebook Other Services [Thailand 🇹🇭],31.0976,0.9718,10,500000,No,No,No,USD
29005,🇹🇭 Facebook Page Likes + Followers [Thailand] [Real] [Max 10K] [No Refill] [Start 0-6H],Facebook,Followers/Subscribers,Facebook Other Services [Thailand 🇹🇭],79.552,2.486,50,20000,No,No,No,USD
29007,🇹🇭 Facebook Page Likes + Followers [Thailand] [Real] [Max 10K] [No Refill] [Start 0-1H],Facebook,Followers/Subscribers,Facebook Other Services [Thailand 🇹🇭],91.1232,2.8476,50,20000,No,No,No,USD
29009,🇹🇭 Facebook Reaction [Angry 🤬] [Thailand] [Real] [Max 15K] [No Refill] [Start 0-6H],Facebook,Likes/Reactions,Facebook Post Reaction  [Thailand 🇹🇭] [S1],318.208,9.944,10,50,No,No,No,USD
29008,🇹🇭 Facebook Reaction [Sad 😥] [Thailand] [Real] [Max 15K] [No Refill] [Start 0-6H],Facebook,Likes/Reactions,Facebook Post Reaction  [Thailand 🇹🇭] [S1],381.8496,11.9328,10,50,No,No,No,USD
29011,Twitter Tweet Views | Max: Unlimited,Twitter/X,Views/Plays,Twitter Views,0.2464,0.0077,100,2147483647,No,No,No,USD
29012,Twitter Tweet Views [ Max 100M ] | Start: 0-5 Minutes | Day 500K,Twitter/X,Views/Plays,Twitter Views,0.3616,0.0113,25,100000000,No,No,No,USD
29010,Twitter Tweet Views | Max 100M [ PROVIDER ],Twitter/X,Views/Plays,Twitter Views,0.4,0.0125,250,100000000,No,No,No,USD
29013,Twitter Tweet - Video Views [ Max Unlimited ] | 𝐏𝐫𝐞𝐦𝐢𝐮𝐦 𝐒𝐞𝐫𝐯𝐢𝐜𝐞𝐬 | 𝐔𝐋𝐓𝐑𝐀 𝐅𝐀𝐒𝐓 - 𝐏𝐫𝐨𝐯𝐢𝐝𝐞𝐫 𝐒𝐞𝐫𝐯𝐢𝐜𝐞𝐬,Twitter/X,Views/Plays,Twitter Views,1.0848,0.0339,100,100000000,No,No,No,USD
29016,TikTok PK Battle Points | Non-Drop | Instant Start | 300M/Day 🔥🔥 𝙁𝘼𝙎𝙏 𝘾𝙊𝙈𝙋𝙇𝙀𝙏𝙀𝘿,TikTok,Other,Tiktok Services [ NEW CATEGORY],5.0624,0.1582,500,1000000000,No,No,No,USD
29018,TikTok Likes + Views [ Worldwide 🌍 ] [ Max 1M ] | 𝗛𝗤+𝗥𝗘𝗔𝗟 | Cancel Enable | Drop 0% | Day 100K ⚡,TikTok,Views/Plays,Tiktok Services [ NEW CATEGORY],5.424,0.1695,10,500000,No,No,No,USD
29019,TikTok Likes + Views [ Brazil 🇧🇷 ] [ Max 1M ] | 𝗛𝗤+𝗥𝗘𝗔𝗟 | Cancel &amp; Refill Enable | Drop 0% | 30 Days ♻️ | Day 100K ⚡,TikTok,Views/Plays,Tiktok Services [ NEW CATEGORY],12.656,0.3955,10,10000000,No,Yes,No,USD
29017,TikTok Custom Comment [ Max 100K ] | High Quality | Day 5K,TikTok,Comments,Tiktok Services [ NEW CATEGORY],10.848,0.339,10,100000,No,No,No,USD
29015,TikTok Followers [ Max 1M ] | MQ Profiles | Non Drop | Days 20K ✨,TikTok,Followers/Subscribers,Tiktok Services [ NEW CATEGORY],175.7376,5.4918,10,1000000,No,No,No,USD
29014,TikTok Followers [ Max 1M ] | HQ Profiles | Instant Start | Day 50K ⚡,TikTok,Followers/Subscribers,Tiktok Services [ NEW CATEGORY],183.6928,5.7404,10,1000000,No,No,No,USD
29020,Facebook Post Reaction [ Non Drop ] Angry 😡,Facebook,Likes/Reactions,Facebook Post Reaction,19.888,0.6215,10,50000,No,No,No,USD
29021,Facebook Post Reaction [ Non Drop ] SAD 😥,Facebook,Likes/Reactions,Facebook Post Reaction,19.888,0.6215,10,50000,No,No,No,USD
29022,Facebook Post Reaction [ Non Drop ] WOW 😮,Facebook,Likes/Reactions,Facebook Post Reaction,19.888,0.6215,10,50000,No,No,No,USD
29023,Facebook Post Reaction [ Non Drop ] HAHA 😂,Facebook,Likes/Reactions,Facebook Post Reaction,19.888,0.6215,10,50000,No,No,No,USD
29024,Facebook Post Reaction [ Non Drop ] CARE 🥰,Facebook,Likes/Reactions,Facebook Post Reaction,19.888,0.6215,10,50000,No,No,No,USD
29025,Facebook Post Reaction [ Non Drop ] LOVE 💗,Facebook,Likes/Reactions,Facebook Post Reaction,19.888,0.6215,10,50000,No,No,No,USD
29027,Instagram [ Reach + Impression ] [ Start Instant ] 10-20M/day [ All Link ],Instagram,Views/Plays,Instagram - View + Reach + Impression,1.808,0.0565,10,1000000,No,Yes,No,USD
29026,Instagram [ View + Reach + Impression ] [ Start Instant ] 10-20M/day [ All Link ],Instagram,Views/Plays,Instagram - View + Reach + Impression,2.1696,0.0678,100,10000000,No,Yes,No,USD
29028,Facebook Views [ Reel Play Views ] [ Fast speed ] [ Instant start ],Facebook,Views/Plays,Facebook Views [ Videos/ Reel Play ],1.4464,0.0452,500,10000000,No,Yes,No,USD
29029,Facebook Views [ Video Views ] [ Fast Speed ] [ Instant Start ],Facebook,Views/Plays,Facebook Views [ Videos/ Reel Play ],1.9904,0.0622,500,1000000000,No,No,No,USD
29030,Facebook Views [ Video Views ] [ SUPER FAST ] Always work [ 100k-300k/day,Facebook,Views/Plays,Facebook Views [ Videos/ Reel Play ],2.4256,0.0758,500,1000000000,No,No,No,USD
29031,TikTok Video Views [ Max Unlimited ] | Instant Start | Day 10M ⚡,TikTok,Views/Plays,Tiktok Views [CHEAP],0.3616,0.0113,50,2147483647,No,Yes,No,USD
29032,TikTok Video Views [ Max Unlimited ] | Instant Start | Life Time Guaranteed ⛔♻️🔥,TikTok,Views/Plays,Tiktok Views [CHEAP],0.3616,0.0113,50,2147483647,No,Yes,No,USD
29036,TikTok Saves [Max: 100K] [Refill: 30 Days] [Start Time: 10 Min] [Speed: 80K/Day] ♻️,TikTok,Views/Plays,Tiktok Views [CHEAP],0.4352,0.0136,10,100000,No,No,No,USD
29033,TikTok Video Views | Non-Drop | Instant Start | 600M - 200M/Day 🕵 𝗔𝗟𝗪𝗔𝗬𝗦 𝗦𝗧𝗔𝗕𝗟𝗘,TikTok,Views/Plays,Tiktok Views [CHEAP],0.7232,0.0226,50,2147483647,No,Yes,No,USD
29034,TikTok Video Views [ Max Unlimited ] | Instant | Day 10M 𝗘𝗠𝗘𝗥𝗚𝗘𝗡𝗖𝗬,TikTok,Views/Plays,Tiktok Views [CHEAP],2.1696,0.0678,50,2147483647,No,Yes,No,USD
29035,TikTok Shares [Max: 100M] [Refill: 365 Days] [Start Time: 10 Min] [Speed: 500K/Day] ♻️,TikTok,Views/Plays,Tiktok Views [CHEAP],3.2544,0.1017,10,10000000,No,Yes,No,USD
29037,( 👏 ) Celebrate Reaction | 5K | No Refill | 1-2K/Day | 0-3h Start,LinkedIn,Likes/Reactions,Linkedin Reaction Services,412.224,12.882,50,10000,No,No,No,USD
29038,( ❤️ ) Love Reaction | 5K | No Refill | 1-2K/Day | 0-3h Start,LinkedIn,Likes/Reactions,Linkedin Reaction Services,412.224,12.882,50,10000,No,No,No,USD
29039,( 🫴 ) Support Reaction | 5K | No Refill | 1-2K/Day | 0-3h Start,LinkedIn,Likes/Reactions,Linkedin Reaction Services,412.224,12.882,50,10000,No,No,No,USD
29040,( 😁 ) Funny Reaction | 5K | No Refill | 1-2K/Day | 0-3h Start,LinkedIn,Likes/Reactions,Linkedin Reaction Services,412.224,12.882,50,10000,No,No,No,USD
29041,( 💡 ) Insightful Reaction | 5K | No Refill | 1-2K/Day | 0-3h Start,LinkedIn,Likes/Reactions,Linkedin Reaction Services,412.224,12.882,50,10000,No,No,No,USD
29042,Tiktok Live | Broadcast Views | Max 150K | 15 Minutes | New,TikTok,Live Stream Viewers,TIKTOK - LIVE STREAM [ EXCLUSIVE ],18.08,0.565,10,150000,No,Yes,No,USD
29043,Tiktok Live |  Broadcast Views | Max 150K | 30 Minutes | New,TikTok,Live Stream Viewers,TIKTOK - LIVE STREAM [ EXCLUSIVE ],36.16,1.13,10,150000,No,Yes,No,USD
29044,Tiktok Live |  Broadcast Views | Max 100k | 60 Minutes | New,TikTok,Live Stream Viewers,TIKTOK - LIVE STREAM [ EXCLUSIVE ],72.32,2.26,10,150000,No,Yes,No,USD
29045,Tiktok Live | Broadcast Views | Max 100k | 90 Minutes | New,TikTok,Live Stream Viewers,TIKTOK - LIVE STREAM [ EXCLUSIVE ],108.48,3.39,10,150000,No,Yes,No,USD
29046,Tiktok Live | Broadcast Views | Max 100k | 120 Minutes | New,TikTok,Live Stream Viewers,TIKTOK - LIVE STREAM [ EXCLUSIVE ],144.64,4.52,10,150000,No,Yes,No,USD
29047,Tiktok Live | Broadcast Views | Max 100K | 180 Minutes | New,TikTok,Live Stream Viewers,TIKTOK - LIVE STREAM [ EXCLUSIVE ],216.96,6.78,10,150000,No,Yes,No,USD
29048,Tiktok Live | Broadcast Views | Max 100K | 240 Minutes | New,TikTok,Live Stream Viewers,TIKTOK - LIVE STREAM [ EXCLUSIVE ],289.28,9.04,10,150000,No,Yes,No,USD
29049,Facebook Live Stream Views [ Super Fast Start ] 100% Concurrent [ 15 Minutes ],Facebook,Live Stream Viewers,Facebook Live Stream Views [ Lowest Price ],33.2672,1.0396,10,30000,No,No,No,USD
29050,Facebook Live Stream Views [ Super Fast Start ] 100% Concurrent [ 30 Minutes ],Facebook,Live Stream Viewers,Facebook Live Stream Views [ Lowest Price ],66.1728,2.0679,10,30000,No,No,No,USD
29051,Facebook Live Stream Views [ Super Fast Start ] 100% Concurrent [ 60 Minutes ],Facebook,Live Stream Viewers,Facebook Live Stream Views [ Lowest Price ],131.984,4.1245,10,30000,No,No,No,USD
29052,Facebook Live Stream Views [ Super Fast Start ] 100% Concurrent [ 90 Minutes ],Facebook,Live Stream Viewers,Facebook Live Stream Views [ Lowest Price ],197.7952,6.1811,10,30000,No,No,No,USD
29053,Facebook Live Stream Views [ Super Fast Start ] 100% Concurrent [ 120 Minutes ],Facebook,Live Stream Viewers,Facebook Live Stream Views [ Lowest Price ],263.6064,8.2377,10,30000,No,No,No,USD
29054,Facebook Live Stream Views [ Super Fast Start ] 100% Concurrent [ 150 Minutes ],Facebook,Live Stream Viewers,Facebook Live Stream Views [ Lowest Price ],329.4176,10.2943,10,30000,No,No,No,USD
29055,Facebook Live Stream Views [ Super Fast Start ] 100% Concurrent [ 180 Minutes ],Facebook,Live Stream Viewers,Facebook Live Stream Views [ Lowest Price ],395.2288,12.3509,10,30000,No,No,No,USD
29056,Facebook Live Stream Views [ Super Fast Start ] 100% Concurrent [ 210 Minutes ],Facebook,Live Stream Viewers,Facebook Live Stream Views [ Lowest Price ],401.0144,12.5317,10,30000,No,No,No,USD
29057,Facebook Live Stream Views [ Super Fast Start ] 100% Concurrent [ 240 Minutes ],Facebook,Live Stream Viewers,Facebook Live Stream Views [ Lowest Price ],458.5088,14.3284,10,30000,No,No,No,USD
29058,Facebook Live Stream Views [ Super Fast Start ] 100% Concurrent [ 270 Minutes ],Facebook,Live Stream Viewers,Facebook Live Stream Views [ Lowest Price ],515.6416,16.1138,10,30000,No,No,No,USD
29059,Facebook Live Stream Views [ Super Fast Start ] 100% Concurrent [ 300 Minutes ],Facebook,Live Stream Viewers,Facebook Live Stream Views [ Lowest Price ],572.7744,17.8992,10,30000,No,No,No,USD
29060,TikTok Live Stream Max 30K | 15 minutes,TikTok,Live Stream Viewers,➡️ Tiktok HQ Quality LiveStream,19.888,0.6215,10,150000,No,Yes,No,USD
29061,TikTok Live Stream Max 30K | 30 minutes,TikTok,Live Stream Viewers,➡️ Tiktok HQ Quality LiveStream,39.776,1.243,10,150000,No,Yes,No,USD
29062,TikTok Live Stream Max 30K | 60 minutes,TikTok,Live Stream Viewers,➡️ Tiktok HQ Quality LiveStream,79.552,2.486,10,150000,No,Yes,No,USD
29063,TikTok Live Stream Max 50K | 90 minutes,TikTok,Live Stream Viewers,➡️ Tiktok HQ Quality LiveStream,119.328,3.729,10,150000,No,Yes,No,USD
29064,TikTok Live Stream Max 30K | 120 minutes,TikTok,Live Stream Viewers,➡️ Tiktok HQ Quality LiveStream,159.104,4.972,10,150000,No,Yes,No,USD
29065,TikTok Live Stream Max 50K | 180 minutes,TikTok,Live Stream Viewers,➡️ Tiktok HQ Quality LiveStream,238.656,7.458,10,150000,No,Yes,No,USD
29066,TikTok Live Stream Max 50K | 240 minutes,TikTok,Live Stream Viewers,➡️ Tiktok HQ Quality LiveStream,318.208,9.944,20,100000,No,Yes,No,USD
29067,Twitter Followers [Arabic 🇦🇪] [1K] [HQ] [Low Drop] [No Refill],Twitter/X,Followers/Subscribers,X - Twitter Followers Arab Followers 🇦🇪,172.8448,5.4014,10,1000,No,Yes,No,USD
29069,🇦🇪 Twitter Arab Like  | Max 10K | 100% HQ Users | R30 ♻️  | Non Drop | 1K/D ⛔,Twitter/X,Followers/Subscribers,X - Twitter Followers Arab Followers 🇦🇪,253.8432,7.9326,20,100000,No,Yes,No,USD
29068,🇦🇪 Twitter Arab Followers | Max 10K  | 100% HQ Users | R30 ♻️  | Non Drop  | 1K/D ⛔,Twitter/X,Followers/Subscribers,X - Twitter Followers Arab Followers 🇦🇪,564.096,17.628,10,10000,No,Yes,No,USD
29071,Instagram followers [ Super Instant ] [ speed 50k/day ] non drop - Refill 30 days,Instagram,Followers/Subscribers,Instagram Followers [ New Fast server after Update 19-8-2024 ],36.16,1.13,100,5000000,Yes,Yes,No,USD
29073,Instagram followers [ 10k/day ] [ Old account ] [ Less drop ] [ 200-300k] [0-10% drop][ FLAG DISABLED ONLY],Instagram,Followers/Subscribers,Instagram Followers [ New Fast server after Update 19-8-2024 ],46.6464,1.4577,10,5000000,No,Yes,No,USD
29070,Instagram Followers 𝐎𝐋𝐃 𝐀𝐂𝐂 | 𝐔𝐋𝐓𝐑𝐀𝐅𝐀𝐒𝐓 ⚡️ Refill: 365 Days,Instagram,Followers/Subscribers,Instagram Followers [ New Fast server after Update 19-8-2024 ],83.5296,2.6103,10,1000000,No,Yes,No,USD
29072,Instagram Follower - [ Speed 50k/day ] [ Old account ] Non Drop,Instagram,Followers/Subscribers,Instagram Followers [ New Fast server after Update 19-8-2024 ],176.4608,5.5144,10,10000000,No,No,No,USD
29076,"Instagram Followers S69 [Min 10, Max 50k] [Mix] [2-3K/day] [R30]",Instagram,Followers/Subscribers,𝗜𝗻𝘀𝘁𝗮𝗴𝗿𝗮𝗺 𝗙𝗼𝗹𝗹𝗼𝘄𝗲𝗿𝘀 (Guaranteed),43.392,1.356,100,1000000,No,No,No,USD
29077,Instagram Followers [ 365 Days Guarantee ] [ speed 5k-10k/day ],Instagram,Followers/Subscribers,𝗜𝗻𝘀𝘁𝗮𝗴𝗿𝗮𝗺 𝗙𝗼𝗹𝗹𝗼𝘄𝗲𝗿𝘀 (Guaranteed),23.8656,0.7458,3,1000000,No,Yes,No,USD
29080,Instagram Followers [ Speed 100k/day ] [ Start Time 0-10min ] [ 365 days Refill ],Instagram,Followers/Subscribers,𝗜𝗻𝘀𝘁𝗮𝗴𝗿𝗮𝗺 𝗙𝗼𝗹𝗹𝗼𝘄𝗲𝗿𝘀 (Guaranteed),28.2048,0.8814,100,1000000,No,Yes,No,USD
29075,Instagram Followers - Max 100K - 30 days Refill [ 10k/Day],Instagram,Followers/Subscribers,𝗜𝗻𝘀𝘁𝗮𝗴𝗿𝗮𝗺 𝗙𝗼𝗹𝗹𝗼𝘄𝗲𝗿𝘀 (Guaranteed),34.7136,1.0848,10,250000,No,Yes,No,USD
29074,Instagram Followers [ Speed 10k-50k/day ] [ Start:0-1hr ]  [ Lowest Price - 365 Days Refill ],Instagram,Followers/Subscribers,𝗜𝗻𝘀𝘁𝗮𝗴𝗿𝗮𝗺 𝗙𝗼𝗹𝗹𝗼𝘄𝗲𝗿𝘀 (Guaranteed),47.7312,1.4916,10,10000000,No,Yes,No,USD
29078,Instagram Followers [ 99 Days Refill] [ 30-50k/day],Instagram,Followers/Subscribers,𝗜𝗻𝘀𝘁𝗮𝗴𝗿𝗮𝗺 𝗙𝗼𝗹𝗹𝗼𝘄𝗲𝗿𝘀 (Guaranteed),47.7312,1.4916,10,5000000,No,No,No,USD
29079,"Instagram Followers S2 [Min 10, Max 200k] [Real Mix] [20-50K/day] [ 30 days refill]",Instagram,Followers/Subscribers,𝗜𝗻𝘀𝘁𝗮𝗴𝗿𝗮𝗺 𝗙𝗼𝗹𝗹𝗼𝘄𝗲𝗿𝘀 (Guaranteed),52.0704,1.6272,50,5000000,No,No,No,USD
29082,Instagram Followers [ 50k/ day ] [Real Mixed ] [ 30 Days Refill],Instagram,Followers/Subscribers,𝗜𝗻𝘀𝘁𝗮𝗴𝗿𝗮𝗺 𝗙𝗼𝗹𝗹𝗼𝘄𝗲𝗿𝘀 (Guaranteed),52.0704,1.6272,100,5000000,No,No,No,USD
29083,Instagram Followers - 365 Days Guarantee - 30k/-40Kday,Instagram,Followers/Subscribers,𝗜𝗻𝘀𝘁𝗮𝗴𝗿𝗮𝗺 𝗙𝗼𝗹𝗹𝗼𝘄𝗲𝗿𝘀 (Guaranteed),52.0704,1.6272,10,5000000,No,No,No,USD
29081,Instagram Followers [ 180 Days Refill ] [ Max 1000k] [ 10-25K/day],Instagram,Followers/Subscribers,𝗜𝗻𝘀𝘁𝗮𝗴𝗿𝗮𝗺 𝗙𝗼𝗹𝗹𝗼𝘄𝗲𝗿𝘀 (Guaranteed),57.1328,1.7854,10,5000000,No,No,No,USD
29085,Instagram Followers - 100% Real - 30 Days Guarantee,Instagram,Followers/Subscribers,𝗜𝗻𝘀𝘁𝗮𝗴𝗿𝗮𝗺 𝗙𝗼𝗹𝗹𝗼𝘄𝗲𝗿𝘀 (Guaranteed),61.472,1.921,10,5000000,No,No,No,USD
29084,Instagram Followers ( 100k ) [ LOW DROP ] INSTANT - 60 Days [ 𝗥𝗘𝗙𝗜𝗟𝗟 Button Enabled ] 🔥,Instagram,Followers/Subscribers,𝗜𝗻𝘀𝘁𝗮𝗴𝗿𝗮𝗺 𝗙𝗼𝗹𝗹𝗼𝘄𝗲𝗿𝘀 (Guaranteed),184.416,5.763,10,1000000,No,No,No,USD
29090,Instagram Video Views [ Max Unlimited ] | All Link | Normal Speed [ 𝐂𝐇𝐄𝐀𝐏𝐄𝐒𝐓 𝐈𝐍 𝐓𝐇𝐄 𝐖𝐎𝐑𝐋𝐃 ],Instagram,Views/Plays,Instagram Services [ NEW CATEGORY],0.7232,0.0226,100,2147483647,No,Yes,No,USD
29088,Instagram Video Views [ Max Unlimited ] | All Link | Update Special  | 𝐒𝐔𝐏𝐄𝐑 𝐅𝐀𝐒𝐓 𝐒𝐏𝐄𝐄𝐃 ⚡️,Instagram,Views/Plays,Instagram Services [ NEW CATEGORY],1.0848,0.0339,100,100000000,No,Yes,No,USD
29089,Instagram Video Views [ Max Unlimited ] | All Link | Update Special  𝐈𝐍𝐒𝐓𝐀𝐍𝐓 ⚡️,Instagram,Views/Plays,Instagram Services [ NEW CATEGORY],1.0848,0.0339,100,2147483647,No,Yes,No,USD
29091,Instagram Video Views [ Max 500K ] | All Link | 𝗖𝗢𝗠𝗣𝗟𝗘𝗧𝗘𝗗 𝗶𝗻 𝟯𝟬 𝗦𝗘𝗖𝗢𝗡𝗗𝗦 ⚡ [ 𝗣𝗥𝗢𝗩𝗜𝗗𝗘𝗥 ],Instagram,Views/Plays,Instagram Services [ NEW CATEGORY],1.4464,0.0452,100,100000000,No,Yes,No,USD
29086,Instagram Likes [ Max 5M ] | Old Accounts |  Day 150K,Instagram,Likes/Reactions,Instagram Services [ NEW CATEGORY],16.6336,0.5198,50,10000000,No,Yes,No,USD
29087,Instagram Likes [ Max 5M ] | Old Accounts | 365 Days ♻️ | Day 150K ( Refill Button ),Instagram,Likes/Reactions,Instagram Services [ NEW CATEGORY],23.8656,0.7458,10,5000000,No,No,No,USD
29098,Instagram Views [ Slow speed 200k-300k/day ] All Link Work - SUPER FAST,Instagram,Views/Plays,Instagram - Views [ New Category ],0.2176,0.0068,100,100000000,No,Yes,No,USD
29092,Instagram Views - All link Accepted - 0.015$/K,Instagram,Views/Plays,Instagram - Views [ New Category ],1.3024,0.0407,100,100000000,No,Yes,No,USD
29095,Instagram Views [ ALL Link Accepted ] [ Recommended ] [ Super Fast] [ After Update],Instagram,Views/Plays,Instagram - Views [ New Category ],1.4464,0.0452,100,25000000,No,Yes,No,USD
29093,Instagram Views [ NEW ] All Link Accepted ] 1M/day - 0.036$/k,Instagram,Views/Plays,Instagram - Views [ New Category ],1.6288,0.0509,100,100000000,No,Yes,No,USD
29094,Instagram Views [500K/hour]  [ Accept All] Emergency 🚑🚑🚑🚑🚑,Instagram,Views/Plays,Instagram - Views [ New Category ],1.808,0.0565,100,100000000,No,Yes,No,USD
29099,Instagram Video Views All Link | Unlimited | Video+ Reel + IGTV Super,Instagram,Views/Plays,Instagram - Views [ New Category ],1.808,0.0565,100,2147483647,No,Yes,No,USD
29096,Instagram Video Views /Tv Views [ LIFETIME WARRANTY ] ⚡⚡ [ RECOMMEND- ALWAYS WORKING],Instagram,Views/Plays,Instagram - Views [ New Category ],2.1696,0.0678,100,100000000,No,Yes,No,USD
29097,Instagram Views [ All Link Accepted ] [ 300k-500k/day ] [ Cheap Price - 0.022$ ],Instagram,Views/Plays,Instagram - Views [ New Category ],2.352,0.0735,100,100000000,No,Yes,No,USD
29100,Instagram Views [ Start Instant ] 1m-2m/day [ Work On all Videos ] [ HQ Server ] Cancel ♻️,Instagram,Views/Plays,Instagram - Views [ New Category ],7.9552,0.2486,100,100000000,No,Yes,No,USD
29101,Instagram Views + Reach [ Work on all ],Instagram,Views/Plays,Instagram - Views [ New Category ],8.6784,0.2712,100,100000,Yes,Yes,No,USD
29102,Instagram Views + Reach + Profile visits [ Work on All ],Instagram,Views/Plays,Instagram - Views [ New Category ],13.0176,0.4068,100,200000,No,Yes,No,USD
29112,Instagram Views [ 0.024$/k ],Instagram,Views/Plays,Instagram Views,0.8704,0.0272,100,10000000,No,Yes,No,USD
29113,Instagram Views | Instagram Video + Tv + REELS View Max 10M 🔥- #Recommended,Instagram,Views/Plays,Instagram Views,1.1584,0.0362,100,10000000,No,Yes,No,USD
29107,Instagram Views [ Super Fast - 500k/day ],Instagram,Views/Plays,Instagram Views,1.376,0.043,100,100000000,No,Yes,No,USD
29111,Instagram Views[ Accept All Link],Instagram,Views/Plays,Instagram Views,1.4464,0.0452,100,25000000,No,Yes,No,USD
29114,Instagram Views | Instagram Video + Tv + REELS View Max 10M 🔥- #Recommended,Instagram,Views/Plays,Instagram Views,1.4464,0.0452,500,1000000,No,Yes,No,USD
29116,Instagram Views Cheapest ( Working - VERY FAST ) ⚡⚡⚡[Accept All] [ 100k/hour],Instagram,Views/Plays,Instagram Views,1.4464,0.0452,100,1000000000,No,Yes,No,USD
29103,Instagram Views [ Server 2 ] Start Time 0-10min ] [ Work On all] [ Recommended #1],Instagram,Views/Plays,Instagram Views,1.6288,0.0509,100,1000000,No,Yes,No,USD
29118,Instagram Views [500K/hour] [ Accept All] Emergency 🚑🚑🚑🚑🚑,Instagram,Views/Plays,Instagram Views,1.6288,0.0509,100,100000000,No,Yes,No,USD
29106,Instagram Views [ 1m/day ] [10M] [ Working After update],Instagram,Views/Plays,Instagram Views,1.664,0.052,100,10000000,No,Yes,No,USD
29117,Instagram Views [100K/hour]  [ Accept All],Instagram,Views/Plays,Instagram Views,1.808,0.0565,100,100000000,No,Yes,No,USD
29104,Instagram Views Super [ All link] [ 100k/hour] [ 0.018$/K] [ Recommended No#2],Instagram,Views/Plays,Instagram Views,1.9904,0.0622,100,1000000,No,Yes,No,USD
29108,Emergency Instagram Views - 200k-500k/Hr - 0.5$/k,Instagram,Views/Plays,Instagram Views,2.0256,0.0633,100,10000000,No,Yes,No,USD
29115,Instagram Views Cheapest ( VERY FAST ) TV Link Not Accept [ 100k/hour],Instagram,Views/Plays,Instagram Views,2.0256,0.0633,100,100000000,No,Yes,No,USD
29105,Instagram Views [ 5k ] [5k/day] [ Working After update],Instagram,Views/Plays,Instagram Views,2.1696,0.0678,100,100000000,No,Yes,No,USD
29110,Instagram Views Cheapest Server [ TV/VIDEO/REELS] [0.018$] [ Cheapest IG VIEWS],Instagram,Views/Plays,Instagram Views,2.1696,0.0678,100,10000000,No,Yes,No,USD
29109,Instagram Reel/Video/TV Views [5M/day],Instagram,Views/Plays,Instagram Views,2.8928,0.0904,100,1000000,No,No,No,USD
29119,Instagram Retention Views [ 3-4 Minutes Retention ] [ Speed 15k/day ] 100% non Drop,Instagram,Views/Plays,Instagram Views,23.504,0.7345,100,15000000,Yes,Yes,No,USD
29120,Instagram Followers (Real Indian/Asian ) (Less DROP) R30,Instagram,Followers/Subscribers,Instagram Followers ( Targeted),154.7648,4.8364,10,1000000,No,No,No,USD
29124,Instagram Followers Thailand &amp; Indonesia [ 30 Days Auto Refill ],Instagram,Followers/Subscribers,Instagram Followers ( Targeted),166.336,5.198,10,5000,No,Yes,No,USD
29122,Instagram Followers (ARAB) - 1k-2K/day - AR30,Instagram,Followers/Subscribers,Instagram Followers ( Targeted),169.2288,5.2884,10,5000,Yes,No,No,USD
29123,Instagram Followers ( USA ) -2K/day - AR30,Instagram,Followers/Subscribers,Instagram Followers ( Targeted),171.76,5.3675,10,5000,Yes,No,No,USD
29121,Instagram Real Account USA FOLLOWERS [ 1 Year Guarantee - Non DROP],Instagram,Followers/Subscribers,Instagram Followers ( Targeted),286.7488,8.9609,10,50000,No,No,No,USD
29125,Instagram USA Followers | Max 30K | 10k/Day - Account With Stories - REAL - LIFETIME WARRANTY,Instagram,Followers/Subscribers,Instagram Followers ( Targeted),293.9808,9.1869,10,40000,No,No,No,USD
29126,Instagram Bot Followers Max 5K | 0-30 Minutes,Instagram,Followers/Subscribers,Instagram Followers ( No Refill ),9.4016,0.2938,100,100000,No,Yes,No,USD
29129,Instagram Followers  | No refill | Real account with Posts,Instagram,Followers/Subscribers,Instagram Followers ( No Refill ),42.6688,1.3334,50,10000000,No,No,No,USD
29127,Instagram Followers [Max 20k - No Refill ] [ 0.2$/K - ( 2-5k/Hour) ( S1 )⚡⚡,Instagram,Followers/Subscribers,Instagram Followers ( No Refill ),43.392,1.356,10,250000,No,No,No,USD
29128,Instagram Followers [Min 10 MAX 20K] [ NO REFILL ] [ 5K/Day] [ REAL MIXED],Instagram,Followers/Subscribers,Instagram Followers ( No Refill ),72.32,2.26,10,10000,No,Yes,No,USD
29130,Instagram Followers [ Mix Quality ] Speed 50k/day [ Drop 0-10% ] Cancel♻️ [ NO FLAG NEEDED],Instagram,Followers/Subscribers,Instagram Followers ( No Refill ),86.784,2.712,10,3000000,No,Yes,No,USD
29143,Instagram Likes [ 50k-70k/day] [ No refill],Instagram,Likes/Reactions,Instagram Likes ( MIX + Cheap),3.04,0.095,10,250000,No,Yes,No,USD
29131,Instagram Likes | Bot | No Refill | 10K | INSTANT | 0-5 Min | 10K/Day ⚡,Instagram,Likes/Reactions,Instagram Likes ( MIX + Cheap),5.424,0.1695,10,1000000,No,Yes,No,USD
29136,Instagram Likes [ 10k/hour] [ Max 300K] [ No Refill],Instagram,Likes/Reactions,Instagram Likes ( MIX + Cheap),5.424,0.1695,10,300000,No,Yes,No,USD
29132,Instagram Likes | Bot | No Refill | 500K | INSTANT | 0-5 Min | 10K/Day ⚡,Instagram,Likes/Reactions,Instagram Likes ( MIX + Cheap),5.7856,0.1808,50,500000,No,Yes,No,USD
29148,Instagram Likes (10/200K) (25k/hour) [ Auto Refill 30 days],Instagram,Likes/Reactions,Instagram Likes ( MIX + Cheap),6.8704,0.2147,10,200000,No,Yes,No,USD
29146,Instagram Indian Likes [ S2],Instagram,Likes/Reactions,Instagram Likes ( MIX + Cheap),7.232,0.226,10,30000,No,Yes,No,USD
29139,Instagram Likes -  [ Mix ] [ Instant ] [ Max 300K ],Instagram,Likes/Reactions,Instagram Likes ( MIX + Cheap),8.6784,0.2712,50,1000000,No,Yes,No,USD
29142,Instagram Likes [ 15K/-20KHour],Instagram,Likes/Reactions,Instagram Likes ( MIX + Cheap),8.6784,0.2712,10,300000,Yes,Yes,No,USD
29138,Instagram Likes Max 200k [ 10k/hour] 365 days guarantee,Instagram,Likes/Reactions,Instagram Likes ( MIX + Cheap),9.4016,0.2938,10,500000,No,Yes,No,USD
29147,Instagram Likes [ 2k/hour] [ 30 Days Auto Refill]🆕 🆕 [ Reach and Impression],Instagram,Views/Plays,Instagram Likes ( MIX + Cheap),9.7632,0.3051,20,200000,Yes,Yes,No,USD
29140,Instagram Likes [Max 80k] [Instant Start] ] [ 0.05$/K ],Instagram,Likes/Reactions,Instagram Likes ( MIX + Cheap),17.3568,0.5424,10,30000,No,Yes,No,USD
29141,Instagram Likes[ 100k/day] [ Max 300k ] ( Cheapest in Market ),Instagram,Likes/Reactions,Instagram Likes ( MIX + Cheap),17.3568,0.5424,10,300000,No,Yes,No,USD
29144,Instagram Likes Max 15k [ 500-1k/hour] [ 0.1$/K] [Less DROP],Instagram,Likes/Reactions,Instagram Likes ( MIX + Cheap),18.8032,0.5876,10,50000,No,Yes,No,USD
29145,Instagram Likes [10K ] [Auto Refill 30 ] [2k/hour],Instagram,Likes/Reactions,Instagram Likes ( MIX + Cheap),19.5264,0.6102,10,50000,Yes,No,No,USD
29134,Instagram Likes [ No Refill] [5-10k/day],Instagram,Likes/Reactions,Instagram Likes ( MIX + Cheap),19.888,0.6215,50,1000000000,No,Yes,No,USD
29137,Instagram likes (10/100K) [ 5k/Hour] [No refill],Instagram,Likes/Reactions,Instagram Likes ( MIX + Cheap),21.3344,0.6667,10,100000,No,Yes,No,USD
29133,Instagram Likes [ Max 5M ] | Old Accounts |  Day 150K,Instagram,Likes/Reactions,Instagram Likes ( MIX + Cheap),23.504,0.7345,10,5000000,No,No,No,USD
29135,Instagram Likes [0.013$/K][20-30K/day] ⚡🚑[ No Refill ],Instagram,Likes/Reactions,Instagram Likes ( MIX + Cheap),24.9504,0.7797,10,5000000,No,No,No,USD
29149,Instagram Indian Likes [ S2],Instagram,Likes/Reactions,INSTAGRAM TARGETTED COUNTRY LIKES,7.9552,0.2486,50,30000,No,Yes,No,USD
29150,Instagram Indian Likes [ Indian Majority] [Real ] [ 2k-3k/hour] [ 0.27$/K],Instagram,Likes/Reactions,INSTAGRAM TARGETTED COUNTRY LIKES,10.848,0.339,10,30000,No,No,No,USD
29153,Instagram Turkey Likes [ Max 5k] [ 30-80% turkey],Instagram,Likes/Reactions,INSTAGRAM TARGETTED COUNTRY LIKES,10.848,0.339,10,5000,No,No,No,USD
29154,Instagram likes [ Turkey - Real] [ 5k/hour],Instagram,Likes/Reactions,INSTAGRAM TARGETTED COUNTRY LIKES,10.848,0.339,10,10000,No,No,No,USD
29155,Instagram Likes Arab [ Real Majority],Instagram,Likes/Reactions,INSTAGRAM TARGETTED COUNTRY LIKES,10.848,0.339,50,10000,No,Yes,No,USD
29151,Instagram INDIAN HQ likes [ Speed 20k/day ] [ max 100k ] 30 days refill ],Instagram,Likes/Reactions,INSTAGRAM TARGETTED COUNTRY LIKES,63.28,1.9775,10,30000,No,No,No,USD
29159,Instagram Africa Likes [ 30 days guarantee],Instagram,Likes/Reactions,INSTAGRAM TARGETTED COUNTRY LIKES,65.088,2.034,10,3000,No,Yes,No,USD
29152,Instagram Female Likes [ INDIAN ] Instant [ 30 days refill ],Instagram,Likes/Reactions,INSTAGRAM TARGETTED COUNTRY LIKES,79.1904,2.4747,10,3000,No,No,No,USD
29157,"İnstagram Likes IRAN 🇮🇷 Max 10k [ 100% Real, HQ profiles] [2-4k/Hour]",Instagram,Likes/Reactions,INSTAGRAM TARGETTED COUNTRY LIKES,83.5296,2.6103,50,20000,No,Yes,No,USD
29156,Instagram USA likes [ 100% real users] [ max 7K],Instagram,Likes/Reactions,INSTAGRAM TARGETTED COUNTRY LIKES,117.52,3.6725,20,100000,No,Yes,No,USD
29158,Instagram Real Korean Likes + Impressions + Reach [ Real Likes | NON DROP],Instagram,Views/Plays,INSTAGRAM TARGETTED COUNTRY LIKES,316.7616,9.8988,5,10000,No,No,No,USD
29160,Instagram Real Likes [ Max 200k ] [ 0.09$/K] [ 5K/hour] [ No DROP],Instagram,Likes/Reactions,𝗜𝗻𝘀𝘁𝗮𝗴𝗿𝗮𝗺 𝗟𝗶𝗸𝗲𝘀 (Real) [Recommended For LIKES],3.2544,0.1017,10,200000,No,Yes,No,USD
29170,♛ Instagram Likes [5K] [HQ - Super FAST],Instagram,Likes/Reactions,𝗜𝗻𝘀𝘁𝗮𝗴𝗿𝗮𝗺 𝗟𝗶𝗸𝗲𝘀 (Real) [Recommended For LIKES],10.4864,0.3277,50,5000,No,No,No,USD
29169,Instagram Likes [ Real ] HQ [ 5k-10k/hour ] 🔥🔥🔥🔥,Instagram,Likes/Reactions,𝗜𝗻𝘀𝘁𝗮𝗴𝗿𝗮𝗺 𝗟𝗶𝗸𝗲𝘀 (Real) [Recommended For LIKES],10.848,0.339,10,30000,No,No,No,USD
29171,Instagram Likes [10K] [100% Real] [1k/1mint]🔥🔥[ Recommended],Instagram,Likes/Reactions,𝗜𝗻𝘀𝘁𝗮𝗴𝗿𝗮𝗺 𝗟𝗶𝗸𝗲𝘀 (Real) [Recommended For LIKES],10.848,0.339,30,30000,No,No,No,USD
29172,Instagram Likes [ Min 50 Max 10000] [ 5k/day] [ Asian. Profile],Instagram,Likes/Reactions,𝗜𝗻𝘀𝘁𝗮𝗴𝗿𝗮𝗺 𝗟𝗶𝗸𝗲𝘀 (Real) [Recommended For LIKES],10.848,0.339,20,50000,No,No,No,USD
29167,Instagram Likes Asia Mix [ 20k/day],Instagram,Likes/Reactions,𝗜𝗻𝘀𝘁𝗮𝗴𝗿𝗮𝗺 𝗟𝗶𝗸𝗲𝘀 (Real) [Recommended For LIKES],11.2096,0.3503,20,35000,No,No,No,USD
29162,Instagram Real Likes [ Max 10k] [2-4K/hour] [ 0.16$/k] [ Auto Refill],Instagram,Likes/Reactions,𝗜𝗻𝘀𝘁𝗮𝗴𝗿𝗮𝗺 𝗟𝗶𝗸𝗲𝘀 (Real) [Recommended For LIKES],11.5712,0.3616,10,300000,No,Yes,No,USD
29168,Instagram Likes Real Max 5k - 100-200/Hour - 100% Real - Indian + Arab - Country,Instagram,Likes/Reactions,𝗜𝗻𝘀𝘁𝗮𝗴𝗿𝗮𝗺 𝗟𝗶𝗸𝗲𝘀 (Real) [Recommended For LIKES],11.5712,0.3616,10,50000,No,No,No,USD
29166,Instagram Likes 100% Real [ Country - Turkey + Asia] [ 0.2$/K] [ 1k-2k/hour]🔥,Instagram,Likes/Reactions,𝗜𝗻𝘀𝘁𝗮𝗴𝗿𝗮𝗺 𝗟𝗶𝗸𝗲𝘀 (Real) [Recommended For LIKES],13.7408,0.4294,10,100000,No,No,No,USD
29173,Instagram Likes [ Max 50k - 10k/day] [Real Accounts+HQ  ] [ Recommended]🔥🔥🔥,Instagram,Likes/Reactions,𝗜𝗻𝘀𝘁𝗮𝗴𝗿𝗮𝗺 𝗟𝗶𝗸𝗲𝘀 (Real) [Recommended For LIKES],15.9104,0.4972,10,10000,No,No,No,USD
29174,IG Likes - Max 20 K - Exclusive Service (Always Instant)⚡⚡,Instagram,Likes/Reactions,𝗜𝗻𝘀𝘁𝗮𝗴𝗿𝗮𝗺 𝗟𝗶𝗸𝗲𝘀 (Real) [Recommended For LIKES],16.272,0.5085,10,10000,No,No,No,USD
29164,Instagram Likes [ SUPER HQ LIKES ] [ 8k/day ] [ Max 50k ] 30 days Refill,Instagram,Likes/Reactions,𝗜𝗻𝘀𝘁𝗮𝗴𝗿𝗮𝗺 𝗟𝗶𝗸𝗲𝘀 (Real) [Recommended For LIKES],18.08,0.565,1,10000000,No,Yes,No,USD
29165,🆕🆕Instagram Likes Real [ Min 50 Max 5000 ] [ 2k-3k/hour],Instagram,Likes/Reactions,𝗜𝗻𝘀𝘁𝗮𝗴𝗿𝗮𝗺 𝗟𝗶𝗸𝗲𝘀 (Real) [Recommended For LIKES],19.5264,0.6102,1,10000000,No,Yes,No,USD
29163,Instagram Likes Real [ 10k in 5 minute ]🆕 0.57$/K - HQ - 30 Days Guarantee,Instagram,Likes/Reactions,𝗜𝗻𝘀𝘁𝗮𝗴𝗿𝗮𝗺 𝗟𝗶𝗸𝗲𝘀 (Real) [Recommended For LIKES],20.6112,0.6441,10,50000,No,Yes,No,USD
29161,Instagram Likes Real [ 10k/hour],Instagram,Likes/Reactions,𝗜𝗻𝘀𝘁𝗮𝗴𝗿𝗮𝗺 𝗟𝗶𝗸𝗲𝘀 (Real) [Recommended For LIKES],21.3344,0.6667,10,50000,No,Yes,No,USD
29175,Instagram Real Likes [ 2k-5k/day] [ 0.32$/k],Instagram,Likes/Reactions,Instagram Power Likes { VIP LIKES/Real Likes },10.848,0.339,10,75000,No,No,No,USD
29177,Instagram Power Likes {10K} [ 100% Real profiles ] [ Speed 300-500/hour],Instagram,Likes/Reactions,Instagram Power Likes { VIP LIKES/Real Likes },10.848,0.339,50,10000,No,No,No,USD
29176,Instagram Power Likes {5K} - Real Users,Instagram,Likes/Reactions,Instagram Power Likes { VIP LIKES/Real Likes },16.272,0.5085,50,5000,No,No,No,USD
29180,Instagram Likes [ Real ] [Non Drop] [30 Days Guarantee ] [ 1k/hour ],Instagram,Likes/Reactions,Instagram Power Likes { VIP LIKES/Real Likes },16.272,0.5085,10,5000,No,No,No,USD
29181,Instagram Real Likes [High Quality] [No Drop] [50-100K/D] [0-1 Hour Start],Instagram,Likes/Reactions,Instagram Power Likes { VIP LIKES/Real Likes },17.3568,0.5424,10,1000000,No,No,No,USD
29179,Instagram Likes Max 5000 - 100% Real Profiles - With stories and post [ 500/hour],Instagram,Likes/Reactions,Instagram Power Likes { VIP LIKES/Real Likes },18.08,0.565,50,5000,No,No,No,USD
29178,Instagram Likes [ Max 50k - 10k/day] [Real Accounts+HQ ] [ Real Profile With Stories]🔥🔥🔥,Instagram,Likes/Reactions,Instagram Power Likes { VIP LIKES/Real Likes },54.24,1.695,10,100000,No,No,No,USD
29191,Instagram Reach[1%] + Impressions + Profile Visit,Instagram,Views/Plays,Instagram Auto Likes,2.1696,0.0678,10,5000000,No,Yes,No,USD
29182,Instagram Saves ( Fast ) Best Quality ( Min 10 | Max 100k ),Instagram,Likes/Reactions,Instagram Auto Likes,2.1696,0.0678,10,1000000,No,Yes,No,USD
29185,Instagram Auto Like Max 10k [ Less Drop],Instagram,Likes/Reactions,Instagram Auto Likes,3.2544,0.1017,10,10000,No,No,No,USD
29184,Instagram Auto Likes [ AUTO REFILL 30 Days],Instagram,Likes/Reactions,Instagram Auto Likes,8.6784,0.2712,10,300000,No,Yes,No,USD
29187,Instagram Auto Likes [ Max 30k] [ Real],Instagram,Likes/Reactions,Instagram Auto Likes,10.848,0.339,50,100000,No,No,No,USD
29188,Instagram Likes [ Auto Likes Special ] [ 1k/hour],Instagram,Likes/Reactions,Instagram Auto Likes,10.848,0.339,20,100000,No,No,No,USD
29189,♛ Instagram Likes [5K] [HQ - Super FAST] AUTO LIKES,Instagram,Likes/Reactions,Instagram Auto Likes,10.848,0.339,50,5000,No,No,No,USD
29190,Instagram Auto Likes [ Max 10k ] [ 10k/hour],Instagram,Likes/Reactions,Instagram Auto Likes,10.848,0.339,10,20000,No,No,No,USD
29194,Instagram Auto Likes ( Max 50k ) [ 100% real],Instagram,Likes/Reactions,Instagram Auto Likes,10.848,0.339,50,50000,No,No,No,USD
29195,IG Likes [ Real] [ 10k/Hour] [ Fastest Auto Likes],Instagram,Likes/Reactions,Instagram Auto Likes,10.848,0.339,50,50000,No,No,No,USD
29193,Instagram Auto Likes ( Real Max 50k),Instagram,Likes/Reactions,Instagram Auto Likes,12.2944,0.3842,10,20000,No,No,No,USD
29183,Instagram Cheapest Auto Likes [ LQ],Instagram,Likes/Reactions,Instagram Auto Likes,14.464,0.452,10,50000,No,Yes,No,USD
29186,Instagram Auto Likes ( Max 20k ) [ Cheapest],Instagram,Likes/Reactions,Instagram Auto Likes,18.08,0.565,1,10000000,No,Yes,No,USD
29192,Instagram Likes [ Indonesia],Instagram,Likes/Reactions,Instagram Auto Likes,27.12,0.8475,100,100000,No,No,No,USD
29196,Instagram INDIAN HQ likes [ Speed 20k/day ] [ max 100k ] 30 days refill ],Instagram,Likes/Reactions,Instagram Auto Likes,63.28,1.9775,10,30000,No,No,No,USD
29198,"Instagram Auto Views [ Reels, TV, Video]",Instagram,Views/Plays,Instagram Auto Views,0.3616,0.0113,100,100000000,No,Yes,No,USD
29197,Instagram AUTO Views [ 1Million/ Hour] [ Recommended ]⚡🔥[ Reels Accepted],Instagram,Views/Plays,Instagram Auto Views,2.8928,0.0904,100,50000000,No,No,No,USD
29199,Instagram Profile Visits [ 10k/hour],Instagram,Views/Plays,Instagram Highlights / Profile Visits / Reach / Mentions,1.808,0.0565,10,1000000,No,Yes,No,USD
29200,Instagram Reach + Impressions,Instagram,Views/Plays,Instagram Highlights / Profile Visits / Reach / Mentions,2.1696,0.0678,50,100000,No,No,No,USD
29201,🌎 WW Power Real + Active Instagram Comments [5 English Comments - 6Hours],Instagram,Comments,Instagram Targeted Comments [ HQ],65.088,2.034,1000,1000,No,No,No,USD
29207,🇸🇦 Arab Power Real + Active Instagram Comments [5 Arab Comments - 6Hours],Instagram,Comments,Instagram Targeted Comments [ HQ],65.088,2.034,1000,1000,No,No,No,USD
29210,🇱🇧 Lebanese Power Real + Active Instagram Comments [5 English Comments - 6Hours],Instagram,Comments,Instagram Targeted Comments [ HQ],65.088,2.034,1000,1000,No,No,No,USD
29204,🇺🇸 / 🇬🇧 USA - UK Power Real + Active Instagram Comments [5 English Comments - 6Hours],Instagram,Comments,Instagram Targeted Comments [ HQ],73.7664,2.3052,1000,1000,No,No,No,USD
29202,🌎 WW Power Real + Active Instagram Comments [10 English Comments - 6Hours],Instagram,Comments,Instagram Targeted Comments [ HQ],108.48,3.39,1000,1000,No,No,No,USD
29208,🇸🇦 Arab Power Real + Active Instagram Comments [10 Arab Comments - 6Hours],Instagram,Comments,Instagram Targeted Comments [ HQ],119.328,3.729,1000,1000,No,No,No,USD
29211,🇱🇧 Lebanese Power Real + Active Instagram Comments [10 English Comments - 6Hours],Instagram,Comments,Instagram Targeted Comments [ HQ],119.328,3.729,1000,1000,No,No,No,USD
29205,🇺🇸 / 🇬🇧 USA - UK Power Real + Active Instagram Comments [10 English Comments - 6Hours],Instagram,Comments,Instagram Targeted Comments [ HQ],130.176,4.068,1000,1000,No,No,No,USD
29203,🌎 WW Power Real + Active Instagram Comments [20 English Comments - 6Hours],Instagram,Comments,Instagram Targeted Comments [ HQ],173.568,5.424,1000,1000,No,No,No,USD
29209,🇸🇦 Arab Power Real + Active Instagram Comments [20 Arab Comments - 6Hours],Instagram,Comments,Instagram Targeted Comments [ HQ],173.568,5.424,1000,1000,No,No,No,USD
29212,🇱🇧 Lebanese Power Real + Active Instagram Comments [20 English Comments - 6Hours],Instagram,Comments,Instagram Targeted Comments [ HQ],173.568,5.424,1000,1000,No,No,No,USD
29206,🇺🇸 / 🇬🇧 USA - UK Power Real + Active Instagram Comments [20 English Comments - 6Hours],Instagram,Comments,Instagram Targeted Comments [ HQ],199.6032,6.2376,1000,1000,No,No,No,USD
29219,Instagram Live Video Views - Max 50K | ( 12 hours Live ) 2-3 Minutes Start,Instagram,Live Stream Viewers,Instagram Live Views ( Stream ),3176.2944,99.2592,100,50000,No,No,No,USD
29221,Instagram Views [ Reel/ Tv/ Video] Accepted [0.12$/K],Instagram,Views/Plays,Instagram TV Views/ Likes,1.6288,0.0509,100,1000000,No,Yes,No,USD
29222,Instagram Video Views / Tv Views [ Reels Not Accepted],Instagram,Views/Plays,Instagram TV Views/ Likes,1.9904,0.0622,100,500000,No,Yes,No,USD
29223,Instagram TV Views [5M/Hour] [ Cheapest ],Instagram,Views/Plays,Instagram TV Views/ Likes,7.9552,0.2486,100,10000000,No,No,No,USD
29220,Instagram TV Likes - Instant Start [ 1k-2k/hour] [ Real] [ 0.29$/K],Instagram,Views/Plays,Instagram TV Views/ Likes,10.848,0.339,100,20000,No,No,No,USD
29224,Instagram Views [ Reel/ Tv/ Video] Accepted [0.12$/K],Instagram,Views/Plays,Instagram Reel Views/Likes/Comments,1.3024,0.0407,100,1000000,No,Yes,No,USD
29225,Instagram Reel Views [ Cancel button also],Instagram,Views/Plays,Instagram Reel Views/Likes/Comments,7.9552,0.2486,100,100000000,No,No,No,USD
29227,Instagram Reel Likes [ 1-2k/hour] Asian profiles,Instagram,Views/Plays,Instagram Reel Views/Likes/Comments,10.848,0.339,20,20000,No,No,No,USD
29228,Instagram Reel Likes [ Speed 1k/hour],Instagram,Views/Plays,Instagram Reel Views/Likes/Comments,10.848,0.339,50,5000,No,No,No,USD
29229,Instagram Reel Likes [ 10k/Hour ] [ Fastest Service],Instagram,Views/Plays,Instagram Reel Views/Likes/Comments,16.272,0.5085,50,50000,No,No,No,USD
29231,Instagram Random Comments [ 1-2k/day],Instagram,Comments,Instagram Random/Custom Comments,216.96,6.78,10,20000,No,No,No,USD
29233,Instagram Emoji Comments ( Emojis are mostly from Real Instagram users ),Instagram,Comments,Instagram Random/Custom Comments,226.0,7.0625,1,2000,No,No,No,USD
29230,Instagram Comments [ Custom ] [ Max 200k},Instagram,Comments,Instagram Random/Custom Comments,433.92,13.56,10,20000,No,No,No,USD
29234,High Quality Instagram Comments [ Fast ] ⚡️💧⭐ ( Min 5 | Max 1000 ),Instagram,Comments,Instagram Random/Custom Comments,723.2,22.6,5,1000,No,No,No,USD
29232,Instagram Custom Comment [.500-1k/day],Instagram,Comments,Instagram Random/Custom Comments,904.0,28.25,5,10000,No,Yes,No,USD
29235,Instagram Comment Likes [ Ultrafast ] [ Max - 3k ] SUPER INSTANT,Instagram,Likes/Reactions,Instagram Comment Likes,171.0368,5.3449,20,40000,No,No,No,USD
29240,Instagram Impressions [Max 10k],Instagram,Views/Plays,Instagram Story / Impressions / Saves,1.3024,0.0407,100,10000,No,No,No,USD
29239,Instagram Impression [ 10k/hour] [ NEW],Instagram,Views/Plays,Instagram Story / Impressions / Saves,1.808,0.0565,10,1000000,No,Yes,No,USD
29241,Instagram Impressions ( Min 50 | Max 100k ),Instagram,Views/Plays,Instagram Story / Impressions / Saves,1.808,0.0565,10,1000000,No,Yes,No,USD
29236,Instagram Saves ( Fast ) Best Quality ( Min 100 | Max 500k ),Instagram,Views/Plays,Instagram Story / Impressions / Saves,2.1696,0.0678,10,1000000,No,Yes,No,USD
29243,IG Promotional Saves Min 10 Max 5K,Instagram,Views/Plays,Instagram Story / Impressions / Saves,3.2544,0.1017,10,100000,No,Yes,No,USD
29242,Instagram - Impression [ Min 100 | Max 100k/day ] INSTANT,Instagram,Views/Plays,Instagram Story / Impressions / Saves,3.616,0.113,100,1000000,No,No,No,USD
29244,İnstagram Last Story Max 5k,Instagram,Views/Plays,Instagram Story / Impressions / Saves,3.616,0.113,100,5000,No,No,No,USD
29248,instagram Shares AUTO subscription,Instagram,Views/Plays,Instagram Story / Impressions / Saves,6.8704,0.2147,10,5000000,No,Yes,No,USD
29245,Instagram Impressions ( Min 5 | Max 100K ),Instagram,Views/Plays,Instagram Story / Impressions / Saves,7.232,0.226,10,15000,No,No,No,USD
29247,Instagram Shares | Max 100k,Instagram,Views/Plays,Instagram Story / Impressions / Saves,7.5936,0.2373,50,5000000,No,Yes,No,USD
29246,İnstagram All Views Story,Instagram,Views/Plays,Instagram Story / Impressions / Saves,16.9952,0.5311,100,5000,No,No,No,USD
29237,Instagram Story VOTE = 1 | Max 1M | Instant,Instagram,Views/Plays,Instagram Story / Impressions / Saves,39.0528,1.2204,100,10000,No,No,No,USD
29238,Instagram Story VOTE = 2 | Max 1M | Instant,Instagram,Views/Plays,Instagram Story / Impressions / Saves,39.0528,1.2204,100,10000,No,No,No,USD
29250,Instagram Real Likes (German) (60 Days Guarantee),Instagram,Followers/Subscribers,Instagram Germany Followers/Likes 🇩🇪🇩🇪🇩🇪,911.232,28.476,20,1000,No,No,No,USD
29251,Instagram Real Followers ( German) ( 60 Days Guarantee),Instagram,Followers/Subscribers,Instagram Germany Followers/Likes 🇩🇪🇩🇪🇩🇪,1157.12,36.16,50,2000,No,No,No,USD
29252,Instagram Real Likes (Spain) [ 60 Days Guarantee],Instagram,Followers/Subscribers,Instagram Spain Followers/Likes 🇪🇸 🇪🇸 🇪🇸,804.6624,25.1457,50,500,No,No,No,USD
29253,Instagram Real Followers (Spain) [ 60 Days Guarantee],Instagram,Followers/Subscribers,Instagram Spain Followers/Likes 🇪🇸 🇪🇸 🇪🇸,1120.96,35.03,50,500,No,No,No,USD
29254,Instagram Real Likes (USA) [ 60 Days Guarantee],Instagram,Followers/Subscribers,Instagram USA Followers/Likes 🇺🇸🇺🇸🇺🇸🇺🇸,16.272,0.5085,25,25000,No,No,No,USD
29255,Instagram Real Followers USA [ R60] [1-2k/day],Instagram,Followers/Subscribers,Instagram USA Followers/Likes 🇺🇸🇺🇸🇺🇸🇺🇸,272.2848,8.5089,50,2000,No,No,No,USD
29257,🇧🇷 Instagram Like [BRAZIL WITH POSTS] [Old Accounts] [No Refill] [Max: 50K],Instagram,Followers/Subscribers,Instagram Brazil Followers/ Likes 🇧🇷🇧🇷🇧🇷🇧🇷,10.4864,0.3277,50,50000,No,No,No,USD
29258,🇧🇷 Instagram Like [BRAZIL WITH POSTS] [Old Accounts] [Refill: 30D] [Max: 50K] ♻️,Instagram,Followers/Subscribers,Instagram Brazil Followers/ Likes 🇧🇷🇧🇷🇧🇷🇧🇷,10.848,0.339,50,50000,Yes,No,No,USD
29260,Instagram Likes Brazil [ Max - 10K ] [ Instant - 10K/Day ],Instagram,Followers/Subscribers,Instagram Brazil Followers/ Likes 🇧🇷🇧🇷🇧🇷🇧🇷,92.208,2.8815,50,40000,No,No,No,USD
29261,Instagram Followers (Brazil) (100/20k) (NR) {Cheapest in Market},Instagram,Followers/Subscribers,Instagram Brazil Followers/ Likes 🇧🇷🇧🇷🇧🇷🇧🇷,108.48,3.39,250,20000,No,No,No,USD
29259,Instagram Followers Brazil [ Max - 10K ] [ R30 ] [ 5K/Day ],Instagram,Followers/Subscribers,Instagram Brazil Followers/ Likes 🇧🇷🇧🇷🇧🇷🇧🇷,180.8,5.65,50,30000,No,No,No,USD
29256,Instagram Followers Brazil [ Max - 10K ] [ No Refill ] [10k/Day],Instagram,Followers/Subscribers,Instagram Brazil Followers/ Likes 🇧🇷🇧🇷🇧🇷🇧🇷,198.1568,6.1924,50,40000,No,No,No,USD
29262,🇧🇷 BR Power Real + Active Instagram Comments [5 Comments - 2Hours],Instagram,Comments,Instagram Growth Comments [ 🇧🇷 BRAZIL],67.9808,2.1244,1000,1000,No,No,No,USD
29263,🇧🇷 BR Power Real + Active Instagram Comments [10 Comments - 2Hours],Instagram,Comments,Instagram Growth Comments [ 🇧🇷 BRAZIL],122.2208,3.8194,1000,1000,No,No,No,USD
29264,🇧🇷 BR Power Real + Active Instagram Comments [20 Comments - 2Hours],Instagram,Comments,Instagram Growth Comments [ 🇧🇷 BRAZIL],192.3712,6.0116,1000,1000,No,No,No,USD
29265,🇧🇷 BR Power Real + Active Instagram Comments [40 Comments - 2Hours],Instagram,Comments,Instagram Growth Comments [ 🇧🇷 BRAZIL],248.7808,7.7744,1000,1000,No,No,No,USD
29266,Instagram Likes Real (100/10k) R365,Instagram,Likes/Reactions,➡️Instagram 365 Days Guarantee [ 1 year guarantee],81.36,2.5425,100,10000,No,Yes,No,USD
29268,Instagram Followers (100/300k) R365,Instagram,Followers/Subscribers,➡️Instagram 365 Days Guarantee [ 1 year guarantee],178.992,5.5935,100,300000,Yes,No,No,USD
29269,Instagram Followers Real (100/100k) R365,Instagram,Followers/Subscribers,➡️Instagram 365 Days Guarantee [ 1 year guarantee],211.536,6.6105,100,100000,Yes,No,No,USD
29267,Instagram Likes Real (100/3k) R365,Instagram,Likes/Reactions,➡️Instagram 365 Days Guarantee [ 1 year guarantee],506.24,15.82,100,3000,Yes,No,No,USD
29270,🇰🇷 SK Power Real + Active Instagram Comments [5 Comments - 2Hours],Instagram,Comments,Instagram Growth Comments [ 🇰🇷 SOUTH KOREA],67.9808,2.1244,1000,1000,No,No,No,USD
29271,🇰🇷 SK Power Real + Active Instagram Comments [10 Comments - 2Hours],Instagram,Comments,Instagram Growth Comments [ 🇰🇷 SOUTH KOREA],122.2208,3.8194,1000,1000,No,No,No,USD
29272,🇰🇷 SK Power Real + Active Instagram Comments [20 Comments - 2Hours],Instagram,Comments,Instagram Growth Comments [ 🇰🇷 SOUTH KOREA],192.3712,6.0116,1000,1000,No,No,No,USD
29273,🇰🇷 SK Power Real + Active Instagram Comments [40 Comments - 2Hours],Instagram,Comments,Instagram Growth Comments [ 🇰🇷 SOUTH KOREA],248.7808,7.7744,1000,1000,No,No,No,USD
29274,Instagram Ads Followers [ 100% Real Arab Account ],Instagram,Followers/Subscribers,➡️ Instagram Followers REAL Packages 💎,193.456,6.0455,1000,50000,No,No,No,USD
29285,Instagram Share [ Max 10M ] | Instant | Super Fast Completed,Instagram,Shares,➡️Instagram Mentions / Instagram D-M / Share,3.2544,0.1017,100,500000,No,Yes,No,USD
29277,Instagram Mentions [CUSTOM LIST] [MIN:500 &amp; Max 100k] [Start Time: 0 - 6 Hours] [Speed: 10K/Day],Instagram,Shares,➡️Instagram Mentions / Instagram D-M / Share,54.24,1.695,2000,100000,No,No,No,USD
29278,Instagram Mentions [User Followers ] [MIN:500 &amp; Max 100k] [Start Time: 0 - 6 Hours] [Speed: 10K/Day],Instagram,Followers/Subscribers,➡️Instagram Mentions / Instagram D-M / Share,54.24,1.695,2000,100000,No,No,No,USD
29279,Instagram Mentions [USER Following ] [MIN:500 &amp; Max 7k] [Start Time: 0 - 6 Hours] [Speed: 5K/Day],Instagram,Shares,➡️Instagram Mentions / Instagram D-M / Share,54.24,1.695,2000,100000,No,No,No,USD
29280,Instagram Mentions [ Post likes ] [MIN:500 &amp; Max 100k] [Start Time: 0 - 6 Hours] [Speed: 10K/Day],Instagram,Likes/Reactions,➡️Instagram Mentions / Instagram D-M / Share,54.24,1.695,2000,100000,No,No,No,USD
29281,Instagram Mentions [ Post Comments ] [MIN:500 &amp; Max 5k] [Start Time: 0 - 6 Hours] [Speed: 5K/Day],Instagram,Comments,➡️Instagram Mentions / Instagram D-M / Share,54.24,1.695,2000,100000,No,No,No,USD
29275,Instagram Mentions (USER FOLLOWERS),Instagram,Followers/Subscribers,➡️Instagram Mentions / Instagram D-M / Share,86.784,2.712,250,1000000000,No,No,No,USD
29276,Instagram Mentions (CUSTOM LIST),Instagram,Shares,➡️Instagram Mentions / Instagram D-M / Share,86.784,2.712,250,10000000,No,No,No,USD
29282,Instagram Mention [Media Liker List] [100M],Instagram,Likes/Reactions,➡️Instagram Mentions / Instagram D-M / Share,86.784,2.712,250,100000000,No,No,No,USD
29283,Instagram D-M  [User Followers] [5M],Instagram,Followers/Subscribers,➡️Instagram Mentions / Instagram D-M / Share,121.4976,3.7968,1000,5000000,No,No,No,USD
29284,Instagram D-M [Media Likers] [5M],Instagram,Likes/Reactions,➡️Instagram Mentions / Instagram D-M / Share,121.4976,3.7968,1000,5000000,No,No,No,USD
29286,Instagram D-M [Custom List] [5M],Instagram,Shares,➡️Instagram Mentions / Instagram D-M / Share,121.4976,3.7968,1000,5000000,No,No,No,USD
29287,Instagram D-M [works for hashtag as well]  [Start-24-72 Hours] [300K/Day],Instagram,Other,➡️Instagram DM SERVICE,103.4176,3.2318,1000000,4000000,Yes,No,No,USD
29288,Instagram D-M [works for hashtag as well] (500k/1m)[Start-24-72 Hours] [300K/Day],Instagram,Other,➡️Instagram DM SERVICE,108.8416,3.4013,500000,1000000,Yes,No,No,USD
29289,Instagram D-M [works for hashtag as well] [Start-24-72 Hours] [300K/Day],Instagram,Other,➡️Instagram DM SERVICE,111.3728,3.4804,250000,500000,Yes,No,No,USD
29290,Instagram D-M [works for hashtag as well] [Start-24-72 Hours] [100K/Day],Instagram,Other,➡️Instagram DM SERVICE,113.5424,3.5482,100000,250000,Yes,No,No,USD
29291,Instagram D-M [works for hashtag as well]  [50k/100K]  [Finish 72 hours],Instagram,Other,➡️Instagram DM SERVICE,117.1584,3.6612,50000,250000,Yes,No,No,USD
29292,🌎 WW Instagram Growth Package [50] [Real &amp;amp; Active Accounts] [30 Days],Instagram,Accounts,Instagram Growth Package,2260.0,70.625,1,1,No,No,No,USD
29295,🇧🇷 BR Instagram Growth Package [50] [Real &amp;amp; Active Accounts] [30 Days],Instagram,Accounts,Instagram Growth Package,2260.0,70.625,1,1,No,No,No,USD
29296,🇰🇷 SK Instagram Growth Package [50] [Real &amp;amp; Active Accounts] [30 Days],Instagram,Accounts,Instagram Growth Package,2260.0,70.625,1,1,No,No,No,USD
29299,🇸🇦 Arab Instagram Growth Package [50] [Real &amp;amp; Active Accounts] [30 Days],Instagram,Accounts,Instagram Growth Package,2260.0,70.625,1,1,No,No,No,USD
29297,🇺🇸 / 🇬🇧 USA - UK Instagram Growth Package [50] [Real &amp;amp; Active Accounts] [30 Days],Instagram,Accounts,Instagram Growth Package,2712.0,84.75,1,1,No,No,No,USD
29293,🌎 WW Instagram Growth Package [100] [Real &amp;amp; Active Accounts] [30 Days],Instagram,Accounts,Instagram Growth Package,3390.0,105.9375,1,1,No,No,No,USD
29300,🇸🇦 Arab Instagram Growth Package [100] [Real &amp;amp; Active Accounts] [30 Days],Instagram,Accounts,Instagram Growth Package,3616.0,113.0,1,1,No,No,No,USD
29298,🇺🇸 / 🇬🇧 USA - UK Instagram Growth Package [100] [Real &amp;amp; Active Accounts] [30 Days],Instagram,Accounts,Instagram Growth Package,3842.0,120.0625,1,1,No,No,No,USD
29294,🌎 WW Instagram Growth Package [200] [Real &amp;amp; Active Accounts] [30 Days],Instagram,Accounts,Instagram Growth Package,5424.0,169.5,1,1,No,No,No,USD
29301,Instagram Live Viewers For 30 Minutes,Instagram,Live Stream Viewers,➡️- Instagram Live Video,216.96,6.78,20,40000,No,No,No,USD
29302,Instagram Live Video Views - Max 40k - Likes and Comments also,Instagram,Views/Plays,➡️- Instagram Live Video,433.92,13.56,20,30000,No,No,No,USD
29303,Instagram Live Viewers For 60 Minutes - Without comments,Instagram,Live Stream Viewers,➡️- Instagram Live Video,433.92,13.56,20,30000,No,No,No,USD
29304,Tiktok Likes [ Working Fast ] [ 5k-10k/day ] [ Less drop ] [ NR ],TikTok,Likes/Reactions,➡️ Tik Tok Likes,4.3392,0.1356,10,500000,No,No,No,USD
29307,Tiktok Likes - [ 30k-40k/day ] [ 30 Days Refill ],TikTok,Likes/Reactions,➡️ Tik Tok Likes,6.1472,0.1921,100,100000,No,Yes,No,USD
29311,Tiktok Likes [ Super Fast ] [ Mixed Quanlity ],TikTok,Likes/Reactions,➡️ Tik Tok Likes,6.1472,0.1921,10,1000000,No,No,No,USD
29308,TikTok Like | Instant | Super Fast | 20K | No Refill,TikTok,Likes/Reactions,➡️ Tik Tok Likes,6.5088,0.2034,10,3000000,No,Yes,No,USD
29309,Tiktok Likes - [ Super Instant ] [ 50K /day speed ] [ 30 Days Refill ],TikTok,Likes/Reactions,➡️ Tik Tok Likes,6.5088,0.2034,10,500000,No,Yes,No,USD
29310,Tiktok Likes Real [30 days refill] [ 10k/day],TikTok,Likes/Reactions,➡️ Tik Tok Likes,7.5936,0.2373,10,500000,No,Yes,No,USD
29305,Tiktok Likes [ 300K-500K/day ] Start Instant - 0.18$/k	 - NO DROP TILL NOW,TikTok,Likes/Reactions,➡️ Tik Tok Likes,9.7632,0.3051,10,50000,No,No,No,USD
29312,TIKTOK LIKES - MAX 10K - 10K / Hour - Cheapest,TikTok,Likes/Reactions,➡️ Tik Tok Likes,36.16,1.13,10,150000,No,Yes,No,USD
29306,TikTok Likes [ Real - Max 50K] [ High Quality] [ Most Sold] [ Recommended #1],TikTok,Likes/Reactions,➡️ Tik Tok Likes,52.432,1.6385,5,100000,No,No,No,USD
29313,TikTok - Likes -  Instant start ( Min 10 - Max 30k- 10k/day )[ Recommended #1] - Real,TikTok,Likes/Reactions,➡️ Tik Tok Likes,144.64,4.52,10,30000,No,No,No,USD
29317,TikTok Followers [ Real - Max 100K] [ HQ- R30] [ Most Sold] [ Recommended #1],TikTok,Followers/Subscribers,➡️ TikTok Followers,52.432,1.6385,5,100000,No,No,No,USD
29316,Tiktok Followers - [ Super Instant ] [ 10-15K /day speed ] No Refill,TikTok,Followers/Subscribers,➡️ TikTok Followers,61.472,1.921,50,5000000,No,No,No,USD
29315,Tiktok Followers - [ Instant ] [ 5k/day Speed ] [ Cancel button on ],TikTok,Followers/Subscribers,➡️ TikTok Followers,65.088,2.034,50,5000000,No,No,No,USD
29320,Tiktok Followers - [ Super Instant ] [ 50K /day speed ] [ 30 Days Refill ],TikTok,Followers/Subscribers,➡️ TikTok Followers,90.0384,2.8137,10,500000,No,No,No,USD
29322,Tiktok Followers - 300k/day - NO refill,TikTok,Followers/Subscribers,➡️ TikTok Followers,96.9088,3.0284,100,1000000,No,Yes,No,USD
29321,Tiktok Followers -Max 75k - 30 Days Guarantee- 10k/day,TikTok,Followers/Subscribers,➡️ TikTok Followers,108.48,3.39,10,50000,No,No,No,USD
29318,Tiktok Followers [ 5k-10k/day ] [ Less Drop ] [ 1.07$/k ],TikTok,Followers/Subscribers,➡️ TikTok Followers,180.8,5.65,20,150000,No,No,No,USD
29319,Tiktok Followers [ 30k/day ] LESS Drop,TikTok,Followers/Subscribers,➡️ TikTok Followers,194.9024,6.0907,50,100000,No,No,No,USD
29314,Tiktok Followers [ Speed 50k-100k/day ] [ Super Instant Start ] [ NR ] Less Drop,TikTok,Followers/Subscribers,➡️ TikTok Followers,208.2816,6.5088,50,100000,No,Yes,No,USD
29325,Tiktok Likes + Views [ BRAZIL 🇧🇷 100% ] [ HQ ] [ Drop: 1-3% ] [ 20k+/day Speed ] No Refill,TikTok,Views/Plays,TIKTOK - Brazil Targeted 🇧🇷,6.1472,0.1921,10,1000000,No,Yes,No,USD
29324,Tiktok Likes + Views [ BRAZIL 🇧🇷 100% ] [ HQ ] [ Drop: 1-3% ] [ 20k+/day Speed ] 30 Days Refill,TikTok,Views/Plays,TIKTOK - Brazil Targeted 🇧🇷,9.7632,0.3051,10,1000000,No,Yes,No,USD
29323,Tiktok Followers [ BRAZIL 🇧🇷 100% ] [ Real and Active Users ] [ Drop: 1-3% ] [ 20k+/day Speed ] Refill:30,TikTok,Followers/Subscribers,TIKTOK - Brazil Targeted 🇧🇷,87.8688,2.7459,10,10000000,Yes,Yes,No,USD
29327,Tiktok Views[1M/hour] [ 0.0025$/K ],TikTok,Views/Plays,➡️Tik Tok Views/Comments/Shares,0.3616,0.0113,50,2147483647,No,Yes,No,USD
29329,Tiktok Views [ Cheapest - 0.015$/k ],TikTok,Views/Plays,➡️Tik Tok Views/Comments/Shares,0.544,0.017,100,10000000,No,Yes,No,USD
29326,Tiktok Views [ Working ] [ Fast ] [ Very less Drop],TikTok,Views/Plays,➡️Tik Tok Views/Comments/Shares,0.7232,0.0226,50,2147483647,No,Yes,No,USD
29328,Tiktok Views[1M/hour] [ 0.025$/K ] EMERGENCY,TikTok,Views/Plays,➡️Tik Tok Views/Comments/Shares,0.7232,0.0226,50,2147483647,No,Yes,No,USD
29330,Tiktok Views [ Super Fast ],TikTok,Views/Plays,➡️Tik Tok Views/Comments/Shares,0.7232,0.0226,50,2147483647,No,Yes,No,USD
29331,𝓝𝙚𝔀 TikTok Views ~ [ Max 100M |♻️ R30D ~ 500K/Days ] ⏰: 𝐈𝐍𝐒𝐓𝐀𝐍𝐓,TikTok,Views/Plays,➡️Tik Tok Views/Comments/Shares,1.4464,0.0452,50,100000000,No,Yes,No,USD
29332,Tiktok Views[100K/hour] [ 0.01$/K ],TikTok,Views/Plays,➡️Tik Tok Views/Comments/Shares,1.808,0.0565,50,2147483647,No,Yes,No,USD
29333,TikTok Video Views  Super Fast [ Emergency ] [ 0.01$ ],TikTok,Views/Plays,➡️Tik Tok Views/Comments/Shares,1.808,0.0565,100,5000000,No,No,No,USD
29335,TikTok Video Views [ Trending + Viral Views] [ Speed 30-50k/hour],TikTok,Views/Plays,➡️Tik Tok Views/Comments/Shares,3.2544,0.1017,50,2147483647,No,Yes,No,USD
29334,TikTok Video [ Super Fast ] [ 100M Max ] [ 0.025$ ],TikTok,Views/Plays,➡️Tik Tok Views/Comments/Shares,3.616,0.113,50,2147483647,No,Yes,No,USD
29336,TikTok %100 Real Arabic Live Broadcast Maximum 1K | 15 Minutes,TikTok,Live Stream Viewers,➡️Tiktok Arabic Live Stream,72.32,2.26,100,10000,No,Yes,No,USD
29337,TikTok %100 Real Arabic Live Broadcast Maximum 1K | 30 Minutes,TikTok,Live Stream Viewers,➡️Tiktok Arabic Live Stream,144.64,4.52,100,10000,No,Yes,No,USD
29338,TikTok %100 Real Arabic Live Broadcast Maximum 1K | 60 Minutes,TikTok,Live Stream Viewers,➡️Tiktok Arabic Live Stream,216.96,6.78,100,10000,No,Yes,No,USD
29339,TikTok %100 Real Arabic Live Broadcast Maximum 1K | 90 Minutes,TikTok,Live Stream Viewers,➡️Tiktok Arabic Live Stream,289.28,9.04,100,10000,No,Yes,No,USD
29340,TikTok %100 Real Arabic Live Broadcast Maximum 1K | 120 Minutes,TikTok,Live Stream Viewers,➡️Tiktok Arabic Live Stream,433.92,13.56,100,10000,No,Yes,No,USD
29341,TikTok %100 Real Arabic Live Broadcast Maximum 1K | 240 Minutes,TikTok,Live Stream Viewers,➡️Tiktok Arabic Live Stream,578.56,18.08,100,10000,No,Yes,No,USD
29342,Facebook Reels Views [ 100k/day Speed ] [ Start: 0-1hr ],Facebook,Views/Plays,Facebook Video Views,0.9408,0.0294,500,10000000,No,Yes,No,USD
29348,Facebook Views [ 500k-1000k/day Speed ] [ Reel/Video Work ] - 0.1$/K,Facebook,Views/Plays,Facebook Video Views,3.616,0.113,1000,5000000,No,Yes,No,USD
29345,Facebook Video Views [10-20K Per Day ] [ Recommended ] [ Emergency],Facebook,Views/Plays,Facebook Video Views,5.0624,0.1582,500,10000000,No,No,No,USD
29343,Facebook Video Views | Speed 200k - 300k ( Instant Start ) [Fastest Service],Facebook,Views/Plays,Facebook Video Views,6.1472,0.1921,500,1000000000,No,No,No,USD
29349,Facebook Views [ Emergency Server ] [ Start 0-3 Hours ] [ 100k-500k/day Speed ] [ Non Drop ],Facebook,Views/Plays,Facebook Video Views,7.232,0.226,500,10000000,No,Yes,No,USD
29347,Facebook Video Views [50K-100K) Emergency Service,Facebook,Views/Plays,Facebook Video Views,9.04,0.2825,500,10000000,No,No,No,USD
29346,Facebook Video Views | Speed 10-30 K/Day 🔥🔥🔥🔥🔥🔥,Facebook,Views/Plays,Facebook Video Views,9.4016,0.2938,500,10000000,No,No,No,USD
29344,Facebook Video Views [ Instant start ] [ Speed 50k-100k/Day ][ Emergency 2  ],Facebook,Views/Plays,Facebook Video Views,21.696,0.678,500,10000000,No,Yes,No,USD
29351,Facebook Page Like [30 days refill] [2k-3k/day],Facebook,Likes/Reactions,➡️- Facebook Fanpage Likes,14.464,0.452,10,1000000,No,Yes,No,USD
29352,Facebook Page Likes [Non Drop] [Speed 1000 /D] [Max 25k] [R30 with Button ],Facebook,Likes/Reactions,➡️- Facebook Fanpage Likes,15.5488,0.4859,10,25000,No,Yes,No,USD
29353,Facebook Page Likes [Instant After Update] [Speed 5000/D] [R30 with Button ],Facebook,Likes/Reactions,➡️- Facebook Fanpage Likes,17.7184,0.5537,10,100000000,No,Yes,No,USD
29350,Facebook Page Likes + Follow [ Max 2M ] [ Speed 10k-20k/day ] [ 30 days Refill ],Facebook,Likes/Reactions,➡️- Facebook Fanpage Likes,32.544,1.017,100,1000000,No,Yes,No,USD
29356,Facebook Page Likes [ 30 days refill ] [ Speed 5k-7k/day ] [ Start Time 0-30min ],Facebook,Likes/Reactions,➡️- Facebook Fanpage Likes,40.8608,1.2769,100,500000,No,No,No,USD
29354,Facebook Fan Page Likes [ R30 ] [ 500-1k/day],Facebook,Likes/Reactions,➡️- Facebook Fanpage Likes,42.3072,1.3221,100,500000,No,No,No,USD
29355,Facebook Page Likes + Followers [Quality: +90% Egyptian Accounts] [Note: New layout pages will ONLY Receive Followers WITHOUT Likes] [Start time: 0-48H] [Speed: Up to 2500-5000/Day] [Refill: 30 Days],Facebook,Followers/Subscribers,➡️- Facebook Fanpage Likes,112.096,3.503,500,1500,No,No,No,USD
29359,Facebook Profile Followers [ 1k/day] [ Super Instant ] (30 days guarantee),Facebook,Followers/Subscribers,Facebook Followers,6.1472,0.1921,100,100000,No,No,No,USD
29360,Facebook Followers 30 Days Refill [1-2k/day],Facebook,Followers/Subscribers,Facebook Followers,6.1472,0.1921,100,100000000,No,Yes,No,USD
29362,Facebook Page Followers [ Profile work Slow ] 200k-400k/day [ 30 days Refill ],Facebook,Followers/Subscribers,Facebook Followers,14.8256,0.4633,100,500000,No,No,No,USD
29363,Facebook Page Followers | Non Drop | 50k/Day,Facebook,Followers/Subscribers,Facebook Followers,21.3344,0.6667,100,300000,No,No,No,USD
29361,Facebook Profile Followers [ 30 Days Guarantee] [ 2k/day] [India/bangladesh],Facebook,Followers/Subscribers,Facebook Followers,163.8048,5.1189,50,5000,No,No,No,USD
29364,Facebook Page/Profile Followers [Quality: +90% Arab/Egyptian Accounts] [Start time: 24-72H] [Speed: Up to 1-3k/Day] [Refill: 30 Days],Facebook,Followers/Subscribers,Facebook Followers [Pages/Profiles] [Arab/Egyptian Accounts 🇪🇬],41.2224,1.2882,1000,27000,No,Yes,No,USD
29368,Facebook - Emoticons Post Likes [ Sad ] Instant,Facebook,Likes/Reactions,Facebook Emoticons,5.424,0.1695,10,100000,No,No,No,USD
29365,Facebook - Emoticons Post Likes [ Love ] Instant,Facebook,Likes/Reactions,Facebook Emoticons,6.5088,0.2034,10,100000,No,No,No,USD
29366,Facebook - Emoticons Post Likes [ wow ] Instant,Facebook,Likes/Reactions,Facebook Emoticons,6.5088,0.2034,10,100000,No,Yes,No,USD
29367,Facebook - Emoticons Post Likes [ ha-ha ] Instant,Facebook,Likes/Reactions,Facebook Emoticons,6.5088,0.2034,10,100000,No,Yes,No,USD
29369,Facebook - Emoticons Post Likes [ Angry ] Instant,Facebook,Likes/Reactions,Facebook Emoticons,6.5088,0.2034,10,100000,No,Yes,No,USD
29372,Facebook - Post React ( Angry 😡 ) - Max 10K,Facebook,Other,Facebook Emoticons,16.9952,0.5311,100,10000,Yes,No,No,USD
29375,Facebook - Post React ( Sad 😔 ) - Max 10K,Facebook,Other,Facebook Emoticons,16.9952,0.5311,100,10000,Yes,No,No,USD
29371,Facebook - Post React ( Care 🤗 ) - Max 10K,Facebook,Other,Facebook Emoticons,23.504,0.7345,100,10000,Yes,No,No,USD
29374,Facebook - Post React ( WOW 😲 ) - Max 10K,Facebook,Other,Facebook Emoticons,23.504,0.7345,100,10000,Yes,No,No,USD
29370,Facebook - Post React ( Like 👍 ) - Max 100K,Facebook,Likes/Reactions,Facebook Emoticons,23.8656,0.7458,100,100000,Yes,No,No,USD
29373,Facebook - Post React ( Hahaha 🤣 ) - Max 10K,Facebook,Other,Facebook Emoticons,23.8656,0.7458,100,10000,Yes,No,No,USD
29376,Facebook Live Stream Views ( 30 Min ),Facebook,Live Stream Viewers,Facebook Live Stream,65.088,2.034,50,10000,No,No,No,USD
29386,Facebook Live Stream Views (30 Min),Facebook,Live Stream Viewers,Facebook Live Stream,119.328,3.729,50,10000,No,No,No,USD
29380,Facebook Live Stream Views [ 30 minutes ],Facebook,Live Stream Viewers,Facebook Live Stream,128.368,4.0115,50,10000,No,No,No,USD
29377,Facebook Live Stream Views (60 Min),Facebook,Live Stream Viewers,Facebook Live Stream,130.176,4.068,50,10000,No,No,No,USD
29378,Facebook Live Stream Views (90 Min),Facebook,Live Stream Viewers,Facebook Live Stream,195.264,6.102,50,100000,No,No,No,USD
29381,Facebook Live Stream Views [ 60 minutes ],Facebook,Live Stream Viewers,Facebook Live Stream,256.736,8.023,50,10000,No,No,No,USD
29379,Facebook Live Stream Views (120 Min),Facebook,Live Stream Viewers,Facebook Live Stream,260.352,8.136,50,100000,No,No,No,USD
29382,Facebook Live Stream Views [ 90 minutes ],Facebook,Live Stream Viewers,Facebook Live Stream,386.1888,12.0684,50,10000,No,No,No,USD
29383,Facebook Live Stream Views [ 120 minutes ],Facebook,Live Stream Viewers,Facebook Live Stream,506.24,15.82,50,10000,No,No,No,USD
29384,Facebook Live Stream Views [ 150 minutes ],Facebook,Live Stream Viewers,Facebook Live Stream,643.648,20.114,50,10000,No,No,No,USD
29385,Facebook Live Stream Views [ 180 minutes ],Facebook,Live Stream Viewers,Facebook Live Stream,773.824,24.182,50,10000,No,No,No,USD
29387,Facebook Live Stream Views (30 Min) [ Always working],Facebook,Live Stream Viewers,Facebook Live Stream Viewers | Always Working during Peak time,65.088,2.034,30,5000,No,No,No,USD
29388,Facebook Live Stream Views (60 Min) [ Always working],Facebook,Live Stream Viewers,Facebook Live Stream Viewers | Always Working during Peak time,130.176,4.068,30,5000,No,No,No,USD
29389,Facebook Live Stream Views (90 Min) [ Always working],Facebook,Live Stream Viewers,Facebook Live Stream Viewers | Always Working during Peak time,195.264,6.102,30,5000,No,No,No,USD
29390,Facebook Live Stream Views (120 Min) [ Always working],Facebook,Live Stream Viewers,Facebook Live Stream Viewers | Always Working during Peak time,260.352,8.136,30,5000,No,No,No,USD
29391,Facebook Live Stream Views (150 Min) [ Always working],Facebook,Live Stream Viewers,Facebook Live Stream Viewers | Always Working during Peak time,325.44,10.17,30,5000,No,No,No,USD
29392,Facebook Live Stream Views (180 Min) [ Always working],Facebook,Live Stream Viewers,Facebook Live Stream Viewers | Always Working during Peak time,390.528,12.204,30,5000,No,No,No,USD
29393,Facebook Live Stream Views (210 Min) [ Always working],Facebook,Live Stream Viewers,Facebook Live Stream Viewers | Always Working during Peak time,455.616,14.238,30,5000,No,No,No,USD
29394,Facebook Live Stream Views (240 Min) [ Always working],Facebook,Live Stream Viewers,Facebook Live Stream Viewers | Always Working during Peak time,520.704,16.272,30,5000,No,No,No,USD
29395,Facebook Live Stream Views ( 300 Min ) [ Always working],Facebook,Live Stream Viewers,Facebook Live Stream Viewers | Always Working during Peak time,585.792,18.306,30,5000,No,No,No,USD
29396,Facebook India Super Instant Real ( Love React ) ❤️,Facebook,Likes/Reactions,Facebook Photo Likes and Emoticon ( Indian ),52.0704,1.6272,100,4000,No,No,No,USD
29397,Facebook India Super Instant Real Angry React ( 😡),Facebook,Likes/Reactions,Facebook Photo Likes and Emoticon ( Indian ),52.0704,1.6272,100,4000,No,No,No,USD
29398,Facebook India Super Instant Real Haha React ( 😀),Facebook,Likes/Reactions,Facebook Photo Likes and Emoticon ( Indian ),52.0704,1.6272,100,4000,No,No,No,USD
29399,Facebook India Super Instant Real WoW React ( 😲),Facebook,Likes/Reactions,Facebook Photo Likes and Emoticon ( Indian ),52.0704,1.6272,100,4000,No,No,No,USD
29400,Facebook India Super Instant Real Sad React ( 😢),Facebook,Likes/Reactions,Facebook Photo Likes and Emoticon ( Indian ),52.0704,1.6272,100,4000,No,No,No,USD
29401,Facebook India Super Instant Real Care React ( 🥰 ),Facebook,Likes/Reactions,Facebook Photo Likes and Emoticon ( Indian ),52.0704,1.6272,100,4000,No,No,No,USD
29403,Facebook Group Members [ 3k/day] [ Very less Drop],Facebook,Followers/Subscribers,Facebook Others / Ratings / Comments/ Events,12.2944,0.3842,10,1000000,No,Yes,No,USD
29419,Facebook Story Views [Max 5k],Facebook,Views/Plays,Facebook Others / Ratings / Comments/ Events,28.928,0.904,100,5000,No,No,No,USD
29404,Facebook Group Members [ 2k-5k day],Facebook,Followers/Subscribers,Facebook Others / Ratings / Comments/ Events,68.704,2.147,1000,25000,No,No,No,USD
29408,Facebook Event [ Interested] [1k/day],Facebook,Comments,Facebook Others / Ratings / Comments/ Events,71.5968,2.2374,100,10000,No,No,No,USD
29409,Facebook Event [Going] [ 1k/day],Facebook,Comments,Facebook Others / Ratings / Comments/ Events,71.5968,2.2374,100,10000,No,No,No,USD
29407,Facebook Friend Request - Profile [ Start 1-3 hours] 1k/day,Facebook,Comments,Facebook Others / Ratings / Comments/ Events,129.0912,4.0341,100,5000,No,No,No,USD
29418,Facebook Custom Comments  [ Cheapest Service],Facebook,Comments,Facebook Others / Ratings / Comments/ Events,242.272,7.571,10,10000000,No,Yes,No,USD
29406,Facebook Poll Votes [25k],Facebook,Comments,Facebook Others / Ratings / Comments/ Events,347.136,10.848,50,10000,No,No,No,USD
29402,Facebook Fan Page Reviews [ 5 Star] [ Random Comments] [ 1k/day],Facebook,Views/Plays,Facebook Others / Ratings / Comments/ Events,438.2592,13.6956,10,1000,No,No,No,USD
29410,Facebook - Random Comments [Worldwide ] [R45],Facebook,Comments,Facebook Others / Ratings / Comments/ Events,564.096,17.628,10,1000,No,No,No,USD
29415,🇺🇸Facebook - Random Comments [Female] [ R30],Facebook,Comments,Facebook Others / Ratings / Comments/ Events,572.7744,17.8992,5,1000,No,No,No,USD
29416,🇺🇸 Facebook - CUSTOM Comments [Female- USA ] [R30],Facebook,Comments,Facebook Others / Ratings / Comments/ Events,572.7744,17.8992,5,1000,No,No,No,USD
29417,🇺🇸 Facebook Random Comments  |R30],Facebook,Comments,Facebook Others / Ratings / Comments/ Events,572.7744,17.8992,5,1000,No,No,No,USD
29411,Facebook - Random Comments [Worldwide ] [R45],Facebook,Comments,Facebook Others / Ratings / Comments/ Events,650.88,20.34,10,1000,No,No,No,USD
29412,Facebook Emoji Comments [𝐌𝐀𝐋𝐄] [Worldwide ] [R45],Facebook,Comments,Facebook Others / Ratings / Comments/ Events,650.88,20.34,10,1000,No,No,No,USD
29413,Facebook - Random Comments [Male]  [R45],Facebook,Comments,Facebook Others / Ratings / Comments/ Events,650.88,20.34,10,1000,No,No,No,USD
29414,Facebook Emoji Comments [Male]  [R45],Facebook,Comments,Facebook Others / Ratings / Comments/ Events,811.4304,25.3572,10,1000,No,No,No,USD
29405,Facebook Apps Votes  [25k],Facebook,Comments,Facebook Others / Ratings / Comments/ Events,867.84,27.12,50,10000,No,No,No,USD
30149,Instagram Followers [ Max 10K ] | HQ Accounts | Cancel Enable | No Refill ⚠️ | Instant Start | Day 10K 🚀,Instagram,Followers/Subscribers,Instagram Followers [ HQ Accounts ] [ Best Price 💫 ] ᴺᴱᵂ,10.848,0.339,10,10000,No,Yes,No,USD
29420,Instagram Followers [ Max 10K ] | HQ Accounts | Cancel Enable | No Refill ⚠️ | Instant Start | Day 10K 🚀,Instagram,Followers/Subscribers,Instagram Followers [ HQ Accounts ] [ Best Price 💫 ] ᴺᴱᵂ,10.848,0.339,10,10000,No,Yes,No,USD
30150,Instagram Followers [ Max 20K ] | HQ Accounts | Cancel Enable | No Refill ⚠️ | Instant Start | Day 20K 🚀,Instagram,Followers/Subscribers,Instagram Followers [ HQ Accounts ] [ Best Price 💫 ] ᴺᴱᵂ,11.2096,0.3503,10,20000,No,Yes,No,USD
29421,Instagram Followers [ Max 20K ] | HQ Accounts | Cancel Enable | No Refill ⚠️ | Instant Start | Day 20K 🚀,Instagram,Followers/Subscribers,Instagram Followers [ HQ Accounts ] [ Best Price 💫 ] ᴺᴱᵂ,11.2096,0.3503,10,20000,No,Yes,No,USD
30151,Instagram Followers [ Max 30K ] | HQ Accounts | Cancel Enable | No Refill ⚠️ | Instant Start | Day 30K 🚀,Instagram,Followers/Subscribers,Instagram Followers [ HQ Accounts ] [ Best Price 💫 ] ᴺᴱᵂ,11.5712,0.3616,10,30000,No,Yes,No,USD
29422,Instagram Followers [ Max 30K ] | HQ Accounts | Cancel Enable | No Refill ⚠️ | Instant Start | Day 30K 🚀,Instagram,Followers/Subscribers,Instagram Followers [ HQ Accounts ] [ Best Price 💫 ] ᴺᴱᵂ,11.5712,0.3616,10,30000,No,Yes,No,USD
30152,Instagram Followers [ Max 100K ] | HQ Accounts | Cancel Enable | No Refill ⚠️ | Instant Start | Day 70K 🚀,Instagram,Followers/Subscribers,Instagram Followers [ HQ Accounts ] [ Best Price 💫 ] ᴺᴱᵂ,11.9328,0.3729,10,100000,No,Yes,No,USD
29423,Instagram Followers [ Max 100K ] | HQ Accounts | Cancel Enable | No Refill ⚠️ | Instant Start | Day 70K 🚀,Instagram,Followers/Subscribers,Instagram Followers [ HQ Accounts ] [ Best Price 💫 ] ᴺᴱᵂ,11.9328,0.3729,10,100000,No,Yes,No,USD
30153,Instagram Followers [ Max 1M ] | HQ Accounts | Cancel Enable | No Refill ⚠️ | Instant Start | Day 10K 🚀,Instagram,Followers/Subscribers,Instagram Followers [ HQ Accounts ] [ Best Price 💫 ] ᴺᴱᵂ,12.2944,0.3842,10,1000000,No,Yes,No,USD
29424,Instagram Followers [ Max 1M ] | HQ Accounts | Cancel Enable | No Refill ⚠️ | Instant Start | Day 10K 🚀,Instagram,Followers/Subscribers,Instagram Followers [ HQ Accounts ] [ Best Price 💫 ] ᴺᴱᵂ,12.2944,0.3842,10,1000000,No,Yes,No,USD
30154,TikTok Followers [ Max 1M ] | HQ Accounts | Low Drop | No Refill ⚠️ | Instant Start | Day 100K 🚀,TikTok,Followers/Subscribers,Tiktok Followers [ Best Price ⚡ ] ᴺᴱᵂ,17.5392,0.5481,100,1000000,No,Yes,No,USD
29425,TikTok Followers [ Max 1M ] | HQ Accounts | Low Drop | No Refill ⚠️ | Instant Start | Day 100K 🚀,TikTok,Followers/Subscribers,Tiktok Followers [ Best Price ⚡ ] ᴺᴱᵂ,17.5392,0.5481,100,1000000,No,Yes,No,USD
30155,TikTok Followers [ Max 1M ] | HQ Accounts | Low Drop | No Refill ⚠️ | Instant Start | Day 100K 🚀,TikTok,Followers/Subscribers,Tiktok Followers [ Best Price ⚡ ] ᴺᴱᵂ,17.9008,0.5594,10,1000000,No,Yes,No,USD
29426,TikTok Followers [ Max 1M ] | HQ Accounts | Low Drop | No Refill ⚠️ | Instant Start | Day 100K 🚀,TikTok,Followers/Subscribers,Tiktok Followers [ Best Price ⚡ ] ᴺᴱᵂ,17.9008,0.5594,10,1000000,No,Yes,No,USD
30156,TikTok Followers [ Max 500K ] | HQ Accounts | Low Drop | 10 Days ♻️ | Instant Start | Day 100K 🚀,TikTok,Followers/Subscribers,Tiktok Followers [ Best Price ⚡ ] ᴺᴱᵂ,19.1648,0.5989,10,1000000,Yes,Yes,No,USD
29427,TikTok Followers [ Max 500K ] | HQ Accounts | Low Drop | 10 Days ♻️ | Instant Start | Day 100K 🚀,TikTok,Followers/Subscribers,Tiktok Followers [ Best Price ⚡ ] ᴺᴱᵂ,19.1648,0.5989,10,1000000,Yes,Yes,No,USD
30157,TikTok Followers [ Max 500K ] | HQ Accounts | Low Drop | 15 Days ♻️ | Instant Start | Day 100K 🚀,TikTok,Followers/Subscribers,Tiktok Followers [ Best Price ⚡ ] ᴺᴱᵂ,20.9728,0.6554,10,1000000,Yes,Yes,No,USD
29428,TikTok Followers [ Max 500K ] | HQ Accounts | Low Drop | 15 Days ♻️ | Instant Start | Day 100K 🚀,TikTok,Followers/Subscribers,Tiktok Followers [ Best Price ⚡ ] ᴺᴱᵂ,20.9728,0.6554,10,1000000,Yes,Yes,No,USD
30158,TikTok Followers [ Max 500K ] | HQ Accounts | Low Drop | 20 Days ♻️ | Instant Start | Day 100K 🚀,TikTok,Followers/Subscribers,Tiktok Followers [ Best Price ⚡ ] ᴺᴱᵂ,22.7808,0.7119,10,1000000,Yes,Yes,No,USD
29429,TikTok Followers [ Max 500K ] | HQ Accounts | Low Drop | 20 Days ♻️ | Instant Start | Day 100K 🚀,TikTok,Followers/Subscribers,Tiktok Followers [ Best Price ⚡ ] ᴺᴱᵂ,22.7808,0.7119,10,1000000,Yes,Yes,No,USD
30159,TikTok Followers [ Max 500K ] | HQ Accounts | Low Drop | 30 Days ♻️ | Instant Start | Day 100K 🚀,TikTok,Followers/Subscribers,Tiktok Followers [ Best Price ⚡ ] ᴺᴱᵂ,24.2272,0.7571,10,1000000,Yes,Yes,No,USD
29430,TikTok Followers [ Max 500K ] | HQ Accounts | Low Drop | 30 Days ♻️ | Instant Start | Day 100K 🚀,TikTok,Followers/Subscribers,Tiktok Followers [ Best Price ⚡ ] ᴺᴱᵂ,24.2272,0.7571,10,1000000,Yes,Yes,No,USD
30162,TikTok Likes [ Max 5M ] | 100% Real Accounts with Profile Photos | Cancel Enable | Low Drop | No Refill ⚠️ | Instant Start | Day 100K 🚀,TikTok,Likes/Reactions,TikTok Likes [ High Quality ] ᴺᴱᵂ,1.232,0.0385,10,5000000,No,Yes,No,USD
29431,TikTok Likes [ Max 5M ] | 100% Real Accounts with Profile Photos | Cancel Enable | Low Drop | No Refill ⚠️ | Instant Start | Day 100K 🚀,TikTok,Likes/Reactions,TikTok Likes [ High Quality ] ᴺᴱᵂ,1.232,0.0385,10,5000000,No,Yes,No,USD
30163,TikTok Likes [ Max 5M ] | 100% Real Accounts with Profile Photos | Cancel Enable | Low Drop | 30 Days ♻️ | Instant Start | Day 100K 🚀,TikTok,Likes/Reactions,TikTok Likes [ High Quality ] ᴺᴱᵂ,1.2672,0.0396,10,5000000,Yes,Yes,No,USD
29432,TikTok Likes [ Max 5M ] | 100% Real Accounts with Profile Photos | Cancel Enable | Low Drop | 30 Days ♻️ | Instant Start | Day 100K 🚀,TikTok,Likes/Reactions,TikTok Likes [ High Quality ] ᴺᴱᵂ,1.2672,0.0396,10,5000000,Yes,Yes,No,USD
30164,TikTok Likes [ Max 5M ] | 100% Real Accounts with Profile Photos | Cancel Enable | Low Drop | 60 Days ♻️ | Instant Start | Day 100K 🚀,TikTok,Likes/Reactions,TikTok Likes [ High Quality ] ᴺᴱᵂ,1.3024,0.0407,10,5000000,Yes,Yes,No,USD
29433,TikTok Likes [ Max 5M ] | 100% Real Accounts with Profile Photos | Cancel Enable | Low Drop | 60 Days ♻️ | Instant Start | Day 100K 🚀,TikTok,Likes/Reactions,TikTok Likes [ High Quality ] ᴺᴱᵂ,1.3024,0.0407,10,5000000,Yes,Yes,No,USD
30165,TikTok Likes [ Max 5M ] | 100% Real Accounts with Profile Photos | Cancel Enable | Low Drop | 90 Days ♻️ | Instant Start | Day 100K 🚀,TikTok,Likes/Reactions,TikTok Likes [ High Quality ] ᴺᴱᵂ,1.3408,0.0419,10,5000000,Yes,Yes,No,USD
29434,TikTok Likes [ Max 5M ] | 100% Real Accounts with Profile Photos | Cancel Enable | Low Drop | 90 Days ♻️ | Instant Start | Day 100K 🚀,TikTok,Likes/Reactions,TikTok Likes [ High Quality ] ᴺᴱᵂ,1.3408,0.0419,10,5000000,Yes,Yes,No,USD
30166,TikTok Likes [ Max 5M ] | 100% Real Accounts with Profile Photos | Cancel Enable | Low Drop | 365 Days ♻️ | Instant Start | Day 100K 🚀,TikTok,Likes/Reactions,TikTok Likes [ High Quality ] ᴺᴱᵂ,1.376,0.043,10,5000000,Yes,Yes,No,USD
29435,TikTok Likes [ Max 5M ] | 100% Real Accounts with Profile Photos | Cancel Enable | Low Drop | 365 Days ♻️ | Instant Start | Day 100K 🚀,TikTok,Likes/Reactions,TikTok Likes [ High Quality ] ᴺᴱᵂ,1.376,0.043,10,5000000,Yes,Yes,No,USD
30167,TikTok Likes [ Max 5M ] | 100% Real Accounts with Profile Photos | Cancel Enable | Low Drop | Lifetime  ♻️ | Instant Start | Day 100K 🚀,TikTok,Likes/Reactions,TikTok Likes [ High Quality ] ᴺᴱᵂ,1.4112,0.0441,10,5000000,Yes,Yes,No,USD
29436,TikTok Likes [ Max 5M ] | 100% Real Accounts with Profile Photos | Cancel Enable | Low Drop | Lifetime  ♻️ | Instant Start | Day 100K 🚀,TikTok,Likes/Reactions,TikTok Likes [ High Quality ] ᴺᴱᵂ,1.4112,0.0441,10,5000000,Yes,Yes,No,USD
29437,Instagram Likes [ Max 5M ] | 100% Real Accounts with Profile Photos | Non Drop | No Refill ⚠️ | Instant Start | Day 20K 🚀,Instagram,Likes/Reactions,Instagram Likes [ 100% Real Accounts with Profile Photos ] [ Slow Speed ] [ S2 ] ᴺᴱᵂ,2.7872,0.0871,10,5000000,No,No,No,USD
29438,Instagram Likes [ Max 5M ] | 100% Real Accounts with Profile Photos | Non Drop | 30 Days ♻️ | Instant Start | Day 20K 🚀,Instagram,Likes/Reactions,Instagram Likes [ 100% Real Accounts with Profile Photos ] [ Slow Speed ] [ S2 ] ᴺᴱᵂ,2.8032,0.0876,10,5000000,Yes,No,No,USD
29439,Instagram Likes [ Max 5M ] | 100% Real Accounts with Profile Photos | Non Drop | 60 Days ♻️ | Instant Start | Day 20K 🚀,Instagram,Likes/Reactions,Instagram Likes [ 100% Real Accounts with Profile Photos ] [ Slow Speed ] [ S2 ] ᴺᴱᵂ,2.8224,0.0882,10,5000000,Yes,No,No,USD
29440,Instagram Likes [ Max 5M ] | 100% Real Accounts with Profile Photos | Non Drop | 90 Days ♻️ | Instant Start | Day 20K 🚀,Instagram,Likes/Reactions,Instagram Likes [ 100% Real Accounts with Profile Photos ] [ Slow Speed ] [ S2 ] ᴺᴱᵂ,2.8416,0.0888,10,5000000,Yes,No,No,USD
29441,Instagram Likes [ Max 5M ] | 100% Real Accounts with Profile Photos | Non Drop | 365 Days ♻️ | Instant Start | Day 20K 🚀,Instagram,Likes/Reactions,Instagram Likes [ 100% Real Accounts with Profile Photos ] [ Slow Speed ] [ S2 ] ᴺᴱᵂ,2.8576,0.0893,10,5000000,Yes,No,No,USD
29442,Instagram Likes [ Max 5M ] | 100% Real Accounts with Profile Photos | Non Drop | Lifetime ♻️ | Instant Start | Day 20K 🚀,Instagram,Likes/Reactions,Instagram Likes [ 100% Real Accounts with Profile Photos ] [ Slow Speed ] [ S2 ] ᴺᴱᵂ,2.8768,0.0899,10,5000000,Yes,No,No,USD
29443,Facebook Followers [ All Type ] [ Max 1M ] | LQ Accounts | Cancel Enable | No Refill ⚠️ | Instant Start | Day 300K 🚀,Facebook,Followers/Subscribers,Facebook Followers [ Cheapest 💥] [ S2 ] ᴺᴱᵂ,5.2448,0.1639,100,1000000,No,No,No,USD
29444,Facebook Followers [ All Type ] [ Max 1M ] | LQ Accounts | Cancel Enable | 30 Days ♻️ | Instant Start | Day 300K 🚀,Facebook,Followers/Subscribers,Facebook Followers [ Cheapest 💥] [ S2 ] ᴺᴱᵂ,5.424,0.1695,100,1000000,Yes,No,No,USD
29445,Facebook Followers [ All Type ] [ Max 1M ] | LQ Accounts | Cancel Enable | 60 Days ♻️ | Instant Start | Day 300K 🚀,Facebook,Followers/Subscribers,Facebook Followers [ Cheapest 💥] [ S2 ] ᴺᴱᵂ,5.7856,0.1808,100,1000000,Yes,No,No,USD
29446,Facebook Followers [ All Type ] [ Max 1M ] | LQ Accounts | Cancel Enable | 90 Days ♻️ | Instant Start | Day 300K 🚀,Facebook,Followers/Subscribers,Facebook Followers [ Cheapest 💥] [ S2 ] ᴺᴱᵂ,6.1472,0.1921,100,1000000,Yes,No,No,USD
29447,Facebook Followers [ All Type ] [ Max 1M ] | LQ Accounts | Cancel Enable | 365 Days ♻️ | Instant Start | Day 300K 🚀,Facebook,Followers/Subscribers,Facebook Followers [ Cheapest 💥] [ S2 ] ᴺᴱᵂ,6.5088,0.2034,100,1000000,Yes,No,No,USD
29448,Facebook Followers [ All Type ] [ Max 1M ] | LQ Accounts | Cancel Enable | Lifetime ♻️ | Instant Start | Day 300K 🚀,Facebook,Followers/Subscribers,Facebook Followers [ Cheapest 💥] [ S2 ] ᴺᴱᵂ,6.8704,0.2147,100,1000000,Yes,No,No,USD
29449,Facebook Views [ Video / Reels ] [ Max Unlimited ] | Drop 0% | Lifetime ♻️ | Instant Start | Day 30K,Facebook,Views/Plays,Facebook Views [ Cheapest Price ],0.6176,0.0193,100,2147483647,No,Yes,No,USD
29450,Facebook Views [ Video / Reels ] [ Max Unlimited ] | Drop 0% | Lifetime ♻️ | Instant Start | Day 50K,Facebook,Views/Plays,Facebook Views [ Cheapest Price ],0.688,0.0215,100,2147483647,Yes,Yes,No,USD
29451,Facebook Views [ Video / Reels ] [ Max Unlimited ] | Drop 0% | Lifetime ♻️ | Instant Start | Day 10K,Facebook,Views/Plays,Facebook Views [ Cheapest Price ],0.7072,0.0221,1,2147483647,Yes,Yes,No,USD
29452,TikTok Shares [ Max: Unlimited ] | Non Drop | Cancel Enable | No Refill ⚠️ | Superİnstant | Day 500K  𝐔𝐥𝐭𝐫𝐚𝐟𝐚𝐬𝐭 𝐂𝐨𝐦𝐩𝐥𝐞𝐭𝐞𝐝 ⚡,TikTok,Shares,TikTok Shares [Latest - High Speed],0.4352,0.0136,10,2147483647,No,Yes,No,USD
30160,TikTok Shares [ Max: Unlimited ] | Non Drop | Cancel Enable | No Refill ⚠️ | Superİnstant | Day 500K  𝐔𝐥𝐭𝐫𝐚𝐟𝐚𝐬𝐭 𝐂𝐨𝐦𝐩𝐥𝐞𝐭𝐞𝐝 ⚡,TikTok,Shares,TikTok Shares [Latest - High Speed],0.4352,0.0136,10,2147483647,No,Yes,No,USD
29453,TikTok Shares [ Max: Unlimited ] | Non Drop | Cancel Enable | Lifetime ♻️ | Superİnstant | Day 500K  𝐔𝐥𝐭𝐫𝐚𝐟𝐚𝐬𝐭 𝐂𝐨𝐦𝐩𝐥𝐞𝐭𝐞𝐝 ⚡,TikTok,Shares,TikTok Shares [Latest - High Speed],0.4704,0.0147,10,2147483647,Yes,Yes,No,USD
30161,TikTok Shares [ Max: Unlimited ] | Non Drop | Cancel Enable | Lifetime ♻️ | Superİnstant | Day 500K  𝐔𝐥𝐭𝐫𝐚𝐟𝐚𝐬𝐭 𝐂𝐨𝐦𝐩𝐥𝐞𝐭𝐞𝐝 ⚡,TikTok,Shares,TikTok Shares [Latest - High Speed],0.4704,0.0147,10,2147483647,Yes,Yes,No,USD
29454,TikTok Likes [ Max 5M ] | 100% Real Accounts with Profile Photos | Cancel Enable | Low Drop | No Refill ⚠️ | Instant Start | Day 100K 🚀,TikTok,Likes/Reactions,TikTok Likes [ Accounts with Profile Photos ] ᴺᴱᵂ,1.2672,0.0396,50,5000000,No,Yes,No,USD
29455,TikTok Likes [ Max 5M ] | 100% Real Accounts with Profile Photos | Cancel Enable | Low Drop | 30 Days ♻️ | Instant Start | Day 100K 🚀,TikTok,Likes/Reactions,TikTok Likes [ Accounts with Profile Photos ] ᴺᴱᵂ,1.3024,0.0407,50,5000000,Yes,Yes,No,USD
29456,TikTok Likes [ Max 5M ] | 100% Real Accounts with Profile Photos | Cancel Enable | Low Drop | 60 Days ♻️ | Instant Start | Day 100K 🚀,TikTok,Likes/Reactions,TikTok Likes [ Accounts with Profile Photos ] ᴺᴱᵂ,1.3408,0.0419,50,5000000,Yes,Yes,No,USD
29457,TikTok Likes [ Max 5M ] | 100% Real Accounts with Profile Photos | Cancel Enable | Low Drop | 90 Days ♻️ | Instant Start | Day 100K 🚀,TikTok,Likes/Reactions,TikTok Likes [ Accounts with Profile Photos ] ᴺᴱᵂ,1.376,0.043,50,5000000,Yes,Yes,No,USD
29458,TikTok Likes [ Max 5M ] | 100% Real Accounts with Profile Photos | Cancel Enable | Low Drop | 365 Days ♻️ | Instant Start | Day 100K 🚀,TikTok,Likes/Reactions,TikTok Likes [ Accounts with Profile Photos ] ᴺᴱᵂ,1.4112,0.0441,50,5000000,Yes,Yes,No,USD
29459,TikTok Likes [ Max 5M ] | 100% Real Accounts with Profile Photos | Cancel Enable | Low Drop | Lifetime ♻️ | Instant Start | Day 100K 🚀,TikTok,Likes/Reactions,TikTok Likes [ Accounts with Profile Photos ] ᴺᴱᵂ,1.4464,0.0452,50,5000000,Yes,Yes,No,USD
29460,Instagram Likes [ Max 5M ] | 100% Real Accounts with Profile Photos | Non Drop | No Refill ⚠️ | Instant Start | Day 20K 🚀,Instagram,Likes/Reactions,Instagram Likes [ 100% Real Accounts with Profile Photos ] [ Slow Speed ],2.8928,0.0904,10,5000000,No,Yes,No,USD
29461,Instagram Likes [ Max 5M ] | 100% Real Accounts with Profile Photos | Non Drop | 30 Days ♻️ | Instant Start | Day 20K 🚀,Instagram,Likes/Reactions,Instagram Likes [ 100% Real Accounts with Profile Photos ] [ Slow Speed ],2.9312,0.0916,10,5000000,Yes,Yes,No,USD
29462,Instagram Likes [ Max 5M ] | 100% Real Accounts with Profile Photos | Non Drop | 60 Days ♻️ | Instant Start | Day 20K 🚀,Instagram,Likes/Reactions,Instagram Likes [ 100% Real Accounts with Profile Photos ] [ Slow Speed ],2.9664,0.0927,10,5000000,Yes,Yes,No,USD
29463,Instagram Likes [ Max 5M ] | 100% Real Accounts with Profile Photos | Non Drop | 90 Days ♻️ | Instant Start | Day 20K 🚀,Instagram,Likes/Reactions,Instagram Likes [ 100% Real Accounts with Profile Photos ] [ Slow Speed ],3.0016,0.0938,10,5000000,Yes,Yes,No,USD
29464,Instagram Likes [ Max 5M ] | 100% Real Accounts with Profile Photos | Non Drop | 365 Days ♻️ | Instant Start | Day 20K 🚀,Instagram,Likes/Reactions,Instagram Likes [ 100% Real Accounts with Profile Photos ] [ Slow Speed ],3.04,0.095,10,5000000,Yes,Yes,No,USD
29465,Instagram Likes [ Max 5M ] | 100% Real Accounts with Profile Photos | Non Drop | Lifetime ♻️ | Instant Start | Day 20K 🚀,Instagram,Likes/Reactions,Instagram Likes [ 100% Real Accounts with Profile Photos ] [ Slow Speed ],3.0752,0.0961,10,5000000,Yes,Yes,No,USD
29466,Instagram Likes [ Max 10M ] | 100% Real Accounts with Profile Photos | Non Drop | No Refill ⚠️ | Instant Start | Day 200K 🚀,Instagram,Likes/Reactions,Instagram Likes [ 100% Real Accounts with Profile Photos ] [ Best Price 💫 ] ᴺᴱᵂ,3.616,0.113,100,10000000,No,Yes,No,USD
29467,Instagram Likes [ Max 10M ] | 100% Real Accounts with Profile Photos | Non Drop | 30 Days ♻️ | Instant Start | Day 200K 🚀,Instagram,Likes/Reactions,Instagram Likes [ 100% Real Accounts with Profile Photos ] [ Best Price 💫 ] ᴺᴱᵂ,3.9776,0.1243,100,10000000,Yes,Yes,No,USD
29468,Instagram Likes [ Max 10M ] | 100% Real Accounts with Profile Photos | Non Drop | 60 Days ♻️ | Instant Start | Day 200K 🚀,Instagram,Likes/Reactions,Instagram Likes [ 100% Real Accounts with Profile Photos ] [ Best Price 💫 ] ᴺᴱᵂ,4.3392,0.1356,100,10000000,Yes,Yes,No,USD
29469,Instagram Likes [ Max 10M ] | 100% Real Accounts with Profile Photos | Non Drop | 90 Days ♻️ | Instant Start | Day 200K 🚀,Instagram,Likes/Reactions,Instagram Likes [ 100% Real Accounts with Profile Photos ] [ Best Price 💫 ] ᴺᴱᵂ,4.7008,0.1469,100,10000000,Yes,Yes,No,USD
29470,Instagram Likes [ Max 10M ] | 100% Real Accounts with Profile Photos | Non Drop | 365 Days ♻️ | Instant Start | Day 200K 🚀,Instagram,Likes/Reactions,Instagram Likes [ 100% Real Accounts with Profile Photos ] [ Best Price 💫 ] ᴺᴱᵂ,5.0624,0.1582,100,10000000,Yes,Yes,No,USD
29471,Instagram Likes [ Max 10M ] | 100% Real Accounts with Profile Photos | Non Drop | Lifetime ♻️ | Instant Start | Day 200K 🚀,Instagram,Likes/Reactions,Instagram Likes [ 100% Real Accounts with Profile Photos ] [ Best Price 💫 ] ᴺᴱᵂ,5.424,0.1695,100,10000000,Yes,Yes,No,USD
29472,Facebook Followers [ All Type ] [ Max 100K ] | LQ Accounts | Cancel Enable | No Refill ⚠️ | Instant Start | Day 100K 🚀,Facebook,Followers/Subscribers,Facebook Followers [ Cheapest 💥] ᴺᴱᵂ,5.6064,0.1752,100,100000,No,No,No,USD
29473,Facebook Followers [ All Type ] [ Max 100K ] | LQ Accounts | Cancel Enable | 30 Days ♻️ | Instant Start | Day 100K 🚀,Facebook,Followers/Subscribers,Facebook Followers [ Cheapest 💥] ᴺᴱᵂ,5.7856,0.1808,100,100000,Yes,No,No,USD
29474,Facebook Followers [ All Type ] [ Max 100K ] | LQ Accounts | Cancel Enable | 60 Days ♻️ | Instant Start | Day 100K 🚀,Facebook,Followers/Subscribers,Facebook Followers [ Cheapest 💥] ᴺᴱᵂ,6.1472,0.1921,100,100000,Yes,No,No,USD
29475,Facebook Followers [ All Type ] [ Max 100K ] | LQ Accounts | Cancel Enable | 90 Days ♻️ | Instant Start | Day 100K 🚀,Facebook,Followers/Subscribers,Facebook Followers [ Cheapest 💥] ᴺᴱᵂ,6.5088,0.2034,100,100000,Yes,No,No,USD
29476,Facebook Followers [ All Type ] [ Max 100K ] | LQ Accounts | Cancel Enable | 365 Days ♻️ | Instant Start | Day 100K 🚀,Facebook,Followers/Subscribers,Facebook Followers [ Cheapest 💥] ᴺᴱᵂ,6.8704,0.2147,100,100000,Yes,No,No,USD
29477,Facebook Followers [ All Type ] [ Max 100K ] | LQ Accounts | Cancel Enable | Lifetime ♻️ | Instant Start | Day 100K 🚀,Facebook,Followers/Subscribers,Facebook Followers [ Cheapest 💥] ᴺᴱᵂ,7.232,0.226,100,100000,Yes,No,No,USD
29478,Instagram Followers [ Max 1M ] | Real Accounts | Non Drop | No Refill ⚠️ | Instant Start | Day 500K 🚀,Instagram,Followers/Subscribers,Instagram Followers [ Real Accounts ] [ %100 Non Drop ] ᴺᴱᵂ,15.1872,0.4746,50,1000000,No,No,No,USD
29479,Instagram Followers [ Max 1M ] | Real Accounts | Non Drop | 30 Days ♻️ | Instant Start | Day 500K 🚀,Instagram,Followers/Subscribers,Instagram Followers [ Real Accounts ] [ %100 Non Drop ] ᴺᴱᵂ,18.08,0.565,50,1000000,Yes,No,No,USD
29480,Instagram Followers [ Max 1M ] | Real Accounts | Non Drop | 60 Days ♻️ | Instant Start | Day 500K 🚀,Instagram,Followers/Subscribers,Instagram Followers [ Real Accounts ] [ %100 Non Drop ] ᴺᴱᵂ,19.888,0.6215,50,1000000,Yes,No,No,USD
29481,Instagram Followers [ Max 1M ] | Real Accounts | Non Drop | 90 Days ♻️ | Instant Start | Day 500K 🚀,Instagram,Followers/Subscribers,Instagram Followers [ Real Accounts ] [ %100 Non Drop ] ᴺᴱᵂ,21.696,0.678,50,1000000,No,No,No,USD
29482,Instagram Followers [ Max 1M ] | Real Accounts | Non Drop | 365 Days ♻️ | Instant Start | Day 500K 🚀,Instagram,Followers/Subscribers,Instagram Followers [ Real Accounts ] [ %100 Non Drop ] ᴺᴱᵂ,22.4192,0.7006,50,1000000,Yes,No,No,USD
29483,Instagram Followers [ Max 1M ] | Real Accounts | Non Drop | Lifetime ♻️ | Instant Start | Day 500K 🚀,Instagram,Followers/Subscribers,Instagram Followers [ Real Accounts ] [ %100 Non Drop ] ᴺᴱᵂ,23.504,0.7345,50,1000000,Yes,No,No,USD
29484,Instagram Random Comments [ Max 10K ] | 100% Real Accounts | No Refill ⚠️ | Instant Start | Day 10K 🚀,Instagram,Comments,Instagram Comments [ Cheapest 💥] ᴺᴱᵂ,16.272,0.5085,50,10000,No,No,No,USD
29485,Instagram Random Comments [ Max 50K ] | 100% Real Accounts | No Refill ⚠️ | Instant Start | Day 50K 🚀,Instagram,Comments,Instagram Comments [ Cheapest 💥] ᴺᴱᵂ,18.08,0.565,50,20000,No,No,No,USD
29488,Instagram Custom Comments [ Max 10K ] | 100% Real Accounts | No Refill ⚠️ | Instant Start | Day 10K 🚀,Instagram,Comments,Instagram Comments [ Cheapest 💥] ᴺᴱᵂ,18.8032,0.5876,10,10000,No,No,No,USD
29486,Instagram Random Comments [ Max 100K ] | 100% Real Accounts | No Refill ⚠️ | Instant Start | Day 100K 🚀,Instagram,Comments,Instagram Comments [ Cheapest 💥] ᴺᴱᵂ,19.1648,0.5989,50,100000,No,No,No,USD
29487,Instagram Random Comments [ Max 100K ] | 100% Real Accounts | 30 Days ♻️ | Instant Start | Day 100K 🚀,Instagram,Comments,Instagram Comments [ Cheapest 💥] ᴺᴱᵂ,19.888,0.6215,50,100000,Yes,No,No,USD
29489,Instagram Custom Comments [ Max 50K ] | 100% Real Accounts | No Refill ⚠️ | Instant Start | Day 50K 🚀,Instagram,Comments,Instagram Comments [ Cheapest 💥] ᴺᴱᵂ,20.6112,0.6441,10,50000,No,No,No,USD
29490,Instagram Custom Comments [ Max 100K ] | 100% Real Accounts | No Refill ⚠️ | Instant Start | Day 100K 🚀,Instagram,Comments,Instagram Comments [ Cheapest 💥] ᴺᴱᵂ,25.312,0.791,10,100000,No,No,No,USD
29491,Instagram Custom Comments [ Max 100K ] | 100% Real Accounts | 30 Days ♻️ | Instant Start | Day 100K 🚀,Instagram,Comments,Instagram Comments [ Cheapest 💥] ᴺᴱᵂ,27.12,0.8475,10,100000,Yes,No,No,USD
29492,Instagram Followers [ Max 10K ] | Real Accounts | Cancel Enable | No Refill ⚠️ | Instant Start | Day 10K 🚀,Instagram,Followers/Subscribers,Instagram Followers [ Real Accounts ] [ Best Price 💫 ] ᴺᴱᵂ,9.4016,0.2938,100,10000,No,No,No,USD
29493,Instagram Followers [ Max 20K ] | Real Accounts | Cancel Enable | No Refill ⚠️ | Instant Start | Day 20K 🚀,Instagram,Followers/Subscribers,Instagram Followers [ Real Accounts ] [ Best Price 💫 ] ᴺᴱᵂ,9.7632,0.3051,100,20000,No,No,No,USD
29494,Instagram Followers [ Max 30K ] | Real Accounts | Cancel Enable | No Refill ⚠️ | Instant Start | Day 30K 🚀,Instagram,Followers/Subscribers,Instagram Followers [ Real Accounts ] [ Best Price 💫 ] ᴺᴱᵂ,10.1248,0.3164,100,30000,No,No,No,USD
29495,Instagram Followers [ Max 100K ] | Real Accounts | Cancel Enable | No Refill ⚠️ | Instant Start | Day 100K 🚀,Instagram,Followers/Subscribers,Instagram Followers [ Real Accounts ] [ Best Price 💫 ] ᴺᴱᵂ,10.4864,0.3277,100,100000,No,No,No,USD
29496,Instagram Followers [ Turkey 🇹🇷 ] [ Max 50K ] | 100% Turkey Male Accounts | Cancel Enable | Drop 0-5% | No Refill ⚠️ | Instant Start | Day 5K 🚀,Instagram,Followers/Subscribers,Instagram Followers [ Turkey 🇹🇷 ] [ Best ⭐ ] ᴺᴱᵂ,325.44,10.17,5,50000,No,Yes,No,USD
29497,Instagram Followers [ Turkey 🇹🇷 ] [ Max 50K ] | 100% Turkey Male Accounts | Cancel Enable | Drop 0-5% | 15 Days ♻️ | Instant Start | Day 5K 🚀,Instagram,Followers/Subscribers,Instagram Followers [ Turkey 🇹🇷 ] [ Best ⭐ ] ᴺᴱᵂ,361.6,11.3,5,50000,Yes,Yes,No,USD
29498,Instagram Followers [ Turkey 🇹🇷 ] [ Max 50K ] | 100% Turkey Male Accounts | Cancel Enable | Drop 0-5% | 30 Days ♻️ | Instant Start | Day 5K 🚀,Instagram,Followers/Subscribers,Instagram Followers [ Turkey 🇹🇷 ] [ Best ⭐ ] ᴺᴱᵂ,397.76,12.43,5,50000,Yes,Yes,No,USD
29499,Instagram Followers [ Turkey 🇹🇷 ] [ Max 50K ] | 100% Turkey Male Accounts | Cancel Enable | Drop 0-5% | 60 Days ♻️ | Instant Start | Day 5K 🚀,Instagram,Followers/Subscribers,Instagram Followers [ Turkey 🇹🇷 ] [ Best ⭐ ] ᴺᴱᵂ,433.92,13.56,5,50000,Yes,Yes,No,USD
29500,Instagram Followers [ Turkey 🇹🇷 ] [ Max 50K ] | 100% Turkey Male Accounts | Cancel Enable | Drop 0-5% | 90 Days ♻️ | Instant Start | Day 5K 🚀,Instagram,Followers/Subscribers,Instagram Followers [ Turkey 🇹🇷 ] [ Best ⭐ ] ᴺᴱᵂ,470.08,14.69,5,50000,Yes,Yes,No,USD
29501,TikTok Likes [ Max 50K ] | HQ Accounts | Cancel Enable | No Refill ⚠️ | Instant Start | Day 100K 🚀,TikTok,Likes/Reactions,TikTok Likes [ HQ Accounts ] [ CHEAPEST ] ᴺᴱᵂ,0.4704,0.0147,10,50000,No,Yes,No,USD
29502,TikTok Likes [ Max 50K ] | HQ Accounts | Cancel Enable | 30 Days ♻️ | Instant Start | Day 100K 🚀,TikTok,Likes/Reactions,TikTok Likes [ HQ Accounts ] [ CHEAPEST ] ᴺᴱᵂ,0.4896,0.0153,10,50000,Yes,Yes,No,USD
29503,TikTok Likes [ Max 50K ] | HQ Accounts | Cancel Enable | 60 Days ♻️ | Instant Start | Day 100K 🚀,TikTok,Likes/Reactions,TikTok Likes [ HQ Accounts ] [ CHEAPEST ] ᴺᴱᵂ,0.5248,0.0164,10,50000,Yes,Yes,No,USD
29504,TikTok Likes [ Max 50K ] | HQ Accounts | Cancel Enable | 90 Days ♻️ | Instant Start | Day 100K 🚀,TikTok,Likes/Reactions,TikTok Likes [ HQ Accounts ] [ CHEAPEST ] ᴺᴱᵂ,0.544,0.017,10,50000,Yes,Yes,No,USD
29505,TikTok Likes [ Max 50K ] | HQ Accounts | Cancel Enable | 365 Days ♻️ | Instant Start | Day 100K 🚀,TikTok,Likes/Reactions,TikTok Likes [ HQ Accounts ] [ CHEAPEST ] ᴺᴱᵂ,0.5632,0.0176,10,50000,Yes,Yes,No,USD
29506,TikTok Likes [ Max 50K ] | HQ Accounts | Cancel Enable | Lifetime ♻️ | Instant Start | Day 100K 🚀,TikTok,Likes/Reactions,TikTok Likes [ HQ Accounts ] [ CHEAPEST ] ᴺᴱᵂ,0.5792,0.0181,10,50000,Yes,Yes,No,USD
29507,Instagram Likes [ English Names ] [ Max 1M ] | Accounts With Photo | Low Drop | No Refill ⚠️ | Instant Start | Day 100K 🚀,Instagram,Likes/Reactions,Instagram Likes [ English Names - Provider ] ᴺᴱᵂ,4.7008,0.1469,50,1000000,No,Yes,No,USD
29508,Instagram Likes [ English Names ] [ Max 1M ] | Accounts With Photo | Low Drop | 30 Days ♻️ | Instant Start | Day 100K 🚀,Instagram,Likes/Reactions,Instagram Likes [ English Names - Provider ] ᴺᴱᵂ,4.8832,0.1526,50,1000000,Yes,Yes,No,USD
29509,Instagram Likes [ English Names ] [ Max 1M ] | Accounts With Photo | Low Drop | 60 Days ♻️ | Instant Start | Day 100K 🚀,Instagram,Likes/Reactions,Instagram Likes [ English Names - Provider ] ᴺᴱᵂ,5.0624,0.1582,50,1000000,Yes,Yes,No,USD
29510,Instagram Likes [ English Names ] [ Max 1M ] | Accounts With Photo | Low Drop | 90 Days ♻️ | Instant Start | Day 100K 🚀,Instagram,Likes/Reactions,Instagram Likes [ English Names - Provider ] ᴺᴱᵂ,5.2448,0.1639,50,1000000,Yes,Yes,No,USD
29511,Instagram Likes [ English Names ] [ Max 1M ] | Accounts With Photo | Low Drop | 365 Days ♻️ | Instant Start | Day 100K 🚀,Instagram,Likes/Reactions,Instagram Likes [ English Names - Provider ] ᴺᴱᵂ,5.424,0.1695,50,1000000,Yes,Yes,No,USD
29512,Instagram Likes [ English Names ] [ Max 1M ] | Accounts With Photo | Low Drop | Lifetime ♻️ | Instant Start | Day 100K 🚀,Instagram,Likes/Reactions,Instagram Likes [ English Names - Provider ] ᴺᴱᵂ,5.6064,0.1752,50,1000000,Yes,Yes,No,USD
29513,TikTok Likes [ Max 5M ] | HQ Accounts | Low Drop | No Refill ⚠️ | Instant Start | Day 100K 🚀,TikTok,Likes/Reactions,TikTok Likes [ Fast Speed ] [ Auto Refill ♻️] ᴺᴱᵂ,1.4464,0.0452,10,5000000,No,Yes,No,USD
29514,TikTok Likes [ Max 5M ] | HQ Accounts | Low Drop | 30 Days Auto Refill ♻️ | Instant Start | Day 100K 🚀,TikTok,Likes/Reactions,TikTok Likes [ Fast Speed ] [ Auto Refill ♻️] ᴺᴱᵂ,1.4848,0.0464,10,5000000,Yes,Yes,No,USD
29515,TikTok Likes [ Max 5M ] | HQ Accounts | Low Drop | 60 Days Auto Refill ♻️ | Instant Start | Day 100K 🚀,TikTok,Likes/Reactions,TikTok Likes [ Fast Speed ] [ Auto Refill ♻️] ᴺᴱᵂ,1.52,0.0475,10,5000000,Yes,Yes,No,USD
29516,TikTok Likes [ Max 5M ] | HQ Accounts | Low Drop | 90 Days Auto Refill ♻️ | Instant Start | Day 100K 🚀,TikTok,Likes/Reactions,TikTok Likes [ Fast Speed ] [ Auto Refill ♻️] ᴺᴱᵂ,1.5552,0.0486,10,5000000,Yes,Yes,No,USD
29517,TikTok Likes [ Max 5M ] | HQ Accounts | Low Drop | 365 Days Auto Refill ♻️ | Instant Start | Day 100K 🚀,TikTok,Likes/Reactions,TikTok Likes [ Fast Speed ] [ Auto Refill ♻️] ᴺᴱᵂ,1.5936,0.0498,10,5000000,Yes,Yes,No,USD
29518,TikTok Likes [ Max 5M ] | HQ Accounts | Low Drop | Lifetime Auto Refill ♻️ | Instant Start | Day 100K 🚀,TikTok,Likes/Reactions,TikTok Likes [ Fast Speed ] [ Auto Refill ♻️] ᴺᴱᵂ,1.6288,0.0509,10,5000000,Yes,Yes,No,USD
29519,Instagram Followers [ Max 10M ] | Real Accounts with Profile Photos and Posts | Low Drop | No Refill ⚠️ | Instant Start | Day 200K 🚀,Instagram,Followers/Subscribers,Instagram Followers [ Real Accounts with Profile Photos and Posts ] ᴺᴱᵂ,15.5488,0.4859,10,10000000,No,No,No,USD
29520,Instagram Followers [ Max 10M ] | Real Accounts with Profile Photos and Posts | Low Drop | 30 Days ♻️ | Instant Start | Day 200K 🚀,Instagram,Followers/Subscribers,Instagram Followers [ Real Accounts with Profile Photos and Posts ] ᴺᴱᵂ,18.8032,0.5876,10,10000000,Yes,Yes,No,USD
29521,Instagram Followers [ Max 10M ] | Real Accounts with Profile Photos and Posts | Low Drop | 60 Days ♻️ | Instant Start | Day 200K 🚀,Instagram,Followers/Subscribers,Instagram Followers [ Real Accounts with Profile Photos and Posts ] ᴺᴱᵂ,20.9728,0.6554,10,10000000,Yes,Yes,No,USD
29522,Instagram Followers [ Max 10M ] | Real Accounts with Profile Photos and Posts | Low Drop | 90 Days ♻️ | Instant Start | Day 200K 🚀,Instagram,Followers/Subscribers,Instagram Followers [ Real Accounts with Profile Photos and Posts ] ᴺᴱᵂ,22.4192,0.7006,10,10000000,Yes,Yes,No,USD
29523,Instagram Followers [ Max 10M ] | Real Accounts with Profile Photos and Posts | Low Drop | 365 Days ♻️ | Instant Start | Day 200K 🚀,Instagram,Followers/Subscribers,Instagram Followers [ Real Accounts with Profile Photos and Posts ] ᴺᴱᵂ,24.2272,0.7571,10,10000000,Yes,Yes,No,USD
29524,Instagram Followers [ Max 10M ] | Real Accounts with Profile Photos and Posts | Low Drop | Lifetime ♻️ | Instant Start | Day 200K 🚀,Instagram,Followers/Subscribers,Instagram Followers [ Real Accounts with Profile Photos and Posts ] ᴺᴱᵂ,26.0352,0.8136,10,10000000,Yes,Yes,No,USD
29525,TikTok Video Views [ Max Unlimited ] | Low Drop | Cancel Enable | No Refill ⚠️ | Instant Start | Day 10M 🚀🚀,TikTok,Views/Plays,TikTok Services [ Best Price 💫 ] ᴺᴱᵂ,0.256,0.008,100,2147483647,No,No,No,USD
29526,TikTok Video Views [ Max Unlimited ] | Low Drop | Cancel Enable | 30 Days ♻️ | Instant Start | Day 10M 🚀🚀,TikTok,Views/Plays,TikTok Services [ Best Price 💫 ] ᴺᴱᵂ,0.2912,0.0091,100,2147483647,No,No,No,USD
29527,Tiktok Live Stream PK Battle Points [ Unlimited ] [ Speed: 50M/Day ],TikTok,Live Stream Viewers,TikTok Services [ Best Price 💫 ] ᴺᴱᵂ,3.616,0.113,10,2147483647,No,No,No,USD
29528,Instagram Likes [ Max 10M ] | Profile Photo Available | Low Drop | No Refill ⚠️ | Instant Start | Day 100K 🚀,Instagram,Likes/Reactions,Instagram Likes [ Profile Photo Available ] ᴺᴱᵂ,4.3392,0.1356,10,10000000,No,Yes,No,USD
29529,Instagram Likes [ Max 10M ] | Profile Photo Available | Low Drop | 30 Days ♻️ | Instant Start | Day 100K 🚀,Instagram,Likes/Reactions,Instagram Likes [ Profile Photo Available ] ᴺᴱᵂ,4.5216,0.1413,10,10000000,Yes,Yes,No,USD
29530,Instagram Likes [ Max 10M ] | Profile Photo Available | Low Drop | 60 Days ♻️ | Instant Start | Day 100K 🚀,Instagram,Likes/Reactions,Instagram Likes [ Profile Photo Available ] ᴺᴱᵂ,4.7008,0.1469,10,10000000,Yes,Yes,No,USD
29531,Instagram Likes [ Max 10M ] | Profile Photo Available | Low Drop | 90 Days ♻️ | Instant Start | Day 100K 🚀,Instagram,Likes/Reactions,Instagram Likes [ Profile Photo Available ] ᴺᴱᵂ,4.8832,0.1526,10,10000000,Yes,Yes,No,USD
29532,Instagram Likes [ Max 10M ] | Profile Photo Available | Low Drop | 365 Days ♻️ | Instant Start | Day 100K 🚀,Instagram,Likes/Reactions,Instagram Likes [ Profile Photo Available ] ᴺᴱᵂ,5.0624,0.1582,10,10000000,Yes,Yes,No,USD
29533,Instagram Likes [ Max 10M ] | Profile Photo Available | Low Drop | Lifetime ♻️ | Instant Start | Day 100K 🚀,Instagram,Likes/Reactions,Instagram Likes [ Profile Photo Available ] ᴺᴱᵂ,5.2448,0.1639,10,10000000,Yes,Yes,No,USD
29534,Instagram Likes [ 🇮🇳 India ] [ Max 1M ] | Real Indian Accounts | Drop 0% | No Refill ⚠️ | Instant Start | Day 100K 🚀,Instagram,Likes/Reactions,Instagram Likes [ India 🇮🇳 ] ᴺᴱᵂ,4.5216,0.1413,10,1000000,No,No,No,USD
29535,Instagram Likes [ 🇮🇳 India ] [ Max 1M ] | Real Indian Accounts | Drop 0% | 30 Days ♻️ | Instant Start | Day 100K 🚀,Instagram,Likes/Reactions,Instagram Likes [ India 🇮🇳 ] ᴺᴱᵂ,4.7008,0.1469,10,1000000,Yes,No,No,USD
29536,Instagram Likes [ 🇮🇳 India ] [ Max 1M ] | Real Indian Accounts | Drop 0% | 60 Days ♻️ | Instant Start | Day 100K 🚀,Instagram,Likes/Reactions,Instagram Likes [ India 🇮🇳 ] ᴺᴱᵂ,4.8832,0.1526,10,1000000,Yes,No,No,USD
29537,Instagram Likes [ 🇮🇳 India ] [ Max 1M ] | Real Indian Accounts | Drop 0% | 90 Days ♻️ | Instant Start | Day 100K 🚀,Instagram,Likes/Reactions,Instagram Likes [ India 🇮🇳 ] ᴺᴱᵂ,5.0624,0.1582,10,1000000,Yes,No,No,USD
29538,Instagram Likes [ 🇮🇳 India ] [ Max 1M ] | Real Indian Accounts | Drop 0% | 365 Days ♻️ | Instant Start | Day 100K 🚀,Instagram,Likes/Reactions,Instagram Likes [ India 🇮🇳 ] ᴺᴱᵂ,5.2448,0.1639,10,1000000,Yes,No,No,USD
29539,Instagram Likes [ 🇮🇳 India ] [ Max 1M ] | Real Indian Accounts | Drop 0% | Lifetime ♻️ | Instant Start | Day 100K 🚀,Instagram,Likes/Reactions,Instagram Likes [ India 🇮🇳 ] ᴺᴱᵂ,5.424,0.1695,10,1000000,Yes,No,No,USD
29540,Telegram Members [ Max 1M ] | Real Accounts | Cancel Enable | No Refill ⚠️ | Instant Start | Day 100K 🚀,Telegram,Followers/Subscribers,Telegram Members [ 100% Real Members ] [ NON DROP ] ᴺᴱᵂ,10.848,0.339,10,1000000,No,Yes,No,USD
29541,Telegram Members [ Max 1M ] | Real Accounts | Cancel Enable | 30 Days ♻️ | Instant Start | Day 100K 🚀,Telegram,Followers/Subscribers,Telegram Members [ 100% Real Members ] [ NON DROP ] ᴺᴱᵂ,11.2096,0.3503,10,1000000,Yes,Yes,No,USD
29542,Telegram Members [ Max 1M ] | Real Accounts | Cancel Enable | 60 Days ♻️ | Instant Start | Day 100K 🚀,Telegram,Followers/Subscribers,Telegram Members [ 100% Real Members ] [ NON DROP ] ᴺᴱᵂ,11.5712,0.3616,10,1000000,Yes,Yes,No,USD
29543,Telegram Members [ Max 1M ] | Real Accounts | Cancel Enable | 90 Days ♻️ | Instant Start | Day 100K 🚀,Telegram,Followers/Subscribers,Telegram Members [ 100% Real Members ] [ NON DROP ] ᴺᴱᵂ,13.7408,0.4294,10,1000000,Yes,Yes,No,USD
29544,Telegram Members [ Max 1M ] | Real Accounts | Cancel Enable | 180 Days ♻️ | Instant Start | Day 100K 🚀,Telegram,Followers/Subscribers,Telegram Members [ 100% Real Members ] [ NON DROP ] ᴺᴱᵂ,15.5488,0.4859,10,1000000,Yes,Yes,No,USD
29545,Telegram Members [ Max 1M ] | Real Accounts | Cancel Enable | 365 Days ♻️ | Instant Start | Day 100K 🚀,Telegram,Followers/Subscribers,Telegram Members [ 100% Real Members ] [ NON DROP ] ᴺᴱᵂ,16.9952,0.5311,10,1000000,Yes,Yes,No,USD
29546,Telegram Members [ Max 1M ] | Real Accounts | Cancel Enable | Lifetime ♻️ | Instant Start | Day 100K 🚀,Telegram,Followers/Subscribers,Telegram Members [ 100% Real Members ] [ NON DROP ] ᴺᴱᵂ,18.4416,0.5763,10,1000000,Yes,Yes,No,USD
29547,TikTok Video Views [ Max Unlimited ] | Low Drop | Cancel Enable | No Refill ⚠️ | Instant Start | Day 10M 🚀🚀,TikTok,Views/Plays,TikTok Video Views [ Cheapest ] ᴺᴱᵂ,0.256,0.008,100,2147483647,No,No,No,USD
29548,TikTok Video Views [ Max Unlimited ] | Low Drop | Cancel Enable | No Refill ⚠️ | Instant Start | Day 10M 🚀🚀,TikTok,Views/Plays,TikTok Video Views [ Cheapest ] ᴺᴱᵂ,0.2688,0.0084,100,2147483647,No,No,No,USD
29549,TikTok Video Views [ Max Unlimited ] | Low Drop | Cancel Enable | No Refill ⚠️ | Instant Start | Day 10M 🚀🚀,TikTok,Views/Plays,TikTok Video Views [ Cheapest ] ᴺᴱᵂ,0.2848,0.0089,100,2147483647,No,No,No,USD
29550,TikTok Video Views [ Max Unlimited ] | Low Drop | Cancel Enable | No Refill ⚠️ | Instant Start | Day 10M 🚀🚀,TikTok,Views/Plays,TikTok Video Views [ Cheapest ] ᴺᴱᵂ,0.2912,0.0091,50,2147483647,No,No,No,USD
29551,TikTok Video Views [ Max Unlimited ] | Low Drop | Cancel Enable | 30 Days ♻️ | Instant Start | Day 10M 🚀🚀,TikTok,Views/Plays,TikTok Video Views [ Cheapest ] ᴺᴱᵂ,0.3104,0.0097,100,2147483647,No,No,No,USD
29552,TikTok Video Views [ Max Unlimited ] | Low Drop | Cancel Enable | 30 Days ♻️ | Instant Start | Day 10M 🚀🚀,TikTok,Views/Plays,TikTok Video Views [ Cheapest ] ᴺᴱᵂ,0.32,0.01,50,2147483647,No,No,No,USD
29553,TikTok Reposts [ Max 500K ] | HQ Accounts | No Refill ⚠️ | Instant Start | Day 50K 🚀,TikTok,Shares,TikTok Reposts [ Cheapest ],21.3344,0.6667,1,500000,No,Yes,No,USD
29554,TikTok Reposts [ Max 500K ] | HQ Accounts | 30 Days ♻️ | Instant Start | Day 50K 🚀,TikTok,Shares,TikTok Reposts [ Cheapest ],22.7808,0.7119,1,500000,Yes,Yes,No,USD
29555,TikTok Reposts [ Max 10K ] | HQ Accounts | No Refill ⚠️ | Instant Start | Day 10K 🚀,TikTok,Shares,TikTok Reposts [ Cheapest ],28.928,0.904,10,10000,No,Yes,No,USD
29556,TikTok Reposts [ Max 10K ] | HQ Accounts | 30 Days ♻️ | Instant Start | Day 10K 🚀,TikTok,Shares,TikTok Reposts [ Cheapest ],32.544,1.017,10,10000,Yes,Yes,No,USD
29559,Threads Organic Likes [ Max 50K ] | HQ Accounts | Low Drop | No Refill ⚠️ | Start Time:0-2 Hr | Day 350-650 🚀,Threads,Likes/Reactions,Threads Services [ MAİN PROVİDER ],271.2,8.475,50,50000,No,No,No,USD
29560,Threads Organic Likes [ Max 50K ] | HQ Accounts | Low Drop | 30 Days ♻️ | Start Time:0-2 Hr | Day 350-650 🚀,Threads,Likes/Reactions,Threads Services [ MAİN PROVİDER ],325.44,10.17,50,50000,Yes,No,No,USD
29557,Threads Organic Followers [ Max 50K ] | HQ Accounts | Low Drop | No Refill ⚠️ | Start Time:0-2 Hr | Day 250-500 🚀,Threads,Followers/Subscribers,Threads Services [ MAİN PROVİDER ],488.16,15.255,100,50000,No,No,No,USD
29561,Threads Organic Repost [ Max 50K ] | HQ Accounts | Low Drop | No Refill ⚠️ | Start Time:0-2 Hr | Day 150-500 🚀,Threads,Shares,Threads Services [ MAİN PROVİDER ],506.24,15.82,50,50000,No,No,No,USD
29558,Threads Organic Followers [ Max 50K ] | HQ Accounts | Low Drop | 30 Days ♻️ | Start Time:0-2 Hr | Day 250-500 🚀,Threads,Followers/Subscribers,Threads Services [ MAİN PROVİDER ],542.4,16.95,100,50000,Yes,No,No,USD
29562,Threads Organic Repost [ Max 50K ] | HQ Accounts | Low Drop | 30 Days ♻️ | Start Time:0-2 Hr | Day 150-500 🚀,Threads,Shares,Threads Services [ MAİN PROVİDER ],578.56,18.08,50,50000,Yes,No,No,USD
29563,TikTok Comment Likes [ Max 1M ] | Real Profiles | No Refill ⚠️ | Instant Start | Day 100K 🚀,TikTok,Likes/Reactions,TikTok Comment Likes [ PROVİDER ],5.424,0.1695,10,1000000,No,Yes,No,USD
29564,TikTok Comment Likes [ Max 1M ] | Real Profiles | 30 Days ♻️ | Instant Start | Day 100K 🚀,TikTok,Likes/Reactions,TikTok Comment Likes [ PROVİDER ],5.7856,0.1808,10,1000000,Yes,Yes,No,USD
29565,Instagram Likes [ Max 1M ] | LQ Accounts | Cancel Enable | Non Drop | No Refill ⚠️ | Instant Start | Day 200K 🚀,Instagram,Likes/Reactions,Instagram Likes [ LQ Accounts ] [ Best Price 💫 ] ᴺᴱᵂ,3.2544,0.1017,10,1000000,No,Yes,No,USD
29566,Instagram Likes [ Max 1M ] | LQ Accounts | Cancel Enable | Non Drop | 30 Days ♻️ | Instant Start | Day 200K 🚀,Instagram,Likes/Reactions,Instagram Likes [ LQ Accounts ] [ Best Price 💫 ] ᴺᴱᵂ,3.2928,0.1029,10,1000000,Yes,Yes,No,USD
29567,Instagram Likes [ Max 1M ] | LQ Accounts | Cancel Enable | Non Drop | 60 Days ♻️ | Instant Start | Day 200K 🚀,Instagram,Likes/Reactions,Instagram Likes [ LQ Accounts ] [ Best Price 💫 ] ᴺᴱᵂ,3.328,0.104,10,1000000,Yes,Yes,No,USD
29568,Instagram Likes [ Max 1M ] | LQ Accounts | Cancel Enable | Non Drop | 90 Days ♻️ | Instant Start | Day 200K 🚀,Instagram,Likes/Reactions,Instagram Likes [ LQ Accounts ] [ Best Price 💫 ] ᴺᴱᵂ,3.3632,0.1051,10,1000000,Yes,Yes,No,USD
29569,Instagram Likes [ Max 1M ] | LQ Accounts | Cancel Enable | Non Drop | 365 Days ♻️ | Instant Start | Day 200K 🚀,Instagram,Likes/Reactions,Instagram Likes [ LQ Accounts ] [ Best Price 💫 ] ᴺᴱᵂ,3.4016,0.1063,10,1000000,Yes,Yes,No,USD
29570,Instagram Likes [ Max 1M ] | LQ Accounts | Cancel Enable | Non Drop | Lifetime ♻️ | Instant Start | Day 200K 🚀,Instagram,Likes/Reactions,Instagram Likes [ LQ Accounts ] [ Best Price 💫 ] ᴺᴱᵂ,3.4368,0.1074,10,1000000,Yes,Yes,No,USD
29571,TikTok Likes [ Max 10M ] | Profile Photo Available | Low Drop | No Refill ⚠️ | Instant Start | Day 100K 🚀,TikTok,Likes/Reactions,TikTok Likes [ Profile Photo Available ] [ Fast Speed ] ᴺᴱᵂ,1.9168,0.0599,10,10000000,No,Yes,No,USD
29572,TikTok Likes [ Max 10M ] | Profile Photo Available | Low Drop | 30 Days ♻️ | Instant Start | Day 100K 🚀,TikTok,Likes/Reactions,TikTok Likes [ Profile Photo Available ] [ Fast Speed ] ᴺᴱᵂ,1.9552,0.0611,10,10000000,Yes,Yes,No,USD
29573,TikTok Likes [ Max 10M ] | Profile Photo Available | Low Drop | 60 Days ♻️ | Instant Start | Day 100K 🚀,TikTok,Likes/Reactions,TikTok Likes [ Profile Photo Available ] [ Fast Speed ] ᴺᴱᵂ,1.9904,0.0622,10,10000000,Yes,Yes,No,USD
29574,TikTok Likes [ Max 10M ] | Profile Photo Available | Low Drop | 90 Days ♻️ | Instant Start | Day 100K 🚀,TikTok,Likes/Reactions,TikTok Likes [ Profile Photo Available ] [ Fast Speed ] ᴺᴱᵂ,2.0256,0.0633,10,10000000,Yes,Yes,No,USD
29575,TikTok Likes [ Max 10M ] | Profile Photo Available | Low Drop | 365 Days ♻️ | Instant Start | Day 100K 🚀,TikTok,Likes/Reactions,TikTok Likes [ Profile Photo Available ] [ Fast Speed ] ᴺᴱᵂ,2.064,0.0645,10,10000000,Yes,Yes,No,USD
29576,TikTok Likes [ Max 10M ] | Profile Photo Available | Low Drop | Lifetime ♻️ | Instant Start | Day 100K 🚀,TikTok,Likes/Reactions,TikTok Likes [ Profile Photo Available ] [ Fast Speed ] ᴺᴱᵂ,2.0992,0.0656,10,10000000,Yes,Yes,No,USD
29577,Facebook Post Likes [ Max 1M ] | HQ Accounts | Cancel Enable | Low Drop | No Refill ⚠️ | Instant Start | Day 100K 🚀,Facebook,Likes/Reactions,Facebook Post Likes [ Low Drops ]  [ Provider 🚀 ] ᴺᴱᵂ,4.16,0.13,10,1000000,No,No,No,USD
29578,Facebook Post Likes [ Max 1M ] | HQ Accounts | Cancel Enable | Low Drop | 30 Days ♻️ | Instant Start | Day 100K 🚀,Facebook,Likes/Reactions,Facebook Post Likes [ Low Drops ]  [ Provider 🚀 ] ᴺᴱᵂ,4.3392,0.1356,10,1000000,Yes,No,No,USD
29579,Facebook Post Likes [ Max 1M ] | HQ Accounts | Cancel Enable | Low Drop | 60 Days ♻️ | Instant Start | Day 100K 🚀,Facebook,Likes/Reactions,Facebook Post Likes [ Low Drops ]  [ Provider 🚀 ] ᴺᴱᵂ,4.5216,0.1413,10,1000000,Yes,No,No,USD
29580,Facebook Post Likes [ Max 1M ] | HQ Accounts | Cancel Enable | Low Drop | 90 Days ♻️ | Instant Start | Day 100K 🚀,Facebook,Likes/Reactions,Facebook Post Likes [ Low Drops ]  [ Provider 🚀 ] ᴺᴱᵂ,4.7008,0.1469,10,1000000,Yes,No,No,USD
29581,Facebook Post Likes [ Max 1M ] | HQ Accounts | Cancel Enable | Low Drop | 365 Days ♻️ | Instant Start | Day 100K 🚀,Facebook,Likes/Reactions,Facebook Post Likes [ Low Drops ]  [ Provider 🚀 ] ᴺᴱᵂ,4.8832,0.1526,10,1000000,Yes,No,No,USD
29582,Facebook Post Likes [ Max 1M ] | HQ Accounts | Cancel Enable | Low Drop | Lifetime ♻️ | Instant Start | Day 100K 🚀,Facebook,Likes/Reactions,Facebook Post Likes [ Low Drops ]  [ Provider 🚀 ] ᴺᴱᵂ,5.0624,0.1582,10,1000000,Yes,No,No,USD
29583,TikTok Likes [ Max 1M ] | Bot Accounts | Cancel Enable | No Refill ⚠️ | Instant Start | Day 20K 🚀,TikTok,Likes/Reactions,TikTok Likes [ LQ Accounts ] [ Best Price 💫 ] ᴺᴱᵂ,0.4,0.0125,10,1000000,No,Yes,No,USD
29584,TikTok Likes [ Max 1M ] | Bot Accounts | Cancel Enable | 30 Days ♻️ | Instant Start | Day 20K 🚀,TikTok,Likes/Reactions,TikTok Likes [ LQ Accounts ] [ Best Price 💫 ] ᴺᴱᵂ,0.4352,0.0136,10,1000000,Yes,Yes,No,USD
29585,TikTok Likes [ Max 1M ] | Bot Accounts | Cancel Enable | 60 Days ♻️ | Instant Start | Day 20K 🚀,TikTok,Likes/Reactions,TikTok Likes [ LQ Accounts ] [ Best Price 💫 ] ᴺᴱᵂ,0.4704,0.0147,10,1000000,Yes,Yes,No,USD
29586,TikTok Likes [ Max 1M ] | Bot Accounts | Cancel Enable | 90 Days ♻️ | Instant Start | Day 20K 🚀,TikTok,Likes/Reactions,TikTok Likes [ LQ Accounts ] [ Best Price 💫 ] ᴺᴱᵂ,0.5088,0.0159,10,1000000,Yes,Yes,No,USD
29587,TikTok Likes [ Max 1M ] | Bot Accounts | Cancel Enable | 365 Days ♻️ | Instant Start | Day 20K 🚀,TikTok,Likes/Reactions,TikTok Likes [ LQ Accounts ] [ Best Price 💫 ] ᴺᴱᵂ,0.544,0.017,10,1000000,Yes,Yes,No,USD
29588,TikTok Likes [ Max 1M ] | Bot Accounts | Cancel Enable | Lifetime ♻️ | Instant Start | Day 20K 🚀,TikTok,Likes/Reactions,TikTok Likes [ LQ Accounts ] [ Best Price 💫 ] ᴺᴱᵂ,0.5792,0.0181,10,1000000,Yes,Yes,No,USD
29589,Instagram Followers [ Max 5M ] | Real Accounts | Low Drop | No Refill ⚠️ | Instant Start | Day 100K 🚀,Instagram,Followers/Subscribers,Instagram Followers [ Real Accounts - Provider ] ᴺᴱᵂ,13.3792,0.4181,10,5000000,No,No,No,USD
29590,Instagram Followers [ Max 5M ] | Real Accounts | Low Drop | 30 Days ♻️ | Instant Start | Day 100K 🚀,Instagram,Followers/Subscribers,Instagram Followers [ Real Accounts - Provider ] ᴺᴱᵂ,16.9952,0.5311,10,5000000,No,Yes,No,USD
29591,Instagram Followers [ Max 5M ] | Real Accounts | Low Drop | 60 Days ♻️ | Instant Start | Day 100K 🚀,Instagram,Followers/Subscribers,Instagram Followers [ Real Accounts - Provider ] ᴺᴱᵂ,18.8032,0.5876,10,5000000,Yes,Yes,No,USD
29592,Instagram Followers [ Max 5M ] | Real Accounts | Low Drop | 90 Days ♻️ | Instant Start | Day 100K 🚀,Instagram,Followers/Subscribers,Instagram Followers [ Real Accounts - Provider ] ᴺᴱᵂ,20.9728,0.6554,10,5000000,Yes,Yes,No,USD
29593,Instagram Followers [ Max 5M ] | Real Accounts | Low Drop | 365 Days ♻️ | Instant Start | Day 100K 🚀,Instagram,Followers/Subscribers,Instagram Followers [ Real Accounts - Provider ] ᴺᴱᵂ,22.4192,0.7006,10,5000000,Yes,Yes,No,USD
29594,Instagram Followers [ Max 5M ] | Real Accounts | Low Drop | Lifetime ♻️ | Instant Start | Day 100K 🚀,Instagram,Followers/Subscribers,Instagram Followers [ Real Accounts - Provider ] ᴺᴱᵂ,23.8656,0.7458,10,5000000,Yes,Yes,No,USD
29595,TikTok Likes [ Max 3M ] | HQ Accounts | Low Drop | No Refill ⚠️ | Instant Start | Day 100K 🚀,TikTok,Likes/Reactions,TikTok Likes [ HQ Accounts ] [ Low Drops ] ᴺᴱᵂ,2.6048,0.0814,10,3000000,No,Yes,No,USD
29596,TikTok Likes [ Max 3M ] | HQ Accounts | Low Drop | 15 Days ♻️ | Instant Start | Day 100K 🚀,TikTok,Likes/Reactions,TikTok Likes [ HQ Accounts ] [ Low Drops ] ᴺᴱᵂ,2.64,0.0825,10,3000000,Yes,Yes,No,USD
29597,TikTok Likes [ Max 3M ] | HQ Accounts | Low Drop | 30 Days ♻️ | Instant Start | Day 100K 🚀,TikTok,Likes/Reactions,TikTok Likes [ HQ Accounts ] [ Low Drops ] ᴺᴱᵂ,2.6784,0.0837,10,3000000,Yes,Yes,No,USD
29598,TikTok Likes [ Max 3M ] | HQ Accounts | Low Drop | 60 Days ♻️ | Instant Start | Day 100K 🚀,TikTok,Likes/Reactions,TikTok Likes [ HQ Accounts ] [ Low Drops ] ᴺᴱᵂ,2.7136,0.0848,10,3000000,Yes,Yes,No,USD
29599,TikTok Likes [ Max 3M ] | HQ Accounts | Low Drop | 90 Days ♻️ | Instant Start | Day 100K 🚀,TikTok,Likes/Reactions,TikTok Likes [ HQ Accounts ] [ Low Drops ] ᴺᴱᵂ,2.7488,0.0859,10,3000000,Yes,Yes,No,USD
29600,TikTok Likes [ Max 3M ] | HQ Accounts | Low Drop | 365 Days ♻️ | Instant Start | Day 100K 🚀,TikTok,Likes/Reactions,TikTok Likes [ HQ Accounts ] [ Low Drops ] ᴺᴱᵂ,2.7872,0.0871,10,3000000,Yes,Yes,No,USD
29601,TikTok Likes [ Max 3M ] | HQ Accounts | Low Drop | Lifetime ♻️ | Instant Start | Day 100K 🚀,TikTok,Likes/Reactions,TikTok Likes [ HQ Accounts ] [ Low Drops ] ᴺᴱᵂ,2.8224,0.0882,10,3000000,Yes,Yes,No,USD
29602,Facebook Group Members [ Max 100K ] | HQ Accounts | Cancel Enable | Low Drop | No Refill ⚠️ | Instant Start | Day 50K 🚀,Facebook,Followers/Subscribers,Facebook Group Members [ High Quality ] ᴺᴱᵂ,7.232,0.226,10,100000,No,Yes,No,USD
29603,Facebook Group Members [ Max 100K ] | HQ Accounts | Cancel Enable | Low Drop | 30 Days ♻️ | Instant Start | Day 50K 🚀,Facebook,Followers/Subscribers,Facebook Group Members [ High Quality ] ᴺᴱᵂ,7.5936,0.2373,10,100000,Yes,Yes,No,USD
29604,Facebook Group Members [ Max 100K ] | HQ Accounts | Cancel Enable | Low Drop | 60 Days ♻️ | Instant Start | Day 50K 🚀,Facebook,Followers/Subscribers,Facebook Group Members [ High Quality ] ᴺᴱᵂ,7.9552,0.2486,10,100000,Yes,Yes,No,USD
29605,Facebook Group Members [ Max 100K ] | HQ Accounts | Cancel Enable | Low Drop | 90 Days ♻️ | Instant Start | Day 50K 🚀,Facebook,Followers/Subscribers,Facebook Group Members [ High Quality ] ᴺᴱᵂ,8.3168,0.2599,10,100000,Yes,Yes,No,USD
29606,Facebook Group Members [ Max 100K ] | HQ Accounts | Cancel Enable | Low Drop | 365 Days ♻️ | Instant Start | Day 50K 🚀,Facebook,Followers/Subscribers,Facebook Group Members [ High Quality ] ᴺᴱᵂ,8.6784,0.2712,10,100000,Yes,Yes,No,USD
29607,Facebook Group Members [ Max 100K ] | HQ Accounts | Cancel Enable | Low Drop | Lifetime ♻️ | Instant Start | Day 50K 🚀,Facebook,Followers/Subscribers,Facebook Group Members [ High Quality ] ᴺᴱᵂ,9.04,0.2825,10,100000,Yes,Yes,No,USD
29608,Facebook Comments [ Random ] [ Max 500K ] | HQ Accounts | Drop 0% | No Refill ⚠️ | Instant Start | Day 20K 🚀,Facebook,Comments,Facebook Comments [ High Quality ] [ S2 ] ᴺᴱᵂ,54.24,1.695,1,500000,No,Yes,No,USD
29610,Facebook Comments [ Custom ] [ Max 500K ] | HQ Accounts | Drop 0% | No Refill ⚠️ | Instant Start | Day 20K 🚀,Facebook,Comments,Facebook Comments [ High Quality ] [ S2 ] ᴺᴱᵂ,54.24,1.695,1,500000,No,Yes,No,USD
29609,Facebook Comments [ Random ] [ Max 500K ] | HQ Accounts | Drop 0% | No Refill ⚠️ | Instant Start | Day 100K 🚀,Facebook,Comments,Facebook Comments [ High Quality ] [ S2 ] ᴺᴱᵂ,57.856,1.808,1,500000,No,Yes,No,USD
29611,Facebook Comments [ Custom ] [ Max 500K ] | HQ Accounts | Drop 0% | No Refill ⚠️ | Instant Start | Day 100K 🚀,Facebook,Comments,Facebook Comments [ High Quality ] [ S2 ] ᴺᴱᵂ,57.856,1.808,1,500000,No,Yes,No,USD
29612,Instagram Likes + Impression [ English Names ] [ Max 20K ] | 100% Old Accounts | Insights USA 🇺🇸 | Non Drop | Cancel Enable | No Refill ⚠️ | Instant Start | Day 20K 🚀,Instagram,Views/Plays,Instagram Likes [ English Names - USA Insights ] 100% Provider ᴺᴱᵂ,7.232,0.226,10,20000,No,Yes,No,USD
29613,Instagram Likes + Impression [ English Names ] [ Max 20K ] | 100% Old Accounts | Insights USA 🇺🇸 | Non Drop | Cancel Enable | 30 Days ♻️ | Instant Start | Day 20K 🚀,Instagram,Views/Plays,Instagram Likes [ English Names - USA Insights ] 100% Provider ᴺᴱᵂ,7.5936,0.2373,10,20000,Yes,Yes,No,USD
29614,Instagram Likes + Impression [ English Names ] [ Max 20K ] | 100% Old Accounts | Insights USA 🇺🇸 | Non Drop | Cancel Enable | 60 Days ♻️ | Instant Start | Day 20K 🚀,Instagram,Views/Plays,Instagram Likes [ English Names - USA Insights ] 100% Provider ᴺᴱᵂ,7.9552,0.2486,10,20000,Yes,Yes,No,USD
29615,Instagram Likes + Impression [ English Names ] [ Max 20K ] | 100% Old Accounts | Insights USA 🇺🇸 | Non Drop | Cancel Enable | 90 Days ♻️ | Instant Start | Day 20K 🚀,Instagram,Views/Plays,Instagram Likes [ English Names - USA Insights ] 100% Provider ᴺᴱᵂ,8.3168,0.2599,10,20000,Yes,Yes,No,USD
29616,Instagram Likes + Impression [ English Names ] [ Max 20K ] | 100% Old Accounts | Insights USA 🇺🇸 | Non Drop | Cancel Enable | 365 Days ♻️ | Instant Start | Day 20K 🚀,Instagram,Views/Plays,Instagram Likes [ English Names - USA Insights ] 100% Provider ᴺᴱᵂ,8.6784,0.2712,10,20000,Yes,Yes,No,USD
29617,Instagram Likes + Impression [ English Names ] [ Max 20K ] | 100% Old Accounts | Insights USA 🇺🇸 | Non Drop | Cancel Enable | Lifetime ♻️ | Instant Start | Day 20K 🚀,Instagram,Views/Plays,Instagram Likes [ English Names - USA Insights ] 100% Provider ᴺᴱᵂ,9.04,0.2825,10,20000,Yes,Yes,No,USD
29618,Facebook Comments [ Random ] [ Max 500K ] | HQ Accounts | Drop 0% | No Refill ⚠️ | Instant Start | Day 1K 🚀,Facebook,Comments,Facebook Comments [ High Quality ] ᴺᴱᵂ,58.5792,1.8306,1,500000,No,Yes,No,USD
29621,Facebook Comments [ Custom ] [ Max 500K ] | HQ Accounts | Drop 0% | No Refill ⚠️ | Instant Start | Day 1K 🚀,Facebook,Comments,Facebook Comments [ High Quality ] ᴺᴱᵂ,58.5792,1.8306,1,500000,No,Yes,No,USD
29619,Facebook Comments [ Random ] [ Max 500K ] | HQ Accounts | Drop 0% | No Refill ⚠️ | Instant Start | Day 2K 🚀,Facebook,Comments,Facebook Comments [ High Quality ] ᴺᴱᵂ,61.472,1.921,1,500000,No,Yes,No,USD
29622,Facebook Comments [ Custom ] [ Max 500K ] | HQ Accounts | Drop 0% | No Refill ⚠️ | Instant Start | Day 2K 🚀,Facebook,Comments,Facebook Comments [ High Quality ] ᴺᴱᵂ,61.472,1.921,1,500000,No,Yes,No,USD
29620,Facebook Comments [ Random ] [ Max 500K ] | HQ Accounts | Drop 0% | No Refill ⚠️ | Instant Start | Day 5K 🚀,Facebook,Comments,Facebook Comments [ High Quality ] ᴺᴱᵂ,65.088,2.034,1,500000,No,Yes,No,USD
29623,Facebook Comments [ Custom ] [ Max 500K ] | HQ Accounts | Drop 0% | No Refill ⚠️ | Instant Start | Day 5K 🚀,Facebook,Comments,Facebook Comments [ High Quality ] ᴺᴱᵂ,65.088,2.034,1,500000,No,Yes,No,USD
29624,Instagram Likes [ Max 1M ] | HQ Accounts | Cancel Enable | Non Drop | No Refill ⚠️ | Instant Start | Day 200K 🚀,Instagram,Likes/Reactions,Instagram Likes [ HQ Accounts ] [ Best Price 💫 ] ᴺᴱᵂ,3.9776,0.1243,10,1000000,No,No,No,USD
29625,Instagram Likes [ Max 1M ] | HQ Accounts | Cancel Enable | Non Drop | 30 Days ♻️ | Instant Start | Day 200K 🚀,Instagram,Likes/Reactions,Instagram Likes [ HQ Accounts ] [ Best Price 💫 ] ᴺᴱᵂ,4.16,0.13,10,1000000,Yes,No,No,USD
29626,Instagram Likes [ Max 1M ] | HQ Accounts | Cancel Enable | Non Drop | 60 Days ♻️ | Instant Start | Day 200K 🚀,Instagram,Likes/Reactions,Instagram Likes [ HQ Accounts ] [ Best Price 💫 ] ᴺᴱᵂ,4.3392,0.1356,10,1000000,Yes,No,No,USD
29627,Instagram Likes [ Max 1M ] | HQ Accounts | Cancel Enable | Non Drop | 90 Days ♻️ | Instant Start | Day 200K 🚀,Instagram,Likes/Reactions,Instagram Likes [ HQ Accounts ] [ Best Price 💫 ] ᴺᴱᵂ,4.5216,0.1413,10,1000000,Yes,No,No,USD
29628,Instagram Likes [ Max 1M ] | HQ Accounts | Cancel Enable | Non Drop | 365 Days ♻️ | Instant Start | Day 200K 🚀,Instagram,Likes/Reactions,Instagram Likes [ HQ Accounts ] [ Best Price 💫 ] ᴺᴱᵂ,4.7008,0.1469,10,1000000,Yes,No,No,USD
29629,Instagram Likes [ Max 1M ] | HQ Accounts | Cancel Enable | Non Drop | Lifetime ♻️ | Instant Start | Day 200K 🚀,Instagram,Likes/Reactions,Instagram Likes [ HQ Accounts ] [ Best Price 💫 ] ᴺᴱᵂ,4.8832,0.1526,10,1000000,Yes,No,No,USD
29630,Facebook Post Reaction [ Like 👍 ] [ Max 300K ] | Cancel Enable | No Refill ⚠️ | Day 10K,Facebook,Likes/Reactions,Facebook Post Reactions [ Cheapest ],2.7872,0.0871,10,300000,No,No,No,USD
29631,Facebook Post Reaction [ Love ❤️ ] [ Max 300K ] | Cancel Enable | No Refill ⚠️ | Day 10K,Facebook,Likes/Reactions,Facebook Post Reactions [ Cheapest ],2.7872,0.0871,10,300000,No,No,No,USD
29632,Facebook Post Reaction [ Care 🤗 ] [ Max 300K ] | Cancel Enable | No Refill ⚠️ | Day 10K,Facebook,Likes/Reactions,Facebook Post Reactions [ Cheapest ],2.7872,0.0871,10,300000,No,No,No,USD
29633,Facebook Post Reaction [ Haha 😂 ] [ Max 300K ] | Cancel Enable | No Refill ⚠️ | Day 10K,Facebook,Likes/Reactions,Facebook Post Reactions [ Cheapest ],2.7872,0.0871,10,300000,No,No,No,USD
29634,Facebook Post Reaction [ Wow 😲 ] [ Max 300K ] | Cancel Enable | No Refill ⚠️ | Day 10K,Facebook,Likes/Reactions,Facebook Post Reactions [ Cheapest ],2.7872,0.0871,10,300000,No,No,No,USD
29635,Facebook Post Reaction [ Sad 😥 ] [ Max 300K ] | Cancel Enable | No Refill ⚠️ | Day 10K,Facebook,Likes/Reactions,Facebook Post Reactions [ Cheapest ],2.7872,0.0871,10,300000,No,No,No,USD
29636,Facebook Post Reaction [ Angry 🤬 ] [ Max 300K ] | Cancel Enable | No Refill ⚠️ | Day 10K,Facebook,Likes/Reactions,Facebook Post Reactions [ Cheapest ],2.7872,0.0871,10,300000,No,No,No,USD
29641,Instagram Followers [ Max 1M ] | Old and Real Accounts with Posts | Low Drop | No Refill ⚠️ | Instant Start | Day 200K 🚀,Instagram,Followers/Subscribers,Instagram Followers [ 100% Old Accounts With Posts ] ᴺᴱᵂ,15.7312,0.4916,50,1000000,No,No,No,USD
29642,Instagram Followers [ Max 1M ] | Old and Real Accounts with Posts | Low Drop | 30 Days ♻️ | Instant Start | Day 200K 🚀,Instagram,Followers/Subscribers,Instagram Followers [ 100% Old Accounts With Posts ] ᴺᴱᵂ,19.5264,0.6102,50,1000000,Yes,No,No,USD
29643,Instagram Followers [ Max 1M ] | Old and Real Accounts with Posts | Low Drop | 60 Days ♻️ | Instant Start | Day 200K 🚀,Instagram,Followers/Subscribers,Instagram Followers [ 100% Old Accounts With Posts ] ᴺᴱᵂ,21.696,0.678,50,1000000,Yes,No,No,USD
29644,Instagram Followers [ Max 1M ] | Old and Real Accounts with Posts | Low Drop | 90 Days ♻️ | Instant Start | Day 200K 🚀,Instagram,Followers/Subscribers,Instagram Followers [ 100% Old Accounts With Posts ] ᴺᴱᵂ,22.7808,0.7119,50,1000000,Yes,No,No,USD
29645,Instagram Followers [ Max 1M ] | Old and Real Accounts with Posts | Low Drop | 365 Days ♻️ | Instant Start | Day 200K 🚀,Instagram,Followers/Subscribers,Instagram Followers [ 100% Old Accounts With Posts ] ᴺᴱᵂ,24.5888,0.7684,50,1000000,Yes,No,No,USD
29646,Instagram Followers [ Max 1M ] | Old and Real Accounts with Posts | Low Drop | Lifetime ♻️ | Instant Start | Day 200K 🚀,Instagram,Followers/Subscribers,Instagram Followers [ 100% Old Accounts With Posts ] ᴺᴱᵂ,26.3968,0.8249,50,1000000,Yes,No,No,USD
29647,Instagram Likes [ Max 1M ] | HQ Accounts | Cancel Enable | Drop 0% | No Refill ⚠️ | Instant Start | Day 100K 🚀,Instagram,Likes/Reactions,Instagram Likes [ HQ Accounts ] [ Cheapest 💥 ] ᴺᴱᵂ,3.5808,0.1119,50,1000000,No,Yes,No,USD
29648,Instagram Likes [ Max 1M ] | HQ Accounts | Cancel Enable | Drop 0% | 30 Days ♻️ | Instant Start | Day 100K 🚀,Instagram,Likes/Reactions,Instagram Likes [ HQ Accounts ] [ Cheapest 💥 ] ᴺᴱᵂ,3.7984,0.1187,50,1000000,Yes,Yes,No,USD
29649,Instagram Likes [ Max 1M ] | HQ Accounts | Cancel Enable | Drop 0% | 60 Days ♻️ | Instant Start | Day 100K 🚀,Instagram,Likes/Reactions,Instagram Likes [ HQ Accounts ] [ Cheapest 💥 ] ᴺᴱᵂ,3.9776,0.1243,50,1000000,Yes,Yes,No,USD
29650,Instagram Likes [ Max 1M ] | HQ Accounts | Cancel Enable | Drop 0% | 90 Days ♻️ | Instant Start | Day 100K 🚀,Instagram,Likes/Reactions,Instagram Likes [ HQ Accounts ] [ Cheapest 💥 ] ᴺᴱᵂ,4.16,0.13,50,1000000,Yes,Yes,No,USD
29651,Instagram Likes [ Max 1M ] | HQ Accounts | Cancel Enable | Drop 0% | 365 Days ♻️ | Instant Start | Day 100K 🚀,Instagram,Likes/Reactions,Instagram Likes [ HQ Accounts ] [ Cheapest 💥 ] ᴺᴱᵂ,4.3392,0.1356,50,1000000,Yes,Yes,No,USD
29652,Instagram Likes [ Max 1M ] | HQ Accounts | Cancel Enable | Drop 0% | Lifetime ♻️ | Instant Start | Day 100K 🚀,Instagram,Likes/Reactions,Instagram Likes [ HQ Accounts ] [ Cheapest 💥 ] ᴺᴱᵂ,4.5216,0.1413,50,1000000,Yes,Yes,No,USD
29653,Instagram Likes [ Max 1M ] | LQ Accounts | Cancel Enable | Drop 0% | No Refill ⚠️ | Instant Start | Day 100K 🚀,Instagram,Likes/Reactions,Instagram Likes [ LQ Accounts ] [ Cheapest 💥 ] ᴺᴱᵂ,3.616,0.113,50,1000000,No,No,No,USD
29654,Instagram Likes [ Max 1M ] | LQ Accounts | Cancel Enable | Drop 0% | 30 Days ♻️ | Instant Start | Day 100K 🚀,Instagram,Likes/Reactions,Instagram Likes [ LQ Accounts ] [ Cheapest 💥 ] ᴺᴱᵂ,3.7984,0.1187,50,1000000,Yes,No,No,USD
29655,Instagram Likes [ Max 1M ] | LQ Accounts | Cancel Enable | Drop 0% | 60 Days ♻️ | Instant Start | Day 100K 🚀,Instagram,Likes/Reactions,Instagram Likes [ LQ Accounts ] [ Cheapest 💥 ] ᴺᴱᵂ,3.9776,0.1243,50,1000000,Yes,No,No,USD
29656,Instagram Likes [ Max 1M ] | LQ Accounts | Cancel Enable | Drop 0% | 90 Days ♻️ | Instant Start | Day 100K 🚀,Instagram,Likes/Reactions,Instagram Likes [ LQ Accounts ] [ Cheapest 💥 ] ᴺᴱᵂ,4.16,0.13,50,1000000,Yes,No,No,USD
29657,Instagram Likes [ Max 1M ] | LQ Accounts | Cancel Enable | Drop 0% | 365 Days ♻️ | Instant Start | Day 100K 🚀,Instagram,Likes/Reactions,Instagram Likes [ LQ Accounts ] [ Cheapest 💥 ] ᴺᴱᵂ,4.3392,0.1356,50,1000000,Yes,No,No,USD
29658,Instagram Likes [ Max 1M ] | LQ Accounts | Cancel Enable | Drop 0% | Lifetime ♻️ | Instant Start | Day 100K 🚀,Instagram,Likes/Reactions,Instagram Likes [ LQ Accounts ] [ Cheapest 💥 ] ᴺᴱᵂ,4.5216,0.1413,50,1000000,Yes,No,No,USD
29686,Instagram Followers [ 🇧🇷 Brazil ] [ Max 5M ] | Real Accounts With Posts | Cancel Enable | Low Drop | No Refill ⚠️ | Day 100K 🚀 [ 𝗣𝗥𝗢𝗩𝗜𝗗𝗘𝗥 ],Instagram,Followers/Subscribers,Instagram Followers [ Brazil 🇧🇷 ] [ Ultra FAST COMPLETED ] [ Recommended 🎖️ ] ᴺᴱᵂ,177.184,5.537,10,5000000,No,Yes,No,USD
29687,Instagram Followers [ 🇧🇷 Brazil ] [ Max 5M ] | Real Accounts With Posts | Cancel Enable | Low Drop | 30 Days ♻️ | Day 100K 🚀 [ 𝗣𝗥𝗢𝗩𝗜𝗗𝗘𝗥 ],Instagram,Followers/Subscribers,Instagram Followers [ Brazil 🇧🇷 ] [ Ultra FAST COMPLETED ] [ Recommended 🎖️ ] ᴺᴱᵂ,184.416,5.763,10,5000000,Yes,Yes,No,USD
29688,Instagram Followers [ 🇧🇷 Brazil ] [ Max 5M ] | Real Accounts With Posts | Cancel Enable | Low Drop | 60 Days ♻️ | Day 100K 🚀 [ 𝗣𝗥𝗢𝗩𝗜𝗗𝗘𝗥 ],Instagram,Followers/Subscribers,Instagram Followers [ Brazil 🇧🇷 ] [ Ultra FAST COMPLETED ] [ Recommended 🎖️ ] ᴺᴱᵂ,191.648,5.989,10,5000000,Yes,Yes,No,USD
29689,Instagram Followers [ 🇧🇷 Brazil ] [ Max 5M ] | Real Accounts With Posts | Cancel Enable | Low Drop | 90 Days ♻️ | Day 100K 🚀 [ 𝗣𝗥𝗢𝗩𝗜𝗗𝗘𝗥 ],Instagram,Followers/Subscribers,Instagram Followers [ Brazil 🇧🇷 ] [ Ultra FAST COMPLETED ] [ Recommended 🎖️ ] ᴺᴱᵂ,198.88,6.215,10,5000000,Yes,Yes,No,USD
29690,Instagram Followers [ 🇧🇷 Brazil ] [ Max 5M ] | Real Accounts With Posts | Cancel Enable | Low Drop | 365 Days ♻️ | Day 100K 🚀 [ 𝗣𝗥𝗢𝗩𝗜𝗗𝗘𝗥 ],Instagram,Followers/Subscribers,Instagram Followers [ Brazil 🇧🇷 ] [ Ultra FAST COMPLETED ] [ Recommended 🎖️ ] ᴺᴱᵂ,206.112,6.441,10,5000000,Yes,Yes,No,USD
29691,Instagram Followers [ 🇧🇷 Brazil ] [ Max 1M ] | Real Accounts With Posts | Cancel Enable | Low Drop | Lifetime ♻️ | Day 100K 🚀 [ 𝗣𝗥𝗢𝗩𝗜𝗗𝗘𝗥 ],Instagram,Followers/Subscribers,Instagram Followers [ Brazil 🇧🇷 ] [ Ultra FAST COMPLETED ] [ Recommended 🎖️ ] ᴺᴱᵂ,213.344,6.667,10,5000000,Yes,Yes,No,USD
29722,TikTok Video Views [ Max 10M ] | HQ | Cancel Enable | No Refill ⚠️ | Instant Start | Day 10M 🚀 🚀,TikTok,Views/Plays,TikTok Video Views [ UPDATE ] ᴺᴱᵂ,0.256,0.008,100,2147483647,No,No,No,USD
29723,TikTok Video Views [ Max 10M ] | HQ | Cancel Enable | No Refill ⚠️ | Instant Start | Day 10M 🚀 🚀,TikTok,Views/Plays,TikTok Video Views [ UPDATE ] ᴺᴱᵂ,0.256,0.008,100,2147483647,No,No,No,USD
29724,TikTok Video Views [ Max 10M ] | HQ | Cancel Enable | 15 Days ♻️ | Instant Start | Day 10M 🚀 🚀,TikTok,Views/Plays,TikTok Video Views [ UPDATE ] ᴺᴱᵂ,0.272,0.0085,100,2147483647,No,No,No,USD
29725,TikTok Video Views [ Max 10M ] | HQ | Cancel Enable | 30 Days ♻️ | Instant Start | Day 10M 🚀 🚀,TikTok,Views/Plays,TikTok Video Views [ UPDATE ] ᴺᴱᵂ,0.2912,0.0091,100,2147483647,No,No,No,USD
29750,TikTok Followers [ Max 1M ] | LQ Accounts | Low Drop | No Refill ⚠️ | Instant Start | Day 100K 🔥,TikTok,Followers/Subscribers,Tiktok Followers [ Best Price 💎 ] ᴺᴱᵂ,5.7856,0.1808,100,1000000,No,Yes,No,USD
29751,TikTok Followers [ Max 1M ] | LQ Accounts | Low Drop | No Refill ⚠️ | Instant Start | Day 100K 🔥,TikTok,Followers/Subscribers,Tiktok Followers [ Best Price 💎 ] ᴺᴱᵂ,6.1472,0.1921,50,1000000,No,Yes,No,USD
29752,TikTok Followers [ Max 1M ] | LQ Accounts | Low Drop | No Refill ⚠️ | Instant Start | Day 100K 🔥,TikTok,Followers/Subscribers,Tiktok Followers [ Best Price 💎 ] ᴺᴱᵂ,6.5088,0.2034,10,1000000,No,Yes,No,USD
29753,TikTok Followers [ Max 1M ] | LQ Accounts | Low Drop | 10 Days ♻️ | Instant Start | Day 100K 🔥,TikTok,Followers/Subscribers,Tiktok Followers [ Best Price 💎 ] ᴺᴱᵂ,7.232,0.226,10,1000000,Yes,Yes,No,USD
29754,TikTok Followers [ Max 1M ] | LQ Accounts | Low Drop | 20 Days ♻️ | Instant Start | Day 100K 🔥,TikTok,Followers/Subscribers,Tiktok Followers [ Best Price 💎 ] ᴺᴱᵂ,7.9552,0.2486,10,1000000,Yes,Yes,No,USD
29755,TikTok Followers [ Max 1M ] | LQ Accounts | Low Drop | 30 Days ♻️ | Instant Start | Day 100K 🔥,TikTok,Followers/Subscribers,Tiktok Followers [ Best Price 💎 ] ᴺᴱᵂ,8.6784,0.2712,10,1000000,Yes,Yes,No,USD
29759,Instagram Likes [ Nigeria 🇳🇬 ] [ Max 100K ] | %100 Real Nigerian Accounts | Cancel Enable | Drop 0-5% | 30 Days ♻️ | Instant Start | Day 100K 🚀,Instagram,Likes/Reactions,Instagram Services [ Nigeria 🇳🇬 ] [ Best ⭐ ] ᴺᴱᵂ,44.4768,1.3899,20,100000,Yes,Yes,No,USD
29760,Instagram Likes [ Nigeria 🇳🇬 ] [ Max 100K ] | %100 Real Nigerian Male Accounts | Cancel Enable | Drop 0-5% | 30 Days ♻️ | Instant Start | Day 100K 🚀,Instagram,Likes/Reactions,Instagram Services [ Nigeria 🇳🇬 ] [ Best ⭐ ] ᴺᴱᵂ,44.4768,1.3899,20,100000,Yes,Yes,No,USD
29761,Instagram Likes [ Nigeria 🇳🇬 ] [ Max 100K ] | %100 Real Nigerian Female Accounts | Cancel Enable | Drop 0-5% | 30 Days ♻️ | Instant Start | Day 100K 🚀,Instagram,Likes/Reactions,Instagram Services [ Nigeria 🇳🇬 ] [ Best ⭐ ] ᴺᴱᵂ,44.4768,1.3899,20,100000,Yes,Yes,No,USD
29756,Instagram Followers [ Nigeria 🇳🇬 ] [ Max 100K ] | %100 Real Nigerian Accounts | Cancel Enable | Drop 0-5% | 90 Days ♻️ | Instant Start | Day 100K 🚀,Instagram,Followers/Subscribers,Instagram Services [ Nigeria 🇳🇬 ] [ Best ⭐ ] ᴺᴱᵂ,893.152,27.911,20,100000,Yes,Yes,No,USD
29757,Instagram Followers [ Nigeria 🇳🇬 ] [ Max 100K ] | %100 Real Nigerian Male Accounts | Cancel Enable | Drop 0-5% | 90 Days ♻️ | Instant Start | Day 100K 🚀,Instagram,Followers/Subscribers,Instagram Services [ Nigeria 🇳🇬 ] [ Best ⭐ ] ᴺᴱᵂ,893.152,27.911,20,100000,Yes,Yes,No,USD
29758,Instagram Followers [ Nigeria 🇳🇬 ] [ Max 100K ] | %100 Real Nigerian Female Accounts | Cancel Enable | Drop 0-5% | 90 Days ♻️ | Instant Start | Day 100K 🚀,Instagram,Followers/Subscribers,Instagram Services [ Nigeria 🇳🇬 ] [ Best ⭐ ] ᴺᴱᵂ,893.152,27.911,20,100000,Yes,Yes,No,USD
29765,Instagram Likes [ Saudi Arabia 🇸🇦 ] [ Max 20K ] | 100% Real Arabic Accounts | Cancel Enable | Drop 0-5% | 30 Days ♻️ | Instant Start | Day 20K 🚀,Instagram,Likes/Reactions,Instagram Services [ Saudi Arabia 🇸🇦 ] [ Best ⭐ ] ᴺᴱᵂ,44.4768,1.3899,20,50000,Yes,Yes,No,USD
29766,Instagram Likes [ Saudi Arabia 🇸🇦 ] [ Max 20K ] | 100% Real Arabic Male Accounts | Cancel Enable | Drop 0-5% | 30 Days ♻️ | Instant Start | Day 20K 🚀,Instagram,Likes/Reactions,Instagram Services [ Saudi Arabia 🇸🇦 ] [ Best ⭐ ] ᴺᴱᵂ,44.4768,1.3899,20,50000,Yes,Yes,No,USD
29767,Instagram Likes [ Saudi Arabia 🇸🇦 ] [ Max 20K ] | 100% Real Arabic Female Accounts | Cancel Enable | Drop 0-5% | 30 Days ♻️ | Instant Start | Day 20K 🚀,Instagram,Likes/Reactions,Instagram Services [ Saudi Arabia 🇸🇦 ] [ Best ⭐ ] ᴺᴱᵂ,44.4768,1.3899,20,50000,Yes,Yes,No,USD
29762,Instagram Followers [ Saudi Arabia 🇸🇦 ] [ Max 50K ] | 100% Real Arabic Accounts | Cancel Enable | Drop 0-5% | 90 Days ♻️ | Instant Start | Day 20K 🚀,Instagram,Followers/Subscribers,Instagram Services [ Saudi Arabia 🇸🇦 ] [ Best ⭐ ] ᴺᴱᵂ,893.152,27.911,20,50000,Yes,Yes,No,USD
29763,Instagram Followers [ Saudi Arabia 🇸🇦 ] [ Max 50K ] | 100% Real Arabic Male Accounts | Cancel Enable | Drop 0-5% | 90 Days ♻️ | Instant Start | Day 20K 🚀,Instagram,Followers/Subscribers,Instagram Services [ Saudi Arabia 🇸🇦 ] [ Best ⭐ ] ᴺᴱᵂ,893.152,27.911,10,50000,Yes,Yes,No,USD
29764,Instagram Followers [ Saudi Arabia 🇸🇦 ] [ Max 50K ] | 100% Real Arabic Female Accounts | Cancel Enable | Drop 0-5% | 90 Days ♻️ | Instant Start | Day 20K 🚀,Instagram,Followers/Subscribers,Instagram Services [ Saudi Arabia 🇸🇦 ] [ Best ⭐ ] ᴺᴱᵂ,893.152,27.911,20,50000,Yes,Yes,No,USD
29791,YouTube Video/Shorts Comments Created by AI [ Max 10K ] | 100% Real Accounts | Auto-Generate Comments Based on Video Content | Non Drop | 30 Days ♻️| Instant Start | Day 10K 🚀,YouTube,Comments,YouTube Video/Shorts Comments Created by AI 🤖 ᴺᴱᵂ,180.8,5.65,5,10000,Yes,No,No,USD
29792,YouTube Video/Shorts Comments Created by AI [ Max 10K ] | 100% Real Accounts | Auto-Generate Comments Based on Video Content | Non Drop | 365 Days ♻️| Instant Start | Day 10K 🚀,YouTube,Comments,YouTube Video/Shorts Comments Created by AI 🤖 ᴺᴱᵂ,198.88,6.215,5,10000,Yes,No,No,USD
29793,YouTube Video/Shorts Comments Created by AI [ Max 10K ] | 100% Real Accounts | Auto-Generate Comments Based on Video Content | Non Drop | Lifetime ♻️| Instant Start | Day 10K 🚀,YouTube,Comments,YouTube Video/Shorts Comments Created by AI 🤖 ᴺᴱᵂ,216.96,6.78,5,10000,Yes,No,No,USD
29794,YouTube Video/Shorts Comment Likes [ Max 5K ] | 100% Real Accounts | Non Drop | 30 Days ♻️ | Instant Start | Day 10K 🚀,YouTube,Likes/Reactions,YouTube Video/Shorts Comment Likes ᴺᴱᵂ,18.08,0.565,10,5000,Yes,No,No,USD
29795,YouTube Video/Shorts Comment Likes [ Max 5K ] | 100% Real Accounts | Non Drop | 365 Days ♻️ | Instant Start | Day 10K 🚀,YouTube,Likes/Reactions,YouTube Video/Shorts Comment Likes ᴺᴱᵂ,19.888,0.6215,10,5000,Yes,No,No,USD
29796,YouTube Video/Shorts Comment Likes [ Max 5K ] | 100% Real Accounts | Non Drop | Lifetime ♻️ | Instant Start | Day 10K 🚀,YouTube,Likes/Reactions,YouTube Video/Shorts Comment Likes ᴺᴱᵂ,21.696,0.678,10,5000,Yes,No,No,USD
29797,TikTok Followers [ Max 1M ] | LQ Accounts | No Refill ⚠️ | Instant Start | Day 100K 🚀,TikTok,Followers/Subscribers,Tiktok Followers [ LQ Accounts ] [ 🔱 Provider ] ᴺᴱᵂ,14.464,0.452,50,1000000,No,Yes,No,USD
29798,TikTok Followers [ Max 1M ] | LQ Accounts | 7 Days ♻️ | Instant Start | Day 100K 🚀,TikTok,Followers/Subscribers,Tiktok Followers [ LQ Accounts ] [ 🔱 Provider ] ᴺᴱᵂ,15.3696,0.4803,50,1000000,Yes,Yes,No,USD
29799,TikTok Followers [ Max 1M ] | LQ Accounts | 10 Days ♻️ | Instant Start | Day 100K 🚀,TikTok,Followers/Subscribers,Tiktok Followers [ LQ Accounts ] [ 🔱 Provider ] ᴺᴱᵂ,15.7312,0.4916,50,1000000,Yes,Yes,No,USD
29800,TikTok Followers [ Max 1M ] | LQ Accounts | 15 Days ♻️ | Instant Start | Day 100K 🚀,TikTok,Followers/Subscribers,Tiktok Followers [ LQ Accounts ] [ 🔱 Provider ] ᴺᴱᵂ,16.0928,0.5029,50,1000000,Yes,Yes,No,USD
29801,TikTok Followers [ Max 1M ] | LQ Accounts | 20 Days ♻️ | Instant Start | Day 100K 🚀,TikTok,Followers/Subscribers,Tiktok Followers [ LQ Accounts ] [ 🔱 Provider ] ᴺᴱᵂ,16.4544,0.5142,50,1000000,Yes,Yes,No,USD
29802,TikTok Followers [ Max 1M ] | LQ Accounts | 30 Days ♻️ | Instant Start | Day 100K 🚀,TikTok,Followers/Subscribers,Tiktok Followers [ LQ Accounts ] [ 🔱 Provider ] ᴺᴱᵂ,16.9952,0.5311,50,1000000,Yes,Yes,No,USD
29803,Instagram Likes [ 🇸🇦 Saudi Arabia- Iran 🇮🇷 ] [ Max 10K ] | %100 Arabic &amp; Iranian Accounts | Cancel Enable | No Refill ⚠️ | Instant Start | Day 10K,Instagram,Likes/Reactions,Instagram Services [ 🇸🇦 Saudi Arabia- Iran 🇮🇷 ] ᴺᴱᵂ,6.6912,0.2091,100,10000,No,No,No,USD
29804,Instagram Likes [ 🇸🇦 Saudi Arabia- Iran 🇮🇷 ] [ Max 10K ] | %100 Arabic &amp; Iranian Accounts | Cancel Enable | 30 Days ♻️ | Instant Start | Day 10K,Instagram,Likes/Reactions,Instagram Services [ 🇸🇦 Saudi Arabia- Iran 🇮🇷 ] ᴺᴱᵂ,8.6784,0.2712,100,10000,Yes,No,No,USD
29805,Instagram Followers [ 🇸🇦 Saudi Arabia- Iran 🇮🇷 ] [ Max 10K ] | %100 Arabic &amp; Iranian Accounts | No Refill ⚠️ | Instant Start | Day 10K 🚀,Instagram,Followers/Subscribers,Instagram Services [ 🇸🇦 Saudi Arabia- Iran 🇮🇷 ] ᴺᴱᵂ,17.3568,0.5424,100,10000,No,No,No,USD
29806,Instagram Followers [ 🇸🇦 Saudi Arabia- Iran 🇮🇷 ] [ Max 20K ] | %100 Arabic &amp; Iranian Accounts | 7 Days Automatic Refill ♻️ | Instant Start | Day 20K 🚀,Instagram,Followers/Subscribers,Instagram Services [ 🇸🇦 Saudi Arabia- Iran 🇮🇷 ] ᴺᴱᵂ,28.2048,0.8814,100,20000,Yes,No,No,USD
29807,Instagram Followers [ 🇸🇦 Saudi Arabia- Iran 🇮🇷 - Female 👩 ] [ Max 5K ] | %100 Arabic &amp; Iranian  Accounts | No Refill ⚠️ | Instant Start | Day 5K 🚀,Instagram,Followers/Subscribers,Instagram Services [ 🇸🇦 Saudi Arabia- Iran 🇮🇷 ] ᴺᴱᵂ,33.6288,1.0509,100,5000,No,No,No,USD
29808,Instagram Followers [ 🇸🇦 Saudi Arabia- Iran 🇮🇷 - Male 👨 ] [ Max 5K ] | %100 Arabic &amp; Iranian Accounts | No Refill ⚠️ | Instant Start | Day 5K 🚀,Instagram,Followers/Subscribers,Instagram Services [ 🇸🇦 Saudi Arabia- Iran 🇮🇷 ] ᴺᴱᵂ,33.6288,1.0509,100,5000,No,No,No,USD
29809,Instagram Followers [ 🇸🇦 Saudi Arabia- Iran 🇮🇷 ] [ Max 20K ] | %100 Arabic &amp; Iranian Accounts | 30 Days ♻️ | Instant Start | Day 20K 🚀,Instagram,Followers/Subscribers,Instagram Services [ 🇸🇦 Saudi Arabia- Iran 🇮🇷 ] ᴺᴱᵂ,42.3072,1.3221,10,20000,Yes,No,No,USD
29810,Facebook Page Likes + Followers [ Max 1M ]  | Low Drop | No Refill ⚠️ | Instant Start | Day 100K 🔥,Facebook,Followers/Subscribers,Facebook Page Likes + Followers [ Cheapest 👑 ] ᴺᴱᵂ,9.04,0.2825,10,1000000,No,No,No,USD
29811,Facebook Page Likes + Followers [ Max 1M ] | Low Drop | 30 Days ♻️ | Instant Start | Day 100K 🔥,Facebook,Followers/Subscribers,Facebook Page Likes + Followers [ Cheapest 👑 ] ᴺᴱᵂ,9.4016,0.2938,10,1000000,Yes,No,No,USD
29812,Facebook Page Likes + Followers [ Max 1M ] | Low Drop | 60 Days ♻️ | Instant Start | Day 100K 🔥,Facebook,Followers/Subscribers,Facebook Page Likes + Followers [ Cheapest 👑 ] ᴺᴱᵂ,9.7632,0.3051,10,1000000,Yes,No,No,USD
29813,Facebook Page Likes + Followers [ Max 1M ] | Low Drop | 90 Days ♻️ | Instant Start | Day 100K 🔥,Facebook,Followers/Subscribers,Facebook Page Likes + Followers [ Cheapest 👑 ] ᴺᴱᵂ,10.1248,0.3164,10,1000000,Yes,No,No,USD
29814,Facebook Page Likes + Followers [ Max 1M ] | Low Drop | 365 Days ♻️ | Instant Start | Day 100K 🔥,Facebook,Followers/Subscribers,Facebook Page Likes + Followers [ Cheapest 👑 ] ᴺᴱᵂ,10.4864,0.3277,10,1000000,Yes,No,No,USD
29815,Facebook Page Likes + Followers [ Max 1M ] | Low Drop | Lifetime ♻️ | Instant Start | Day 100K 🔥,Facebook,Followers/Subscribers,Facebook Page Likes + Followers [ Cheapest 👑 ] ᴺᴱᵂ,10.848,0.339,10,1000000,Yes,No,No,USD
29816,TikTok Video Views [ Max Unlimited ] | Low Drop | Cancel Enable | No Refill ⚠️ | Instant Start | Day 10M 🚀🚀,TikTok,Views/Plays,TikTok Video Views [ Cheapest ]⭐ ᴺᴱᵂ,0.256,0.008,100,2147483647,No,No,No,USD
29817,TikTok Video Views [ Max Unlimited ] | Low Drop | Cancel Enable | 15 Days ♻️ | Instant Start | Day 10M 🚀🚀,TikTok,Views/Plays,TikTok Video Views [ Cheapest ]⭐ ᴺᴱᵂ,0.272,0.0085,100,2147483647,No,No,No,USD
29818,TikTok Video Views [ Max Unlimited ] | Low Drop | Cancel Enable | No Refill ⚠️ | Instant Start | Day 10M 🚀🚀,TikTok,Views/Plays,TikTok Video Views [ Cheapest ]⭐ ᴺᴱᵂ,0.2912,0.0091,50,2147483647,No,No,No,USD
29819,TikTok Video Views [ Max Unlimited ] | Low Drop | Cancel Enable | 30 Days ♻️ | Instant Start | Day 10M 🚀🚀,TikTok,Views/Plays,TikTok Video Views [ Cheapest ]⭐ ᴺᴱᵂ,0.3104,0.0097,50,2147483647,No,No,No,USD
29820,TikTok Followers [ Max 200K ] | LQ Accounts | No Refill ⚠️ | Instant Start | Day 200K 🚀,TikTok,Followers/Subscribers,Tiktok Followers [ LQ Accounts ] [ Cheapest 💥 ] ᴺᴱᵂ,14.8256,0.4633,100,200000,No,No,No,USD
29821,TikTok Followers [ Max 200K ] | LQ Accounts | 10 Days ♻️ | Instant Start | Day 200K 🚀,TikTok,Followers/Subscribers,Tiktok Followers [ LQ Accounts ] [ Cheapest 💥 ] ᴺᴱᵂ,15.9104,0.4972,100,200000,Yes,No,No,USD
29822,TikTok Followers [ Max 200K ] | LQ Accounts | 20 Days ♻️ | Instant Start | Day 200K 🚀,TikTok,Followers/Subscribers,Tiktok Followers [ LQ Accounts ] [ Cheapest 💥 ] ᴺᴱᵂ,16.6336,0.5198,100,200000,Yes,No,No,USD
29823,TikTok Followers [ Max 200K ] | LQ Accounts | 30 Days ♻️ | Instant Start | Day 200K 🚀,TikTok,Followers/Subscribers,Tiktok Followers [ LQ Accounts ] [ Cheapest 💥 ] ᴺᴱᵂ,17.3568,0.5424,100,200000,Yes,No,No,USD
29824,Instagram Followers [ Max 20K ] | REAL and BOT Accounts | Cancel Enable | Low Drop | No Refill ⚠️ | Instant Start | Day 20K 🚀,Instagram,Followers/Subscribers,Instagram Followers [ REAL and BOT Accounts ] [ Cheapest ]⭐ ᴺᴱᵂ,11.5712,0.3616,100,20000,No,No,No,USD
29825,Instagram Followers [ Max 20K ] | REAL and BOT Accounts | Cancel Enable | Low Drop | 30 Days ♻️ | Instant Start | Day 20K 🚀,Instagram,Followers/Subscribers,Instagram Followers [ REAL and BOT Accounts ] [ Cheapest ]⭐ ᴺᴱᵂ,13.7408,0.4294,100,20000,Yes,No,No,USD
29826,Instagram Followers [ Max 20K ] | REAL and BOT Accounts | Cancel Enable | Low Drop | 60 Days ♻️ | Instant Start | Day 20K 🚀,Instagram,Followers/Subscribers,Instagram Followers [ REAL and BOT Accounts ] [ Cheapest ]⭐ ᴺᴱᵂ,14.464,0.452,100,20000,Yes,No,No,USD
29827,Instagram Followers [ Max 20K ] | REAL and BOT Accounts | Cancel Enable | Low Drop | 90 Days ♻️ | Instant Start | Day 20K 🚀,Instagram,Followers/Subscribers,Instagram Followers [ REAL and BOT Accounts ] [ Cheapest ]⭐ ᴺᴱᵂ,14.8256,0.4633,100,20000,Yes,No,No,USD
29828,Instagram Followers [ Max 20K ] | REAL and BOT Accounts | Cancel Enable | Low Drop | 365 Days ♻️ | Instant Start | Day 20K 🚀,Instagram,Followers/Subscribers,Instagram Followers [ REAL and BOT Accounts ] [ Cheapest ]⭐ ᴺᴱᵂ,15.9104,0.4972,100,20000,Yes,No,No,USD
29829,Instagram Followers [ Max 20K ] | REAL and BOT Accounts | Cancel Enable | Low Drop | Lifetime ♻️ | Instant Start | Day 20K 🚀,Instagram,Followers/Subscribers,Instagram Followers [ REAL and BOT Accounts ] [ Cheapest ]⭐ ᴺᴱᵂ,17.3568,0.5424,100,20000,Yes,No,No,USD
29830,TikTok Comment Likes [ Max 1M ] | Real Profiles | No Refill ⚠️ | Instant Start | Day 100K 🚀,TikTok,Likes/Reactions,TikTok Comment Likes [ PROVIDER 🏆 ],2.5312,0.0791,10,1000000,No,No,No,USD
29831,TikTok Comment Likes [ Max 1M ] | Real Profiles | 30 Days ♻️ | Instant Start | Day 100K 🚀,TikTok,Likes/Reactions,TikTok Comment Likes [ PROVIDER 🏆 ],2.8928,0.0904,10,1000000,Yes,No,No,USD
29832,Instagram Followers [ Max 100M ] | Old Accounts | Cancel Enable | Low Drop | No Refill ⚠️ | Instant Start | Day 100K 🚀,Instagram,Followers/Subscribers,Instagram Followers [ Bot Accounts ] ⭐ ᴺᴱᵂ,13.7408,0.4294,10,100000000,No,No,No,USD
29833,Instagram Followers [ Turkey 🇹🇷 ] [ Max 30K ] | 100% Real Turkish Accounts | Cancel Enable | Drop 0-5% | 90 Days ♻️ | Instant Start | Day 15K 🚀,Instagram,Followers/Subscribers,Instagram Followers [ 100% Turkish Accounts 🇹🇷 ] [ Non Drop ] ⭐ ᴺᴱᵂ,878.688,27.459,20,30000,Yes,Yes,No,USD
29834,Instagram Followers [ Turkey 🇹🇷 - Male 👨 ] [ Max 30K ] | 100% Real Turkish Accounts | Cancel Enable | Drop 0-5% | 90 Days ♻️ | Instant Start | Day 15K 🚀,Instagram,Followers/Subscribers,Instagram Followers [ 100% Turkish Accounts 🇹🇷 ] [ Non Drop ] ⭐ ᴺᴱᵂ,878.688,27.459,20,30000,Yes,Yes,No,USD
29835,Instagram Followers [ Turkey 🇹🇷 - Female 👩 ] [ Max 30K ] | 100% Real Turkish Accounts | Cancel Enable | Drop 0-5% | 90 Days ♻️ | Instant Start | Day 15K 🚀,Instagram,Followers/Subscribers,Instagram Followers [ 100% Turkish Accounts 🇹🇷 ] [ Non Drop ] ⭐ ᴺᴱᵂ,878.688,27.459,20,30000,Yes,Yes,No,USD
29836,Instagram Followers [ Turkey 🇹🇷 ] [ Max 30K ] | 100% Real Turkish Accounts | Cancel Enable | Drop 0-5% | 365 Days ♻️ | Instant Start | Day 15K 🚀,Instagram,Followers/Subscribers,Instagram Followers [ 100% Turkish Accounts 🇹🇷 ] [ Non Drop ] ⭐ ᴺᴱᵂ,1312.608,41.019,20,30000,Yes,Yes,No,USD
29837,Instagram Followers [ Turkey 🇹🇷 - Male 👨 ] [ Max 30K ] | 100% Real Turkish Accounts | Cancel Enable | Drop 0-5% | 365 Days ♻️ | Instant Start | Day 15K 🚀,Instagram,Followers/Subscribers,Instagram Followers [ 100% Turkish Accounts 🇹🇷 ] [ Non Drop ] ⭐ ᴺᴱᵂ,1312.608,41.019,20,30000,Yes,Yes,No,USD
29838,Instagram Followers [ Turkey 🇹🇷 - Female 👩 ] [ Max 30K ] | 100% Real Turkish Accounts | Cancel Enable | Drop 0-5% | 365 Days ♻️ | Instant Start | Day 15K 🚀,Instagram,Followers/Subscribers,Instagram Followers [ 100% Turkish Accounts 🇹🇷 ] [ Non Drop ] ⭐ ᴺᴱᵂ,1312.608,41.019,20,30000,Yes,Yes,No,USD
29839,TikTok Followers [ Max 10M ] | Low Drop | No Refill ⚠️ | Instant Start | Day 100K 🚀,TikTok,Followers/Subscribers,Tiktok Followers [ Cheapest ⚡️ ] ᴺᴱᵂ,20.6112,0.6441,10,10000000,No,Yes,No,USD
29840,TikTok Followers [ Max 10M ] | Low Drop | 30 Days ♻️ | Instant Start | Day 100K 🚀,TikTok,Followers/Subscribers,Tiktok Followers [ Cheapest ⚡️ ] ᴺᴱᵂ,22.0576,0.6893,10,10000000,Yes,No,No,USD
29841,TikTok Followers [ Max 10M ] | Low Drop | 60 Days ♻️ | Instant Start | Day 100K 🚀,TikTok,Followers/Subscribers,Tiktok Followers [ Cheapest ⚡️ ] ᴺᴱᵂ,23.8656,0.7458,10,10000000,Yes,Yes,No,USD
29842,TikTok Followers [ Max 10M ] | Low Drop | 90 Days ♻️ | Instant Start | Day 100K 🚀,TikTok,Followers/Subscribers,Tiktok Followers [ Cheapest ⚡️ ] ᴺᴱᵂ,25.6736,0.8023,10,10000000,Yes,Yes,No,USD
29843,TikTok Followers [ Max 10M ] | Low Drop | 365 Days ♻️ | Instant Start | Day 100K 🚀,TikTok,Followers/Subscribers,Tiktok Followers [ Cheapest ⚡️ ] ᴺᴱᵂ,27.4816,0.8588,10,10000000,Yes,Yes,No,USD
29844,TikTok Followers [ Max 10M ] | Low Drop | Lifetime ♻️ | Instant Start | Day 100K 🚀,TikTok,Followers/Subscribers,Tiktok Followers [ Cheapest ⚡️ ] ᴺᴱᵂ,29.2896,0.9153,10,10000000,Yes,Yes,No,USD
29845,YouTube Live Stream Custom Chat Comments [ Max 100K ] | HQ Accounts | Instant Start | Instant Delivery,YouTube,Live Stream Viewers,YouTube Live Stream Custom Chat Comments ᴺᴱᵂ,59.664,1.8645,5,100000,No,No,No,USD
29846,YouTube Live Stream Custom Chat Comments [ Max 100K ] | HQ Accounts | Instant Start | 1-5 Chats per Minute,YouTube,Live Stream Viewers,YouTube Live Stream Custom Chat Comments ᴺᴱᵂ,59.664,1.8645,5,100000,No,No,No,USD
29847,YouTube Live Stream Custom Chat Comments [ Max 100K ] | HQ Accounts | Instant Start | 5-10 Chats per Minute,YouTube,Live Stream Viewers,YouTube Live Stream Custom Chat Comments ᴺᴱᵂ,59.664,1.8645,5,100000,No,No,No,USD
29848,YouTube Live Stream Custom Chat Comments [ Max 100K ] | HQ Accounts | Instant Start | 10-20 Chats per Minute,YouTube,Live Stream Viewers,YouTube Live Stream Custom Chat Comments ᴺᴱᵂ,59.664,1.8645,5,100000,No,No,No,USD
29849,YouTube Live Stream Custom Chat Comments [ Max 100K ] | HQ Accounts | Instant Start | 20-30 Chats per Minute,YouTube,Live Stream Viewers,YouTube Live Stream Custom Chat Comments ᴺᴱᵂ,59.664,1.8645,5,100000,No,No,No,USD
29850,YouTube Live Stream Custom Chat Comments [ Max 100K ] | HQ Accounts | Instant Start | 30-40 Chats per Minute,YouTube,Live Stream Viewers,YouTube Live Stream Custom Chat Comments ᴺᴱᵂ,59.664,1.8645,5,100000,No,No,No,USD
29851,YouTube Live Stream Custom Chat Comments [ Max 100K ] | HQ Accounts | Instant Start | 40-50 Chats per Minute,YouTube,Live Stream Viewers,YouTube Live Stream Custom Chat Comments ᴺᴱᵂ,59.664,1.8645,5,100000,No,No,No,USD
29852,TikTok Likes [ Max 5M ] | Real and Bot Accounts | Cancel Enable | No Refill ⚠️ | Instant Start | Day 200K 🚀 𝟭 𝗠𝗶𝗻𝘂𝘁𝗲𝘀 𝟭𝟬𝗸 𝗦𝗽𝗲𝗲𝗱,TikTok,Likes/Reactions,TikTok Likes [ Cheapest ] [ 1 Minutes 10K Speed ] ᴺᴱᵂ,0.544,0.017,10,5000000,No,Yes,No,USD
29853,TikTok Likes [ Max 5M ] | Real and Bot Accounts | Cancel Enable | 30 Days ♻️ | Instant Start | Day 200K 🚀 𝟭 𝗠𝗶𝗻𝘂𝘁𝗲𝘀 𝟭𝟬𝗸 𝗦𝗽𝗲𝗲𝗱,TikTok,Likes/Reactions,TikTok Likes [ Cheapest ] [ 1 Minutes 10K Speed ] ᴺᴱᵂ,0.5792,0.0181,10,5000000,Yes,Yes,No,USD
29854,TikTok Likes [ Max 5M ] | Real and Bot Accounts | Cancel Enable | 60 Days ♻️ | Instant Start | Day 200K 🚀 𝟭 𝗠𝗶𝗻𝘂𝘁𝗲𝘀 𝟭𝟬𝗸 𝗦𝗽𝗲𝗲𝗱,TikTok,Likes/Reactions,TikTok Likes [ Cheapest ] [ 1 Minutes 10K Speed ] ᴺᴱᵂ,0.6176,0.0193,10,5000000,Yes,Yes,No,USD
29855,TikTok Likes [ Max 5M ] | Real and Bot Accounts | Cancel Enable | 90 Days ♻️ | Instant Start | Day 200K 🚀 𝟭 𝗠𝗶𝗻𝘂𝘁𝗲𝘀 𝟭𝟬𝗸 𝗦𝗽𝗲𝗲𝗱,TikTok,Likes/Reactions,TikTok Likes [ Cheapest ] [ 1 Minutes 10K Speed ] ᴺᴱᵂ,0.6528,0.0204,10,5000000,Yes,Yes,No,USD
29856,TikTok Likes [ Max 5M ] | Real and Bot Accounts | Cancel Enable | 365 Days ♻️ | Instant Start | Day 200K 🚀 𝟭 𝗠𝗶𝗻𝘂𝘁𝗲𝘀 𝟭𝟬𝗸 𝗦𝗽𝗲𝗲𝗱,TikTok,Likes/Reactions,TikTok Likes [ Cheapest ] [ 1 Minutes 10K Speed ] ᴺᴱᵂ,0.688,0.0215,10,5000000,Yes,Yes,No,USD
29857,TikTok Likes [ Max 5M ] | Real and Bot Accounts | Cancel Enable | Lifetime ♻️ | Instant Start | Day 200K 🚀 𝟭 𝗠𝗶𝗻𝘂𝘁𝗲𝘀 𝟭𝟬𝗸 𝗦𝗽𝗲𝗲𝗱,TikTok,Likes/Reactions,TikTok Likes [ Cheapest ] [ 1 Minutes 10K Speed ] ᴺᴱᵂ,0.7232,0.0226,10,5000000,Yes,Yes,No,USD
29858,X / Twitter Tweet/Video Views + Impressions + Engagements + Details + Profile Visits [ Max Unlimited ] | HQ | Cancel Enable | Drop 0% | No Refill ⚠️ | Instant Start | Day 2M 🚀,Twitter/X,Views/Plays,Twitter Tweet Views [ Tweet/Video Views + Impressions + Engagements + Details + Profile Visits ] ᴺᴱ,0.1472,0.0046,100,2147483647,No,No,No,USD
29859,X / Twitter Tweet/Video Views + Impressions + Engagements + Details + Profile Visits [ Max Unlimited ] | HQ | Cancel Enable | Drop 0% | 30 Days ♻️ | Instant Start | Day 2M 🚀,Twitter/X,Views/Plays,Twitter Tweet Views [ Tweet/Video Views + Impressions + Engagements + Details + Profile Visits ] ᴺᴱ,0.1504,0.0047,100,2147483647,Yes,No,No,USD
29860,X / Twitter Tweet/Video Views + Impressions + Engagements + Details + Profile Visits [ Max Unlimited ] | HQ | Cancel Enable | Drop 0% | 365 Days ♻️ | Instant Start | Day 2M 🚀,Twitter/X,Views/Plays,Twitter Tweet Views [ Tweet/Video Views + Impressions + Engagements + Details + Profile Visits ] ᴺᴱ,0.1536,0.0048,100,2147483647,Yes,No,No,USD
29861,X / Twitter Tweet/Video Views + Impressions + Engagements + Details + Profile Visits [ Max Unlimited ] | HQ | Cancel Enable | Drop 0% | Lifetime ♻️ | Instant Start | Day 2M 🚀,Twitter/X,Views/Plays,Twitter Tweet Views [ Tweet/Video Views + Impressions + Engagements + Details + Profile Visits ] ᴺᴱ,0.1568,0.0049,100,2147483647,Yes,No,No,USD
29862,X / Twitter Tweet - Video Views [ Max Unlimited ] | HQ | Cancel Enable | Drop 0% | No Refill ⚠️ | Instant Start | Day 2M 🚀,Twitter/X,Views/Plays,X / Twitter Tweet Views ᴺᴱᵂ,0.1472,0.0046,100,2147483647,No,No,No,USD
29863,X / Twitter Tweet - Video Views [ Max Unlimited ] | HQ | Cancel Enable | Drop 0% | 30 Days ♻️ | Instant Start | Day 2M 🚀,Twitter/X,Views/Plays,X / Twitter Tweet Views ᴺᴱᵂ,0.1504,0.0047,100,2147483647,Yes,No,No,USD
29864,X / Twitter Tweet - Video Views [ Max Unlimited ] | HQ | Cancel Enable | Drop 0% | 365 Days ♻️ | Instant Start | Day 2M 🚀,Twitter/X,Views/Plays,X / Twitter Tweet Views ᴺᴱᵂ,0.1536,0.0048,100,2147483647,Yes,No,No,USD
29865,X / Twitter Tweet - Video Views [ Max Unlimited ] | HQ | Cancel Enable | Drop 0% | Lifetime ♻️ | Instant Start | Day 2M 🚀,Twitter/X,Views/Plays,X / Twitter Tweet Views ᴺᴱᵂ,0.1568,0.0049,100,2147483647,Yes,No,No,USD
29872,TikTok Video Views [ Max Unlimited ] | Low Drop | Cancel Enable | No Refill ⚠️ | Instant Start | Day 10M 🚀🚀,TikTok,Views/Plays,TikTok Video Views [ Super Fast Delivery 🚀 ] ᴺᴱᵂ,0.256,0.008,100,2147483647,No,No,No,USD
29873,TikTok Video Views [ Max Unlimited ] | Low Drop | Cancel Enable | No Refill ⚠️ | Instant Start | Day 10M 🚀🚀,TikTok,Views/Plays,TikTok Video Views [ Super Fast Delivery 🚀 ] ᴺᴱᵂ,0.2688,0.0084,100,2147483647,No,No,No,USD
29874,TikTok Video Views [ Max Unlimited ] | Low Drop | Cancel Enable | 30 Days ♻️ | Instant Start | Day 10M 🚀🚀,TikTok,Views/Plays,TikTok Video Views [ Super Fast Delivery 🚀 ] ᴺᴱᵂ,0.2944,0.0092,100,2147483647,Yes,No,No,USD
29875,⚙️ TikTok Video Views [ Max Unlimited ] | HQ | 7 Days Auto ♻️ | Instant Start | Day 50M 🚀,TikTok,Views/Plays,Tiktok Video Views [ Auto Refill ♻️ ] [ CHEAP ♻️ ] ᴺᴱᵂ,0.2912,0.0091,100,2147483647,No,No,No,USD
29876,⚙️ TikTok Video Views [ Max Unlimited ] | HQ | 15 Days Auto ♻️ | Instant Start | Day 50M 🚀,TikTok,Views/Plays,Tiktok Video Views [ Auto Refill ♻️ ] [ CHEAP ♻️ ] ᴺᴱᵂ,0.3264,0.0102,100,2147483647,No,No,No,USD
29877,⚙️ TikTok Video Views [ Max Unlimited ] | HQ | 21 Days Auto ♻️ | Instant Start | Day 50M 🚀,TikTok,Views/Plays,Tiktok Video Views [ Auto Refill ♻️ ] [ CHEAP ♻️ ] ᴺᴱᵂ,0.4,0.0125,100,2147483647,No,No,No,USD
29878,⚙️ TikTok Video Views [ Max Unlimited ] | HQ | 30 Days Auto ♻️ | Instant Start | Day 50M 🚀,TikTok,Views/Plays,Tiktok Video Views [ Auto Refill ♻️ ] [ CHEAP ♻️ ] ᴺᴱᵂ,0.4704,0.0147,100,2147483647,No,No,No,USD
29879,TikTok Followers [ Max 10M ] | LQ Accounts | Cancel Enable | No Refill ⚠️ | Instant Start | Day 50K 🚀,TikTok,Followers/Subscribers,Tiktok Followers [ ULTRA SUPERFAST ⭐ ] ᴺᴱᵂ,23.8656,0.7458,10,100000000,No,Yes,No,USD
29880,TikTok Followers [ Max 10M ] | LQ Accounts  | Cancel Enable | No Refill ⚠️ | Instant Start | Day 50K 🚀,TikTok,Followers/Subscribers,Tiktok Followers [ ULTRA SUPERFAST ⭐ ] ᴺᴱᵂ,24.5888,0.7684,10,100000000,No,Yes,No,USD
29881,TikTok Followers [ Max 10M ] | LQ Accounts  | Cancel Enable | 10 Days ♻️ | Instant Start | Day 50K 🚀,TikTok,Followers/Subscribers,Tiktok Followers [ ULTRA SUPERFAST ⭐ ] ᴺᴱᵂ,26.3968,0.8249,10,100000000,Yes,Yes,No,USD
29882,TikTok Followers [ Max 10M ] | LQ Accounts  | Cancel Enable | 30 Days ♻️ | Instant Start | Day 50K 🚀,TikTok,Followers/Subscribers,Tiktok Followers [ ULTRA SUPERFAST ⭐ ] ᴺᴱᵂ,30.736,0.9605,10,100000000,Yes,Yes,No,USD
29883,TikTok Followers [ Max 10M ] | LQ Accounts  | Cancel Enable | 60 Days ♻️ | Instant Start | Day 50K 🚀,TikTok,Followers/Subscribers,Tiktok Followers [ ULTRA SUPERFAST ⭐ ] ᴺᴱᵂ,36.16,1.13,10,100000000,Yes,Yes,No,USD
29884,TikTok Followers [ Max 10M ] | LQ Accounts  | Cancel Enable | 90 Days ♻️ | Instant Start | Day 50K 🚀,TikTok,Followers/Subscribers,Tiktok Followers [ ULTRA SUPERFAST ⭐ ] ᴺᴱᵂ,41.2224,1.2882,10,100000000,Yes,Yes,No,USD
29885,TikTok Followers [ Max 10M ] | LQ Accounts  | Cancel Enable | 365 Days ♻️ | Instant Start | Day 50K 🚀,TikTok,Followers/Subscribers,Tiktok Followers [ ULTRA SUPERFAST ⭐ ] ᴺᴱᵂ,47.008,1.469,10,100000000,Yes,Yes,No,USD
29886,TikTok Followers [ Max 10M ] | LQ Accounts  | Cancel Enable | Lifetime ♻️ | Instant Start | Day 50K 🚀,TikTok,Followers/Subscribers,Tiktok Followers [ ULTRA SUPERFAST ⭐ ] ᴺᴱᵂ,52.432,1.6385,10,100000000,Yes,Yes,No,USD
29887,TikTok Video Views [ Max Unlimited ] | Low Drop | Cancel Enable | No Refill ⚠️ | Instant Start | Day 10M 🚀🚀,TikTok,Views/Plays,Tiktok Views [ Recommended ⭐ ] ᴺᴱᵂ,0.256,0.008,50,2147483647,No,No,No,USD
29889,TikTok Video Views [ Max Unlimited ] | Low Drop | Cancel Enable | No Refill ⚠️ | Instant Start | Day 50M 🚀🚀,TikTok,Views/Plays,Tiktok Views [ Recommended ⭐ ] ᴺᴱᵂ,0.256,0.008,10,2147483647,No,No,No,USD
29888,TikTok Video Views [ Max Unlimited ] | Low Drop | Cancel Enable | 30 Days ♻️ | Instant Start | Day 10M 🚀🚀,TikTok,Views/Plays,Tiktok Views [ Recommended ⭐ ] ᴺᴱᵂ,0.2912,0.0091,50,2147483647,No,No,No,USD
29890,TikTok Video Views [ Max Unlimited ] | Low Drop | Cancel Enable | 30 Days ♻️ | Instant Start | Day 50M 🚀🚀,TikTok,Views/Plays,Tiktok Views [ Recommended ⭐ ] ᴺᴱᵂ,0.2912,0.0091,10,2147483647,Yes,No,No,USD
29908,Facebook Group Members [ Max 100K ] | HQ Accounts | Cancel Enable | Low Drop | No Refill ⚠️ | Instant Start | Day 50K 🚀,Facebook,Followers/Subscribers,Facebook Group Members [ Cheapest 💥] ᴺᴱᵂ,6.8352,0.2136,100,100000,No,Yes,No,USD
29909,Facebook Group Members [ Max 100K ] | HQ Accounts | Cancel Enable | Low Drop | 30 Days ♻️ | Instant Start | Day 50K 🚀,Facebook,Followers/Subscribers,Facebook Group Members [ Cheapest 💥] ᴺᴱᵂ,7.5936,0.2373,100,100000,Yes,Yes,No,USD
29910,Facebook Group Members [ Max 100K ] | HQ Accounts | Cancel Enable | Low Drop | 60 Days ♻️ | Instant Start | Day 50K 🚀,Facebook,Followers/Subscribers,Facebook Group Members [ Cheapest 💥] ᴺᴱᵂ,8.3168,0.2599,100,100000,Yes,Yes,No,USD
29918,Facebook Followers [ All Type ] [ Max 1M ] | HQ Accounts | Low Drop | No Refill ⚠️ | Instant Start | Day 100K 🚀,Facebook,Followers/Subscribers,Facebook Followers [ All Type Working ] [ Cheapest 💥] ᴺᴱᵂ,6.5088,0.2034,100,1000000,No,Yes,No,USD
29919,Facebook Followers [ All Type ] [ Max 1M ] | HQ Accounts | Low Drop | 30 Days ♻️ | Instant Start | Day 100K 🚀,Facebook,Followers/Subscribers,Facebook Followers [ All Type Working ] [ Cheapest 💥] ᴺᴱᵂ,7.0528,0.2204,100,1000000,Yes,Yes,No,USD
29926,TikTok Followers [ Max 1M ] | 100% Real Accounts with Posts | Cancel Enable | No Refill ⚠️ | Instant Start | Day 100K 🚀,TikTok,Followers/Subscribers,Tiktok Followers [ Cheapest 💥] [ Fast Server 🚀 ] ᴺᴱᵂ,37.968,1.1865,10,1000000,No,Yes,No,USD
29927,TikTok Followers [ Max 1M ] | 100% Real Accounts with Posts | Cancel Enable | 7 Days ♻️ | Instant Start | Day 100K 🚀,TikTok,Followers/Subscribers,Tiktok Followers [ Cheapest 💥] [ Fast Server 🚀 ] ᴺᴱᵂ,43.392,1.356,10,1000000,Yes,Yes,No,USD
29928,TikTok Followers [ Max 1M ] | 100% Real Accounts with Posts | Cancel Enable | 14 Days ♻️ | Instant Start | Day 100K 🚀,TikTok,Followers/Subscribers,Tiktok Followers [ Cheapest 💥] [ Fast Server 🚀 ] ᴺᴱᵂ,46.2848,1.4464,10,1000000,Yes,Yes,No,USD
29929,TikTok Followers [ Max 10M ] | 100% Real Accounts | Cancel Enable | No Refill ⚠️ | Instant Start | Day 50K 🚀,TikTok,Followers/Subscribers,Tiktok Followers [ Cheapest 💥] [ Slow Server ] ᴺᴱᵂ,27.12,0.8475,10,10000000,No,Yes,No,USD
29930,TikTok Followers [ Max 10M ] | 100% Real Accounts | Cancel Enable | 7 Days ♻️ | Instant Start | Day 50K 🚀,TikTok,Followers/Subscribers,Tiktok Followers [ Cheapest 💥] [ Slow Server ] ᴺᴱᵂ,30.736,0.9605,10,10000000,Yes,Yes,No,USD
29931,TikTok Followers [ Max 10M ] | 100% Real Accounts | Cancel Enable | 14 Days ♻️ | Instant Start | Day 50K 🚀,TikTok,Followers/Subscribers,Tiktok Followers [ Cheapest 💥] [ Slow Server ] ᴺᴱᵂ,35.4368,1.1074,10,10000000,Yes,Yes,No,USD
29932,TikTok Followers [ Max 5M ] | 100% Real Accounts | Cancel Enable | No Refill ⚠️ | Instant Start | Day 30K 🚀,TikTok,Followers/Subscribers,Tiktok Followers [ Cheapest 💥] [ Slow Server ]  [ S2 ]  ᴺᴱᵂ,48.816,1.5255,10,5000000,No,No,No,USD
29933,TikTok Followers [ Max 5M ] | 100% Real Accounts | Cancel Enable | 7 Days ♻️ | Instant Start | Day 30K 🚀,TikTok,Followers/Subscribers,Tiktok Followers [ Cheapest 💥] [ Slow Server ]  [ S2 ]  ᴺᴱᵂ,50.624,1.582,10,5000000,Yes,No,No,USD
29934,TikTok Followers [ Max 5M ] | 100% Real Accounts | Cancel Enable | 14 Days ♻️ | Instant Start | Day 30K 🚀,TikTok,Followers/Subscribers,Tiktok Followers [ Cheapest 💥] [ Slow Server ]  [ S2 ]  ᴺᴱᵂ,52.432,1.6385,10,5000000,Yes,No,No,USD
29944,TikTok Followers [ Max 100M ] | 100% Real Users with Posts | No Refill ⚠️ | Instant Start | Day 10K 🚀,TikTok,Followers/Subscribers,TikTok Followers [ Cheapest NEW 💥 ] ᴺᴱᵂ,26.3968,0.8249,10,100000000,No,Yes,No,USD
29946,TikTok Followers [ Max 1M ] | 100% Real Users with Posts | No Refill ⚠️ | Instant Start | Day 300K 🚀,TikTok,Followers/Subscribers,TikTok Followers [ Cheapest NEW 💥 ] ᴺᴱᵂ,36.16,1.13,10,1000000,No,No,No,USD
29945,TikTok Followers [ Max 1M ] | 100% Real Users with Posts | No Refill ⚠️ | Instant Start | Day 100K 🚀,TikTok,Followers/Subscribers,TikTok Followers [ Cheapest NEW 💥 ] ᴺᴱᵂ,50.624,1.582,10,1000000,No,No,No,USD
29947,TikTok Video Views [ Max Unlimited ] | Cancel Enable | No Refill ⚠️ | Instant Start | Day 5M 🚀🚀,TikTok,Views/Plays,TikTok Video Views [ Update 25.11.2025 ] ᴺᴱᵂ,0.256,0.008,100,2147483647,No,No,No,USD
29948,TikTok Video Views [ Max Unlimited ] | Cancel Enable | No Refill ⚠️ | Instant Start | Day 10M 🚀🚀,TikTok,Views/Plays,TikTok Video Views [ Update 25.11.2025 ] ᴺᴱᵂ,0.2656,0.0083,100,2147483647,No,No,No,USD
29949,TikTok Video Views  [ Max Unlimited ] | Cancel Enable | No Refill ⚠️ | Instant Start | Day 10M 🚀🚀,TikTok,Views/Plays,TikTok Video Views [ Update 25.11.2025 ] ᴺᴱᵂ,0.2848,0.0089,100,2147483647,No,No,No,USD
29950,TikTok Video Views [ Max Unlimited ] | Cancel Enable | No Refill ⚠️ | Instant Start | Day 10M 🚀🚀,TikTok,Views/Plays,TikTok Video Views [ Cheapest 💥] ᴺᴱᵂ,0.256,0.008,50,2147483647,No,No,No,USD
29951,TikTok Video Views [ Max Unlimited ] | Cancel Enable | No Refill ⚠️ | Instant Start | Day 10M 🚀🚀,TikTok,Views/Plays,TikTok Video Views [ Cheapest 💥] ᴺᴱᵂ,0.2624,0.0082,100,2147483647,No,No,No,USD
29953,TikTok Video Views [ Max Unlimited ] | Cancel Enable | No Refill ⚠️ | Instant Start | Day 10M 🚀🚀 𝗦𝗟𝗢𝗪,TikTok,Views/Plays,TikTok Video Views [ Cheapest 💥] ᴺᴱᵂ,0.2656,0.0083,100,2147483647,No,No,No,USD
29952,TikTok Video Views [ Max Unlimited ] | Cancel Enable | 30 Days ♻️ | Instant Start | Day 10M 🚀🚀 𝗕𝗨𝗧𝗧𝗢𝗡 𝗪𝗢𝗥𝗞İ𝗡𝗚,TikTok,Views/Plays,TikTok Video Views [ Cheapest 💥] ᴺᴱᵂ,0.2912,0.0091,100,2147483647,No,No,No,USD
29954,TikTok Video Views [ Max Unlimited ] | Cancel Enable | 30 Days ♻️ | Instant Start | Day 10M 🚀🚀 𝗦𝗟𝗢𝗪,TikTok,Views/Plays,TikTok Video Views [ Cheapest 💥] ᴺᴱᵂ,0.2976,0.0093,100,2147483647,No,No,No,USD
29955,Tiktok Followers [ Max 1M ] | 100% Real Active Accounts | Cancel Enable | Drop 0-5% | No Refill ⚠️ | Instant Start | Day 200K 🚀,TikTok,Followers/Subscribers,TikTok Followers [ Non Drop ] [ ULTRA FAST ] ᴺᴱᵂ,34.352,1.0735,10,1000000,No,Yes,No,USD
29956,Tiktok Followers [ Max 1M ] | 100% Real Active Accounts | Cancel Enable | Drop 0-5% | 10 Days ♻️ | Instant Start | Day 200K 🚀,TikTok,Followers/Subscribers,TikTok Followers [ Non Drop ] [ ULTRA FAST ] ᴺᴱᵂ,37.968,1.1865,10,1000000,Yes,Yes,No,USD
29958,Instagram Followers [ Max 50K ] | Old Accounts with Posts | Cancel Enable | Low Drop | No Refill ⚠️ | Instant Start | Day 100K 🚀,Instagram,Followers/Subscribers,Instagram Followers [ 100% Old Accounts ] [ No Refill ⚠️ ] ᴺᴱᵂ,18.624,0.582,100,50000,No,No,No,USD
29957,Instagram Followers [ Max 10M ] | Old Accounts with Posts | Cancel Enable | Low Drop | No Refill ⚠️ | Instant Start | Day 100K 🚀,Instagram,Followers/Subscribers,Instagram Followers [ 100% Old Accounts ] [ No Refill ⚠️ ] ᴺᴱᵂ,21.04,0.6575,100,10000000,No,No,No,USD
29959,Instagram Followers [ Max 50K ] | 100% Old Accounts With Posts | Cancel Enable | Low Drop | No Refill ⚠️ | Instant Start | Day 100K 🚀,Instagram,Followers/Subscribers,Instagram Followers [ 100% Old Accounts ] [ No Refill ⚠️ ] ᴺᴱᵂ,21.696,0.678,100,50000,No,No,No,USD
29960,Instagram Followers [ Max 1M ] | Real Accounts with Posts | Cancel Enable | No Refill ⚠️ | Instant Start | Day 100K 🚀,Instagram,Followers/Subscribers,Instagram Followers [ 100% Old Accounts ] [ Cheapest Stable ✨ ]  ᴺᴱᵂ,24.2272,0.7571,100,1000000,No,No,No,USD
29961,Instagram Followers [ Max 1M ] | Real Accounts with Posts | Cancel Enable | 30 Days ♻️ | Instant Start | Day 100K 🚀,Instagram,Followers/Subscribers,Instagram Followers [ 100% Old Accounts ] [ Cheapest Stable ✨ ]  ᴺᴱᵂ,28.2048,0.8814,100,1000000,Yes,No,No,USD
29962,Instagram Followers [ Max 1M ] | Real Accounts with Posts | Cancel Enable | 60 Days ♻️ | Instant Start | Day 100K 🚀,Instagram,Followers/Subscribers,Instagram Followers [ 100% Old Accounts ] [ Cheapest Stable ✨ ]  ᴺᴱᵂ,29.6512,0.9266,100,1000000,Yes,No,No,USD
29963,Instagram Followers [ Max 1M ] | Real Accounts with Posts | Cancel Enable | 90 Days ♻️ | Instant Start | Day 100K 🚀,Instagram,Followers/Subscribers,Instagram Followers [ 100% Old Accounts ] [ Cheapest Stable ✨ ]  ᴺᴱᵂ,30.736,0.9605,100,1000000,Yes,No,No,USD
29964,Instagram Followers [ Max 10M ] | Real Accounts with Posts | Cancel Enable | 365 Days ♻️ | Instant Start | Day 100K 🚀,Instagram,Followers/Subscribers,Instagram Followers [ 100% Old Accounts ] [ Cheapest Stable ✨ ]  ᴺᴱᵂ,31.8208,0.9944,100,1000000,Yes,No,No,USD
29965,Instagram Followers [ Max 10M ] | Real Accounts with Posts | Cancel Enable | Lifetime ♻️ | Instant Start | Day 100K 🚀,Instagram,Followers/Subscribers,Instagram Followers [ 100% Old Accounts ] [ Cheapest Stable ✨ ]  ᴺᴱᵂ,33.6288,1.0509,100,1000000,Yes,No,No,USD
29966,Tiktok Followers [ Max 1M ] | 100% Real Active Accounts | Cancel Enable | Drop 0-5% | No Refill ⚠️ | Instant Start | Day 200K 🚀,TikTok,Followers/Subscribers,TikTok Followers [ Non Drop ] [ Recommended 🥇 ] ᴺᴱᵂ,41.2224,1.2882,10,1000000,No,Yes,No,USD
29967,Tiktok Followers [ Max 1M ] | 100% Real Active Accounts | Cancel Enable | Drop 0-5% | 7 Days ♻️ | Instant Start | Day 200K 🚀,TikTok,Followers/Subscribers,TikTok Followers [ Non Drop ] [ Recommended 🥇 ] ᴺᴱᵂ,45.2,1.4125,10,1000000,Yes,Yes,No,USD
29968,Tiktok Followers [ Max 1M ] | 100% Real Active Accounts | Cancel Enable | Drop 0-5% | 15 Days ♻️ | Instant Start | Day 200K 🚀,TikTok,Followers/Subscribers,TikTok Followers [ Non Drop ] [ Recommended 🥇 ] ᴺᴱᵂ,47.008,1.469,10,1000000,Yes,Yes,No,USD
29969,Tiktok Followers [ Max 1M ] | 100% Real Active Accounts | Cancel Enable | Drop 0-5% | 30 Days ♻️ | Instant Start | Day 200K 🚀,TikTok,Followers/Subscribers,TikTok Followers [ Non Drop ] [ Recommended 🥇 ] ᴺᴱᵂ,50.624,1.582,10,1000000,Yes,Yes,No,USD
29970,TikTok Video Views [ Max Unlimited ] | Low Drop | Cancel Enable | No Refill ⚠️ | Instant Start | Day 10M 🚀🚀,TikTok,Views/Plays,TikTok Video Views [ ULTRA CHEAP ] ᴺᴱᵂ,0.256,0.008,100,2147483647,No,No,No,USD
29971,TikTok Video Views [ Max Unlimited ] | Low Drop | Cancel Enable | 30 Days ♻️ | Instant Start | Day 10M 🚀🚀,TikTok,Views/Plays,TikTok Video Views [ ULTRA CHEAP ] ᴺᴱᵂ,0.2912,0.0091,100,2147483647,No,No,No,USD
29972,Tiktok Video Views [ Min 10K ] [ Max 10M ] | HQ | Cancel Enable | 15 Days Auto Refill ♻️ | Instant Start | Day 5M 🚀,TikTok,Views/Plays,Tiktok Video Views [ Auto Refill ♻️ ] ᴺᴱᵂ,0.4352,0.0136,10000,100000000,No,No,No,USD
29973,Tiktok Video Views [ Min 10K ] [ Max 10M ] | HQ | Cancel Enable | 21 Days Auto Refill ♻️ | Instant Start | Day 5M 🚀,TikTok,Views/Plays,Tiktok Video Views [ Auto Refill ♻️ ] ᴺᴱᵂ,0.5088,0.0159,10000,100000000,No,No,No,USD
29974,Tiktok Video Views [ Min 10K ] [ Max 10M ] | HQ | Cancel Enable | 30 Days Auto Refill ♻️ | Instant Start | Day 5M 🚀,TikTok,Views/Plays,Tiktok Video Views [ Auto Refill ♻️ ] ᴺᴱᵂ,0.6528,0.0204,10000,100000000,No,No,No,USD
29975,TikTok Followers [ Max 100K ] | 100% Real Users with Posts | Low Drop | No Refill ⚠️ | Instant Start | Day 5K 🚀,TikTok,Followers/Subscribers,TikTok Followers [ Drop 0% ] ᴺᴱᵂ,26.3968,0.8249,10,100000,No,Yes,No,USD
29976,TikTok Followers [ Max 100K ] | 100% Real Users with Posts | Low Drop | 7 Days ♻️ | Instant Start | Day 5K 🚀,TikTok,Followers/Subscribers,TikTok Followers [ Drop 0% ] ᴺᴱᵂ,27.12,0.8475,10,100000,Yes,Yes,No,USD
29977,TikTok Followers [ Max 100K ] | 100% Real Users with Posts | Low Drop | 15 Days ♻️ | Instant Start | Day 5K 🚀,TikTok,Followers/Subscribers,TikTok Followers [ Drop 0% ] ᴺᴱᵂ,27.8432,0.8701,10,100000,Yes,Yes,No,USD
29978,TikTok Followers [ Max 100K ] | 100% Real Users with Posts | Low Drop | 30 Days ♻️ | Instant Start | Day 5K 🚀,TikTok,Followers/Subscribers,TikTok Followers [ Drop 0% ] ᴺᴱᵂ,28.5664,0.8927,10,100000,Yes,Yes,No,USD
29979,TikTok Likes [ Max 1M ] | Hidden Profile | Cancel Enable | No Refill ⚠️ | Instant Start | Day 500K 🚀,TikTok,Likes/Reactions,TikTok Likes [ FAST SERVER  ] ᴺᴱᵂ,0.544,0.017,10,1000000,No,Yes,No,USD
29980,TikTok Likes [ Max 1M ] | Hidden Profile | Cancel Enable | 30 Days ♻️ | Instant Start | Day 500K 🚀,TikTok,Likes/Reactions,TikTok Likes [ FAST SERVER  ] ᴺᴱᵂ,0.5792,0.0181,10,1000000,Yes,Yes,No,USD
29981,TikTok Likes [ Max 1M ] | Hidden Profile | Cancel Enable | 60 Days ♻️ | Instant Start | Day 500K 🚀,TikTok,Likes/Reactions,TikTok Likes [ FAST SERVER  ] ᴺᴱᵂ,0.6176,0.0193,10,1000000,Yes,Yes,No,USD
29982,TikTok Likes [ Max 1M ] | Hidden Profile | Cancel Enable | 90 Days ♻️ | Instant Start | Day 500K 🚀,TikTok,Likes/Reactions,TikTok Likes [ FAST SERVER  ] ᴺᴱᵂ,0.6528,0.0204,10,1000000,Yes,Yes,No,USD
29983,TikTok Likes [ Max 1M ] | Hidden Profile | Cancel Enable | 365 Days ♻️ | Instant Start | Day 500K 🚀,TikTok,Likes/Reactions,TikTok Likes [ FAST SERVER  ] ᴺᴱᵂ,0.688,0.0215,10,1000000,Yes,Yes,No,USD
29984,TikTok Likes [ Max 1M ] | Hidden Profile | Cancel Enable | Lifetime ♻️ | Instant Start | Day 500K 🚀,TikTok,Likes/Reactions,TikTok Likes [ FAST SERVER  ] ᴺᴱᵂ,0.7616,0.0238,10,1000000,Yes,Yes,No,USD
29985,Instagram Followers [ Max 50K ] | 100% Old Accounts With Posts | Cancel Enable | Drop 0-5% | No Refill ⚠️ | Instant Start | Day 200K 🚀 [ Recommended ⭐ ],Instagram,Followers/Subscribers,Instagram Followers [ 100% Old Accounts ] [ Recommended ⭐ ] ᴺᴱᵂ,37.968,1.1865,50,50000,No,Yes,No,USD
29986,Instagram Followers [ Max 50K ] | 100% Old Accounts With Posts | Cancel Enable | Low Drop | No Refill ⚠️ | Instant Start | Day 50K 🚀,Instagram,Followers/Subscribers,Instagram Followers [ 100% Old Accounts ] [ Cheapest 💥] ᴺᴱᵂ,39.776,1.243,50,50000,No,Yes,No,USD
29987,Instagram Followers [ Max 50K ] | 100% Old Accounts With Posts | Cancel Enable | Low Drop | No Refill ⚠️ | Instant Start | Day 50K 🚀,Instagram,Followers/Subscribers,Instagram Followers [ 100% Old Accounts ] [ Cheapest 💥] ᴺᴱᵂ,41.584,1.2995,10,50000,No,Yes,No,USD
29988,Telegram Premium Members [ Max 50K ] | 3 Days Premium Non Drop | Cancel Enable | Instant Start | Day 50K,Telegram,Followers/Subscribers,Telegram Premium Members ᴺᴱᵂ,59.664,1.8645,10,50000,No,Yes,No,USD
29989,Telegram Premium Members [ Max 50K ] | 7 Days Premium Non Drop | Cancel Enable | Instant Start | Day 50K,Telegram,Followers/Subscribers,Telegram Premium Members ᴺᴱᵂ,106.672,3.3335,10,50000,No,Yes,No,USD
29990,Telegram Premium Members [ Max 50K ] | 10 Days Premium Non Drop | Cancel Enable | Instant Start | Day 50K,Telegram,Followers/Subscribers,Telegram Premium Members ᴺᴱᵂ,142.832,4.4635,10,50000,No,Yes,No,USD
29991,Telegram Premium Members [ Max 50K ] | 15 Days Premium Non Drop | Cancel Enable | Instant Start | Day 50K,Telegram,Followers/Subscribers,Telegram Premium Members ᴺᴱᵂ,188.032,5.876,10,50000,No,Yes,No,USD
29992,Telegram Premium Members [ Max 50K ] | 20 Days Premium Non Drop | Cancel Enable | Instant Start | Day 50K,Telegram,Followers/Subscribers,Telegram Premium Members ᴺᴱᵂ,245.888,7.684,10,50000,No,Yes,No,USD
29993,Telegram Premium Members [ Max 50K ] | 25 Days Premium Non Drop | Cancel Enable | Instant Start | Day 50K,Telegram,Followers/Subscribers,Telegram Premium Members ᴺᴱᵂ,285.664,8.927,10,50000,No,Yes,No,USD
29994,Telegram Premium Members [ Max 50K ] | 30 Days Premium Non Drop | Cancel Enable | Instant Start | Day 50K,Telegram,Followers/Subscribers,Telegram Premium Members ᴺᴱᵂ,323.632,10.1135,10,50000,No,Yes,No,USD
29995,Telegram Premium Members [ Max 50K ] | 60 Days Premium Non Drop | Cancel Enable | Instant Start | Day 50K,Telegram,Followers/Subscribers,Telegram Premium Members ᴺᴱᵂ,551.44,17.2325,10,50000,No,Yes,No,USD
29996,Telegram Premium Members [ Max 50K ] | 90 Days Premium Non Drop | Cancel Enable | Instant Start | Day 50K,Telegram,Followers/Subscribers,Telegram Premium Members ᴺᴱᵂ,701.504,21.922,10,50000,No,Yes,No,USD
29997,Telegram Premium Members [ Max 50K ] | 180 Days Premium Non Drop | Cancel Enable | Instant Start | Day 50K,Telegram,Followers/Subscribers,Telegram Premium Members ᴺᴱᵂ,1157.12,36.16,10,50000,No,Yes,No,USD
29998,TikTok Followers [ Max 10K ] | 100% Real Users with Posts | Low Drop | No Refill ⚠️ | Instant Start | Day 1K 🚀,TikTok,Followers/Subscribers,Tiktok Followers [ Cheapest 💥] ᴺᴱᵂ,26.7584,0.8362,50,10000,No,Yes,No,USD
29999,TikTok Followers [ Max 20K ] | 100% Real Users with Posts | Low Drop | No Refill ⚠️ | Instant Start | Day 2K 🚀,TikTok,Followers/Subscribers,Tiktok Followers [ Cheapest 💥] ᴺᴱᵂ,27.4816,0.8588,50,20000,No,Yes,No,USD
30000,TikTok Followers [ Max 1M ] | 100% Real Users with Posts | Low Drop | No Refill ⚠️ | Instant Start | Day 1K 🚀,TikTok,Followers/Subscribers,Tiktok Followers [ Cheapest 💥] ᴺᴱᵂ,33.9904,1.0622,10,1000000,No,Yes,No,USD
30001,TikTok Followers [ Max 1M ] | 100% Real Users with Posts | Low Drop | 30 Days ♻️ | Instant Start | Day 1K 🚀,TikTok,Followers/Subscribers,Tiktok Followers [ Cheapest 💥] ᴺᴱᵂ,35.7984,1.1187,10,1000000,Yes,Yes,No,USD
30002,Instagram Likes [ 🇧🇷 Brazil ] [ Max 10K ] | 100% Brazilian Accounts With Posts | Cancel Enable | Low Drop | No Refill ⚠️ | Instant Start | Day 10K 🚀,Instagram,Likes/Reactions,Instagram Likes [ Brazil 🇧🇷 ] [  Best Price 💫 ] ᴺᴱᵂ,16.6336,0.5198,10,10000,No,Yes,No,USD
30003,Instagram Likes [ 🇧🇷 Brazil ] [ Max 10K ] | 100% Brazilian Accounts With Posts | Cancel Enable | Low Drop | 30 Days ♻️ | Insant Start | Day 10K 🚀,Instagram,Likes/Reactions,Instagram Likes [ Brazil 🇧🇷 ] [  Best Price 💫 ] ᴺᴱᵂ,16.9952,0.5311,10,10000,Yes,Yes,No,USD
30004,Instagram Likes [ 🇧🇷 Brazil ] [ Max 10K ] | 100% Brazilian Accounts With Posts | Cancel Enable | Low Drop | 365 Days ♻️ | Insant Start | Day 10K 🚀,Instagram,Likes/Reactions,Instagram Likes [ Brazil 🇧🇷 ] [  Best Price 💫 ] ᴺᴱᵂ,17.3568,0.5424,10,10000,Yes,Yes,No,USD
30005,Instagram Likes [ 🇧🇷 Brazil ] [ Max 10K ] | 100% Brazilian Accounts With Posts | Cancel Enable | Low Drop | Lifetime ♻️ | Insant Start | Day 10K 🚀,Instagram,Likes/Reactions,Instagram Likes [ Brazil 🇧🇷 ] [  Best Price 💫 ] ᴺᴱᵂ,17.7184,0.5537,10,10000,Yes,Yes,No,USD
30006,Instagram Followers [Mix Indian] [Cancel Enabled] [500K/D] [Instant],Instagram,Followers/Subscribers,Instagram Followers [Extreme Speed - Button - Indian Quality],13.8496,0.4328,50,500000,No,Yes,No,USD
30007,Instagram Followers [Mix Indian] [30 Days Refill] [Cancel Enabled] [500K/D] [Instant],Instagram,Followers/Subscribers,Instagram Followers [Extreme Speed - Button - Indian Quality],20.8288,0.6509,50,500000,Yes,Yes,No,USD
30008,Instagram Followers [Mix Indian] [60 Days Refill] [Cancel Enabled] [500K/D] [Instant],Instagram,Followers/Subscribers,Instagram Followers [Extreme Speed - Button - Indian Quality],24.3008,0.7594,50,500000,Yes,Yes,No,USD
30009,Instagram Followers [Mix Indian] [90 Days Refill] [Cancel Enabled] [500K/D] [Instant],Instagram,Followers/Subscribers,Instagram Followers [Extreme Speed - Button - Indian Quality],27.7728,0.8679,50,500000,Yes,Yes,No,USD
30010,Instagram Followers [Mix Indian] [365 Days Refill] [Cancel Enabled] [500K/D] [Instant],Instagram,Followers/Subscribers,Instagram Followers [Extreme Speed - Button - Indian Quality],31.2448,0.9764,50,500000,Yes,Yes,No,USD
30011,Instagram Followers [Mix Indian] [Lifetime Refill] [Cancel Enabled] [500K/D] [Instant],Instagram,Followers/Subscribers,Instagram Followers [Extreme Speed - Button - Indian Quality],34.7136,1.0848,50,500000,Yes,Yes,No,USD
30012,Instagram Likes [Mix Indian] [Cancel Enabled] [500K/D] [Instant],Instagram,Likes/Reactions,Instagram Likes [Extreme Speed - Indian Quality],2.9152,0.0911,50,500000,No,Yes,No,USD
30013,Instagram Likes [Mix Indian] [30 Days Refill] [Cancel Enabled] [500K/D] [Instant],Instagram,Likes/Reactions,Instagram Likes [Extreme Speed - Indian Quality],3.1936,0.0998,50,500000,No,Yes,No,USD
30014,Instagram Likes [Mix Indian] [60 Days Refill] [Cancel Enabled] [500K/D] [Instant],Instagram,Likes/Reactions,Instagram Likes [Extreme Speed - Indian Quality],3.3344,0.1042,50,500000,No,Yes,No,USD
30015,Instagram Likes [Mix Indian] [90 Days Refill] [Cancel Enabled] [500K/D] [Instant],Instagram,Likes/Reactions,Instagram Likes [Extreme Speed - Indian Quality],3.472,0.1085,50,500000,No,Yes,No,USD
30016,Instagram Likes [Mix Indian] [365 Days Refill] [Cancel Enabled] [500K/D] [Instant],Instagram,Likes/Reactions,Instagram Likes [Extreme Speed - Indian Quality],3.7504,0.1172,50,500000,No,Yes,No,USD
30017,Instagram Likes [Mix Indian] [Lifetime Refill] [Cancel Enabled] [500K/D] [Instant],Instagram,Likes/Reactions,Instagram Likes [Extreme Speed - Indian Quality],4.1664,0.1302,50,500000,No,Yes,No,USD
30018,Instagram Followers [Indian APP Data] [500K/D] [Instant],Instagram,Followers/Subscribers,Instagram Followers [Extreme Speed - Indian APP Data],13.3728,0.4179,10,300000,No,No,No,USD
30019,Instagram Followers [Indian APP Data] [30 Days Refill] [500K/D] [Instant],Instagram,Followers/Subscribers,Instagram Followers [Extreme Speed - Indian APP Data],20.8288,0.6509,10,300000,No,No,No,USD
30020,Instagram Followers [Indian APP Data] [60 Days Refill] [500K/D] [Instant],Instagram,Followers/Subscribers,Instagram Followers [Extreme Speed - Indian APP Data],24.3008,0.7594,10,300000,No,No,No,USD
30021,Instagram Followers [Indian APP Data] [90 Days Refill] [500K/D] [Instant],Instagram,Followers/Subscribers,Instagram Followers [Extreme Speed - Indian APP Data],27.7728,0.8679,10,300000,No,No,No,USD
30022,Instagram Followers [Indian APP Data] [365 Days Refill] [500K/D] [Instant],Instagram,Followers/Subscribers,Instagram Followers [Extreme Speed - Indian APP Data],31.2448,0.9764,10,300000,No,No,No,USD
30023,Instagram Followers [Indian APP Data] [Lifetime Refill] [500K/D] [Instant],Instagram,Followers/Subscribers,Instagram Followers [Extreme Speed - Indian APP Data],34.7136,1.0848,10,300000,No,No,No,USD
30024,Facebook US [Female] Post Reactions 👍 [Like] [30 Days Refill] [100-200/D] [0-1/H],Facebook,Likes/Reactions,Facebook USA [WITH INSIGHTS] [Provider - 20.02.2026],145.7984,4.5562,10,10000,No,No,No,USD
30025,Facebook US [Female] Post Reaction ❤️ [Love] [30 Days Refill] [100-200/D] [0-1/H],Facebook,Likes/Reactions,Facebook USA [WITH INSIGHTS] [Provider - 20.02.2026],145.7984,4.5562,10,10000,No,No,No,USD
30026,Facebook US [Female] Post Reaction 🥰 [Care] [30 Days Refill] [100-200/D] [0-1/H],Facebook,Likes/Reactions,Facebook USA [WITH INSIGHTS] [Provider - 20.02.2026],145.7984,4.5562,10,10000,No,No,No,USD
30027,Facebook US [Female] Post Reaction 😲 [WoW] [30 Days Refill] [100-200/D] [0-1/H],Facebook,Likes/Reactions,Facebook USA [WITH INSIGHTS] [Provider - 20.02.2026],145.7984,4.5562,10,10000,No,No,No,USD
30028,Facebook US [Female] Post Reaction 😀 [HaHa] [30 Days Refill] [100-200/D] [0-1/H],Facebook,Likes/Reactions,Facebook USA [WITH INSIGHTS] [Provider - 20.02.2026],145.7984,4.5562,10,10000,No,No,No,USD
30029,Facebook US [Female] Post Reaction 😡 [Angry] [30 Days Refill] [100-200/D] [0-1/H],Facebook,Likes/Reactions,Facebook USA [WITH INSIGHTS] [Provider - 20.02.2026],145.7984,4.5562,10,10000,No,No,No,USD
30030,Facebook US [Female] Post Reaction 😥 [Sad] [30 Days Refill] [100-200/D] [0-1/H],Facebook,Likes/Reactions,Facebook USA [WITH INSIGHTS] [Provider - 20.02.2026],145.7984,4.5562,10,10000,No,No,No,USD
30031,Facebook US [Female] Post Reaction [Random] [No Refill] [100-200/D] [0-1/H],Facebook,Likes/Reactions,Facebook USA [WITH INSIGHTS] [Provider - 20.02.2026],145.7984,4.5562,10,10000,No,No,No,USD
30032,Instagram Likes [ Turkey 🇹🇷 ] [ Max 1K ] | 100% Real Turkish Accounts | Cancel Enable | Drop 0-5% | No Refill ⚠️ | Instant Start | Day 1K 🚀,Instagram,Likes/Reactions,Instagram Likes [ Turkey 🇹🇷 ] [ Vip Quality ] [ S3 ] ᴺᴱᵂ,9.4016,0.2938,5,1000,No,Yes,No,USD
30033,Instagram Likes [ Turkey 🇹🇷 ] [ Max 5K ] | 100% Real Turkish Accounts | Cancel Enable | Drop 0-5% | No Refill ⚠️ | Instant Start | Day 5K 🚀,Instagram,Likes/Reactions,Instagram Likes [ Turkey 🇹🇷 ] [ Vip Quality ] [ S3 ] ᴺᴱᵂ,14.8256,0.4633,5,5000,No,Yes,No,USD
30034,Instagram Likes [ Turkey 🇹🇷 ] [ Max 50K ] | 100% Real Turkish Accounts | Cancel Enable | Drop 0-5% | No Refill ⚠️ | Instant Start | Day 50K 🚀,Instagram,Likes/Reactions,Instagram Likes [ Turkey 🇹🇷 ] [ Vip Quality ] [ S3 ] ᴺᴱᵂ,17.3568,0.5424,20,50000,No,No,No,USD
30035,Instagram Likes [ Turkey 🇹🇷 ] [ Max 50K ] | 100% Real Turkish Accounts | Cancel Enable | Drop 0-5% | 30 Days ♻️ | Instant Start | Day 50K 🚀,Instagram,Likes/Reactions,Instagram Likes [ Turkey 🇹🇷 ] [ Vip Quality ] [ S3 ] ᴺᴱᵂ,19.1648,0.5989,20,50000,Yes,No,No,USD
30036,Instagram Likes [ Turkey 🇹🇷 ] [ Max 50K ] | 100% Real Turkish Accounts | Cancel Enable | Drop 0-5% | 60 Days ♻️ | Instant Start | Day 50K 🚀,Instagram,Likes/Reactions,Instagram Likes [ Turkey 🇹🇷 ] [ Vip Quality ] [ S3 ] ᴺᴱᵂ,19.888,0.6215,20,50000,Yes,No,No,USD
30037,Instagram Likes [ Turkey 🇹🇷 ] [ Max 50K ] | 100% Real Turkish Accounts | Cancel Enable | Drop 0-5% | 90 Days ♻️ | Instant Start | Day 50K 🚀,Instagram,Likes/Reactions,Instagram Likes [ Turkey 🇹🇷 ] [ Vip Quality ] [ S3 ] ᴺᴱᵂ,20.9728,0.6554,20,50000,Yes,No,No,USD
30038,Instagram Likes [ Turkey 🇹🇷 ] [ Max 50K ] | 100% Real Turkish Accounts | Cancel Enable | Drop 0-5% | 365 Days ♻️ | Instant Start | Day 50K 🚀,Instagram,Likes/Reactions,Instagram Likes [ Turkey 🇹🇷 ] [ Vip Quality ] [ S3 ] ᴺᴱᵂ,22.0576,0.6893,20,50000,Yes,No,No,USD
30039,Instagram Likes [ Turkey 🇹🇷 ] [ Max 50K ] | 100% Real Turkish Accounts | Cancel Enable | Drop 0-5% | Lifetime ♻️ | Instant Start | Day 50K 🚀,Instagram,Likes/Reactions,Instagram Likes [ Turkey 🇹🇷 ] [ Vip Quality ] [ S3 ] ᴺᴱᵂ,22.7808,0.7119,20,50000,Yes,No,No,USD
30040,Instagram Likes [ Turkey 🇹🇷 ] [ Max 1K ] | 100% Real Turkish Accounts | Cancel Enable | Drop 0-5% | Lifetime ♻️ | Instant Start | Day 1K 🚀,Instagram,Likes/Reactions,Instagram Likes [ Turkey 🇹🇷 ] [ Vip Quality ] [ S2 ] ᴺᴱᵂ,18.08,0.565,20,1000,Yes,Yes,No,USD
30041,Instagram Likes [ Turkey 🇹🇷 ] [ Max 5K ] | 100% Real Turkish Accounts | Cancel Enable | Drop 0-5% | Lifetime ♻️ | Instant Start | Day 5K 🚀,Instagram,Likes/Reactions,Instagram Likes [ Turkey 🇹🇷 ] [ Vip Quality ] [ S2 ] ᴺᴱᵂ,21.696,0.678,20,5000,Yes,Yes,No,USD
30042,Instagram Likes [ Turkey 🇹🇷 ] [ Max 20K ] | 100% Real Turkish Accounts | Cancel Enable | Drop 0-5% | Lifetime ♻️ | Instant Start | Day 20K 🚀,Instagram,Likes/Reactions,Instagram Likes [ Turkey 🇹🇷 ] [ Vip Quality ] [ S2 ] ᴺᴱᵂ,28.928,0.904,20,20000,Yes,No,No,USD
30043,Instagram Likes [ Turkey 🇹🇷 ] [ Max 5K ] | 100% Real Turkish Accounts | Cancel Enable | Drop 0-5% | No Refill ⚠️ | Instant Start | Day 5K 🚀,Instagram,Likes/Reactions,Instagram Likes [ Turkey 🇹🇷 ] [ Vip Quality ] ᴺᴱᵂ,26.9408,0.8419,50,5000,No,No,No,USD
30044,Instagram Likes [ Turkey 🇹🇷 ] [ Max 5K ] | 100% Real Turkish Accounts | Cancel Enable | Drop 0-5% | 30 Days ♻️ | Instant Start | Day 5K 🚀,Instagram,Likes/Reactions,Instagram Likes [ Turkey 🇹🇷 ] [ Vip Quality ] ᴺᴱᵂ,27.12,0.8475,50,5000,Yes,No,No,USD
30045,Instagram Likes [ Turkey 🇹🇷 ] [ Max 5K ] | 100% Real Turkish Accounts | Cancel Enable | Drop 0-5% | 60 Days ♻️ | Instant Start | Day 5K 🚀,Instagram,Likes/Reactions,Instagram Likes [ Turkey 🇹🇷 ] [ Vip Quality ] ᴺᴱᵂ,27.4816,0.8588,50,5000,Yes,No,No,USD
30046,Instagram Likes [ Turkey 🇹🇷 ] [ Max 5K ] | 100% Real Turkish Accounts | Cancel Enable | Drop 0-5% | 90 Days ♻️ | Instant Start | Day 5K 🚀,Instagram,Likes/Reactions,Instagram Likes [ Turkey 🇹🇷 ] [ Vip Quality ] ᴺᴱᵂ,27.8432,0.8701,50,5000,Yes,No,No,USD
30047,Instagram Likes [ Turkey 🇹🇷 ] [ Max 5K ] | 100% Real Turkish Accounts | Cancel Enable | Drop 0-5% | 365 Days ♻️ | Instant Start | Day 5K 🚀,Instagram,Likes/Reactions,Instagram Likes [ Turkey 🇹🇷 ] [ Vip Quality ] ᴺᴱᵂ,28.2048,0.8814,50,5000,Yes,No,No,USD
30048,Instagram Likes [ Turkey 🇹🇷 ] [ Max 5K ] | 100% Real Turkish Accounts | Cancel Enable | Drop 0-5% | Lifetime ♻️ | Instant Start | Day 5K 🚀,Instagram,Likes/Reactions,Instagram Likes [ Turkey 🇹🇷 ] [ Vip Quality ] ᴺᴱᵂ,28.5664,0.8927,50,5000,Yes,No,No,USD
30049,Instagram Followers [ Turkey 🇹🇷 ] [ Max 50K ] | 100% Real Turkish Accounts | Cancel Enable | Drop 0-5% | No Refill ⚠️ | Instant Start | Day 50K 🚀,Instagram,Followers/Subscribers,Instagram Followers [ Turkey 🇹🇷 ] [ Vip Quality ] ᴺᴱᵂ,229.616,7.1755,10,50000,No,No,No,USD
30050,Instagram Followers [ Turkey 🇹🇷 ] [ Max 50K ] | 100% Real Turkish Accounts | Cancel Enable | Drop 0-5% | 30 Days ♻️ | Instant Start | Day 50K 🚀,Instagram,Followers/Subscribers,Instagram Followers [ Turkey 🇹🇷 ] [ Vip Quality ] ᴺᴱᵂ,249.504,7.797,10,50000,Yes,No,No,USD
30051,Instagram Followers [ Turkey 🇹🇷 ] [ Max 50K ] | 100% Real Turkish Accounts | Cancel Enable | Drop 0-5% | 60 Days ♻️ | Instant Start | Day 50K 🚀,Instagram,Followers/Subscribers,Instagram Followers [ Turkey 🇹🇷 ] [ Vip Quality ] ᴺᴱᵂ,267.584,8.362,10,50000,Yes,No,No,USD
30052,Instagram Followers [ Turkey 🇹🇷 ] [ Max 50K ] | 100% Real Turkish Accounts | Cancel Enable | Drop 0-5% | 90 Days ♻️ | Instant Start | Day 50K 🚀,Instagram,Followers/Subscribers,Instagram Followers [ Turkey 🇹🇷 ] [ Vip Quality ] ᴺᴱᵂ,289.28,9.04,10,50000,Yes,No,No,USD
30053,Instagram Followers [ Turkey 🇹🇷 ] [ Max 50K ] | 100% Real Turkish Accounts | Cancel Enable | Drop 0-5% | 365 Days ♻️ | Instant Start | Day 50K 🚀,Instagram,Followers/Subscribers,Instagram Followers [ Turkey 🇹🇷 ] [ Vip Quality ] ᴺᴱᵂ,307.36,9.605,10,50000,Yes,No,No,USD
30054,Instagram Followers [ Turkey 🇹🇷 ] [ Max 50K ] | 100% Real Turkish Accounts | Cancel Enable | Drop 0-5% | Lifetime ♻️ | Instant Start | Day 50K 🚀,Instagram,Followers/Subscribers,Instagram Followers [ Turkey 🇹🇷 ] [ Vip Quality ] ᴺᴱᵂ,325.44,10.17,10,50000,Yes,No,No,USD
30055,Instagram Likes [ India 🇮🇳 ] [ Max 1M ] | Indian Profiles | Non Drop | Cancel Enable | No Refill ⚠️ | Instant Start | Day 300K 🚀,Instagram,Likes/Reactions,Instagram Likes [India 🇮🇳 - High Speed] ᴺᴱᵂ,2.9664,0.0927,50,1000000,No,Yes,No,USD
30056,Instagram Likes [ India 🇮🇳 ] [ Max 1M ] | Indian Profiles | Non Drop | Cancel Enable | 30 Days ♻️ | Instant Start | Day 300K 🚀,Instagram,Likes/Reactions,Instagram Likes [India 🇮🇳 - High Speed] ᴺᴱᵂ,3.0016,0.0938,50,1000000,Yes,Yes,No,USD
30057,Instagram Likes [ India 🇮🇳 ] [ Max 1M ] | Indian Profiles | Non Drop | Cancel Enable | 60 Days ♻️ | Instant Start | Day 300K 🚀,Instagram,Likes/Reactions,Instagram Likes [India 🇮🇳 - High Speed] ᴺᴱᵂ,3.04,0.095,50,1000000,Yes,Yes,No,USD
30058,Instagram Likes [ India 🇮🇳 ] [ Max 1M ] | Indian Profiles | Non Drop | Cancel Enable | 90 Days ♻️ | Instant Start | Day 300K 🚀,Instagram,Likes/Reactions,Instagram Likes [India 🇮🇳 - High Speed] ᴺᴱᵂ,3.0752,0.0961,50,1000000,Yes,Yes,No,USD
30059,Instagram Likes [ India 🇮🇳 ] [ Max 1M ] | Indian Profiles | Non Drop | Cancel Enable | 365 Days ♻️ | Instant Start | Day 300K 🚀,Instagram,Likes/Reactions,Instagram Likes [India 🇮🇳 - High Speed] ᴺᴱᵂ,3.1104,0.0972,50,1000000,Yes,Yes,No,USD
30060,Instagram Likes [ India 🇮🇳 ] [ Max 1M ] | Indian Profiles | Non Drop | Cancel Enable | Lifetime ♻️ | Instant Start | Day 300K 🚀,Instagram,Likes/Reactions,Instagram Likes [India 🇮🇳 - High Speed] ᴺᴱᵂ,3.1488,0.0984,50,1000000,Yes,Yes,No,USD
30061,Instagram Likes [ Max 1M ] | 100% HQ Accounts | Non Drop | No Refill ⚠️ | Instant Start | Day 200K 🚀,Instagram,Likes/Reactions,Instagram Likes [ 100% HQ Accounts ] ᴺᴱᵂ,2.8928,0.0904,10,1000000,No,Yes,No,USD
30062,Instagram Likes [ Max 1M ] | 100% HQ Accounts | Non Drop | 30 Days ♻️ | Instant Start | Day 200K 🚀,Instagram,Likes/Reactions,Instagram Likes [ 100% HQ Accounts ] ᴺᴱᵂ,2.9312,0.0916,10,1000000,Yes,Yes,No,USD
30063,Instagram Likes [ Max 1M ] | 100% HQ Accounts | Non Drop | 60 Days ♻️ | Instant Start | Day 200K 🚀,Instagram,Likes/Reactions,Instagram Likes [ 100% HQ Accounts ] ᴺᴱᵂ,2.9664,0.0927,10,1000000,Yes,Yes,No,USD
30064,Instagram Likes [ Max 1M ] | 100% HQ Accounts | Non Drop | 90 Days ♻️ | Instant Start | Day 200K 🚀,Instagram,Likes/Reactions,Instagram Likes [ 100% HQ Accounts ] ᴺᴱᵂ,3.0016,0.0938,10,1000000,Yes,Yes,No,USD
30065,Instagram Likes [ Max 1M ] | 100% HQ Accounts | Non Drop | 365 Days ♻️ | Instant Start | Day 200K 🚀,Instagram,Likes/Reactions,Instagram Likes [ 100% HQ Accounts ] ᴺᴱᵂ,3.04,0.095,10,1000000,Yes,Yes,No,USD
30066,Instagram Likes [ Max 1M ] | 100% HQ Accounts | Non Drop | Lifetime ♻️ | Instant Start | Day 200K 🚀,Instagram,Likes/Reactions,Instagram Likes [ 100% HQ Accounts ] ᴺᴱᵂ,3.0752,0.0961,10,1000000,Yes,Yes,No,USD
30067,TikTok Followers [ Max 1M ] | 100% Real Accounts | Cancel Enable | No Refill ⚠️ | Instant Start | Day 50K 🚀,TikTok,Followers/Subscribers,TikTok Followers [ Very Fast ] [ Recommended ],50.624,1.582,10,1000000,No,Yes,No,USD
30068,TikTok Followers [ Max 1M ] | 100% Real Accounts | Cancel Enable | 10 Days ♻️ | Instant Start | Day 50K 🚀,TikTok,Followers/Subscribers,TikTok Followers [ Very Fast ] [ Recommended ],54.24,1.695,10,1000000,Yes,Yes,No,USD
30069,TikTok Followers [ Max 1M ] | 100% Real Accounts | Cancel Enable | 15 Days ♻️ | Instant Start | Day 50K 🚀,TikTok,Followers/Subscribers,TikTok Followers [ Very Fast ] [ Recommended ],57.856,1.808,10,1000000,Yes,Yes,No,USD
30070,TikTok Followers [ Max 1M ] | 100% Real Accounts | Cancel Enable | 20 Days ♻️ | Instant Start | Day 50K 🚀,TikTok,Followers/Subscribers,TikTok Followers [ Very Fast ] [ Recommended ],61.472,1.921,10,1000000,Yes,Yes,No,USD
30071,TikTok Followers [ Max 1M ] | 100% Real Accounts | Cancel Enable | 30 Days ♻️ | Instant Start | Day 50K 🚀,TikTok,Followers/Subscribers,TikTok Followers [ Very Fast ] [ Recommended ],65.088,2.034,10,1000000,Yes,Yes,No,USD
30072,Tiktok Followers [ Max 10M ] | 100% Real Accounts | No Refill ⚠️ | Instant Start | Day 300K,TikTok,Followers/Subscribers,TikTok Followers [ %0 Drop  ] [ Recommended🏅 ] ᴺᴱᵂ,65.088,2.034,10,10000000,No,Yes,No,USD
30073,Tiktok Followers [ Max 10M ] | 100% Real Accounts | 7 Days ♻️ | Instant Start | Day 300K,TikTok,Followers/Subscribers,TikTok Followers [ %0 Drop  ] [ Recommended🏅 ] ᴺᴱᵂ,68.704,2.147,10,10000000,Yes,Yes,No,USD
30074,Tiktok Followers [ Max 10M ] | 100% Real Accounts | 15 Days ♻️ | Instant Start | Day 300K,TikTok,Followers/Subscribers,TikTok Followers [ %0 Drop  ] [ Recommended🏅 ] ᴺᴱᵂ,74.128,2.3165,10,10000000,Yes,Yes,No,USD
30075,Tiktok Followers [ Max 10M ] | 100% Real Accounts | 30 Days ♻️ | Instant Start | Day 300K,TikTok,Followers/Subscribers,TikTok Followers [ %0 Drop  ] [ Recommended🏅 ] ᴺᴱᵂ,79.552,2.486,10,10000000,Yes,Yes,No,USD
30076,Tiktok Followers [ Max 10M ] | 100% Real Accounts | 60 Days ♻️ | Instant Start | Day 300K,TikTok,Followers/Subscribers,TikTok Followers [ %0 Drop  ] [ Recommended🏅 ] ᴺᴱᵂ,83.168,2.599,10,10000000,Yes,Yes,No,USD
30077,Tiktok Followers [ Max 10M ] | 100% Real Accounts | 90 Days ♻️ | Instant Start | Day 300K,TikTok,Followers/Subscribers,TikTok Followers [ %0 Drop  ] [ Recommended🏅 ] ᴺᴱᵂ,86.784,2.712,10,10000000,Yes,Yes,No,USD
30078,Tiktok Followers [ Max 10M ] | 100% Real Accounts | 365 Days ♻️ | Instant Start | Day 300K,TikTok,Followers/Subscribers,TikTok Followers [ %0 Drop  ] [ Recommended🏅 ] ᴺᴱᵂ,90.4,2.825,10,10000000,Yes,Yes,No,USD
30079,Tiktok Followers [ Max 10M ] | 100% Real Accounts | Lifetime ♻️ | Instant Start | Day 300K,TikTok,Followers/Subscribers,TikTok Followers [ %0 Drop  ] [ Recommended🏅 ] ᴺᴱᵂ,94.016,2.938,10,10000000,Yes,Yes,No,USD
30080,Instagram Likes [ Max 5M ] | LQ Accounts | Non Drop | No Refill ⚠️ | Instant Start | Day 20K 🚀,Instagram,Likes/Reactions,Instagram Likes [ LQ Accounts ] [ Slow Speed ],1.808,0.0565,10,5000000,No,Yes,No,USD
30081,Instagram Likes [ Max 5M ] | LQ Accounts | Non Drop | 30 Days ♻️ | Instant Start | Day 20K 🚀,Instagram,Likes/Reactions,Instagram Likes [ LQ Accounts ] [ Slow Speed ],1.8464,0.0577,10,5000000,Yes,Yes,No,USD
30082,Instagram Likes [ Max 5M ] | LQ Accounts | Non Drop | 60 Days ♻️ | Instant Start | Day 20K 🚀,Instagram,Likes/Reactions,Instagram Likes [ LQ Accounts ] [ Slow Speed ],1.8816,0.0588,10,5000000,Yes,Yes,No,USD
30083,Instagram Likes [ Max 5M ] | LQ Accounts | Non Drop | 90 Days ♻️ | Instant Start | Day 20K 🚀,Instagram,Likes/Reactions,Instagram Likes [ LQ Accounts ] [ Slow Speed ],1.9168,0.0599,10,5000000,Yes,Yes,No,USD
30084,Instagram Likes [ Max 5M ] | LQ Accounts | Non Drop | 365 Days ♻️ | Instant Start | Day 20K 🚀,Instagram,Likes/Reactions,Instagram Likes [ LQ Accounts ] [ Slow Speed ],1.9552,0.0611,10,5000000,Yes,Yes,No,USD
30085,Instagram Likes [ Max 5M ] | LQ Accounts | Non Drop | Lifetime ♻️ | Instant Start | Day 20K 🚀,Instagram,Likes/Reactions,Instagram Likes [ LQ Accounts ] [ Slow Speed ],1.9904,0.0622,10,5000000,Yes,Yes,No,USD
30086,TikTok Video Views [ Max Unlimited ] | HQ | Cancel Enable | No Refill ⚠️ | Instant Start | Day 1M 🚀,TikTok,Views/Plays,Tiktok Views [ Refill Button Working 💫 ] ᴺᴱᵂ,0.1024,0.0032,100,2147483647,No,Yes,No,USD
30575,TikTok Video Views [ Max Unlimited ] | HQ | Cancel Enable | 30 Days ♻️ | Instant Start | Day 1M 🚀,TikTok,Views/Plays,Tiktok Views [ Refill Button Working 💫 ] ᴺᴱᵂ,0.1152,0.0036,100,2147483647,Yes,Yes,No,USD
30087,TikTok Video Views [ Max Unlimited ] | HQ | Cancel Enable | 30 Days ♻️ | Instant Start | Day 1M 🚀,TikTok,Views/Plays,Tiktok Views [ Refill Button Working 💫 ] ᴺᴱᵂ,0.1152,0.0036,100,2147483647,Yes,Yes,No,USD
30088,TikTok Video Views [ Max Unlimited ] | HQ | Cancel Enable | No Refill ⚠️ | Instant Start | Day 10M 🚀,TikTok,Views/Plays,Tiktok Views [ Refill Button Working 💫 ] ᴺᴱᵂ,0.3264,0.0102,100,2147483647,No,No,No,USD
30574,TikTok Video Views [ Max Unlimited ] | HQ | Cancel Enable | No Refill ⚠️ | Instant Start | Day 1M 🚀,TikTok,Views/Plays,Tiktok Views [ Refill Button Working 💫 ] ᴺᴱᵂ,0.3456,0.0108,100,2147483647,No,No,No,USD
30577,TikTok Video Views [ Max Unlimited ] | HQ | Cancel Enable | 30 Days ♻️ | Instant Start | Day 10M 🚀,TikTok,Views/Plays,Tiktok Views [ Refill Button Working 💫 ] ᴺᴱᵂ,0.3456,0.0108,100,2147483647,No,No,No,USD
30089,TikTok Video Views [ Max Unlimited ] | HQ | Cancel Enable | 30 Days ♻️ | Instant Start | Day 10M 🚀,TikTok,Views/Plays,Tiktok Views [ Refill Button Working 💫 ] ᴺᴱᵂ,0.3456,0.0108,100,2147483647,No,No,No,USD
30576,TikTok Video Views [ Max Unlimited ] | HQ | Cancel Enable | No Refill ⚠️ | Instant Start | Day 10M 🚀,TikTok,Views/Plays,Tiktok Views [ Refill Button Working 💫 ] ᴺᴱᵂ,0.3616,0.0113,100,2147483647,No,No,No,USD
30090,TikTok Video Views [ Max Unlimited ] | HQ | Cancel Enable | No Refill ⚠️ | Instant Start | Day 1M 🚀,TikTok,Views/Plays,Tiktok Views [ Cheapest ],0.272,0.0085,100,2147483647,No,No,No,USD
30579,TikTok Video Views [ Max Unlimited ] | HQ | Cancel Enable | 30 Days ♻️ | Instant Start | Day 1M 🚀,TikTok,Views/Plays,Tiktok Views [ Cheapest ],0.2912,0.0091,100,2147483647,No,No,No,USD
30091,TikTok Video Views [ Max Unlimited ] | HQ | Cancel Enable | 30 Days ♻️ | Instant Start | Day 1M 🚀,TikTok,Views/Plays,Tiktok Views [ Cheapest ],0.2912,0.0091,100,2147483647,No,No,No,USD
30092,TikTok Video Views [ Max Unlimited ] | HQ | Cancel Enable | No Refill ⚠️ | Instant Start | Day 10M 🚀 𝗙𝗔𝗦𝗧,TikTok,Views/Plays,Tiktok Views [ Cheapest ],0.2912,0.0091,100,2147483647,No,No,No,USD
30581,TikTok Video Views [ Max Unlimited ] | HQ | Cancel Enable | 30 Days ♻️ | Instant Start | Day 10M 🚀 𝗙𝗔𝗦𝗧,TikTok,Views/Plays,Tiktok Views [ Cheapest ],0.3104,0.0097,100,2147483647,No,No,No,USD
30093,TikTok Video Views [ Max Unlimited ] | HQ | Cancel Enable | 30 Days ♻️ | Instant Start | Day 10M 🚀 𝗙𝗔𝗦𝗧,TikTok,Views/Plays,Tiktok Views [ Cheapest ],0.3104,0.0097,100,2147483647,No,No,No,USD
30578,TikTok Video Views [ Max Unlimited ] | HQ | Cancel Enable | No Refill ⚠️ | Instant Start | Day 1M 🚀,TikTok,Views/Plays,Tiktok Views [ Cheapest ],0.3616,0.0113,100,2147483647,No,No,No,USD
30580,TikTok Video Views [ Max Unlimited ] | HQ | Cancel Enable | No Refill ⚠️ | Instant Start | Day 10M 🚀 𝗙𝗔𝗦𝗧,TikTok,Views/Plays,Tiktok Views [ Cheapest ],0.3616,0.0113,100,2147483647,No,No,No,USD
30094,TikTok Followers [ Max 1M ] | 100% Real Accounts | Cancel Enable | No Refill ⚠️ | Instant Start | Day 50K 🚀,TikTok,Followers/Subscribers,TikTok Followers [ Cheap Price 💫 ] ᴺᴱᵂ,54.24,1.695,10,1000000,No,Yes,No,USD
30095,TikTok Followers [ Max 1M ] | 100% Real Accounts | Cancel Enable | 7 Days ♻️ | Instant Start | Day 50K 🚀,TikTok,Followers/Subscribers,TikTok Followers [ Cheap Price 💫 ] ᴺᴱᵂ,56.048,1.7515,10,1000000,Yes,Yes,No,USD
30096,TikTok Followers [ Max 1M ] | 100% Real Accounts | Cancel Enable | 15 Days ♻️ | Instant Start | Day 50K 🚀,TikTok,Followers/Subscribers,TikTok Followers [ Cheap Price 💫 ] ᴺᴱᵂ,57.856,1.808,10,1000000,Yes,Yes,No,USD
30097,TikTok Followers [ Max 1M ] | 100% Real Accounts | Cancel Enable | 20 Days ♻️ | Instant Start | Day 50K 🚀,TikTok,Followers/Subscribers,TikTok Followers [ Cheap Price 💫 ] ᴺᴱᵂ,59.664,1.8645,10,1000000,Yes,Yes,No,USD
30098,TikTok Followers [ Max 1M ] | 100% Real Accounts | Cancel Enable | 30 Days ♻️ | Instant Start | Day 50K 🚀,TikTok,Followers/Subscribers,TikTok Followers [ Cheap Price 💫 ] ᴺᴱᵂ,61.472,1.921,10,1000000,Yes,Yes,No,USD
30099,Instagram Followers [ Max 10K ] | HQ Accounts | Cancel Enable | No Refill ⚠️ | Instant Start | Day 10K 🚀,Instagram,Followers/Subscribers,Instagram Followers [ Cheap Price 💫 ] ᴺᴱᵂ,7.5936,0.2373,100,10000,No,Yes,No,USD
30100,Instagram Followers [ Max 20K ] | HQ Accounts | Cancel Enable | No Refill ⚠️ | Instant Start | Day 20K 🚀,Instagram,Followers/Subscribers,Instagram Followers [ Cheap Price 💫 ] ᴺᴱᵂ,7.9552,0.2486,100,20000,No,Yes,No,USD
30101,Instagram Followers [ Max 30K ] | HQ Accounts | Cancel Enable | No Refill ⚠️ | Instant Start | Day 30K 🚀,Instagram,Followers/Subscribers,Instagram Followers [ Cheap Price 💫 ] ᴺᴱᵂ,8.1376,0.2543,100,30000,No,Yes,No,USD
30102,Instagram Followers [ Max 50K ] | HQ Accounts | Cancel Enable | No Refill ⚠️ | Instant Start | Day 50K 🚀,Instagram,Followers/Subscribers,Instagram Followers [ Cheap Price 💫 ] ᴺᴱᵂ,8.3168,0.2599,100,50000,No,Yes,No,USD
30103,Instagram Followers [ Max 100K ] | HQ Accounts | Cancel Enable | No Refill ⚠️ | Instant Start | Day 100K 🚀,Instagram,Followers/Subscribers,Instagram Followers [ Cheap Price 💫 ] ᴺᴱᵂ,8.6784,0.2712,100,100000,No,Yes,No,USD
30104,Instagram Followers [ Max 200K ] | Real Accounts | Non Drop | No Refill ⚠️ | Instant Start | Day 100K 🚀,Instagram,Followers/Subscribers,Instagram Followers [ Refill Button Working 💫 ] ᴺᴱᵂ,13.0176,0.4068,100,200000,No,No,No,USD
30105,Instagram Followers [ Max 200K ] | Real Accounts | Non Drop | 30 Days ♻️ | Instant Start | Day 100K 🚀,Instagram,Followers/Subscribers,Instagram Followers [ Refill Button Working 💫 ] ᴺᴱᵂ,15.9104,0.4972,100,200000,Yes,No,No,USD
30106,Instagram Followers [ Max 200K ] | Real Accounts | Non Drop | 60 Days ♻️ | Instant Start | Day 100K 🚀,Instagram,Followers/Subscribers,Instagram Followers [ Refill Button Working 💫 ] ᴺᴱᵂ,16.6336,0.5198,100,200000,Yes,No,No,USD
30107,Instagram Followers [ Max 200K ] | Real Accounts | Non Drop | 90 Days ♻️ | Instant Start | Day 100K 🚀,Instagram,Followers/Subscribers,Instagram Followers [ Refill Button Working 💫 ] ᴺᴱᵂ,17.7184,0.5537,100,200000,Yes,No,No,USD
30108,Instagram Followers [ Max 200K ] | Real Accounts | Non Drop | 365 Days ♻️ | Instant Start | Day 100K 🚀,Instagram,Followers/Subscribers,Instagram Followers [ Refill Button Working 💫 ] ᴺᴱᵂ,19.5264,0.6102,100,200000,Yes,No,No,USD
30109,Instagram Followers [ Max 200K ] | Real Accounts | Non Drop | Lifetime ♻️ | Instant Start | Day 100K 🚀,Instagram,Followers/Subscribers,Instagram Followers [ Refill Button Working 💫 ] ᴺᴱᵂ,21.3344,0.6667,100,200000,Yes,No,No,USD
30111,Instagram Likes [ Max 5M ] | 100% Real Accounts with Profile Photos | Non Drop | No Refill ⚠️ | Instant Start | Day 200K 🚀,Instagram,Followers/Subscribers,Instagram Followers  [  Best Price 💫 ] ᴺᴱᵂ,3.616,0.113,10,5000000,No,Yes,No,USD
30112,Instagram Likes [ Max 10M ] | 100% Real Accounts with Profile Photos | Non Drop | 30 Days ♻️ | Instant Start | Day 200K 🚀,Instagram,Followers/Subscribers,Instagram Followers  [  Best Price 💫 ] ᴺᴱᵂ,3.9776,0.1243,10,5000000,Yes,Yes,No,USD
30113,Instagram Likes [ Max 10M ] | 100% Real Accounts with Profile Photos | Non Drop | 365 Days ♻️ | Instant Start | Day 200K 🚀,Instagram,Followers/Subscribers,Instagram Followers  [  Best Price 💫 ] ᴺᴱᵂ,4.3392,0.1356,10,50000000,Yes,Yes,No,USD
30110,Instagram Followers [ Max 5M ] | Accounts with Profile Photos | No Refill ⚠️ | Instant Start | Day 10K 🚀,Instagram,Followers/Subscribers,Instagram Followers  [  Best Price 💫 ] ᴺᴱᵂ,10.1248,0.3164,10,5000000,No,Yes,No,USD
30114,Instagram Followers [ Max 10K ] | HQ Accounts | Cancel Enable | No Refill ⚠️ | Instant Start | Day 10K 🚀,Instagram,Followers/Subscribers,Instagram Followers [ LQ Accounts ] [ Best Price 💫 ] ᴺᴱᵂ,7.5936,0.2373,100,10000,No,No,No,USD
30115,Instagram Followers [ Max 20K ] | HQ Accounts | Cancel Enable | No Refill ⚠️ | Instant Start | Day 20K 🚀,Instagram,Followers/Subscribers,Instagram Followers [ LQ Accounts ] [ Best Price 💫 ] ᴺᴱᵂ,7.9552,0.2486,100,20000,No,No,No,USD
30116,Instagram Followers [ Max 30K ] | HQ Accounts | Cancel Enable | No Refill ⚠️ | Instant Start | Day 30K 🚀,Instagram,Followers/Subscribers,Instagram Followers [ LQ Accounts ] [ Best Price 💫 ] ᴺᴱᵂ,8.1376,0.2543,100,30000,No,No,No,USD
30117,Instagram Followers [ Max 100K ] | HQ Accounts | Cancel Enable | No Refill ⚠️ | Instant Start | Day 50K 🚀,Instagram,Followers/Subscribers,Instagram Followers [ LQ Accounts ] [ Best Price 💫 ] ᴺᴱᵂ,8.4992,0.2656,100,100000,No,No,No,USD
30120,Instagram Likes [ Saudi Arabia 🇸🇦 ] [ Max 50K ] | 100% Saudi Arabia Accounts | Cancel Enable | Drop 0-5% | No Refill ⚠️ | Instant Start | Day 5K 🚀,Instagram,Followers/Subscribers,Instagram Followers [ Saudi Arabia 🇸🇦 ] [ Cheap ⭐ ] ᴺᴱᵂ,14.1024,0.4407,10,50000,No,No,No,USD
30118,Instagram Followers [ Saudi Arabia 🇸🇦 ] [ Max 50K ] | 100% Saudi Arabia Accounts | Cancel Enable | Drop 0-5% | No Refill ⚠️ | Instant Start | Day 5K 🚀,Instagram,Followers/Subscribers,Instagram Followers [ Saudi Arabia 🇸🇦 ] [ Cheap ⭐ ] ᴺᴱᵂ,77.744,2.4295,10,50000,No,No,No,USD
30119,Instagram Followers [ Saudi Arabia 🇸🇦 ] [ Max 50K ] | 100% Saudi Arabia Accounts | Cancel Enable | Drop 0-5% | 7 Days ♻️ | Instant Start | Day 5K 🚀,Instagram,Followers/Subscribers,Instagram Followers [ Saudi Arabia 🇸🇦 ] [ Cheap ⭐ ] ᴺᴱᵂ,86.784,2.712,10,50000,Yes,No,No,USD
30121,Instagram Followers [ Turkey 🇹🇷 ] [ Max 10K ] | 100% Turkey Female Accounts | Cancel Enable | Drop 0-5% | No Refill ⚠️ | Instant Start | Day 5K 🚀,Instagram,Followers/Subscribers,Instagram Followers [ Turkey 🇹🇷 ] [ Cheap ⭐ ] ᴺᴱᵂ,180.8,5.65,100,10000,No,Yes,No,USD
30122,Instagram Followers [ Turkey 🇹🇷 ] [ Max 10K ] | 100% Turkey Female Accounts | Cancel Enable | Drop 0-5% | No Refill ⚠️ | Instant Start | Day 5K 🚀,Instagram,Followers/Subscribers,Instagram Followers [ Turkey 🇹🇷 ] [ Cheap ⭐ ] ᴺᴱᵂ,198.88,6.215,50,10000,No,Yes,No,USD
30123,Instagram Followers [ Turkey 🇹🇷 ] [ Max 10K ] | 100% Turkey Female Accounts | Cancel Enable | Drop 0-5% | No Refill ⚠️ | Instant Start | Day 5K 🚀,Instagram,Followers/Subscribers,Instagram Followers [ Turkey 🇹🇷 ] [ Cheap ⭐ ] ᴺᴱᵂ,216.96,6.78,10,10000,No,Yes,No,USD
30124,TikTok Video Views [ Max Unlimited ] | HQ | Cancel Enable | No Refill ⚠️ | Instant Start | Day 1M 🚀  𝗦𝗟𝗢𝗪,TikTok,Views/Plays,TikTok Video Views [ NEWS ] ᴺᴱᵂ,0.1184,0.0037,100,2147483647,No,Yes,No,USD
30583,TikTok Video Views [ Max Unlimited ] | HQ | Cancel Enable | 30 Days ♻️ | Instant Start | Day 1M 🚀  𝗦𝗟𝗢𝗪,TikTok,Views/Plays,TikTok Video Views [ NEWS ] ᴺᴱᵂ,0.1344,0.0042,100,2147483647,Yes,Yes,No,USD
30125,TikTok Video Views [ Max Unlimited ] | HQ | Cancel Enable | 30 Days ♻️ | Instant Start | Day 1M 🚀  𝗦𝗟𝗢𝗪,TikTok,Views/Plays,TikTok Video Views [ NEWS ] ᴺᴱᵂ,0.1344,0.0042,100,2147483647,Yes,Yes,No,USD
30126,TikTok Video Views [ Max Unlimited ] | HQ | Cancel Enable | No Refill ⚠️ | Instant Start | Day 5M 🚀 𝗠𝗘𝗗𝗜𝗨𝗠 𝗦𝗣𝗘𝗘𝗗,TikTok,Views/Plays,TikTok Video Views [ NEWS ] ᴺᴱᵂ,0.2912,0.0091,100,2147483647,No,No,No,USD
30585,TikTok Video Views [ Max Unlimited ] | HQ | Cancel Enable | 30 Days ♻️ | Instant Start | Day 5M 🚀 𝗠𝗘𝗗𝗜𝗨𝗠 𝗦𝗣𝗘𝗘𝗗,TikTok,Views/Plays,TikTok Video Views [ NEWS ] ᴺᴱᵂ,0.3104,0.0097,100,2147483647,No,No,No,USD
30127,TikTok Video Views [ Max Unlimited ] | HQ | Cancel Enable | 30 Days ♻️ | Instant Start | Day 5M 🚀 𝗠𝗘𝗗𝗜𝗨𝗠 𝗦𝗣𝗘𝗘𝗗,TikTok,Views/Plays,TikTok Video Views [ NEWS ] ᴺᴱᵂ,0.3104,0.0097,100,2147483647,No,No,No,USD
30128,TikTok Video Views [ Max Unlimited ] | HQ | Cancel Enable | No Refill ⚠️ | Instant Start | Day 10M 🚀 𝗙𝗔𝗦𝗧,TikTok,Views/Plays,TikTok Video Views [ NEWS ] ᴺᴱᵂ,0.3264,0.0102,100,2147483647,No,No,No,USD
30586,TikTok Video Views [ Max Unlimited ] | HQ | Cancel Enable | No Refill ⚠️ | Instant Start | Day 10M 🚀 𝗙𝗔𝗦𝗧,TikTok,Views/Plays,TikTok Video Views [ NEWS ] ᴺᴱᵂ,0.3456,0.0108,100,2147483647,No,No,No,USD
30587,TikTok Video Views [ Max Unlimited ] | HQ | Cancel Enable | 30 Days ♻️ | Instant Start | Day 10M 🚀 𝗙𝗔𝗦𝗧,TikTok,Views/Plays,TikTok Video Views [ NEWS ] ᴺᴱᵂ,0.3456,0.0108,100,2147483647,No,No,No,USD
30129,TikTok Video Views [ Max Unlimited ] | HQ | Cancel Enable | 30 Days ♻️ | Instant Start | Day 10M 🚀 𝗙𝗔𝗦𝗧,TikTok,Views/Plays,TikTok Video Views [ NEWS ] ᴺᴱᵂ,0.3456,0.0108,100,2147483647,No,No,No,USD
30582,TikTok Video Views [ Max Unlimited ] | HQ | Cancel Enable | No Refill ⚠️ | Instant Start | Day 1M 🚀  𝗦𝗟𝗢𝗪,TikTok,Views/Plays,TikTok Video Views [ NEWS ] ᴺᴱᵂ,0.3616,0.0113,100,2147483647,No,No,No,USD
30584,TikTok Video Views [ Max Unlimited ] | HQ | Cancel Enable | No Refill ⚠️ | Instant Start | Day 5M 🚀 𝗠𝗘𝗗𝗜𝗨𝗠 𝗦𝗣𝗘𝗘𝗗,TikTok,Views/Plays,TikTok Video Views [ NEWS ] ᴺᴱᵂ,0.3616,0.0113,100,2147483647,No,No,No,USD
30130,Facebook Followers [ All Type ] [ Max 1M ] | HQ Accounts | Cancel Enable | No Refill ⚠️ | Instant Start | Day 300K 🚀,Facebook,Followers/Subscribers,Facebook Followers [ Cheapest 💥] [ S4 ] ᴺᴱᵂ,5.0624,0.1582,100,1000000,No,No,No,USD
30131,Facebook Followers [ All Type ] [ Max 1M ] | HQ Accounts | Cancel Enable | 30 Days ♻️ | Instant Start | Day 300K 🚀,Facebook,Followers/Subscribers,Facebook Followers [ Cheapest 💥] [ S4 ] ᴺᴱᵂ,5.424,0.1695,100,1000000,Yes,No,No,USD
30132,Facebook Followers [ All Type ] [ Max 1M ] | HQ Accounts | Cancel Enable | 60 Days ♻️ | Instant Start | Day 300K 🚀,Facebook,Followers/Subscribers,Facebook Followers [ Cheapest 💥] [ S4 ] ᴺᴱᵂ,5.7856,0.1808,100,1000000,Yes,No,No,USD
30133,Facebook Followers [ All Type ] [ Max 1M ] | HQ Accounts | Cancel Enable | 90 Days ♻️ | Instant Start | Day 300K 🚀,Facebook,Followers/Subscribers,Facebook Followers [ Cheapest 💥] [ S4 ] ᴺᴱᵂ,6.1472,0.1921,100,1000000,Yes,No,No,USD
30134,Facebook Followers [ All Type ] [ Max 1M ] | HQ Accounts | Cancel Enable | 365 Days ♻️ | Instant Start | Day 300K 🚀,Facebook,Followers/Subscribers,Facebook Followers [ Cheapest 💥] [ S4 ] ᴺᴱᵂ,6.5088,0.2034,100,1000000,Yes,No,No,USD
30135,Facebook Followers [ All Type ] [ Max 1M ] | HQ Accounts | Cancel Enable | Lifetime ♻️ | Instant Start | Day 300K 🚀,Facebook,Followers/Subscribers,Facebook Followers [ Cheapest 💥] [ S4 ] ᴺᴱᵂ,6.8704,0.2147,100,1000000,Yes,No,No,USD
30136,Facebook Post Reaction [ Like 👍 ] [ Max 100K ] | Cancel Enable | No Refill ⚠️ | Day 10K,Facebook,Likes/Reactions,Facebook Post Reactions [ Provider ],2.7488,0.0859,10,100000,No,No,No,USD
30137,Facebook Post Reaction [ Love ❤️ ] [ Max 100K ] | Cancel Enable | No Refill ⚠️ | Day 10K,Facebook,Likes/Reactions,Facebook Post Reactions [ Provider ],2.7488,0.0859,10,100000,No,No,No,USD
30138,Facebook Post Reaction [ Care 🤗 ] [ Max 100K ] | Cancel Enable | No Refill ⚠️ | Day 10K,Facebook,Likes/Reactions,Facebook Post Reactions [ Provider ],2.7488,0.0859,10,100000,No,No,No,USD
30139,Facebook Post Reaction [ Haha 😂 ] [ Max 100K ] | Cancel Enable | No Refill ⚠️ | Day 10K,Facebook,Likes/Reactions,Facebook Post Reactions [ Provider ],2.7488,0.0859,10,100000,No,No,No,USD
30140,Facebook Post Reaction [ Wow 😲 ] [ Max 100K ] | Cancel Enable | No Refill ⚠️ | Day 10K,Facebook,Likes/Reactions,Facebook Post Reactions [ Provider ],2.7488,0.0859,10,100000,No,No,No,USD
30141,Facebook Post Reaction [ Sad 😥 ] [ Max 100K ] | Cancel Enable | No Refill ⚠️ | Day 10K,Facebook,Likes/Reactions,Facebook Post Reactions [ Provider ],2.7488,0.0859,10,100000,No,No,No,USD
30142,Facebook Post Reaction [ Angry 🤬 ] [ Max 100K ] | Cancel Enable | No Refill ⚠️ | Day 10K,Facebook,Likes/Reactions,Facebook Post Reactions [ Provider ],2.7488,0.0859,10,100000,No,No,No,USD
30143,Facebook Followers [ All Type ] [ Max 3K ] | LQ Accounts | Cancel Enable | No Refill ⚠️ | Instant Start | Day 3K 🚀,Facebook,Followers/Subscribers,Facebook Followers [ Cheapest 💥] [ S3 ] ᴺᴱᵂ,5.7856,0.1808,100,3000,No,No,No,USD
30144,Facebook Followers [ All Type ] [ Max 3K ] | LQ Accounts | Cancel Enable | 30 Days ♻️ | Instant Start | Day 3K 🚀,Facebook,Followers/Subscribers,Facebook Followers [ Cheapest 💥] [ S3 ] ᴺᴱᵂ,6.1472,0.1921,100,3000,Yes,No,No,USD
30145,Facebook Followers [ All Type ] [ Max 3K ] | LQ Accounts | Cancel Enable | 60 Days ♻️ | Instant Start | Day 3K 🚀,Facebook,Followers/Subscribers,Facebook Followers [ Cheapest 💥] [ S3 ] ᴺᴱᵂ,6.5088,0.2034,100,3000,Yes,No,No,USD
30146,Facebook Followers [ All Type ] [ Max 3K ] | LQ Accounts | Cancel Enable | 90 Days ♻️ | Instant Start | Day 3K 🚀,Facebook,Followers/Subscribers,Facebook Followers [ Cheapest 💥] [ S3 ] ᴺᴱᵂ,6.8704,0.2147,100,3000,Yes,No,No,USD
30147,Facebook Followers [ All Type ] [ Max 3K ] | LQ Accounts | Cancel Enable | 365 Days ♻️ | Instant Start | Day 3K 🚀,Facebook,Followers/Subscribers,Facebook Followers [ Cheapest 💥] [ S3 ] ᴺᴱᵂ,7.232,0.226,100,3000,Yes,No,No,USD
30148,Facebook Followers [ All Type ] [ Max 3K ] | LQ Accounts | Cancel Enable | Lifetime ♻️ | Instant Start | Day 3K 🚀,Facebook,Followers/Subscribers,Facebook Followers [ Cheapest 💥] [ S3 ] ᴺᴱᵂ,7.5936,0.2373,100,3000,Yes,No,No,USD
30168,Instagram Likes [ Max 1M ] | 100% Real Accounts | Cancel Enable | Drop 0-5% | No Refill ⚠️ | Instant Start | Day 200K 🚀,Instagram,Likes/Reactions,Instagram Likes [ 100% Real Accounts ] [ Recommended ⭐ ] ᴺᴱᵂ,2.8224,0.0882,10,1000000,No,Yes,No,USD
30169,Instagram Likes [ Max 1M ] | 100% Real Accounts | Cancel Enable | Drop 0-5% | 30 Days ♻️ | Instant Start | Day 200K 🚀,Instagram,Likes/Reactions,Instagram Likes [ 100% Real Accounts ] [ Recommended ⭐ ] ᴺᴱᵂ,2.8928,0.0904,10,1000000,Yes,Yes,No,USD
30170,Instagram Likes [ Max 1M ] | Real Accounts | No Refill ⚠️ | Instant Start | Day 500K 🚀,Instagram,Likes/Reactions,Instagram Likes [ Real Accounts ] [ Cheapest 💥 ] ᴺᴱᵂ,2.7136,0.0848,100,1000000,No,No,No,USD
30171,Instagram Likes [ Max 1M ] | Real Accounts | 30 Days ♻️ | Instant Start | Day 500K 🚀,Instagram,Likes/Reactions,Instagram Likes [ Real Accounts ] [ Cheapest 💥 ] ᴺᴱᵂ,2.8928,0.0904,100,1000000,Yes,No,No,USD
30172,Instagram Likes [ Max 1M ] | Real Accounts | 365 Days ♻️ | Instant Start | Day 500K 🚀,Instagram,Likes/Reactions,Instagram Likes [ Real Accounts ] [ Cheapest 💥 ] ᴺᴱᵂ,3.0752,0.0961,100,1000000,Yes,No,No,USD
30173,Instagram Followers [ Max 10M ] | 100% Real Accounts With Posts | Cancel Enable | Drop 5-15% | No Refill ⚠️ | Instant Start | Day 500K 🚀,Instagram,Followers/Subscribers,Instagram Followers [ 100% Real Accounts ] [ Recommended ⭐ ] ᴺᴱᵂ,18.08,0.565,10,10000000,No,Yes,No,USD
30174,Instagram Followers [ Max 10M ] | 100% Real Accounts With Posts | Cancel Enable | Drop 0-10% | No Refill ⚠️ | Instant Start | Day 500K 🚀,Instagram,Followers/Subscribers,Instagram Followers [ 100% Real Accounts ] [ Recommended ⭐ ] ᴺᴱᵂ,19.888,0.6215,10,10000000,No,Yes,No,USD
30175,Instagram Followers [ Max 10M ] | 100% Real Accounts With Posts | Cancel Enable | Drop 0-10% | 30 Days ♻️ | Instant Start | Day 500K 🚀,Instagram,Followers/Subscribers,Instagram Followers [ 100% Real Accounts ] [ Recommended ⭐ ] ᴺᴱᵂ,24.2272,0.7571,10,10000000,Yes,Yes,No,USD
30176,Instagram Followers [ Max 10M ] | 100% Real Accounts With Posts | Cancel Enable | Drop 0-10% | 365 Days ♻️ | Instant Start | Day 500K 🚀,Instagram,Followers/Subscribers,Instagram Followers [ 100% Real Accounts ] [ Recommended ⭐ ] ᴺᴱᵂ,31.4592,0.9831,10,10000000,Yes,Yes,No,USD
30177,Instagram Followers [ Max 100K ] | HQ Accounts | Cancel Enable | No Refill ⚠️ | Instant Start | Day 50K,Instagram,Followers/Subscribers,Instagram Followers [ Cheapest 💥 ] ᴺᴱᵂ,7.0528,0.2204,100,100000,No,No,No,USD
30178,Instagram Followers [ Max 100K ] | HQ Accounts | Cancel Enable | 30 Days ♻️ | Instant Start | Day 50K,Instagram,Followers/Subscribers,Instagram Followers [ Cheapest 💥 ] ᴺᴱᵂ,13.5616,0.4238,10,1000000,No,Yes,No,USD
30179,Instagram Followers [ Max 100K ] | HQ Accounts | Cancel Enable | 60 Days ♻️ | Instant Start | Day 50K,Instagram,Followers/Subscribers,Instagram Followers [ Cheapest 💥 ] ᴺᴱᵂ,13.9232,0.4351,10,100000,Yes,Yes,No,USD
30180,Instagram Followers [ Max 100K ] | HQ Accounts | Cancel Enable | 90 Days ♻️ | Instant Start | Day 50K,Instagram,Followers/Subscribers,Instagram Followers [ Cheapest 💥 ] ᴺᴱᵂ,15.7312,0.4916,10,100000,Yes,Yes,No,USD
30181,Instagram Followers [ Max 100K ] | HQ Accounts | Cancel Enable | 365 Days ♻️ | Instant Start | Day 50K,Instagram,Followers/Subscribers,Instagram Followers [ Cheapest 💥 ] ᴺᴱᵂ,17.3568,0.5424,10,100000,Yes,Yes,No,USD
30182,Instagram Followers [ Max 100K ] | HQ Accounts | Cancel Enable | Lifetime ♻️ | Instant Start | Day 50K,Instagram,Followers/Subscribers,Instagram Followers [ Cheapest 💥 ] ᴺᴱᵂ,18.8032,0.5876,10,100000,Yes,Yes,No,USD
30183,Tiktok Followers [ Max 100K ] | 100% Real Accounts | No Refill ⚠️ | Instant Start | Day 30K,TikTok,Followers/Subscribers,Tiktok Followers [ Recommended ⭐ ] ᴺᴱᵂ,21.696,0.678,10,100000,No,No,No,USD
30186,TikTok Followers [ Max 500K ] | Real &amp; Active Accounts | Cancel Enable | No Refill ⚠️ | Instant Start | Day 50K 🚀,TikTok,Followers/Subscribers,Tiktok Followers [ Recommended ⭐ ] ᴺᴱᵂ,43.392,1.356,50,500000,No,Yes,No,USD
30187,TikTok Followers [ Max 50K ] | HQ Accounts | No Refill ⚠️ | Instant Start | Day 50K 🚀,TikTok,Followers/Subscribers,Tiktok Followers [ Recommended ⭐ ] ᴺᴱᵂ,45.2,1.4125,50,50000,No,No,No,USD
30184,TikTok Followers [ Max 1M ] | HQ Accounts | Cancel Enable | No Refill ⚠️ | Instant Start | Day 50K 🚀,TikTok,Followers/Subscribers,Tiktok Followers [ Recommended ⭐ ] ᴺᴱᵂ,50.624,1.582,10,1000000,No,Yes,No,USD
30185,TikTok Followers [ Max 1M ] | Old Accounts | Cancel Enable | No Refill ⚠️ | Instant Start | Day 100K 🚀,TikTok,Followers/Subscribers,Tiktok Followers [ Recommended ⭐ ] ᴺᴱᵂ,53.5168,1.6724,10,1000000,No,Yes,No,USD
30442,TikTok Followers [ Max 1M ] | HQ Accounts | Cancel Enable | Low Drop | 10 Days ♻️ | Instant Start | Day 50K  [ Rec. ⭐ ],TikTok,Followers/Subscribers,Tiktok Followers [ Recommended ⭐ ] ᴺᴱᵂ,53.5168,1.6724,10,1000000,Yes,Yes,No,USD
30441,TikTok Followers [ Max 1M ] | HQ Accounts | Cancel Enable | Low Drop | No Refill ⚠️ | Instant Start | Day 50K  [ Rec. ⭐ ],TikTok,Followers/Subscribers,Tiktok Followers [ Recommended ⭐ ] ᴺᴱᵂ,43.392,1.356,10,1000000,No,Yes,No,USD
30188,Tiktok Followers [ Max 100K ] | 100% Real Accounts | Cancel Enable | Low Drop | No Refill ⚠️ | Instant Start | Day 100K 🚀,TikTok,Followers/Subscribers,Tiktok Followers [ Recommended ⭐ ] ᴺᴱᵂ,69.4272,2.1696,10,100000,No,Yes,No,USD
30189,TikTok Followers [ Max 20K ] | HQ Accounts | Cancel Enable | Drop 0-5% | No Refill ⚠️ | Instant Start | Day 20K 🚀,TikTok,Followers/Subscribers,Tiktok Followers [ Recommended ⭐ ] ᴺᴱᵂ,112.096,3.503,10,20000,No,Yes,No,USD
30190,TikTok Followers [ Max 20K ] | HQ Accounts | Cancel Enable | Drop 0-5% | 30 Days ♻️ | Instant Start | Day 20K 🚀,TikTok,Followers/Subscribers,Tiktok Followers [ Recommended ⭐ ] ᴺᴱᵂ,124.752,3.8985,10,20000,Yes,Yes,No,USD
30191,TikTok Likes + Views [ Max 5M ] | High Quality Accounts with Posts | Cancel Enable | Drop 0% | No Refill ⚠️ | Instant Start | Day 200K 🚀,TikTok,Views/Plays,TikTok Likes [ Drop 0% ] [ Recommended ⭐ ] ᴺᴱᵂ,4.7008,0.1469,10,5000000,No,Yes,No,USD
30192,TikTok Likes + Views [ Max 5M ] | High Quality Accounts with Posts | Cancel Enable | Drop 0% | 30 Days ♻️ | Instant Start | Day 200K 🚀,TikTok,Views/Plays,TikTok Likes [ Drop 0% ] [ Recommended ⭐ ] ᴺᴱᵂ,5.0624,0.1582,10,5000000,Yes,Yes,No,USD
30193,TikTok Likes [ Max 5M ] | LQ Accounts | No Refill ⚠️ | Instant Start | Day 200K 🚀,TikTok,Likes/Reactions,Tiktok Likes  [ Cheapest 💥 ] ᴺᴱᵂ,0.4,0.0125,10,5000000,No,No,No,USD
30194,TikTok Likes [ Max 5M ] | LQ Accounts | 30 Days ♻️ | Instant Start | Day 200K 🚀,TikTok,Likes/Reactions,Tiktok Likes  [ Cheapest 💥 ] ᴺᴱᵂ,0.4352,0.0136,10,5000000,Yes,No,No,USD
30195,TikTok Likes [ Max 5M ] | LQ Accounts | 60 Days ♻️ | Instant Start | Day 200K 🚀,TikTok,Likes/Reactions,Tiktok Likes  [ Cheapest 💥 ] ᴺᴱᵂ,0.4704,0.0147,10,5000000,Yes,No,No,USD
30196,TikTok Likes [ Max 5M ] | LQ Accounts | 90 Days ♻️ | Instant Start | Day 200K 🚀,TikTok,Likes/Reactions,Tiktok Likes  [ Cheapest 💥 ] ᴺᴱᵂ,0.5088,0.0159,10,5000000,Yes,No,No,USD
30197,TikTok Likes [ Max 5M ] | LQ Accounts | 365 Days ♻️ | Instant Start | Day 200K 🚀,TikTok,Likes/Reactions,Tiktok Likes  [ Cheapest 💥 ] ᴺᴱᵂ,0.544,0.017,10,5000000,Yes,No,No,USD
30198,TikTok Likes [ Max 5M ] | LQ Accounts | Lifetime ♻️ | Instant Start | Day 200K 🚀,TikTok,Likes/Reactions,Tiktok Likes  [ Cheapest 💥 ] ᴺᴱᵂ,0.5792,0.0181,10,5000000,Yes,No,No,USD
30211,Youtube Subscribe [100K] [7 Day Refill] [Instant Superfast],YouTube,Other,Youtube Subscribe,141.7472,4.4296,10,100000,Yes,No,No,USD
30212,Youtube Community Like [100K] [30 Day Refill]⛔,YouTube,Likes/Reactions,Youtube Others,28.352,0.886,10,100000,No,Yes,No,USD
30213,Facebook Post Likes [USA] [Insights Europe] [High Quality] [30 Days Refill] [100K] [Instant],Facebook,Likes/Reactions,Facebook USA / EU Services,200.928,6.279,10,100000,No,No,No,USD
30216,Facebook Group Members [USA] [Insights Europe] [High Quality] [30 Days Refill] [100K] [Instant],Facebook,Followers/Subscribers,Facebook USA / EU Services,218.2912,6.8216,10,100000,No,No,No,USD
30214,Facebook Page Followers [USA] [Insights Europe] [High Quality] [30 Days Refill] [100K] [Instant],Facebook,Followers/Subscribers,Facebook USA / EU Services,287.04,8.97,10,100000,No,No,No,USD
30215,Facebook Profile Followers [USA] [Insights Europe] [High Quality] [30 Days Refill] [100K] [Instant],Facebook,Followers/Subscribers,Facebook USA / EU Services,287.04,8.97,10,100000,No,No,No,USD
30217,Facebook Post Reactions [💗 LOVE] [50K],Facebook,Likes/Reactions,Facebook Organic Post Like - Reactions,16.656,0.5205,10,50000,No,No,No,USD
30218,Facebook Post Reactions [🥰 CARE] [50K],Facebook,Likes/Reactions,Facebook Organic Post Like - Reactions,16.656,0.5205,10,50000,No,No,No,USD
30219,Facebook Post Reactions [😡 ANGRY] [50K],Facebook,Likes/Reactions,Facebook Organic Post Like - Reactions,16.656,0.5205,10,50000,No,No,No,USD
30220,Facebook Post Reactions [😂 HAHA][50K],Facebook,Likes/Reactions,Facebook Organic Post Like - Reactions,16.656,0.5205,10,50000,No,No,No,USD
30221,Facebook Post Reactions [😮 WOW] [50K],Facebook,Likes/Reactions,Facebook Organic Post Like - Reactions,16.656,0.5205,10,50000,No,No,No,USD
30222,Facebook Post Reactions [😥 SAD] [50K],Facebook,Likes/Reactions,Facebook Organic Post Like - Reactions,16.656,0.5205,10,50000,No,No,No,USD
30224,Instagram USA Likes [10K] [Instant - Fast] [R30],Instagram,Likes/Reactions,NEW - Instagram USA Services,14.176,0.443,10,10000,No,No,No,USD
30223,Instagram USA Follower [10K] [Instant - Fast] [R30],Instagram,Followers/Subscribers,NEW - Instagram USA Services,88.592,2.7685,10,10000,No,No,No,USD
30225,Instagram Korean Likes [Real Exclusive] [1K/D] [Instant] [50K],Instagram,Likes/Reactions,Instagram Korean Services,105.9584,3.3112,10,50000,No,No,No,USD
30226,Instagram Korean Likes [Real Exclusive] [30 Days Refill] [1K/D] [Instant][50K],Instagram,Likes/Reactions,Instagram Korean Services,132.1824,4.1307,10,50000,No,No,No,USD
30227,Instagram Korean Followers [Real Exclusive] [1K/D] [Instant] [50K],Instagram,Followers/Subscribers,Instagram Korean Services,1320.3776,41.2618,10,50000,No,No,No,USD
30228,Instagram Followers [Old Accounts] [30 Days Refill] [250K/D] [0-1 Hour Start],Instagram,Followers/Subscribers,Instagram Follower,105.248,3.289,10,1000000,No,No,No,USD
30229,Instagram Like High Quality High Drop HOUR 10K Speed [Max 20K] ⛔,Instagram,Likes/Reactions,Instagram Like,5.6704,0.1772,1,10000000,No,Yes,No,USD
30230,Instagram Real Likes [High Quality] [No Refill] [250K/D] [0-1 Hour Start],Instagram,Likes/Reactions,Instagram Like,14.176,0.443,10,1000000,No,No,No,USD
30231,Instagram Power Like High Drop Hour 10K Speed  [Max 50K] ⛔,Instagram,Likes/Reactions,Instagram Like,14.176,0.443,1,10000000,No,Yes,No,USD
30232,Instagram Real Likes [High Quality] [30 Day Refill] [250K/D] [0-1 Hour Start],Instagram,Likes/Reactions,Instagram Like,15.9488,0.4984,10,1000000,No,No,No,USD
30233,Instagram  Real Like SUPERFAST [500K]⛔,Instagram,Likes/Reactions,Instagram Like,15.9488,0.4984,1,10000000,No,Yes,No,USD
30245,Instagram Comment Like With Linkl[20K],Instagram,Likes/Reactions,Instagram Comment - Comment Like,88.592,2.7685,10,20000,No,No,No,USD
30246,Instagram Comment Like With Username [20K],Instagram,Likes/Reactions,Instagram Comment - Comment Like,88.592,2.7685,10,20000,No,No,No,USD
30247,Instagram Random Emoji Comment 🙌👏😢😍😮😂🔥❤️[20K],Instagram,Likes/Reactions,Instagram Comment - Comment Like,212.6208,6.6444,1,20000,No,No,No,USD
30248,Instagram Comments - Negative Emoji (RANDOM) 🤬😡😠😤😮‍💨🙄😒💩👿😈🤡🖕[20K],Instagram,Likes/Reactions,Instagram Comment - Comment Like,212.6208,6.6444,10,20000,No,No,No,USD
30249,Instagram INDIA Real Likes [50K] [30 Day Refill] [Instant Superfast]💧♻️,Instagram,Likes/Reactions,Instagram Like [Targeted],49.6128,1.5504,10,30000,No,No,No,USD
30250,Instagram INDIA Real Likes [100K] [60 Day Refill] [Instant Superfast]💧♻️,Instagram,Likes/Reactions,Instagram Like [Targeted],53.1552,1.6611,10,30000,No,No,No,USD
30251,Instagram INDIA Women Real Likes [5K] [30 Day Refill] [Instant Superfast]💧♻️,Instagram,Likes/Reactions,Instagram Like [Targeted],62.016,1.938,10,3000,No,No,No,USD
30266,TikTok Follower [100K] [INSTANT]][No Refill] ⛔,TikTok,Followers/Subscribers,TikTok Follower,42.5248,1.3289,50,5000000,No,No,No,USD
30267,TikTok Follower [175K] [INSTANT] [30 Day Refill] ⛔♻️,TikTok,Followers/Subscribers,TikTok Follower,47.84,1.495,50,5000000,Yes,No,No,USD
30268,TikTok Follower [500K] [Instant- 10K / Day][No Refill] ⛔,TikTok,Followers/Subscribers,TikTok Follower,52.0928,1.6279,50,5000000,No,No,No,USD
30269,TikTok Cheap Follower [50K] [Instant] [5K / Day][No Refill] ⛔,TikTok,Followers/Subscribers,TikTok Follower,55.2832,1.7276,50,5000000,No,No,No,USD
30270,TikTok Follower [5M] [Instant - 5K / Day] [No Refill] ⛔,TikTok,Followers/Subscribers,TikTok Follower,55.2832,1.7276,50,5000000,No,No,No,USD
30271,TikTok Like [50K] [Instant Superfast][No Refill] ⛔,TikTok,Likes/Reactions,TikTok Like,7.7984,0.2437,10,50000,No,Yes,No,USD
30272,TikTok Like [50K] [Instant - 10K / Day] [No Refill]⛔,TikTok,Likes/Reactions,TikTok Like,8.5056,0.2658,10,50000,No,Yes,No,USD
30273,TikTok Like [25K] [INSTANT] [FAST][30 Day Refill] ⛔♻️,TikTok,Likes/Reactions,TikTok Like,24.8064,0.7752,10,25000,No,Yes,No,USD
30364,Facebook Post Reaction [ Like 👍 ] [ Max 5M ] | Cancel Enable | No Refill ⚠️ | Day 200K,Facebook,Likes/Reactions,Facebook Post Reactions [ Worldwide 🌍 ] ᴺᴱᵂ,2.6784,0.0837,10,5000000,No,No,No,USD
30365,Facebook Post Reaction [ Love ❤️ ] [ Max 5M ] | Cancel Enable | No Refill ⚠️ | Day 200K,Facebook,Likes/Reactions,Facebook Post Reactions [ Worldwide 🌍 ] ᴺᴱᵂ,2.6784,0.0837,10,5000000,No,No,No,USD
30366,Facebook Post Reaction [ Care 🤗 ] [ Max 5M ] | Cancel Enable | No Refill ⚠️ | Day 200K,Facebook,Likes/Reactions,Facebook Post Reactions [ Worldwide 🌍 ] ᴺᴱᵂ,2.6784,0.0837,10,5000000,No,No,No,USD
30367,Facebook Post Reaction [ Haha 😄 ] [ Max 5M ] | Cancel Enable | No Refill ⚠️ | Day 200K,Facebook,Likes/Reactions,Facebook Post Reactions [ Worldwide 🌍 ] ᴺᴱᵂ,2.6784,0.0837,10,5000000,No,No,No,USD
30368,Facebook Post Reaction [ Wow 😲 ] [ Max 5M ] | Cancel Enable | No Refill ⚠️ | Day 200K,Facebook,Likes/Reactions,Facebook Post Reactions [ Worldwide 🌍 ] ᴺᴱᵂ,2.6784,0.0837,10,5000000,No,No,No,USD
30369,Facebook Post Reaction [ Sad 😥 ] [ Max 5M ] | Cancel Enable | No Refill ⚠️ | Day 200K,Facebook,Likes/Reactions,Facebook Post Reactions [ Worldwide 🌍 ] ᴺᴱᵂ,2.6784,0.0837,10,5000000,No,No,No,USD
30370,Facebook Post Reaction [ Angry 🤬 ] [ Max 5M ] | Cancel Enable | No Refill ⚠️ | Day 200K,Facebook,Likes/Reactions,Facebook Post Reactions [ Worldwide 🌍 ] ᴺᴱᵂ,2.6784,0.0837,10,5000000,No,No,No,USD
30454,Facebook Post Reaction [ Like 👍 ] [ Max 5M ] | Cancel Enable | No Refill ⚠️ | Day 200K,Facebook,Likes/Reactions,Facebook Post Reactions [ Worldwide 🌍 ] ᴺᴱᵂ,2.6784,0.0837,10,5000000,No,No,No,USD
30455,Facebook Post Reaction [ Love ❤️ ] [ Max 5M ] | Cancel Enable | No Refill ⚠️ | Day 200K,Facebook,Likes/Reactions,Facebook Post Reactions [ Worldwide 🌍 ] ᴺᴱᵂ,2.6784,0.0837,10,5000000,No,No,No,USD
30456,Facebook Post Reaction [ Care 🤗 ] [ Max 5M ] | Cancel Enable | No Refill ⚠️ | Day 200K,Facebook,Likes/Reactions,Facebook Post Reactions [ Worldwide 🌍 ] ᴺᴱᵂ,2.6784,0.0837,10,5000000,No,No,No,USD
30457,Facebook Post Reaction [ Haha 😄 ] [ Max 5M ] | Cancel Enable | No Refill ⚠️ | Day 200K,Facebook,Likes/Reactions,Facebook Post Reactions [ Worldwide 🌍 ] ᴺᴱᵂ,2.6784,0.0837,10,5000000,No,No,No,USD
30458,Facebook Post Reaction [ Wow 😲 ] [ Max 5M ] | Cancel Enable | No Refill ⚠️ | Day 200K,Facebook,Likes/Reactions,Facebook Post Reactions [ Worldwide 🌍 ] ᴺᴱᵂ,2.6784,0.0837,10,5000000,No,No,No,USD
30459,Facebook Post Reaction [ Sad 😥 ] [ Max 5M ] | Cancel Enable | No Refill ⚠️ | Day 200K,Facebook,Likes/Reactions,Facebook Post Reactions [ Worldwide 🌍 ] ᴺᴱᵂ,2.6784,0.0837,10,5000000,No,No,No,USD
30460,Facebook Post Reaction [ Angry 🤬 ] [ Max 5M ] | Cancel Enable | No Refill ⚠️ | Day 200K,Facebook,Likes/Reactions,Facebook Post Reactions [ Worldwide 🌍 ] ᴺᴱᵂ,2.6784,0.0837,10,5000000,No,No,No,USD
30464,Facebook Post Reaction [ Haha 😄 ] [ Max 5M ] | Cancel Enable | 30 Days ♻️ | Day 200K,Facebook,Likes/Reactions,Facebook Post Reactions [ Worldwide 🌍 ]  [ Refill Button Working ♻️ ] ᴺᴱᵂ,2.7488,0.0859,10,5000000,Yes,No,No,USD
30465,Facebook Post Reaction [ Wow 😲 ] [ Max 5M ] | Cancel Enable | 30 Days ♻️ | Day 200K,Facebook,Likes/Reactions,Facebook Post Reactions [ Worldwide 🌍 ]  [ Refill Button Working ♻️ ] ᴺᴱᵂ,2.7488,0.0859,10,5000000,Yes,No,No,USD
30466,Facebook Post Reaction [ Sad 😥 ] [ Max 5M ] | Cancel Enable | 30 Days ♻️ | Day 200K,Facebook,Likes/Reactions,Facebook Post Reactions [ Worldwide 🌍 ]  [ Refill Button Working ♻️ ] ᴺᴱᵂ,2.7488,0.0859,10,5000000,Yes,No,No,USD
30467,Facebook Post Reaction [ Angry 🤬 ] [ Max 5M ] | Cancel Enable | 30 Days ♻️ | Day 200K,Facebook,Likes/Reactions,Facebook Post Reactions [ Worldwide 🌍 ]  [ Refill Button Working ♻️ ] ᴺᴱᵂ,2.7488,0.0859,10,5000000,Yes,No,No,USD
30371,Facebook Post Reaction [ Like 👍 ] [ Max 5M ] | Cancel Enable | 30 Days ♻️ | Day 200K,Facebook,Likes/Reactions,Facebook Post Reactions [ Worldwide 🌍 ]  [ Refill Button Working ♻️ ] ᴺᴱᵂ,2.7488,0.0859,10,5000000,Yes,No,No,USD
30372,Facebook Post Reaction [ Love ❤️ ] [ Max 5M ] | Cancel Enable | 30 Days ♻️ | Day 200K,Facebook,Likes/Reactions,Facebook Post Reactions [ Worldwide 🌍 ]  [ Refill Button Working ♻️ ] ᴺᴱᵂ,2.7488,0.0859,10,5000000,Yes,No,No,USD
30373,Facebook Post Reaction [ Care 🤗 ] [ Max 5M ] | Cancel Enable | 30 Days ♻️ | Day 200K,Facebook,Likes/Reactions,Facebook Post Reactions [ Worldwide 🌍 ]  [ Refill Button Working ♻️ ] ᴺᴱᵂ,2.7488,0.0859,10,5000000,Yes,No,No,USD
30374,Facebook Post Reaction [ Haha 😄 ] [ Max 5M ] | Cancel Enable | 30 Days ♻️ | Day 200K,Facebook,Likes/Reactions,Facebook Post Reactions [ Worldwide 🌍 ]  [ Refill Button Working ♻️ ] ᴺᴱᵂ,2.7488,0.0859,10,5000000,Yes,No,No,USD
30375,Facebook Post Reaction [ Wow 😲 ] [ Max 5M ] | Cancel Enable | 30 Days ♻️ | Day 200K,Facebook,Likes/Reactions,Facebook Post Reactions [ Worldwide 🌍 ]  [ Refill Button Working ♻️ ] ᴺᴱᵂ,2.7488,0.0859,10,5000000,Yes,No,No,USD
30376,Facebook Post Reaction [ Sad 😥 ] [ Max 5M ] | Cancel Enable | 30 Days ♻️ | Day 200K,Facebook,Likes/Reactions,Facebook Post Reactions [ Worldwide 🌍 ]  [ Refill Button Working ♻️ ] ᴺᴱᵂ,2.7488,0.0859,10,5000000,Yes,No,No,USD
30377,Facebook Post Reaction [ Angry 🤬 ] [ Max 5M ] | Cancel Enable | 30 Days ♻️ | Day 200K,Facebook,Likes/Reactions,Facebook Post Reactions [ Worldwide 🌍 ]  [ Refill Button Working ♻️ ] ᴺᴱᵂ,2.7488,0.0859,10,5000000,Yes,No,No,USD
30461,Facebook Post Reaction [ Like 👍 ] [ Max 5M ] | Cancel Enable | 30 Days ♻️ | Day 200K,Facebook,Likes/Reactions,Facebook Post Reactions [ Worldwide 🌍 ]  [ Refill Button Working ♻️ ] ᴺᴱᵂ,2.7488,0.0859,10,5000000,Yes,No,No,USD
30462,Facebook Post Reaction [ Love ❤️ ] [ Max 5M ] | Cancel Enable | 30 Days ♻️ | Day 200K,Facebook,Likes/Reactions,Facebook Post Reactions [ Worldwide 🌍 ]  [ Refill Button Working ♻️ ] ᴺᴱᵂ,2.7488,0.0859,10,5000000,Yes,No,No,USD
30463,Facebook Post Reaction [ Care 🤗 ] [ Max 5M ] | Cancel Enable | 30 Days ♻️ | Day 200K,Facebook,Likes/Reactions,Facebook Post Reactions [ Worldwide 🌍 ]  [ Refill Button Working ♻️ ] ᴺᴱᵂ,2.7488,0.0859,10,5000000,Yes,No,No,USD
30468,Facebook Post Reaction [ Like 👍 ] [ Max 50K ] | Cancel Enable | No Refill ⚠️ | Day 10K,Facebook,Likes/Reactions,Facebook Post Reactions [ Provider ] [ Page Data ] ᴺᴱᵂ,2.768,0.0865,10,50000,No,Yes,No,USD
30469,Facebook Post Reaction [ Love ❤️ ] [ Max 50K ] | Cancel Enable | No Refill ⚠️ | Day 10K,Facebook,Likes/Reactions,Facebook Post Reactions [ Provider ] [ Page Data ] ᴺᴱᵂ,2.768,0.0865,10,50000,No,Yes,No,USD
30470,Facebook Post Reaction [ Care 🤗 ] [ Max 50K ] | Cancel Enable | No Refill ⚠️ | Day 10K,Facebook,Likes/Reactions,Facebook Post Reactions [ Provider ] [ Page Data ] ᴺᴱᵂ,2.768,0.0865,10,50000,No,Yes,No,USD
30471,Facebook Post Reaction [ Wow 😲 ] [ Max 50K ] | Cancel Enable | No Refill ⚠️ | Day 10K,Facebook,Likes/Reactions,Facebook Post Reactions [ Provider ] [ Page Data ] ᴺᴱᵂ,2.768,0.0865,10,50000,No,Yes,No,USD
30472,Facebook Post Reaction [ Haha 😂 ] [ Max 50K ] | Cancel Enable | No Refill ⚠️ | Day 10K,Facebook,Likes/Reactions,Facebook Post Reactions [ Provider ] [ Page Data ] ᴺᴱᵂ,2.768,0.0865,10,50000,No,Yes,No,USD
30473,Facebook Post Reaction [ Sad 😥 ] [ Max 50K ] | Cancel Enable | No Refill ⚠️ | Day 10K,Facebook,Likes/Reactions,Facebook Post Reactions [ Provider ] [ Page Data ] ᴺᴱᵂ,2.768,0.0865,10,50000,No,Yes,No,USD
30474,Facebook Post Reaction [ Angry 🤬 ] [ Max 50K ] | Cancel Enable | No Refill ⚠️ | Day 10K,Facebook,Likes/Reactions,Facebook Post Reactions [ Provider ] [ Page Data ] ᴺᴱᵂ,2.768,0.0865,10,50000,No,Yes,No,USD
30378,Facebook Post Reaction [ Like 👍 ] [ Max 50K ] | Cancel Enable | No Refill ⚠️ | Day 10K,Facebook,Likes/Reactions,Facebook Post Reactions [ Provider ] [ Page Data ] ᴺᴱᵂ,2.768,0.0865,10,50000,No,Yes,No,USD
30379,Facebook Post Reaction [ Love ❤️ ] [ Max 50K ] | Cancel Enable | No Refill ⚠️ | Day 10K,Facebook,Likes/Reactions,Facebook Post Reactions [ Provider ] [ Page Data ] ᴺᴱᵂ,2.768,0.0865,10,50000,No,Yes,No,USD
30380,Facebook Post Reaction [ Care 🤗 ] [ Max 50K ] | Cancel Enable | No Refill ⚠️ | Day 10K,Facebook,Likes/Reactions,Facebook Post Reactions [ Provider ] [ Page Data ] ᴺᴱᵂ,2.768,0.0865,10,50000,No,Yes,No,USD
30381,Facebook Post Reaction [ Wow 😲 ] [ Max 50K ] | Cancel Enable | No Refill ⚠️ | Day 10K,Facebook,Likes/Reactions,Facebook Post Reactions [ Provider ] [ Page Data ] ᴺᴱᵂ,2.768,0.0865,10,50000,No,Yes,No,USD
30382,Facebook Post Reaction [ Haha 😂 ] [ Max 50K ] | Cancel Enable | No Refill ⚠️ | Day 10K,Facebook,Likes/Reactions,Facebook Post Reactions [ Provider ] [ Page Data ] ᴺᴱᵂ,2.768,0.0865,10,50000,No,Yes,No,USD
30383,Facebook Post Reaction [ Sad 😥 ] [ Max 50K ] | Cancel Enable | No Refill ⚠️ | Day 10K,Facebook,Likes/Reactions,Facebook Post Reactions [ Provider ] [ Page Data ] ᴺᴱᵂ,2.768,0.0865,10,50000,No,Yes,No,USD
30384,Facebook Post Reaction [ Angry 🤬 ] [ Max 50K ] | Cancel Enable | No Refill ⚠️ | Day 10K,Facebook,Likes/Reactions,Facebook Post Reactions [ Provider ] [ Page Data ] ᴺᴱᵂ,2.768,0.0865,10,50000,No,Yes,No,USD
30475,Facebook Post Reaction [ Like 👍 ] [ Max 50K ] | Cancel Enable | 30 Days ♻️ | Day 10K,Facebook,Likes/Reactions,Facebook Post Reactions [ Provider ] [ Page Data With Refill ] ᴺᴱᵂ,3.3216,0.1038,100,50000,Yes,Yes,No,USD
30476,Facebook Post Reaction [ Love ❤️ ] [ Max 50K ] | Cancel Enable | 30 Days ♻️ | Day 10K,Facebook,Likes/Reactions,Facebook Post Reactions [ Provider ] [ Page Data With Refill ] ᴺᴱᵂ,3.3216,0.1038,100,50000,Yes,Yes,No,USD
30477,Facebook Post Reaction [ Wow 😲 ] [ Max 50K ] | Cancel Enable | 30 Days ♻️ | Day 10K,Facebook,Likes/Reactions,Facebook Post Reactions [ Provider ] [ Page Data With Refill ] ᴺᴱᵂ,3.3216,0.1038,100,50000,Yes,Yes,No,USD
30478,Facebook Post Reaction [ Haha 😂 ] [ Max 50K ] | Cancel Enable | 30 Days ♻️ | Day 10K,Facebook,Likes/Reactions,Facebook Post Reactions [ Provider ] [ Page Data With Refill ] ᴺᴱᵂ,3.3216,0.1038,100,50000,Yes,Yes,No,USD
30479,Facebook Post Reaction [ Care 🤗 ] [ Max 50K ] | Cancel Enable | 30 Days ♻️ | Day 10K,Facebook,Likes/Reactions,Facebook Post Reactions [ Provider ] [ Page Data With Refill ] ᴺᴱᵂ,3.3216,0.1038,100,50000,Yes,Yes,No,USD
30480,Facebook Post Reaction [ Sad 😥 ] [ Max 50K ] | Cancel Enable | 30 Days ♻️ | Day 10K,Facebook,Likes/Reactions,Facebook Post Reactions [ Provider ] [ Page Data With Refill ] ᴺᴱᵂ,3.3216,0.1038,100,50000,Yes,Yes,No,USD
30481,Facebook Post Reaction [ Angry 🤬 ] [ Max 50K ] | Cancel Enable | 30 Days ♻️ | Day 10K,Facebook,Likes/Reactions,Facebook Post Reactions [ Provider ] [ Page Data With Refill ] ᴺᴱᵂ,3.3216,0.1038,100,50000,Yes,Yes,No,USD
30385,Facebook Post Reaction [ Like 👍 ] [ Max 50K ] | Cancel Enable | 30 Days ♻️ | Day 10K,Facebook,Likes/Reactions,Facebook Post Reactions [ Provider ] [ Page Data With Refill ] ᴺᴱᵂ,3.3216,0.1038,100,50000,Yes,Yes,No,USD
30386,Facebook Post Reaction [ Love ❤️ ] [ Max 50K ] | Cancel Enable | 30 Days ♻️ | Day 10K,Facebook,Likes/Reactions,Facebook Post Reactions [ Provider ] [ Page Data With Refill ] ᴺᴱᵂ,3.3216,0.1038,100,50000,Yes,Yes,No,USD
30387,Facebook Post Reaction [ Wow 😲 ] [ Max 50K ] | Cancel Enable | 30 Days ♻️ | Day 10K,Facebook,Likes/Reactions,Facebook Post Reactions [ Provider ] [ Page Data With Refill ] ᴺᴱᵂ,3.3216,0.1038,100,50000,Yes,Yes,No,USD
30388,Facebook Post Reaction [ Haha 😂 ] [ Max 50K ] | Cancel Enable | 30 Days ♻️ | Day 10K,Facebook,Likes/Reactions,Facebook Post Reactions [ Provider ] [ Page Data With Refill ] ᴺᴱᵂ,3.3216,0.1038,100,50000,Yes,Yes,No,USD
30389,Facebook Post Reaction [ Care 🤗 ] [ Max 50K ] | Cancel Enable | 30 Days ♻️ | Day 10K,Facebook,Likes/Reactions,Facebook Post Reactions [ Provider ] [ Page Data With Refill ] ᴺᴱᵂ,3.3216,0.1038,100,50000,Yes,Yes,No,USD
30390,Facebook Post Reaction [ Sad 😥 ] [ Max 50K ] | Cancel Enable | 30 Days ♻️ | Day 10K,Facebook,Likes/Reactions,Facebook Post Reactions [ Provider ] [ Page Data With Refill ] ᴺᴱᵂ,3.3216,0.1038,100,50000,Yes,Yes,No,USD
30391,Facebook Post Reaction [ Angry 🤬 ] [ Max 50K ] | Cancel Enable | 30 Days ♻️ | Day 10K,Facebook,Likes/Reactions,Facebook Post Reactions [ Provider ] [ Page Data With Refill ] ᴺᴱᵂ,3.3216,0.1038,100,50000,Yes,Yes,No,USD
30482,Facebook Post Reaction [ 👍❤️ ] [ Max 1M ] | Cancel Enable | No Refill ⚠️ | Day 10K,Facebook,Likes/Reactions,Facebook Post Reactions [ Provider ] [ Mixed Server - Page Data ] ᴺᴱᵂ,3.0208,0.0944,10,1000000,No,Yes,No,USD
30483,Facebook Post Reaction [ 👍❤️🥰 ] [ Max 1M ] | Cancel Enable | No Refill ⚠️ | Day 10K,Facebook,Likes/Reactions,Facebook Post Reactions [ Provider ] [ Mixed Server - Page Data ] ᴺᴱᵂ,3.0208,0.0944,10,1000000,No,Yes,No,USD
30484,Facebook Post Reaction [ 👍❤️🥰😆 ] [ Max 1M ] | Cancel Enable | No Refill ⚠️ | Day 10K,Facebook,Likes/Reactions,Facebook Post Reactions [ Provider ] [ Mixed Server - Page Data ] ᴺᴱᵂ,3.0208,0.0944,10,1000000,No,Yes,No,USD
30485,Facebook Post Reaction [ 👍❤️🥰😆😮 ] [ Max 1M ] | Cancel Enable | No Refill ⚠️ | Day 10K,Facebook,Likes/Reactions,Facebook Post Reactions [ Provider ] [ Mixed Server - Page Data ] ᴺᴱᵂ,3.0208,0.0944,10,1000000,No,Yes,No,USD
30486,Facebook Post Reaction [ 👍❤️🥰😆😮😭 ] [ Max 1M ] | Cancel Enable | No Refill ⚠️ | Day 10K,Facebook,Likes/Reactions,Facebook Post Reactions [ Provider ] [ Mixed Server - Page Data ] ᴺᴱᵂ,3.0208,0.0944,10,1000000,No,Yes,No,USD
30487,Facebook Post Reaction [ 👍❤️🥰😆😮😭😡 ] [ Max 1M ] | Cancel Enable | No Refill ⚠️ | Day 10K,Facebook,Likes/Reactions,Facebook Post Reactions [ Provider ] [ Mixed Server - Page Data ] ᴺᴱᵂ,3.0208,0.0944,10,1000000,No,Yes,No,USD
30392,Facebook Post Reaction [ 👍❤️ ] [ Max 1M ] | Cancel Enable | No Refill ⚠️ | Day 10K,Facebook,Likes/Reactions,Facebook Post Reactions [ Provider ] [ Mixed Server - Page Data ] ᴺᴱᵂ,3.0208,0.0944,10,1000000,No,Yes,No,USD
30393,Facebook Post Reaction [ 👍❤️🥰 ] [ Max 1M ] | Cancel Enable | No Refill ⚠️ | Day 10K,Facebook,Likes/Reactions,Facebook Post Reactions [ Provider ] [ Mixed Server - Page Data ] ᴺᴱᵂ,3.0208,0.0944,10,1000000,No,Yes,No,USD
30394,Facebook Post Reaction [ 👍❤️🥰😆 ] [ Max 1M ] | Cancel Enable | No Refill ⚠️ | Day 10K,Facebook,Likes/Reactions,Facebook Post Reactions [ Provider ] [ Mixed Server - Page Data ] ᴺᴱᵂ,3.0208,0.0944,10,1000000,No,Yes,No,USD
30395,Facebook Post Reaction [ 👍❤️🥰😆😮 ] [ Max 1M ] | Cancel Enable | No Refill ⚠️ | Day 10K,Facebook,Likes/Reactions,Facebook Post Reactions [ Provider ] [ Mixed Server - Page Data ] ᴺᴱᵂ,3.0208,0.0944,10,1000000,No,Yes,No,USD
30396,Facebook Post Reaction [ 👍❤️🥰😆😮😭 ] [ Max 1M ] | Cancel Enable | No Refill ⚠️ | Day 10K,Facebook,Likes/Reactions,Facebook Post Reactions [ Provider ] [ Mixed Server - Page Data ] ᴺᴱᵂ,3.0208,0.0944,10,1000000,No,Yes,No,USD
30397,Facebook Post Reaction [ 👍❤️🥰😆😮😭😡 ] [ Max 1M ] | Cancel Enable | No Refill ⚠️ | Day 10K,Facebook,Likes/Reactions,Facebook Post Reactions [ Provider ] [ Mixed Server - Page Data ] ᴺᴱᵂ,3.0208,0.0944,10,1000000,No,Yes,No,USD
30488,Instagram Followers [ Max 100K ] | Old Accounts +Posts | Low Drop | No Refill ⚠️ | Instant Start | Day 100K 🚀,Instagram,Followers/Subscribers,Instagram Followers [ Real - Mix Data ] [ Very Cheap ] [ Provider ] ᴺᴱᵂ,8.2464,0.2577,100,100000,No,No,No,USD
30398,Instagram Followers [ Max 100K ] | Old Accounts +Posts | Low Drop | No Refill ⚠️ | Instant Start | Day 100K 🚀,Instagram,Followers/Subscribers,Instagram Followers [ Real - Mix Data ] [ Very Cheap ] [ Provider ] ᴺᴱᵂ,8.2464,0.2577,100,100000,No,No,No,USD
30489,Instagram Followers [ Max 100K ] | Old Accounts +Posts | Low Drop | 30 Days ♻️ | Instant Start | Day 100K 🚀,Instagram,Followers/Subscribers,Instagram Followers [ Real - Mix Data ] [ Very Cheap ] [ Provider ] ᴺᴱᵂ,10.1248,0.3164,100,100000,Yes,No,No,USD
30399,Instagram Followers [ Max 100K ] | Old Accounts +Posts | Low Drop | 30 Days ♻️ | Instant Start | Day 100K 🚀,Instagram,Followers/Subscribers,Instagram Followers [ Real - Mix Data ] [ Very Cheap ] [ Provider ] ᴺᴱᵂ,10.1248,0.3164,100,100000,Yes,No,No,USD
30490,Instagram Followers [ Max 100K ] | Old Accounts +Posts | Low Drop | 60 Days ♻️ | Instant Start | Day 100K 🚀,Instagram,Followers/Subscribers,Instagram Followers [ Real - Mix Data ] [ Very Cheap ] [ Provider ] ᴺᴱᵂ,10.4864,0.3277,100,100000,Yes,No,No,USD
30400,Instagram Followers [ Max 100K ] | Old Accounts +Posts | Low Drop | 60 Days ♻️ | Instant Start | Day 100K 🚀,Instagram,Followers/Subscribers,Instagram Followers [ Real - Mix Data ] [ Very Cheap ] [ Provider ] ᴺᴱᵂ,10.4864,0.3277,100,100000,Yes,No,No,USD
30491,Instagram Followers [ Max 100K ] | Old Accounts +Posts | Low Drop | 90 Days ♻️ | Instant Start | Day 100K 🚀,Instagram,Followers/Subscribers,Instagram Followers [ Real - Mix Data ] [ Very Cheap ] [ Provider ] ᴺᴱᵂ,11.2096,0.3503,100,100000,Yes,No,No,USD
30401,Instagram Followers [ Max 100K ] | Old Accounts +Posts | Low Drop | 90 Days ♻️ | Instant Start | Day 100K 🚀,Instagram,Followers/Subscribers,Instagram Followers [ Real - Mix Data ] [ Very Cheap ] [ Provider ] ᴺᴱᵂ,11.2096,0.3503,100,100000,Yes,No,No,USD
30492,Instagram Followers [ Max 100K ] | Old Accounts +Posts | Low Drop | 365 Days ♻️ | Instant Start | Day 100K 🚀,Instagram,Followers/Subscribers,Instagram Followers [ Real - Mix Data ] [ Very Cheap ] [ Provider ] ᴺᴱᵂ,11.5712,0.3616,100,100000,Yes,No,No,USD
30402,Instagram Followers [ Max 100K ] | Old Accounts +Posts | Low Drop | 365 Days ♻️ | Instant Start | Day 100K 🚀,Instagram,Followers/Subscribers,Instagram Followers [ Real - Mix Data ] [ Very Cheap ] [ Provider ] ᴺᴱᵂ,11.5712,0.3616,100,100000,Yes,No,No,USD
30493,Instagram Followers [ Max 100K ] | Old Accounts +Posts | Low Drop | Lifetime ♻️ | Instant Start | Day 100K 🚀,Instagram,Followers/Subscribers,Instagram Followers [ Real - Mix Data ] [ Very Cheap ] [ Provider ] ᴺᴱᵂ,12.656,0.3955,100,100000,Yes,No,No,USD
30403,Instagram Followers [ Max 100K ] | Old Accounts +Posts | Low Drop | Lifetime ♻️ | Instant Start | Day 100K 🚀,Instagram,Followers/Subscribers,Instagram Followers [ Real - Mix Data ] [ Very Cheap ] [ Provider ] ᴺᴱᵂ,12.656,0.3955,100,100000,Yes,No,No,USD
30494,Instagram Followers [ Max 5M ] | Real Accounts | Non Drop | No Refill ⚠️ | Instant Start | Day 150K 🚀,Instagram,Followers/Subscribers,Instagram Followers [ Real Data ] [ NON DROP ]  [ Provider ] ᴺᴱᵂ,9.7632,0.3051,10,5000000,No,No,No,USD
30404,Instagram Followers [ Max 5M ] | Real Accounts | Non Drop | No Refill ⚠️ | Instant Start | Day 150K 🚀,Instagram,Followers/Subscribers,Instagram Followers [ Real Data ] [ NON DROP ]  [ Provider ] ᴺᴱᵂ,9.7632,0.3051,10,5000000,No,No,No,USD
30495,Instagram Followers [ Max 5M ] | Real Accounts | Non Drop | 30 Days ♻️ | Instant Start | Day 150K 🚀,Instagram,Followers/Subscribers,Instagram Followers [ Real Data ] [ NON DROP ]  [ Provider ] ᴺᴱᵂ,12.1152,0.3786,10,5000000,Yes,No,No,USD
30405,Instagram Followers [ Max 5M ] | Real Accounts | Non Drop | 30 Days ♻️ | Instant Start | Day 150K 🚀,Instagram,Followers/Subscribers,Instagram Followers [ Real Data ] [ NON DROP ]  [ Provider ] ᴺᴱᵂ,12.1152,0.3786,10,5000000,Yes,No,No,USD
30496,Instagram Followers [ Max 5M ] | Real Accounts | Non Drop | 60 Days ♻️ | Instant Start | Day 150K 🚀,Instagram,Followers/Subscribers,Instagram Followers [ Real Data ] [ NON DROP ]  [ Provider ] ᴺᴱᵂ,12.656,0.3955,10,5000000,Yes,No,No,USD
30406,Instagram Followers [ Max 5M ] | Real Accounts | Non Drop | 60 Days ♻️ | Instant Start | Day 150K 🚀,Instagram,Followers/Subscribers,Instagram Followers [ Real Data ] [ NON DROP ]  [ Provider ] ᴺᴱᵂ,12.656,0.3955,10,5000000,Yes,No,No,USD
30497,Instagram Followers [ Max 5M ] | Real Accounts | Non Drop | 90 Days ♻️ | Instant Start | Day 150K 🚀,Instagram,Followers/Subscribers,Instagram Followers [ Real Data ] [ NON DROP ]  [ Provider ] ᴺᴱᵂ,13.2,0.4125,10,5000000,Yes,No,No,USD
30407,Instagram Followers [ Max 5M ] | Real Accounts | Non Drop | 90 Days ♻️ | Instant Start | Day 150K 🚀,Instagram,Followers/Subscribers,Instagram Followers [ Real Data ] [ NON DROP ]  [ Provider ] ᴺᴱᵂ,13.2,0.4125,10,5000000,Yes,No,No,USD
30498,Instagram Followers [ Max 5M ] | Real Accounts | Non Drop | 365 Days ♻️ | Instant Start | Day 150K 🚀,Instagram,Followers/Subscribers,Instagram Followers [ Real Data ] [ NON DROP ]  [ Provider ] ᴺᴱᵂ,13.7408,0.4294,10,5000000,Yes,No,No,USD
30408,Instagram Followers [ Max 5M ] | Real Accounts | Non Drop | 365 Days ♻️ | Instant Start | Day 150K 🚀,Instagram,Followers/Subscribers,Instagram Followers [ Real Data ] [ NON DROP ]  [ Provider ] ᴺᴱᵂ,13.7408,0.4294,10,5000000,Yes,No,No,USD
30499,Instagram Followers [ Max 5M ] | Real Accounts | Non Drop | Lifetime ♻️ | Instant Start | Day 150K 🚀,Instagram,Followers/Subscribers,Instagram Followers [ Real Data ] [ NON DROP ]  [ Provider ] ᴺᴱᵂ,14.464,0.452,10,5000000,Yes,No,No,USD
30409,Instagram Followers [ Max 5M ] | Real Accounts | Non Drop | Lifetime ♻️ | Instant Start | Day 150K 🚀,Instagram,Followers/Subscribers,Instagram Followers [ Real Data ] [ NON DROP ]  [ Provider ] ᴺᴱᵂ,14.464,0.452,10,5000000,Yes,No,No,USD
30500,Instagram Followers [ Max 10M ] | HQ Accounts With +6 Posts Account | Non Drop | No Refill ⚠️ | Instant Start | Day 200K 🚀,Instagram,Followers/Subscribers,Instagram Followers [ 6 Post+ ] [Best Speed] [Main Provider] ᴺᴱᵂ,10.4864,0.3277,1,10000000,No,Yes,No,USD
30410,Instagram Followers [ Max 10M ] | HQ Accounts With +6 Posts Account | Non Drop | No Refill ⚠️ | Instant Start | Day 200K 🚀,Instagram,Followers/Subscribers,Instagram Followers [ 6 Post+ ] [Best Speed] [Main Provider] ᴺᴱᵂ,10.4864,0.3277,1,10000000,No,Yes,No,USD
30501,Instagram Followers [ Max 10M ] | HQ Accounts With +6 Posts Account | Non Drop | 30 Days ♻️ | Instant Start | Day 200K 🚀,Instagram,Followers/Subscribers,Instagram Followers [ 6 Post+ ] [Best Speed] [Main Provider] ᴺᴱᵂ,12.656,0.3955,1,10000000,Yes,Yes,No,USD
30411,Instagram Followers [ Max 10M ] | HQ Accounts With +6 Posts Account | Non Drop | 30 Days ♻️ | Instant Start | Day 200K 🚀,Instagram,Followers/Subscribers,Instagram Followers [ 6 Post+ ] [Best Speed] [Main Provider] ᴺᴱᵂ,12.656,0.3955,1,10000000,Yes,Yes,No,USD
30502,Instagram Followers [ Max 5M ] | HQ Accounts With +6 Posts Account | Non Drop | 60 Days ♻️ | Instant Start | Day 200K 🚀,Instagram,Followers/Subscribers,Instagram Followers [ 6 Post+ ] [Best Speed] [Main Provider] ᴺᴱᵂ,13.0176,0.4068,1,10000000,Yes,Yes,No,USD
30412,Instagram Followers [ Max 5M ] | HQ Accounts With +6 Posts Account | Non Drop | 60 Days ♻️ | Instant Start | Day 200K 🚀,Instagram,Followers/Subscribers,Instagram Followers [ 6 Post+ ] [Best Speed] [Main Provider] ᴺᴱᵂ,13.0176,0.4068,1,10000000,Yes,Yes,No,USD
30503,Instagram Followers [ Max 5M ] | HQ Accounts With +6 Posts Account | Non Drop | 90 Days ♻️ | Instant Start | Day 200K 🚀,Instagram,Followers/Subscribers,Instagram Followers [ 6 Post+ ] [Best Speed] [Main Provider] ᴺᴱᵂ,13.7408,0.4294,1,10000000,Yes,Yes,No,USD
30413,Instagram Followers [ Max 5M ] | HQ Accounts With +6 Posts Account | Non Drop | 90 Days ♻️ | Instant Start | Day 200K 🚀,Instagram,Followers/Subscribers,Instagram Followers [ 6 Post+ ] [Best Speed] [Main Provider] ᴺᴱᵂ,13.7408,0.4294,1,10000000,Yes,Yes,No,USD
30504,Instagram Followers [ Max 5M ] | HQ Accounts With +6 Posts Account | Non Drop | 365 Days ♻️ | Instant Start | Day 200K 🚀,Instagram,Followers/Subscribers,Instagram Followers [ 6 Post+ ] [Best Speed] [Main Provider] ᴺᴱᵂ,14.1024,0.4407,1,10000000,Yes,Yes,No,USD
30414,Instagram Followers [ Max 5M ] | HQ Accounts With +6 Posts Account | Non Drop | 365 Days ♻️ | Instant Start | Day 200K 🚀,Instagram,Followers/Subscribers,Instagram Followers [ 6 Post+ ] [Best Speed] [Main Provider] ᴺᴱᵂ,14.1024,0.4407,1,10000000,Yes,Yes,No,USD
30505,Instagram Followers [ Max 5M ] | HQ Accounts With +6 Posts Account | Non Drop | Lifetime ♻️ | Instant Start | Day 200K 🚀,Instagram,Followers/Subscribers,Instagram Followers [ 6 Post+ ] [Best Speed] [Main Provider] ᴺᴱᵂ,14.8256,0.4633,1,10000000,Yes,Yes,No,USD
30415,Instagram Followers [ Max 5M ] | HQ Accounts With +6 Posts Account | Non Drop | Lifetime ♻️ | Instant Start | Day 200K 🚀,Instagram,Followers/Subscribers,Instagram Followers [ 6 Post+ ] [Best Speed] [Main Provider] ᴺᴱᵂ,14.8256,0.4633,1,10000000,Yes,Yes,No,USD
30522,Instagram Followers [ Max 1M ] | APP Accounts | Non Drop | No Refill ⚠️ | Instant Start | Day 500K 🚀,Instagram,Followers/Subscribers,Instagram Followers [ App Data ] [ Provider ] ᴺᴱᵂ,12.656,0.3955,10,1000000,No,No,No,USD
30416,Instagram Followers [ Max 1M ] | APP Accounts | Non Drop | No Refill ⚠️ | Instant Start | Day 500K 🚀,Instagram,Followers/Subscribers,Instagram Followers [ App Data ] [ Provider ] ᴺᴱᵂ,12.656,0.3955,10,1000000,No,No,No,USD
30523,Instagram Followers [ Max 1M ] | APP Accounts | Non Drop | 30 Days ♻️ | Instant Start | Day 500K 🚀,Instagram,Followers/Subscribers,Instagram Followers [ App Data ] [ Provider ] ᴺᴱᵂ,14.8256,0.4633,10,1000000,Yes,No,No,USD
30417,Instagram Followers [ Max 1M ] | APP Accounts | Non Drop | 30 Days ♻️ | Instant Start | Day 500K 🚀,Instagram,Followers/Subscribers,Instagram Followers [ App Data ] [ Provider ] ᴺᴱᵂ,14.8256,0.4633,10,1000000,Yes,No,No,USD
30524,Instagram Followers [ Max 1M ] | APP Accounts | Non Drop | 60 Days ♻️ | Instant Start | Day 500K 🚀,Instagram,Followers/Subscribers,Instagram Followers [ App Data ] [ Provider ] ᴺᴱᵂ,16.6336,0.5198,10,1000000,Yes,No,No,USD
30418,Instagram Followers [ Max 1M ] | APP Accounts | Non Drop | 60 Days ♻️ | Instant Start | Day 500K 🚀,Instagram,Followers/Subscribers,Instagram Followers [ App Data ] [ Provider ] ᴺᴱᵂ,16.6336,0.5198,10,1000000,Yes,No,No,USD
30525,Instagram Followers [ Max 1M ] | APP Accounts | Non Drop | 90 Days ♻️ | Instant Start | Day 500K 🚀,Instagram,Followers/Subscribers,Instagram Followers [ App Data ] [ Provider ] ᴺᴱᵂ,17.3568,0.5424,10,1000000,Yes,No,No,USD
30419,Instagram Followers [ Max 1M ] | APP Accounts | Non Drop | 90 Days ♻️ | Instant Start | Day 500K 🚀,Instagram,Followers/Subscribers,Instagram Followers [ App Data ] [ Provider ] ᴺᴱᵂ,17.3568,0.5424,10,1000000,Yes,No,No,USD
30526,Instagram Followers [ Max 1M ] | APP Accounts | Non Drop | 365 Days ♻️ | Instant Start | Day 500K 🚀,Instagram,Followers/Subscribers,Instagram Followers [ App Data ] [ Provider ] ᴺᴱᵂ,19.5264,0.6102,10,1000000,Yes,No,No,USD
30420,Instagram Followers [ Max 1M ] | APP Accounts | Non Drop | 365 Days ♻️ | Instant Start | Day 500K 🚀,Instagram,Followers/Subscribers,Instagram Followers [ App Data ] [ Provider ] ᴺᴱᵂ,19.5264,0.6102,10,1000000,Yes,No,No,USD
30527,Instagram Followers [ Max 1M ] | APP Accounts | Non Drop | Lifetime ♻️ | Instant Start | Day 500K 🚀,Instagram,Followers/Subscribers,Instagram Followers [ App Data ] [ Provider ] ᴺᴱᵂ,21.3344,0.6667,10,1000000,Yes,No,No,USD
30421,Instagram Followers [ Max 1M ] | APP Accounts | Non Drop | Lifetime ♻️ | Instant Start | Day 500K 🚀,Instagram,Followers/Subscribers,Instagram Followers [ App Data ] [ Provider ] ᴺᴱᵂ,21.3344,0.6667,10,1000000,Yes,No,No,USD
30422,TikTok Video Views [ Max Unlimited ] | HQ | Cancel Enable | 15 Days Auto Refill ♻️ | Instant Start | Day 10M 🚀,TikTok,Views/Plays,Tiktok Video Views [ Auto Refill 100% Working ♻️ ] ᴺᴱᵂ,0.3456,0.0108,100,1000000000,No,Yes,No,USD
30423,TikTok Video Views [ Max Unlimited ] | HQ | Cancel Enable | 30 Days Auto Refill ♻️ | Instant Start | Day 10M 🚀,TikTok,Views/Plays,Tiktok Video Views [ Auto Refill 100% Working ♻️ ] ᴺᴱᵂ,0.5792,0.0181,100,1000000000,No,Yes,No,USD
30424,Instagram Followers [ Max 10M ] | 100% Real Accounts With Posts | Cancel Enable | Drop 15-25% | No Refill ⚠️ | Instant Start | Day 500K 🚀,Instagram,Followers/Subscribers,Instagram Followers [ Recommended S2 ⭐ ] ᴺᴱᵂ,10.4864,0.3277,1,10000000,No,Yes,No,USD
30425,Instagram Followers [ Max 10M ] | 100% Real Accounts With Posts | Cancel Enable | Drop 15-25% | 30 Days ♻️ | Instant Start | Day 500K 🚀,Instagram,Followers/Subscribers,Instagram Followers [ Recommended S2 ⭐ ] ᴺᴱᵂ,18.08,0.565,1,10000000,Yes,Yes,No,USD
30426,Instagram Followers [ Max 10M ] | 100% Real Accounts With Posts | Cancel Enable | Drop 15-25% | 90 Days ♻️ | Instant Start | Day 500K 🚀,Instagram,Followers/Subscribers,Instagram Followers [ Recommended S2 ⭐ ] ᴺᴱᵂ,23.504,0.7345,1,10000000,Yes,Yes,No,USD
30531,TikTok Video Views [ Max Unlimited ] | Non Drop | Cancel Enable | No Refill ⚠️ | Instant Start | Day 10M 🚀🚀,TikTok,Views/Plays,Tiktok Views [ Non Drop 🚀 ] ᴺᴱᵂ,0.3456,0.0108,100,2147483647,No,Yes,No,USD
30532,TikTok Video Views [ Max Unlimited ] | Non Drop | Cancel Enable | 7 Days ♻️ | Instant Start | Day 10M 🚀🚀,TikTok,Views/Plays,Tiktok Views [ Non Drop 🚀 ] ᴺᴱᵂ,0.3488,0.0109,100,2147483647,Yes,Yes,No,USD
30533,TikTok Video Views [ Max Unlimited ] | Non Drop | Cancel Enable | 15 Days ♻️ | Instant Start | Day 10M 🚀🚀,TikTok,Views/Plays,Tiktok Views [ Non Drop 🚀 ] ᴺᴱᵂ,0.352,0.011,100,2147483647,Yes,Yes,No,USD
30534,TikTok Video Views [ Max Unlimited ] | Non Drop | Cancel Enable | 30 Days ♻️ | Instant Start | Day 10M 🚀🚀,TikTok,Views/Plays,Tiktok Views [ Non Drop 🚀 ] ᴺᴱᵂ,0.3552,0.0111,100,2147483647,Yes,Yes,No,USD
30535,TikTok Video Views [ Max Unlimited ] | Non Drop | Cancel Enable | 60 Days ♻️ | Instant Start | Day 10M 🚀🚀,TikTok,Views/Plays,Tiktok Views [ Non Drop 🚀 ] ᴺᴱᵂ,0.3584,0.0112,100,2147483647,Yes,Yes,No,USD
30536,TikTok Video Views [ Max Unlimited ] | Non Drop | Cancel Enable | 90 Days ♻️ | Instant Start | Day 10M 🚀🚀,TikTok,Views/Plays,Tiktok Views [ Non Drop 🚀 ] ᴺᴱᵂ,0.3616,0.0113,100,2147483647,Yes,Yes,No,USD
30537,TikTok Video Views [ Max Unlimited ] | Non Drop | Cancel Enable | 365 Days ♻️ | Instant Start | Day 10M 🚀🚀,TikTok,Views/Plays,Tiktok Views [ Non Drop 🚀 ] ᴺᴱᵂ,0.4,0.0125,100,2147483647,Yes,Yes,No,USD
30538,TikTok Video Views [ Max Unlimited ] | Non Drop | Cancel Enable | Lifetime  ♻️ | Instant Start | Day 10M 🚀🚀,TikTok,Views/Plays,Tiktok Views [ Non Drop 🚀 ] ᴺᴱᵂ,0.4352,0.0136,100,2147483647,Yes,Yes,No,USD
30539,TikTok Video Views [ Max Unlimited ] | HQ | Cancel Enable | No Refill ⚠️ | Instant Start | Day 10M 🚀,TikTok,Views/Plays,Tiktok Views [ Cheapest 💫 ] ᴺᴱᵂ,0.256,0.008,10,2147483647,No,No,No,USD
30545,TikTok Video Views [ Max Unlimited ] | No Refill ⚠️ | Instant Start | Day 10M 🚀 [ Cheapest 💥],TikTok,Views/Plays,Tiktok Views [ Cheapest 💫 ] ᴺᴱᵂ,0.2688,0.0084,10000,2147483647,No,No,No,USD
30540,TikTok Video Views [ Max Unlimited ] | HQ | Cancel Enable | 30 Days ♻️ | Instant Start | Day 10M 🚀,TikTok,Views/Plays,Tiktok Views [ Cheapest 💫 ] ᴺᴱᵂ,0.272,0.0085,10,2147483647,No,No,No,USD
30546,TikTok Video Views [ Max Unlimited ] | No Refill ⚠️ | Instant Start | Day 10M 🚀 [ Cheapest 💥],TikTok,Views/Plays,Tiktok Views [ Cheapest 💫 ] ᴺᴱᵂ,0.272,0.0085,5000,2147483647,No,No,No,USD
30541,TikTok Video Views [ Max Unlimited ] | HQ | Cancel Enable | No Refill ⚠️ | Instant Start | Day 10M 🚀,TikTok,Views/Plays,Tiktok Views [ Cheapest 💫 ] ᴺᴱᵂ,0.2816,0.0088,100,2147483647,No,No,No,USD
30547,TikTok Video Views [ Max Unlimited ] | No Refill ⚠️ | Instant Start | Day 10M 🚀 [ Cheapest 💥],TikTok,Views/Plays,Tiktok Views [ Cheapest 💫 ] ᴺᴱᵂ,0.2816,0.0088,50,2147483647,No,No,No,USD
30548,TikTok Video Views [ Max Unlimited ] | HQ | No Refill ⚠️ | Instant Start | Day 100M 🚀 [ Super Fast Complete 🚀 ],TikTok,Views/Plays,Tiktok Views [ Cheapest 💫 ] ᴺᴱᵂ,0.2816,0.0088,50,2147483647,No,No,No,USD
30549,TikTok Video Views [ Max Unlimited ] | Instant Start | Day 10M [ Cheap ] 𝐔𝐋𝐓𝐑𝐀 𝐅𝐀𝐒𝐓 🚀,TikTok,Views/Plays,Tiktok Views [ Cheapest 💫 ] ᴺᴱᵂ,0.2912,0.0091,100,2147483647,No,Yes,No,USD
30542,TikTok Video Views [ Max Unlimited ] | HQ | Cancel Enable | 30 Days ♻️ | Instant Start | Day 10M 🚀,TikTok,Views/Plays,Tiktok Views [ Cheapest 💫 ] ᴺᴱᵂ,0.3008,0.0094,100,2147483647,No,No,No,USD
30543,TikTok Video Views [ Max Unlimited ] | HQ | Cancel Enable | No Refill ⚠️ | Instant Start | Day 10M 🚀,TikTok,Views/Plays,Tiktok Views [ Cheapest 💫 ] ᴺᴱᵂ,0.3264,0.0102,100,2147483647,No,No,No,USD
30544,TikTok Video Views [ Max Unlimited ] | HQ | Cancel Enable |  30 Days ♻️ | Instant Start | Day 10M 🚀,TikTok,Views/Plays,Tiktok Views [ Cheapest 💫 ] ᴺᴱᵂ,0.3264,0.0102,100,2147483647,No,No,No,USD
30550,TikTok Video Views [ Max Unlimited ] | HQ | Drop 0% | 30 Days ♻️ | Instant Start | Day 500M 🚀 [ 𝗕𝘂𝘁𝘁𝗼𝗻 %𝟭𝟬𝟬 𝗪𝗼𝗿𝗸𝗶𝗻𝗴 🚀 🚀 ],TikTok,Views/Plays,Tiktok Views [ Cheapest 💫 ] ᴺᴱᵂ,0.3456,0.0108,50,2147483647,Yes,No,No,USD
30551,TikTok Video Views [ Max Unlimited ] | HQ | Drop 0% | 365 Days ♻️ | Instant Start | Day 500M 🚀 [ 𝗕𝘂𝘁𝘁𝗼𝗻 %𝟭𝟬𝟬 𝗪𝗼𝗿𝗸𝗶𝗻𝗴 🚀 🚀 ],TikTok,Views/Plays,Tiktok Views [ Cheapest 💫 ] ᴺᴱᵂ,0.4704,0.0147,50,2147483647,No,No,No,USD
30552,TikTok Video Views [ Max Unlimited ] | HQ | Drop 0% | Lifetime ♻️ | Instant Start | Day 500M 🚀 [ 𝗕𝘂𝘁𝘁𝗼𝗻 %𝟭𝟬𝟬 𝗪𝗼𝗿𝗸𝗶𝗻𝗴 🚀 🚀 ],TikTok,Views/Plays,Tiktok Views [ Cheapest 💫 ] ᴺᴱᵂ,0.5088,0.0159,50,2147483647,No,No,No,USD
30553,TikTok Video Views [ Max Unlimited ] | HQ | Cancel Enable | 7 Days ♻️ | Instant Start | Day 10M 🚀,TikTok,Views/Plays,Tiktok Views [ Auto Refill BY AI⚙️♻️ ] ᴺᴱᵂ,0.256,0.008,100,2147483647,Yes,Yes,No,USD
30554,TikTok Video Views [ Max Unlimited ] | HQ | Cancel Enable | 15 Days ♻️ | Instant Start | Day 10M 🚀,TikTok,Views/Plays,Tiktok Views [ Auto Refill BY AI⚙️♻️ ] ᴺᴱᵂ,0.272,0.0085,100,2147483647,Yes,Yes,No,USD
30555,TikTok Video Views [ Max Unlimited ] | HQ | Cancel Enable | 21 Days ♻️ | Instant Start | Day 10M 🚀,TikTok,Views/Plays,Tiktok Views [ Auto Refill BY AI⚙️♻️ ] ᴺᴱᵂ,0.2912,0.0091,100,2147483647,Yes,Yes,No,USD
30556,TikTok Video Views [ Max Unlimited ] | HQ | Cancel Enable | 30 Days ♻️ | Instant Start | Day 10M 🚀,TikTok,Views/Plays,Tiktok Views [ Auto Refill BY AI⚙️♻️ ] ᴺᴱᵂ,0.3104,0.0097,100,2147483647,Yes,Yes,No,USD
30557,TikTok Video Views [ Max Unlimited ] | HQ | Cancel Enable | 60 Days ♻️ | Instant Start | Day 10M 🚀,TikTok,Views/Plays,Tiktok Views [ Auto Refill BY AI⚙️♻️ ] ᴺᴱᵂ,0.3264,0.0102,100,2147483647,Yes,Yes,No,USD
30558,TikTok Video Views [ Max Unlimited ] | HQ | Cancel Enable | 90 Days ♻️ | Instant Start | Day 10M 🚀,TikTok,Views/Plays,Tiktok Views [ Auto Refill BY AI⚙️♻️ ] ᴺᴱᵂ,0.3456,0.0108,100,2147483647,Yes,Yes,No,USD
30559,TikTok Video Views [ Max Unlimited ] | HQ | Cancel Enable | 365 Days ♻️ | Instant Start | Day 10M 🚀,TikTok,Views/Plays,Tiktok Views [ Auto Refill BY AI⚙️♻️ ] ᴺᴱᵂ,0.3616,0.0113,100,2147483647,Yes,Yes,No,USD
30561,TikTok Video Views [ Max Unlimited ] | HQ | Cancel Enable | 30 Days ♻️ | Instant Start | Day 100M 🚀,TikTok,Views/Plays,Tiktok Views [ 04.03.2026 UPDATE ] ᴺᴱᵂ,0.1472,0.0046,500,2147483647,Yes,Yes,No,USD
30563,TikTok Video Views [ Max Unlimited ] | HQ | Cancel Enable | 30 Days ♻️ | Instant Start | Day 100M 🚀,TikTok,Views/Plays,Tiktok Views [ 04.03.2026 UPDATE ] ᴺᴱᵂ,0.2176,0.0068,100,2147483647,Yes,Yes,No,USD
30564,TikTok Video Views [ Max Unlimited ] | HQ | Cancel Enable | No Refill ⚠️ | Instant Start | Day 100M 🚀 𝗔𝗟𝗪𝗔𝗬𝗦 𝗦𝗧𝗔𝗕𝗟𝗘,TikTok,Views/Plays,Tiktok Views [ 04.03.2026 UPDATE ] ᴺᴱᵂ,0.256,0.008,10,2147483647,No,Yes,No,USD
30565,TikTok Video Views [ Max Unlimited ] | HQ | Cancel Enable | 30 Days ♻️ | Instant Start | Day 100M 🚀 𝗔𝗟𝗪𝗔𝗬𝗦 𝗦𝗧𝗔𝗕𝗟𝗘,TikTok,Views/Plays,Tiktok Views [ 04.03.2026 UPDATE ] ᴺᴱᵂ,0.2912,0.0091,10,2147483647,Yes,Yes,No,USD
30560,TikTok Video Views [ Max Unlimited ] | HQ | Cancel Enable | No Refill ⚠️ | Instant Start | Day 100M 🚀,TikTok,Views/Plays,Tiktok Views [ 04.03.2026 UPDATE ] ᴺᴱᵂ,0.3456,0.0108,500,2147483647,No,No,No,USD
30562,TikTok Video Views [ Max Unlimited ] | HQ | Cancel Enable | No Refill ⚠️ | Instant Start | Day 100M 🚀,TikTok,Views/Plays,Tiktok Views [ 04.03.2026 UPDATE ] ᴺᴱᵂ,0.3456,0.0108,100,2147483647,No,No,No,USD
30567,TikTok Video Views [ Max Unlimited ] | HQ | Cancel Enable | 30 Days ♻️ | Instant Start | Day 100M 🚀,TikTok,Views/Plays,Tiktok Views [ Best Price ] ᴺᴱᵂ,0.2176,0.0068,100,2147483647,Yes,Yes,No,USD
30569,TikTok Video Views [ Max Unlimited ] | HQ | Cancel Enable | 30 Days ♻️ | Instant Start | Day 100M 🚀,TikTok,Views/Plays,Tiktok Views [ Best Price ] ᴺᴱᵂ,0.256,0.008,100,2147483647,Yes,Yes,No,USD
30571,TikTok Video Views [ Max Unlimited ] | HQ | Cancel Enable | 30 Days ♻️ | Instant Start | Day 100M 🚀,TikTok,Views/Plays,Tiktok Views [ Best Price ] ᴺᴱᵂ,0.3264,0.0102,100,2147483647,Yes,Yes,No,USD
30566,TikTok Video Views [ Max Unlimited ] | HQ | Cancel Enable | No Refill ⚠️ | Instant Start | Day 100M 🚀,TikTok,Views/Plays,Tiktok Views [ Best Price ] ᴺᴱᵂ,0.3456,0.0108,100,2147483647,No,No,No,USD
30568,TikTok Video Views [ Max Unlimited ] | HQ | Cancel Enable | No Refill ⚠️ | Instant Start | Day 100M 🚀,TikTok,Views/Plays,Tiktok Views [ Best Price ] ᴺᴱᵂ,0.3456,0.0108,100,2147483647,No,No,No,USD
30570,TikTok Video Views [ Max Unlimited ] | HQ | Cancel Enable | No Refill ⚠️ | Instant Start | Day 100M 🚀,TikTok,Views/Plays,Tiktok Views [ Best Price ] ᴺᴱᵂ,0.3456,0.0108,100,2147483647,No,No,No,USD
30588,All Flag (Real+Mix)D-20k,Other,Followers/Subscribers,İnstagram Followers(Server2) (İNDİAN Mix B %15) (Always Refill ),10.1248,0.3164,20,20000,No,No,No,USD
30589,All Flag (Real-Bot Mix) 1M,Other,Followers/Subscribers,İnstagram Followers(Server2) (İNDİAN Mix B %15) (Always Refill ),11.2096,0.3503,20,1000000,No,No,No,USD
30590,All Flag (Real-Bot Mix) 1M /(REAL Refil) 15 Days♻️ % 20 Drop,Other,Followers/Subscribers,İnstagram Followers(Server2) (İNDİAN Mix B %15) (Always Refill ),13.3792,0.4181,20,1000000,No,No,No,USD
30591,All Flag  (Real -Botmix) 1M /(REAL Refil) 30 Days♻️%20 Drop,Other,Followers/Subscribers,İnstagram Followers(Server2) (İNDİAN Mix B %15) (Always Refill ),15.5488,0.4859,20,1000000,Yes,No,No,USD
30592,All Flag (Real -Botmix) 1M /(REAL Refil) 365Days♻️%20 Drop,Other,Followers/Subscribers,İnstagram Followers(Server2) (İNDİAN Mix B %15) (Always Refill ),17.3568,0.5424,20,1000000,Yes,No,No,USD
30593,(Real! İndian)All Flag (İndian App+ Arabic) 1M,Other,Followers/Subscribers,İnstagram Followers(Server2) (İNDİAN Mix B %15) (Always Refill ),31.8208,0.9944,20,1000000,No,Yes,No,USD
30594,(Real! İndian)All Flag 1M / (REAL Refil) 30 Days♻️1Mon	 % 12 Drop Rate,Other,Followers/Subscribers,İnstagram Followers(Server2) (İNDİAN Mix B %15) (Always Refill ),48.816,1.5255,20,1000000,Yes,No,No,USD
30595,(Real! İndian) All Flag1M /(REAL Refil) 365 Days♻️1Mon	 % 7 Drop Rate,Other,Followers/Subscribers,İnstagram Followers(Server2) (İNDİAN Mix B %15) (Always Refill ),61.472,1.921,20,1000000,Yes,No,No,USD
30597,instagram Followers No Reff (Mix)  min 500k,Instagram,Followers/Subscribers,İnstagram Followers(Server1) (Arabic Mix B %15) (App-Reall ),16.272,0.5085,20,500000,No,No,No,USD
30596,instagram Followers No Reff (Real İndian Mix)  min 10k,Instagram,Followers/Subscribers,İnstagram Followers(Server1) (Arabic Mix B %15) (App-Reall ),16.6336,0.5198,20,10000,No,No,No,USD
30598,instagram Followers (Mix)+ (15Gün♻️),Instagram,Followers/Subscribers,İnstagram Followers(Server1) (Arabic Mix B %15) (App-Reall ),19.888,0.6215,20,110000,Yes,No,No,USD
30599,instagram Followers (Mix)+ (30 Days♻️),Instagram,Followers/Subscribers,İnstagram Followers(Server1) (Arabic Mix B %15) (App-Reall ),23.504,0.7345,20,1000000,Yes,Yes,No,USD
30600,instagram Followers (Mix)+ (45 Days♻️),Instagram,Followers/Subscribers,İnstagram Followers(Server1) (Arabic Mix B %15) (App-Reall ),27.12,0.8475,20,1000000,Yes,No,No,USD
30602,instagram Followers No Ref (ᴺᴱᵂ İndian App+Arabic Data ) min 1m,Instagram,Followers/Subscribers,İnstagram Followers(Server1) (Arabic Mix B %15) (App-Reall ),27.12,0.8475,20,100000,No,Yes,No,USD
30601,instagram Followers (Mix)+ (90 Days♻️),Instagram,Followers/Subscribers,İnstagram Followers(Server1) (Arabic Mix B %15) (App-Reall ),32.544,1.017,20,1000000,Yes,No,No,USD
30603,instagram Followers (İndian App+Real Bot Mix)+ (30 Days♻️),Instagram,Followers/Subscribers,İnstagram Followers(Server1) (Arabic Mix B %15) (App-Reall ),54.24,1.695,20,1000000,Yes,Yes,No,USD
30604,EGYPT [Mix] İnstagram Followers 5000,Other,Followers/Subscribers,ᴺᴱᵂ🏷️ 🇪🇬 -Egypt İnstagram Followers[Mix] (New Services Tabiki Always Stable),101.248,3.164,50,5000,No,Yes,No,USD
30605,Egypt  [Mix] İnstagram Followers 20.000,Other,Followers/Subscribers,ᴺᴱᵂ🏷️ 🇪🇬 -Egypt İnstagram Followers[Mix] (New Services Tabiki Always Stable),108.48,3.39,50,20000,No,Yes,No,USD
30606,Egypt  [Mix] İnstagram Followers 50.000 (Women Mix),Other,Followers/Subscribers,ᴺᴱᵂ🏷️ 🇪🇬 -Egypt İnstagram Followers[Mix] (New Services Tabiki Always Stable),122.944,3.842,50,300000,No,Yes,No,USD
30607,Egypt  [Mix]İnstagram Followers 100.000 ♻️30 Days Refill,Other,Followers/Subscribers,ᴺᴱᵂ🏷️ 🇪🇬 -Egypt İnstagram Followers[Mix] (New Services Tabiki Always Stable),137.408,4.294,20,10000,Yes,Yes,No,USD
30608,Egypt [Mix]İnstagram Followers 100.000 ♻️90 Days Refill,Other,Followers/Subscribers,ᴺᴱᵂ🏷️ 🇪🇬 -Egypt İnstagram Followers[Mix] (New Services Tabiki Always Stable),151.872,4.746,20,100000,Yes,Yes,No,USD
30613,❤️🔁 Auto Like[Egypt],Other,Likes/Reactions,❤️🇪🇬⬆️ Egyptian - İG Target (Real) Like |1H |10.000 Speed,21.696,0.678,50,5000,No,Yes,No,USD
30609,🇪🇬 💙Egyptian Instagram Like HQ 1K,Instagram,Likes/Reactions,❤️🇪🇬⬆️ Egyptian - İG Target (Real) Like |1H |10.000 Speed,25.312,0.791,50,1000,No,Yes,No,USD
30610,🇪🇬❤️ Egyptian Instagram Like HQ 5K,Instagram,Likes/Reactions,❤️🇪🇬⬆️ Egyptian - İG Target (Real) Like |1H |10.000 Speed,28.928,0.904,50,5000,No,Yes,No,USD
30611,🇪🇬❤️ Egyptian Instagram Like HQ 100K,Instagram,Likes/Reactions,❤️🇪🇬⬆️ Egyptian - İG Target (Real) Like |1H |10.000 Speed,32.544,1.017,50,100000,No,Yes,No,USD
30612,🇪🇬❤️ Egyptian Instagram Like HQ 1M♻️( HQ -365 Days Refill),Instagram,Likes/Reactions,❤️🇪🇬⬆️ Egyptian - İG Target (Real) Like |1H |10.000 Speed,36.16,1.13,50,1000000,Yes,Yes,No,USD
30618,❤️🔁 Auto Like[Brazil],Other,Likes/Reactions,❤️🇧🇷⬆️ Brazil - İG Target (Real)❤️ Like |1H |10.000 Speed,15.1872,0.4746,50,5000,No,Yes,No,USD
30614,🇧🇷💙Brazil Instagram Like HQ 1K (Mobil App),Instagram,Likes/Reactions,❤️🇧🇷⬆️ Brazil - İG Target (Real)❤️ Like |1H |10.000 Speed,15.9104,0.4972,50,1000,No,No,No,USD
30616,🇧🇷❤️ Brazil Instagram Like HQ 100K (Mobil App),Instagram,Likes/Reactions,❤️🇧🇷⬆️ Brazil - İG Target (Real)❤️ Like |1H |10.000 Speed,19.888,0.6215,20,200000,No,Yes,No,USD
30615,🇧🇷❤️ Brazil Instagram Like HQ 5K (Mobil App),Instagram,Likes/Reactions,❤️🇧🇷⬆️ Brazil - İG Target (Real)❤️ Like |1H |10.000 Speed,21.696,0.678,20,5000,No,Yes,No,USD
30617,🇧🇷❤️ Brazil Instagram Like HQ 100K (Mobil App)♻️( HQ -365 Days Refill),Instagram,Likes/Reactions,❤️🇧🇷⬆️ Brazil - İG Target (Real)❤️ Like |1H |10.000 Speed,30.736,0.9605,20,1000000,Yes,Yes,No,USD
30619,App Real  Pakistan [Mix] İnstagram Followers 1000,Other,Followers/Subscribers,ᴺᴱᵂ🏷️ 🇵🇰-Pakistan [Real][Mix]İnstagram Followers,57.856,1.808,50,5000,No,Yes,No,USD
30620,App Real  Pakistan [Mix] İnstagram Followers 20.000,Other,Followers/Subscribers,ᴺᴱᵂ🏷️ 🇵🇰-Pakistan [Real][Mix]İnstagram Followers,71.9584,2.2487,50,20000,No,Yes,No,USD
30624,App Real  Pakistan [Mix] İnstagram Followers 1000,Other,Followers/Subscribers,ᴺᴱᵂ🏷️ 🇵🇰-Pakistan [Real][Mix]İnstagram Followers,72.32,2.26,50,5000,No,Yes,No,USD
30621,App Real  Pakistan [Mix] İnstagram Followers  [Women],Other,Followers/Subscribers,ᴺᴱᵂ🏷️ 🇵🇰-Pakistan [Real][Mix]İnstagram Followers,115.712,3.616,50,10000,No,Yes,No,USD
30622,App Real Pakistan [Mix] İnstagram Followers ♻️30 Days Refill,Other,Followers/Subscribers,ᴺᴱᵂ🏷️ 🇵🇰-Pakistan [Real][Mix]İnstagram Followers,115.712,3.616,20,100000,Yes,Yes,No,USD
30623,App Real Pakistan [Mix] İnstagram Followers [Women] ♻️90 Days Refill,Other,Followers/Subscribers,ᴺᴱᵂ🏷️ 🇵🇰-Pakistan [Real][Mix]İnstagram Followers,144.64,4.52,20,100000,Yes,Yes,No,USD
30629,Pakistan İnstagram View + [UserAgent {IP],Other,Views/Plays,💙🇵🇰 ⬆️Pakistan -Target (Real) Like,6.5088,0.2034,100,500000,No,Yes,No,USD
30625,💙Pakistan Mix Instagram Like HQ 1K (Mobil App),Instagram,Likes/Reactions,💙🇵🇰 ⬆️Pakistan -Target (Real) Like,14.1024,0.4407,50,1000,No,Yes,No,USD
30626,💙Pakistan Mix Instagram Like HQ 5K (Mobil App),Instagram,Likes/Reactions,💙🇵🇰 ⬆️Pakistan -Target (Real) Like,15.1872,0.4746,20,5000,No,Yes,No,USD
30627,💙Pakistan Instagram Like HQ 100K (Mobil App),Instagram,Likes/Reactions,💙🇵🇰 ⬆️Pakistan -Target (Real) Like,18.08,0.565,20,100000,No,Yes,No,USD
30628,💙Pakistan Instagram Like HQ 100k (Mobil App) (Mobil App)♻️( HQ -365 Days Refill),Instagram,Likes/Reactions,💙🇵🇰 ⬆️Pakistan -Target (Real) Like,31.8208,0.9944,20,1000000,No,Yes,No,USD
30630,| 🚩🇹🇷 | ☆[ APP- instagram Turkish]  Real Followers 1000,Instagram,Followers/Subscribers,ᴺᴱᵂ🏷️🇹🇷-Turkiye Instagram Followers [Mix](Always Stable),180.8,5.65,10,1000,No,Yes,No,USD
30631,| 🚩🇹🇷 | ☆[ APP- instagram Turkish] Real Followers 20.000,Instagram,Followers/Subscribers,ᴺᴱᵂ🏷️🇹🇷-Turkiye Instagram Followers [Mix](Always Stable),188.032,5.876,10,20000,No,Yes,No,USD
30632,| 🚩🇹🇷 | ☆[ APP- instagram Turkish] Real Followers 50.000,Instagram,Followers/Subscribers,ᴺᴱᵂ🏷️🇹🇷-Turkiye Instagram Followers [Mix](Always Stable),209.728,6.554,10,50000,No,Yes,No,USD
30633,| 🚩🇹🇷 | ☆[ APP- instagram Turkish] Real Followers 100.000 ♻️30 Days Refill,Instagram,Followers/Subscribers,ᴺᴱᵂ🏷️🇹🇷-Turkiye Instagram Followers [Mix](Always Stable),317.8464,9.9327,10,100000,Yes,Yes,No,USD
30634,| 🚩🇹🇷 | ☆[ APP- instagram Turkish] Real Followers  100.000 ♻️90 Days Refill,Instagram,Followers/Subscribers,ᴺᴱᵂ🏷️🇹🇷-Turkiye Instagram Followers [Mix](Always Stable),361.6,11.3,20,100000,Yes,Yes,No,USD
30635,✨❤️IG Turkey - Bot Mix Like 1.000 |1H |10.000 Speed,Instagram,Likes/Reactions,ᴺᴱᵂ❤️🇹🇷⬆️[Bot Mix LiKE] IG Turkey❤️ -  |1H |10.000 Speed,10.848,0.339,20,1000,No,Yes,No,USD
30636,✨❤️IG Turkey - Bot Mix Like 5.000 |1H |10.000 Speed,Instagram,Likes/Reactions,ᴺᴱᵂ❤️🇹🇷⬆️[Bot Mix LiKE] IG Turkey❤️ -  |1H |10.000 Speed,14.464,0.452,20,5000,No,Yes,No,USD
30637,✨❤️IG Turkey - Bot Mix Like 20.000 |1H |10.000 Speed,Instagram,Likes/Reactions,ᴺᴱᵂ❤️🇹🇷⬆️[Bot Mix LiKE] IG Turkey❤️ -  |1H |10.000 Speed,18.08,0.565,20,20000,No,Yes,No,USD
30638,✨❤️IG Turkey - Bot Mix Like 100.000♻️ 365 Days,Instagram,Likes/Reactions,ᴺᴱᵂ❤️🇹🇷⬆️[Bot Mix LiKE] IG Turkey❤️ -  |1H |10.000 Speed,36.16,1.13,20,100000,Yes,Yes,No,USD
30639,✨❤️IG Turkey Like 1.000 ( Mobil app) Real HQ + %20 + interaction,Instagram,Likes/Reactions,❤️🇹🇷⬆️[REAL] İG- Like TURKEY❤️- 1H |10.000 Speed,22.4192,0.7006,20,1000,No,Yes,No,USD
30643,✨❤️(Auto like🔄) IG Turkey Like 1.000 ( Mobil app) Real HQ Performance,Instagram,Likes/Reactions,❤️🇹🇷⬆️[REAL] İG- Like TURKEY❤️- 1H |10.000 Speed,23.1424,0.7232,20,1000,No,Yes,No,USD
30641,✨❤️IG Turkey Like 5.000 ( Mobil app) Real HQ |1H |10.000 Speed,Instagram,Likes/Reactions,❤️🇹🇷⬆️[REAL] İG- Like TURKEY❤️- 1H |10.000 Speed,25.312,0.791,20,5000,No,Yes,No,USD
30640,✨❤️IG Turkey Like 1.000 ( Mobil app) Real HQ  |1H |10.000 Speed,Instagram,Likes/Reactions,❤️🇹🇷⬆️[REAL] İG- Like TURKEY❤️- 1H |10.000 Speed,26.7584,0.8362,20,1000,No,Yes,No,USD
30642,✨❤️IG Turkey Like 20.000 ( Mobil app) Real HQ Performance,Instagram,Likes/Reactions,❤️🇹🇷⬆️[REAL] İG- Like TURKEY❤️- 1H |10.000 Speed,37.2448,1.1639,20,20000,No,Yes,No,USD
30644,✨❤️IG Turkey Like 100.000 ( Mobil app) ♻️ 365 Days,Instagram,Likes/Reactions,❤️🇹🇷⬆️[REAL] İG- Like TURKEY❤️- 1H |10.000 Speed,50.624,1.582,20,100000,No,Yes,No,USD
30645,[App Real SaudiArabia ][Mix] İnstagram Followers 1000,Instagram,Followers/Subscribers,ᴺᴱᵂ🏷️🇸🇦-Saudi Arabia Instagram Followers [Mix] (Always Stable),72.32,2.26,50,5000,No,Yes,No,USD
30646,[App Real SaudiArabia] [Mix] İnstagram Followers  20.000,Instagram,Followers/Subscribers,ᴺᴱᵂ🏷️🇸🇦-Saudi Arabia Instagram Followers [Mix] (Always Stable),101.248,3.164,50,20000,No,Yes,No,USD
30647,[App Real SaudiArabia][Mix] İnstagram Followers 50.000,Instagram,Followers/Subscribers,ᴺᴱᵂ🏷️🇸🇦-Saudi Arabia Instagram Followers [Mix] (Always Stable),115.712,3.616,50,50000,No,Yes,No,USD
30648,[App Real SaudiArabia] Mix İnstagram Followers 100.000 ♻️30 Days Refill,Instagram,Followers/Subscribers,ᴺᴱᵂ🏷️🇸🇦-Saudi Arabia Instagram Followers [Mix] (Always Stable),162.72,5.085,20,100000,Yes,Yes,No,USD
30649,[App Real ]Saudi Arabia Mix Instagram Followers 100.000 ♻️90 Days Refill,Instagram,Followers/Subscribers,ᴺᴱᵂ🏷️🇸🇦-Saudi Arabia Instagram Followers [Mix] (Always Stable),180.4384,5.6387,20,100000,Yes,Yes,No,USD
30654,❤️🔁 Auto Like[Arabic],Other,Likes/Reactions,❤️🇸🇦⬆️ %100 Arabic - İnstagram Target (Real) Like  - HQ Quality |1H |10.000 Speed,12.656,0.3955,50,10000,No,Yes,No,USD
30650,🇸🇦 💙%100 Real Arabic  Instagram Like HQ 1K,Instagram,Likes/Reactions,❤️🇸🇦⬆️ %100 Arabic - İnstagram Target (Real) Like  - HQ Quality |1H |10.000 Speed,21.696,0.678,50,1000,No,Yes,No,USD
30651,🇸🇦 ❤️%100 Real Arabic Instagram Like HQ 5K,Instagram,Likes/Reactions,❤️🇸🇦⬆️ %100 Arabic - İnstagram Target (Real) Like  - HQ Quality |1H |10.000 Speed,25.312,0.791,50,5000,No,Yes,No,USD
30652,🇸🇦 ❤️%100 Real Arabic Instagram Like HQ 100K,Instagram,Likes/Reactions,❤️🇸🇦⬆️ %100 Arabic - İnstagram Target (Real) Like  - HQ Quality |1H |10.000 Speed,34.352,1.0735,50,100000,No,Yes,No,USD
30653,🇸🇦 ❤️%100 Arabic Instagram Like HQ 1M♻️( HQ -365 Days Refill),Instagram,Likes/Reactions,❤️🇸🇦⬆️ %100 Arabic - İnstagram Target (Real) Like  - HQ Quality |1H |10.000 Speed,56.048,1.7515,20,1000000,No,Yes,No,USD
