service_id,name,platform,service_type,category,rate_twd,rate_usd,min,max,refill,cancel,dripfeed,currency
11263,Instagram Followers || 365 Days Refill || Working || updated 4/12,Instagram,Followers/Subscribers,Instagram Emergency after Update,57.6,1.8,100,1000000,No,No,Yes,USD
11264,Instagram Followers || 365 Days Refill || 5K/Day || Updated 25/01/26,Instagram,Followers/Subscribers,Instagram Emergency after Update,96.0,3.0,50,500000,No,No,Yes,USD
12872,Instagram Followers || 30 Days Refill || updated 12/10,Instagram,Followers/Subscribers,Instagram Emergency after Update,86.4,2.7,10,50000,No,No,Yes,USD
12876,Instagram Likes || 30 Days Refill || Working After Update,Instagram,Likes/Reactions,Instagram Emergency after Update,29.76,0.93,10,100000,No,No,Yes,USD
12877,Instagram Likes || 365 Days Refill || Working After Update,Instagram,Likes/Reactions,Instagram Emergency after Update,35.2,1.1,10,300000,No,No,Yes,USD
12869,Instagram - Likes || 365R || work after 09/08/2025 update,Instagram,Likes/Reactions,Instagram Emergency after Update,54.192,1.6935,10,100000,No,No,Yes,USD
12870,Instagram - Likes || work after 09/08/2025 update,Instagram,Likes/Reactions,Instagram Emergency after Update,50.4,1.575,100,200000,No,Yes,Yes,USD
11384,Instagram - Likes || work after 09/08/2025 update,Instagram,Likes/Reactions,Instagram Emergency after Update,22.528,0.704,10,200000,No,Yes,Yes,USD
12871,Instagram - Likes || 30R || Working updated October,Instagram,Likes/Reactions,Instagram Emergency after Update,21.76,0.68,10,500000,No,No,Yes,USD
8,Instagram - Followers || Japan 🇯🇵 || Real || 30 Days Refill,Instagram,Followers/Subscribers,Instagram - JAPAN 🇯🇵 (Followers),1200.0,37.5,100,25000,No,No,Yes,USD
21,Instagram - Followers || Japan 🇯🇵 || Real || Fast || 365 Days Refill ⭐,Instagram,Followers/Subscribers,Instagram - JAPAN 🇯🇵 (Followers),1273.6,39.8,10,50000,No,No,Yes,USD
3293,Instagram - MALE Followers || Japan 🇯🇵 || Real || Fast || 365 Days Refill ⭐ 👨🏻,Instagram,Followers/Subscribers,Instagram - JAPAN 🇯🇵 (Followers),1529.6,47.8,5,13000,No,No,Yes,USD
3292,Instagram - FEMALE Followers || Japan 🇯🇵 || Real || Fast || 365 Days Refill ⭐ 👩🏻,Instagram,Followers/Subscribers,Instagram - JAPAN 🇯🇵 (Followers),1433.6,44.8,5,25000,No,No,Yes,USD
11678,Instagram - Followers || Japan 🇯🇵 || male+female || 30 Day Refill || Emergency Backup 👨🏻👩🏻,Instagram,Followers/Subscribers,Instagram - JAPAN 🇯🇵 (Followers),1216.0,38.0,10,27000,No,No,Yes,USD
11676,Instagram - Followers || Japan 🇯🇵 || Male || 30 Day Refill || Emergency Backup 👨🏻,Instagram,Followers/Subscribers,Instagram - JAPAN 🇯🇵 (Followers),1440.0,45.0,5,16000,No,No,Yes,USD
11675,Instagram - Followers || Japan 🇯🇵 || Female || 30 Day Refill || Emergency Backup 👩🏻,Instagram,Followers/Subscribers,Instagram - JAPAN 🇯🇵 (Followers),1440.0,45.0,5,16000,No,No,Yes,USD
4050,Instagram - Followers || Japan 🇯🇵 || Normal Quality || Normal Speed || 365 Days Refill ⭐,Instagram,Followers/Subscribers,Instagram - JAPAN 🇯🇵 (Followers),1280.0,40.0,10,35000,No,No,Yes,USD
11802,Instagram - Followers || Japan || Backup server || 30 Days Refill ⭐,Instagram,Followers/Subscribers,Instagram - JAPAN 🇯🇵 (Followers),1408.0,44.0,10,32000,No,No,Yes,USD
4049,Instagram - Female Followers || Japan 🇯🇵 || Fast || High Quality || 30 Days Refill ⭐ 👩🏻,Instagram,Followers/Subscribers,Instagram - JAPAN 🇯🇵 (Followers),1552.0,48.5,5,27000,No,No,Yes,USD
11803,Instagram - Female Followers || Japan || backup server ⭐️,Instagram,Followers/Subscribers,Instagram - JAPAN 🇯🇵 (Followers),1568.0,49.0,5,25000,No,No,Yes,USD
11997,Instagram - Followers || Japan 🇯🇵 || Real || No Refill || Different Quality,Instagram,Followers/Subscribers,Instagram - JAPAN 🇯🇵 (Followers),1976.832,61.776,5,40000,No,No,Yes,USD
41,Instagram - Japan Followers || No Drop || Real,Instagram,Followers/Subscribers,Instagram - JAPAN 🇯🇵 (Followers),2304.0,72.0,5,80000,No,No,Yes,USD
42,Instagram - Male Japan Followers || No Drop || Real,Instagram,Followers/Subscribers,Instagram - JAPAN 🇯🇵 (Followers),3024.0,94.5,5,20000,No,No,Yes,USD
43,Instagram - Female Japan Followers || No Drop || Real,Instagram,Followers/Subscribers,Instagram - JAPAN 🇯🇵 (Followers),3024.0,94.5,5,20000,No,No,Yes,USD
22,Instagram - Likes || Japan 🇯🇵 || Real || Fast || 365 Days Refill ⭐,Instagram,Likes/Reactions,Instagram - JAPAN 🇯🇵 (Likes/Comments),249.6,7.8,5,10000,No,No,Yes,USD
23,Instagram - Autolike || Japan 🇯🇵 || Real || Fast || 365 Days Refill ⭐,Instagram,Likes/Reactions,Instagram - JAPAN 🇯🇵 (Likes/Comments),249.6,7.8,5,10000,No,No,No,USD
4051,Instagram - Likes || Japan 🇯🇵 || Real || Fast || 30 Days Refill ⭐,Instagram,Likes/Reactions,Instagram - JAPAN 🇯🇵 (Likes/Comments),288.0,9.0,10,10000,No,No,Yes,USD
6076,Instagram - Autolike || Japan 🇯🇵 || Real || Fast || 30 Days Refill ⭐,Instagram,Likes/Reactions,Instagram - JAPAN 🇯🇵 (Likes/Comments),288.0,9.0,10,10000,No,No,No,USD
3382,Instagram - FEMALE Likes || Japan 🇯🇵 || Real || Fast || 365 Days Refill ⭐ 👩🏻,Instagram,Likes/Reactions,Instagram - JAPAN 🇯🇵 (Likes/Comments),313.6,9.8,5,10000,No,No,Yes,USD
6077,Instagram - FEMALE Autolike || Japan 🇯🇵 || Real || Fast || 365 Days Refill ⭐👩🏻,Instagram,Likes/Reactions,Instagram - JAPAN 🇯🇵 (Likes/Comments),313.6,9.8,5,10000,No,No,No,USD
11804,Instagram - Female HQ Likes || Japan || Backup server || 30 Days Refill ⭐ 👩🏻,Instagram,Likes/Reactions,Instagram - JAPAN 🇯🇵 (Likes/Comments),480.0,15.0,5,2000,No,No,Yes,USD
11805,Instagram - Likes HQ || Japan || Backup server || 30 Days Refill ⭐,Instagram,Likes/Reactions,Instagram - JAPAN 🇯🇵 (Likes/Comments),272.0,8.5,10,10000,No,No,Yes,USD
2266,Instagram - Comment || Japan 🇯🇵 || Real || Fast || 365 Days Refill ⭐,Instagram,Likes/Reactions,Instagram - JAPAN 🇯🇵 (Likes/Comments),2720.0,85.0,1,1000,No,No,No,USD
12406,Threads - Followers || Japan 🇯🇵 || Real || Fast || 30 Days Refill,Threads,Followers/Subscribers,Threads - Japan 🇯🇵,1120.0,35.0,10,2000,No,No,Yes,USD
12407,Threads - Likes || Japan 🇯🇵 || Real || Fast || 30 Days Refill,Threads,Likes/Reactions,Threads - Japan 🇯🇵,384.0,12.0,10,2000,No,No,Yes,USD
12755,Threads - AutoLikes || Japan 🇯🇵 || No drop || 30 Days Refill,Threads,Likes/Reactions,Threads - Japan 🇯🇵,320.0,10.0,10,2000,No,No,No,USD
12409,Threads - Comment || Japan 🇯🇵 || Real || Fast || 30 Days Refill,Threads,Comments,Threads - Japan 🇯🇵,4000.0,125.0,1,1000,No,No,Yes,USD
6142,Instagram - Followers || South Korea 🇰🇷 || High Quality ⭐,Instagram,Followers/Subscribers,Instagram - KOREA 🇰🇷 (Followers),1296.0,40.5,10,20000,No,No,No,USD
12905,Instagram - Followers || South Korea 🇰🇷 || High Quality ⭐ || 15 Days Refill,Instagram,Followers/Subscribers,Instagram - KOREA 🇰🇷 (Followers),1728.0,54.0,10,20000,No,No,No,USD
11869,🇰🇷 Instagram - 关注者 | 韩国 🇰🇷 | 高质量 | 6-9帖子 | 快速 | 无掉粉,Instagram,Followers/Subscribers,Instagram - KOREA 🇰🇷 (Followers),312.0,9.75,50,1000,No,No,Yes,USD
11868,🇰🇷 Instagram - 粉丝| 韩国 🇰🇷 | 真实账户 | 12-15帖子 | 快速 | 无掉粉,Instagram,Followers/Subscribers,Instagram - KOREA 🇰🇷 (Followers),384.0,12.0,50,1000,No,No,Yes,USD
3171,Instagram - Followers || Korea 🇰🇷 || Fast  || Never Drop || 365 Days Guaranteed ⭐,Instagram,Followers/Subscribers,Instagram - KOREA 🇰🇷 (Followers),1331.2,41.6,10,20000,No,No,Yes,USD
6072,Instagram - Male Followers || Korea 🇰🇷 || Fast || Never Drop || 365 Days Guaranteed ⭐👨🏻,Instagram,Followers/Subscribers,Instagram - KOREA 🇰🇷 (Followers),1331.2,41.6,10,5000,No,No,Yes,USD
6079,Instagram - Female Followers || Korea 🇰🇷 || Fast  || Never Drop || 365 Days Guaranteed ⭐👩🏻,Instagram,Followers/Subscribers,Instagram - KOREA 🇰🇷 (Followers),1331.2,41.6,10,10000,No,No,Yes,USD
12807,Instagram Korean Followers || High Quality || 1-2K/D || Start 10 Minutes || Working,Instagram,Followers/Subscribers,Instagram - KOREA 🇰🇷 (Followers),2912.0,91.0,10,50000,No,No,Yes,USD
12808,Instagram Korean Male Followers || High Quality || 1-2K/D || Start 10 Minutes || Working,Instagram,Followers/Subscribers,Instagram - KOREA 🇰🇷 (Followers),4032.0,126.0,10,25000,No,No,Yes,USD
12809,Instagram Korean Female Followers || High Quality || 1-2K/D || Start 10 Minutes || Working,Instagram,Followers/Subscribers,Instagram - KOREA 🇰🇷 (Followers),4032.0,126.0,10,25000,No,No,Yes,USD
6143,Instagram - Followers || Korea 🇰🇷 || No Refill || Fast New,Instagram,Followers/Subscribers,Instagram - KOREA 🇰🇷 (Followers),1248.0,39.0,10,10000,No,No,Yes,USD
6144,Instagram - Followers || Korea 🇰🇷 || 30 Day Refill || Fast New,Instagram,Followers/Subscribers,Instagram - KOREA 🇰🇷 (Followers),1568.0,49.0,10,10000,No,No,Yes,USD
11871,🇰🇷Instagram - 点赞 | 韩国 🇰🇷 | 高质量 | 6-9帖子 | 快速 | 无掉粉,Instagram,Likes/Reactions,Instagram - KOREA 🇰🇷 (Likes/Comments),96.0,3.0,25,1000,No,No,Yes,USD
11870,🇰🇷Instagram - 点赞 | 韩国 🇰🇷 | 真实账户 | 12-15帖子/故事 | 快速 | 无掉粉,Instagram,Likes/Reactions,Instagram - KOREA 🇰🇷 (Likes/Comments),156.8,4.9,50,1000,No,No,Yes,USD
3172,Instagram - Likes | KOREA 🇰🇷 | Fast | Refill 365 days | ⭐ ⭐,Instagram,Likes/Reactions,Instagram - KOREA 🇰🇷 (Likes/Comments),272.0,8.5,10,2000,No,No,Yes,USD
3174,Instagram - Autolike || Korea 🇰🇷 || Fast || Refill 365 Days ⭐,Instagram,Likes/Reactions,Instagram - KOREA 🇰🇷 (Likes/Comments),272.0,8.5,10,2000,No,No,No,USD
11987,Instagram - Custom Comments || Korea 🇰🇷 || High Quality ⭐,Instagram,Likes/Reactions,Instagram - KOREA 🇰🇷 (Likes/Comments),1881.6,58.8,10,100,No,No,No,USD
3173,Instagram - Comments || Korea 🇰🇷 || Fast || Refill 365 Days ⭐,Instagram,Likes/Reactions,Instagram - KOREA 🇰🇷 (Likes/Comments),2729.6,85.3,1,1000,No,No,No,USD
35,Instagram - Followers || China 🇨🇳 || 30 Days Refill || EMERGENCY SERVER,Instagram,Followers/Subscribers,Instagram - China 🇨🇳 Hong Kong 🇭🇰 Taiwan 🇹🇼 (Followers/Likes/Comments),272.0,8.5,10,30000,No,No,Yes,USD
36,Instagram - Likes || China 🇨🇳 || 30 Days Refill || EMERGENCY SERVER,Instagram,Followers/Subscribers,Instagram - China 🇨🇳 Hong Kong 🇭🇰 Taiwan 🇹🇼 (Followers/Likes/Comments),240.0,7.5,10,30000,No,No,Yes,USD
6080,Instagram - 粉丝 | (中国 🇨🇳) (好质量) (真实) (30天补充) (10-50k) ⭐ 质量保证 ⭐,Instagram,Followers/Subscribers,Instagram - China 🇨🇳 Hong Kong 🇭🇰 Taiwan 🇹🇼 (Followers/Likes/Comments),243.2,7.6,10,50000,No,No,Yes,USD
2271,Instagram - 粉丝 | (中国 🇨🇳) (简体混合) (自然速度) (高质量，中国大陆) (真实) (30天补粉) (10-20000) ⭐ 质量保证 ⭐,Instagram,Followers/Subscribers,Instagram - China 🇨🇳 Hong Kong 🇭🇰 Taiwan 🇹🇼 (Followers/Likes/Comments),352.0,11.0,10,200000,No,No,No,USD
2270,"Instagram - 粉丝 | (中国 🇨🇳) (繁体) (非常高质量, 香港、澳门、台湾) (真实) (30天补充) (100-220000) (⚠️缓慢交付) ⭐ 质量保证 ⭐",Instagram,Followers/Subscribers,Instagram - China 🇨🇳 Hong Kong 🇭🇰 Taiwan 🇹🇼 (Followers/Likes/Comments),352.0,11.0,10,220000,No,No,Yes,USD
2269,"Instagram - 粉丝 | (中国 🇨🇳) (繁体) (非常高质量, 香港、澳门、台湾) (真实) (30天补充) (100-20000) (⚠️慢速) ⭐ 质量保证 ⭐",Instagram,Followers/Subscribers,Instagram - China 🇨🇳 Hong Kong 🇭🇰 Taiwan 🇹🇼 (Followers/Likes/Comments),328.0,10.25,50,20000,No,No,Yes,USD
2268,"Instagram - 粉丝 | (中国 🇨🇳) (繁体) (高质量, 香港、澳门、台湾) (真实) (30天补充) (100-10000) ⭐ 质量保证 ⭐",Instagram,Followers/Subscribers,Instagram - China 🇨🇳 Hong Kong 🇭🇰 Taiwan 🇹🇼 (Followers/Likes/Comments),340.8,10.65,1,10000,No,No,No,USD
2267,"Instagram - 粉丝 | (中国 🇨🇳) (繁体) (高质量, 香港、澳门、台湾) (真实) (30天补充) (10-5000) ⭐ 质量保证 ⭐",Instagram,Followers/Subscribers,Instagram - China 🇨🇳 Hong Kong 🇭🇰 Taiwan 🇹🇼 (Followers/Likes/Comments),352.0,11.0,10,5000,No,No,Yes,USD
2275,"Instagram - 点赞 | (中国 🇨🇳) (繁体) (最佳质量, 香港、澳门、台湾) (真实) (10-50000) ⭐ 质量保证 ⭐",Instagram,Followers/Subscribers,Instagram - China 🇨🇳 Hong Kong 🇭🇰 Taiwan 🇹🇼 (Followers/Likes/Comments),240.0,7.5,10,50000,No,No,Yes,USD
2276,"Instagram - 自动点赞 | (中国 🇨🇳) (最佳质量, 香港、澳门、台湾) (真实) (20-100k) ⭐ 质量保证 ⭐",Instagram,Followers/Subscribers,Instagram - China 🇨🇳 Hong Kong 🇭🇰 Taiwan 🇹🇼 (Followers/Likes/Comments),240.0,7.5,10,100000,No,No,No,USD
5165,"Instagram - 自动点赞 | (中国 🇨🇳) (繁体) (最佳质量, 香港、澳门、台湾) (真实) ⭐ 质量保证 ⭐",Instagram,Followers/Subscribers,Instagram - China 🇨🇳 Hong Kong 🇭🇰 Taiwan 🇹🇼 (Followers/Likes/Comments),240.0,7.5,10,50000,No,No,No,USD
6074,"Instagram - 评论 | (中国 🇨🇳) (繁体) (高质量, 香港、澳门、台湾) (真实) (30天补充) (1-1000) ⭐ 质量保证 ⭐",Instagram,Followers/Subscribers,Instagram - China 🇨🇳 Hong Kong 🇭🇰 Taiwan 🇹🇼 (Followers/Likes/Comments),1984.0,62.0,1,1000,No,No,No,USD
3291,China likes,Instagram,Followers/Subscribers,Instagram - China 🇨🇳 Hong Kong 🇭🇰 Taiwan 🇹🇼 (Followers/Likes/Comments),319.68,9.99,50,5000,No,No,Yes,USD
12223,Threads - Followers || Traditional Chinese 🇹🇼🇭🇰 || 30 Days Auto Refill || 300/Day,Threads,Followers/Subscribers,Threads - China 🇨🇳,384.0,12.0,10,1000,No,No,Yes,USD
12224,Threads - Likes || Traditional Chinese 🇹🇼🇭🇰 || 30 Days Auto Refill || 300/Day,Threads,Likes/Reactions,Threads - China 🇨🇳,256.0,8.0,10,1000,No,No,Yes,USD
12408,Threads - Comments || Traditional Chinese🇹🇼🇭🇰 || 30 Days Refill,Threads,Comments,Threads - China 🇨🇳,4000.0,125.0,1,1000,No,No,Yes,USD
12800,Instagram Followers || USA 🇺🇸 || HQ || 30R,Instagram,Followers/Subscribers,Instagram - USA 🇺🇸 (Followers),95.68,2.99,10,10000,No,No,Yes,USD
8260,Instagram Followers || USA 🇺🇸,Instagram,Followers/Subscribers,Instagram - USA 🇺🇸 (Followers),107.52,3.36,10,50000,No,Yes,Yes,USD
5056,Instagram Followers || USA 🇺🇸 || No Drop || Refill 365 Days ⭐,Instagram,Followers/Subscribers,Instagram - USA 🇺🇸 (Followers),499.2,15.6,10,1000,No,No,Yes,USD
12379,Instagram - Followers || USA/Europe 🇺🇸🇪🇺 || No Drop || 1-3K/Day,Instagram,Followers/Subscribers,Instagram - USA 🇺🇸 (Followers),831.04,25.97,50,10000,No,No,Yes,USD
12381,Instagram - Followers || USA/Europe 🇺🇸🇪🇺 || No Drop || 1-3K/Day || Male 👨🏻,Instagram,Followers/Subscribers,Instagram - USA 🇺🇸 (Followers),1010.24,31.57,50,6000,No,No,Yes,USD
12380,Instagram - Followers || USA/Europe 🇺🇸🇪🇺 || No Drop || 1-3K/Day || Female 👩🏻,Instagram,Followers/Subscribers,Instagram - USA 🇺🇸 (Followers),1010.24,31.57,50,9000,No,No,Yes,USD
12803,Instagram Likes || USA 🇺🇸 || HQ || 30R,Instagram,Views/Plays,Instagram - USA 🇺🇸 (Likes/Comments/Views),24.64,0.77,10,10000,No,No,Yes,USD
5057,Instagram Likes || USA 🇺🇸 || No Drop || Refill 365 Days ⭐,Instagram,Views/Plays,Instagram - USA 🇺🇸 (Likes/Comments/Views),230.4,7.2,5,1000,No,No,Yes,USD
12781,Instagram - Likes || USA/Europe 🇺🇸🇪🇺 || No Drop || 1-3K/Day,Instagram,Views/Plays,Instagram - USA 🇺🇸 (Likes/Comments/Views),410.4,12.825,50,15000,No,No,Yes,USD
12782,Instagram - Likes || USA/Europe 🇺🇸🇪🇺 || No Drop || 1-3K/Day || Female 👩🏻,Instagram,Views/Plays,Instagram - USA 🇺🇸 (Likes/Comments/Views),417.6,13.05,50,9000,No,No,Yes,USD
12798,Instagram - Likes || USA/Europe 🇺🇸🇪🇺 || No Drop || 1-3K/Day || Male 👨🏻,Instagram,Views/Plays,Instagram - USA 🇺🇸 (Likes/Comments/Views),417.6,13.05,50,6000,No,No,Yes,USD
12378,Instagram - Reel Likes || USA/Europe 🇺🇸🇪🇺 || No Drop || 1-3K/Day,Instagram,Views/Plays,Instagram - USA 🇺🇸 (Likes/Comments/Views),576.0,18.0,50,12000,No,No,Yes,USD
12805,Instagram Likes || EU-USA 🇺🇸 || HQ || 30R || Female 👩🏻,Instagram,Views/Plays,Instagram - USA 🇺🇸 (Likes/Comments/Views),58.56,1.83,20,100000,No,Yes,Yes,USD
12804,Instagram Likes || EU-USA 🇺🇸 || HQ || 30R || Male 👨🏻,Instagram,Views/Plays,Instagram - USA 🇺🇸 (Likes/Comments/Views),58.56,1.83,20,100000,No,Yes,Yes,USD
5058,Instagram Comments || USA 🇺🇸 || No Drop || Refill 365 Days ⭐,Instagram,Views/Plays,Instagram - USA 🇺🇸 (Likes/Comments/Views),1664.0,52.0,1,1000,No,No,No,USD
11957,Instagram Custom Comments || USA 🇺🇸 || No Drop || 30 Days Refill || Male 👨🏻,Instagram,Views/Plays,Instagram - USA 🇺🇸 (Likes/Comments/Views),345.6,10.8,1,100,No,Yes,No,USD
11959,Instagram Random Comments || USA 🇺🇸 || No Drop || 30 Days Refill,Instagram,Views/Plays,Instagram - USA 🇺🇸 (Likes/Comments/Views),345.6,10.8,5,100,No,No,Yes,USD
11960,Instagram Random Comments || USA 🇺🇸 || No Drop || 30 Days Refill || Male 👨🏻,Instagram,Views/Plays,Instagram - USA 🇺🇸 (Likes/Comments/Views),345.6,10.8,5,100,No,Yes,Yes,USD
12799,Instagram - Story Views || USA/Europe 🇺🇸🇪🇺 || No Drop || 1-3K/Day,Instagram,Views/Plays,Instagram - USA 🇺🇸 (Likes/Comments/Views),480.0,15.0,100,10000,No,No,Yes,USD
12875,Instagram - Views || USA 🇺🇸,Instagram,Views/Plays,Instagram - USA 🇺🇸 (Likes/Comments/Views),49.92,1.56,100,100000000,No,No,No,USD
12849,Threads Followers || USA 🇺🇸 || No drop || 30 Days Refill,Threads,Followers/Subscribers,Threads - USA 🇺🇸,192.0,6.0,10,5000,No,No,Yes,USD
12851,Threads Likes || USA 🇺🇸 || No drop || 30 Days Refill,Threads,Likes/Reactions,Threads - USA 🇺🇸,96.0,3.0,10,5000,No,No,Yes,USD
12311,Instagram - Followers || ITALY 🇮🇹 || ITA Insights || No Drop || 500/day,Instagram,Followers/Subscribers,Instagram - Italy 🇮🇹 (Followers),704.0,22.0,10,2000,No,Yes,Yes,USD
12313,Instagram - Followers || ITALY 🇮🇹 || ITA Insights || No Drop || 500/day || Male 👨🏻,Instagram,Followers/Subscribers,Instagram - Italy 🇮🇹 (Followers),704.0,22.0,10,1000,No,Yes,Yes,USD
12312,Instagram - Followers || ITALY 🇮🇹 || ITA Insights || No Drop || 500/day || Female 👩🏻,Instagram,Followers/Subscribers,Instagram - Italy 🇮🇹 (Followers),704.0,22.0,10,1000,No,Yes,Yes,USD
3203,Instagram - Followers || ITALY 🇮🇹 || No Drop || Refill 365 Days || 300/day ⭐,Instagram,Followers/Subscribers,Instagram - Italy 🇮🇹 (Followers),832.0,26.0,10,14000,No,No,Yes,USD
3206,Instagram - Followers || ITALY 🇮🇹 || No Drop || Refill 365 Days || 300/day ⭐ || Male 👨🏻,Instagram,Followers/Subscribers,Instagram - Italy 🇮🇹 (Followers),832.0,26.0,10,3000,No,No,Yes,USD
3205,Instagram - Followers || ITALY 🇮🇹 || No Drop || Refill 365 Days || 300/day ⭐ || Female 👩🏻,Instagram,Followers/Subscribers,Instagram - Italy 🇮🇹 (Followers),832.0,26.0,10,9000,No,No,Yes,USD
12900,Instagram – Monthly Package | Italy 🇮🇹 | Followers + Likes + Comments,Instagram,Followers/Subscribers,Instagram - Italy 🇮🇹 (Followers),6768.4032,211.5126,1,1,No,No,No,USD
12314,Instagram - Likes || + Impressions + Reach || ITALY 🇮🇹 || ITA Insights || No Drop || 5000/Day,Instagram,Views/Plays,Instagram - Italy 🇮🇹 (Likes),352.0,11.0,10,4000,No,Yes,Yes,USD
12315,Instagram - Likes || + Impressions + Reach || ITALY 🇮🇹 || ITA Insights || No Drop || 2000/Day || Male 👨🏻,Instagram,Views/Plays,Instagram - Italy 🇮🇹 (Likes),352.0,11.0,10,2000,No,Yes,Yes,USD
12316,Instagram - Likes || + Impressions + Reach || ITALY 🇮🇹 || ITA Insights || No Drop || 2000/Day || Female 👩🏻,Instagram,Views/Plays,Instagram - Italy 🇮🇹 (Likes),352.0,11.0,10,2000,No,Yes,Yes,USD
12606,Instagram - Auto Likes || + Impressions + Reach || ITALY 🇮🇹 || ITA Insights || No Drop || 2000/Day,Instagram,Views/Plays,Instagram - Italy 🇮🇹 (Likes),352.0,11.0,10,4000,No,Yes,No,USD
12607,Instagram - Auto Likes || + Impressions + Reach || ITALY 🇮🇹 || ITA Insights || No Drop || 2000/Day || Male 👨🏻,Instagram,Views/Plays,Instagram - Italy 🇮🇹 (Likes),352.0,11.0,10,2000,No,Yes,No,USD
12608,Instagram - Auto Likes || + Impressions + Reach || ITALY 🇮🇹 || ITA Insights || No Drop || 2000/Day || Female 👩🏻,Instagram,Views/Plays,Instagram - Italy 🇮🇹 (Likes),352.0,11.0,10,2000,No,Yes,No,USD
3,Instagram - Likes || ITALY 🇮🇹 || No Drop || Refill 365 Days || 500/Day ⭐,Instagram,Likes/Reactions,Instagram - Italy 🇮🇹 (Likes),352.0,11.0,10,3500,No,No,Yes,USD
34,Instagram - Likes || ITALY 🇮🇹 || No Drop || Refill 365 Days || 500/Day ⭐|| Male 👨🏻,Instagram,Likes/Reactions,Instagram - Italy 🇮🇹 (Likes),352.0,11.0,10,2000,No,No,Yes,USD
33,Instagram - Likes || ITALY 🇮🇹 || No Drop || Refill 365 Days || 500/Day ⭐ || Female 👩🏻,Instagram,Likes/Reactions,Instagram - Italy 🇮🇹 (Likes),352.0,11.0,10,8000,No,No,Yes,USD
12816,Instagram - Reel Views || Italy 🇮🇹 || ITA Insights || No Drop,Instagram,Views/Plays,Instagram - Italy 🇮🇹 (Views Story/Reels),144.0,4.5,75,10000,No,Yes,Yes,USD
12320,Instagram - Story Views || + Reach + Impressions || Italy 🇮🇹 || ITA Insights || No Drop || 1500/h || 1 Story,Instagram,Views/Plays,Instagram - Italy 🇮🇹 (Views Story/Reels),128.0,4.0,75,4000,No,Yes,Yes,USD
12318,Instagram - Story Views || + Reach + Impressions || Italy 🇮🇹 || ITA Insights || No Drop || 1500/h || 1 Story || Male  👨🏻,Instagram,Views/Plays,Instagram - Italy 🇮🇹 (Views Story/Reels),128.0,4.0,75,2000,No,Yes,Yes,USD
12319,Instagram - Story Views || + Reach + Impressions || Italy 🇮🇹 || ITA Insights || No Drop || 1500/h || 1 Story || Female 👩🏻,Instagram,Views/Plays,Instagram - Italy 🇮🇹 (Views Story/Reels),128.0,4.0,75,2000,No,Yes,Yes,USD
12317,Instagram - Story Views || + Reach + Impressions || Italy 🇮🇹 || ITA Insights || No Drop || 1500/h || ALL Stories,Instagram,Views/Plays,Instagram - Italy 🇮🇹 (Views Story/Reels),144.0,4.5,75,4000,No,Yes,Yes,USD
12814,Instagram - Story Views || + Reach + Impressions || Italy 🇮🇹 || ITA Insights || No Drop || 1500/h || Male  👨🏻 || All stories,Instagram,Views/Plays,Instagram - Italy 🇮🇹 (Views Story/Reels),144.0,4.5,75,2000,No,Yes,Yes,USD
12815,Instagram - Story Views || + Reach + Impressions || Italy 🇮🇹 || ITA Insights || No Drop || 1500/h || Female 👩🏻 || All stories,Instagram,Views/Plays,Instagram - Italy 🇮🇹 (Views Story/Reels),144.0,4.5,75,2000,No,Yes,Yes,USD
12822,Instagram - Story Views + Visit profile || + Reach + Impressions || Italy 🇮🇹 || ITA Insights || No Drop || 1500/h || 1 Story,Instagram,Views/Plays,Instagram - Italy 🇮🇹 (Views Story/Reels),144.0,4.5,75,4000,No,Yes,Yes,USD
12821,Instagram - Story Views + Visit profile || + Reach + Impressions || Italy 🇮🇹 || ITA Insights || No Drop || 1500/h || 1 Story || Male 👨🏻,Instagram,Views/Plays,Instagram - Italy 🇮🇹 (Views Story/Reels),144.0,4.5,75,2000,No,Yes,Yes,USD
12823,Instagram - Story Views + Visit profile || + Reach + Impressions || Italy 🇮🇹 || ITA Insights || No Drop || 1500/h || 1 Story || Female 👩🏻,Instagram,Views/Plays,Instagram - Italy 🇮🇹 (Views Story/Reels),144.0,4.5,75,2000,No,Yes,Yes,USD
12825,Instagram - Story Views + Story Likes || + Reach + Impressions || Italy 🇮🇹 || ITA Insights || No Drop || 1500/h || All Stories,Instagram,Views/Plays,Instagram - Italy 🇮🇹 (Views Story/Reels),192.0,6.0,75,4000,No,Yes,Yes,USD
12824,Instagram - Story Views + Story Likes || + Reach + Impressions || Italy 🇮🇹 || ITA Insights || No Drop || 1500/h || All Stories || Male 👨🏻,Instagram,Views/Plays,Instagram - Italy 🇮🇹 (Views Story/Reels),192.0,6.0,75,2000,No,Yes,Yes,USD
12826,Instagram - Story Views + Story Likes || + Reach + Impressions || Italy 🇮🇹 || ITA Insights || No Drop || 1500/h || All Stories || Female 👩🏻,Instagram,Views/Plays,Instagram - Italy 🇮🇹 (Views Story/Reels),192.0,6.0,75,2000,No,Yes,Yes,USD
12813,Instagram -  Video / Reel Views || Italy 🇮🇹,Instagram,Views/Plays,Instagram - Italy 🇮🇹 (Views Story/Reels),8.64,0.27,100,10000000,No,No,Yes,USD
12848,Instagram - Story Views || Italy 🇮🇹 || Instant || 2000/h || All Stories,Instagram,Views/Plays,Instagram - Italy 🇮🇹 (Views Story/Reels),16.0,0.5,20,5000,No,Yes,Yes,USD
12817,Instagram - Post Save || Italy 🇮🇹 || ITA Insights || No Drop,Instagram,Comments,Instagram - Italy 🇮🇹 (Comments/Save/Share),272.0,8.5,25,4000,No,Yes,Yes,USD
12671,Instagram - Custom Comments || Italy 🇮🇹 || High Quality || 100/Day,Instagram,Comments,Instagram - Italy 🇮🇹 (Comments/Save/Share),2048.0,64.0,3,3000,No,Yes,No,USD
12676,Instagram - Random Comments || Italy 🇮🇹 || EU IP || High Quality || 100/Day || Female 👩🏻,Instagram,Comments,Instagram - Italy 🇮🇹 (Comments/Save/Share),1920.0,60.0,10,500,No,Yes,Yes,USD
4,Instagram - Custom  Comments || ITALY 🇮🇹 || No Drop || Refill 365 Days || 500/Day ⭐,Instagram,Comments,Instagram - Italy 🇮🇹 (Comments/Save/Share),2720.0,85.0,1,1000,No,No,No,USD
12673,Instagram - Custom Comments || ITALY 🇮🇹 || No Drop || Refill 365 Days || 500/Day ⭐ || Female 👩🏻,Instagram,Comments,Instagram - Italy 🇮🇹 (Comments/Save/Share),2720.0,85.0,1,1000,No,No,No,USD
12672,Instagram - Custom Comments || ITALY 🇮🇹 || No Drop || Refill 365 Days || 500/Day ⭐ || Male 👨🏻,Instagram,Comments,Instagram - Italy 🇮🇹 (Comments/Save/Share),2720.0,85.0,1,1000,No,No,No,USD
12874,Instagram - Custom Comments |  Italy 🇮🇹,Instagram,Comments,Instagram - Italy 🇮🇹 (Comments/Save/Share),2704.0,84.5,10,250,No,Yes,No,USD
12883,Instagram-  Custom Comments | Italy 🇮🇹 | No Drop | Fast,Instagram,Comments,Instagram - Italy 🇮🇹 (Comments/Save/Share),1580.8,49.4,3,3000,No,Yes,No,USD
40,Instagram - Followers || Italy 🇮🇹 || From Giveaway,Instagram,Followers/Subscribers,Instagram - Italy 🇮🇹 (From Adv/Giveaway/Exchange Group),2602.5632,81.3301,10,1500,No,Yes,No,USD
3252,Instagram Followers || ITALY 🇮🇹 || 30 Days Refill || Slow: 10/day,Instagram,Followers/Subscribers,Instagram - Italy 🇮🇹 (From Adv/Giveaway/Exchange Group),656.0,20.5,10,100,No,No,Yes,USD
4069,Instagram Followers || ITALY 🇮🇹 || 30 Days Refill || Male 👨🏻,Instagram,Followers/Subscribers,Instagram - Italy 🇮🇹 (From Adv/Giveaway/Exchange Group),704.0,22.0,10,1000,No,Yes,Yes,USD
4070,Instagram Followers || ITALY 🇮🇹 || 30 Days Refill || Female 👩🏻,Instagram,Followers/Subscribers,Instagram - Italy 🇮🇹 (From Adv/Giveaway/Exchange Group),704.0,22.0,10,1000,No,Yes,Yes,USD
4071,Instagram Likes || ITALY 🇮🇹 || 30 Days Refill || Male 👨🏻,Instagram,Likes/Reactions,Instagram - Italy 🇮🇹 (From Adv/Giveaway/Exchange Group),480.0,15.0,10,1000,No,No,Yes,USD
4073,Instagram Likes || ITALY 🇮🇹 || 30 Days Refill || Female 👩🏻,Instagram,Likes/Reactions,Instagram - Italy 🇮🇹 (From Adv/Giveaway/Exchange Group),480.0,15.0,10,1000,No,No,Yes,USD
12909,Instagram Likes || ITALY 🇮🇹 || 30 Days Refill || 100/day,Instagram,Likes/Reactions,Instagram - Italy 🇮🇹 (From Adv/Giveaway/Exchange Group),800.0,25.0,10,150,No,No,Yes,USD
4085,Instagram Story Views + Impressions || ITALY 🇮🇹 || 30 Days Refill || Male 👨🏻,Instagram,Views/Plays,Instagram - Italy 🇮🇹 (From Adv/Giveaway/Exchange Group),160.0,5.0,100,2000,No,Yes,Yes,USD
4086,Instagram Story Views + Impressions || ITALY 🇮🇹 || 30 Days Refill || Female 👩🏻,Instagram,Views/Plays,Instagram - Italy 🇮🇹 (From Adv/Giveaway/Exchange Group),160.0,5.0,75,2000,No,Yes,Yes,USD
4079,Instagram Custom Comments || ITALY 🇮🇹 || 30 Days Refill || Male 👨🏻,Instagram,Comments,Instagram - Italy 🇮🇹 (From Adv/Giveaway/Exchange Group),1920.0,60.0,10,500,No,Yes,No,USD
4082,Instagram Custom Comments || ITALY 🇮🇹 || 30 Days Refill || Female 👩🏻,Instagram,Comments,Instagram - Italy 🇮🇹 (From Adv/Giveaway/Exchange Group),1920.0,60.0,10,500,No,No,No,USD
4077,Instagram Random Comments || ITALY 🇮🇹 || 30 Days Refill || Male 👨🏻,Instagram,Comments,Instagram - Italy 🇮🇹 (From Adv/Giveaway/Exchange Group),1920.0,60.0,10,500,No,No,Yes,USD
4080,Instagram Random Comments || ITALY 🇮🇹 || 30 Days Refill || Female 👩🏻,Instagram,Comments,Instagram - Italy 🇮🇹 (From Adv/Giveaway/Exchange Group),1920.0,60.0,10,500,No,No,Yes,USD
4078,Instagram Random Comments || ITALY 🇮🇹 || 30 Days Refill || Male 👨🏻 || ⭐,Instagram,Comments,Instagram - Italy 🇮🇹 (From Adv/Giveaway/Exchange Group),3360.0,105.0,1,100,No,No,Yes,USD
4081,Instagram Random Comments || ITALY 🇮🇹 || 30 Days Refill || Female 👩🏻 || ⭐,Instagram,Comments,Instagram - Italy 🇮🇹 (From Adv/Giveaway/Exchange Group),3840.0,120.0,1,200,No,No,Yes,USD
12678,Instagram Random Auto-Comments || ITALY 🇮🇹 || 30 Days Refill || Male 👨🏻,Instagram,Comments,Instagram - Italy 🇮🇹 (From Adv/Giveaway/Exchange Group),1920.0,60.0,10,500,No,Yes,No,USD
12679,Instagram Random Auto-Comments || ITALY 🇮🇹 || 30 Days Refill || Female 👩🏻,Instagram,Comments,Instagram - Italy 🇮🇹 (From Adv/Giveaway/Exchange Group),1920.0,60.0,10,500,No,Yes,No,USD
12680,Instagram Random Auto-Comments || ITALY 🇮🇹 || 30 Days Refill || Male 👨🏻 || ⭐,Instagram,Comments,Instagram - Italy 🇮🇹 (From Adv/Giveaway/Exchange Group),3360.0,105.0,1,100,No,Yes,No,USD
12681,Instagram Random Auto-Comments || ITALY 🇮🇹 || 30 Days Refill || Female 👩🏻 || ⭐,Instagram,Comments,Instagram - Italy 🇮🇹 (From Adv/Giveaway/Exchange Group),3840.0,120.0,1,200,No,Yes,No,USD
12850,Threads Followers || Italy 🇮🇹 || No drop || 30 Days Refill,Threads,Followers/Subscribers,Threads - Italy 🇮🇹,512.0,16.0,10,5000,No,No,Yes,USD
12852,Threads Likes || Italy 🇮🇹 || No drop || 30 Days Refill,Threads,Likes/Reactions,Threads - Italy 🇮🇹,256.0,8.0,10,5000,No,No,Yes,USD
12325,Instagram - Followers || FRANCE 🇫🇷 || No Drop || 150/Day || Real,Instagram,Followers/Subscribers,Instagram - France 🇫🇷 (Followers),1161.36,36.2925,25,1000,No,No,Yes,USD
12326,Instagram - Followers || FRANCE 🇫🇷 || No Drop || 150/Day || Real || Female 👩🏻,Instagram,Followers/Subscribers,Instagram - France 🇫🇷 (Followers),1161.36,36.2925,25,750,No,No,Yes,USD
12327,Instagram - Followers || FRANCE 🇫🇷 || No Drop || 150/Day || Real || Male 👨🏻,Instagram,Followers/Subscribers,Instagram - France 🇫🇷 (Followers),1161.36,36.2925,25,350,No,No,Yes,USD
8266,Instagram - Followers || FRANCE 🇫🇷 || Real,Instagram,Followers/Subscribers,Instagram - France 🇫🇷 (Followers),696.0,21.75,20,5000,No,No,Yes,USD
12328,Instagram - Likes || FRANCE 🇫🇷 || No Drop || 150/Day || Real,Instagram,Views/Plays,Instagram - France 🇫🇷 (Likes/Comments/Story Views),567.568,17.7365,25,1000,No,No,Yes,USD
12329,Instagram - Likes || FRANCE 🇫🇷 || No Drop || 150/Day || Real || Female 👩🏻,Instagram,Views/Plays,Instagram - France 🇫🇷 (Likes/Comments/Story Views),567.568,17.7365,25,700,No,No,Yes,USD
12330,Instagram - Likes || FRANCE 🇫🇷 || No Drop || 150/Day || Real || Male 👨🏻,Instagram,Views/Plays,Instagram - France 🇫🇷 (Likes/Comments/Story Views),567.568,17.7365,25,350,No,No,Yes,USD
12347,Instagram - Auto Likes || FRANCE 🇫🇷 || No Drop || 150/Day || Real,Instagram,Views/Plays,Instagram - France 🇫🇷 (Likes/Comments/Story Views),567.568,17.7365,25,1000,No,No,No,USD
12348,Instagram - Auto Likes || FRANCE 🇫🇷 || No Drop || 150/Day || Real || Female 👩🏻,Instagram,Views/Plays,Instagram - France 🇫🇷 (Likes/Comments/Story Views),567.568,17.7365,25,700,No,No,No,USD
12349,Instagram - Auto Likes || FRANCE 🇫🇷 || No Drop || 150/Day || Real || Male 👨🏻,Instagram,Views/Plays,Instagram - France 🇫🇷 (Likes/Comments/Story Views),624.0,19.5,25,350,No,No,No,USD
12859,Instagram - Story Views || France 🇫🇷 || Refill 30D,Instagram,Views/Plays,Instagram - France 🇫🇷 (Likes/Comments/Story Views),16.0,0.5,20,100000,No,Yes,Yes,USD
12666,Instagram - Custom Comments || France 🇫🇷 || High Quality || Manual,Instagram,Views/Plays,Instagram - France 🇫🇷 (Likes/Comments/Story Views),2496.0,78.0,10,1000,No,No,No,USD
12331,Instagram - Custom Comments || FRANCE 🇫🇷 || No Drop || 100/Day || Real,Instagram,Views/Plays,Instagram - France 🇫🇷 (Likes/Comments/Story Views),8304.0,259.5,25,1000,No,No,No,USD
12332,Instagram - Custom Comments || FRANCE 🇫🇷 || No Drop || 100/Day || Real || Female 👩🏻,Instagram,Views/Plays,Instagram - France 🇫🇷 (Likes/Comments/Story Views),8304.0,259.5,5,350,No,No,No,USD
12333,Instagram - Custom Comments || FRANCE 🇫🇷 || No Drop || 100/Day || Real || Male 👨🏻,Instagram,Views/Plays,Instagram - France 🇫🇷 (Likes/Comments/Story Views),8304.0,259.5,5,350,No,No,No,USD
5053,Instagram - Followers | GERMANY 🇩🇪 || REAL || Refill 365 Days ⭐,Instagram,Followers/Subscribers,Instagram - Germany 🇩🇪 (Followers),832.0,26.0,10,2000,No,No,Yes,USD
2,Instagram - Followers || Germany 🇩🇪 || DE IP || No Drop || 200/day,Instagram,Followers/Subscribers,Instagram - Germany 🇩🇪 (Followers),1344.0,42.0,10,200,No,Yes,Yes,USD
5,Instagram - Followers || Germany 🇩🇪 || DE IP || No Drop || 200/day || Female 👩🏻,Instagram,Followers/Subscribers,Instagram - Germany 🇩🇪 (Followers),1344.0,42.0,10,100,No,Yes,Yes,USD
6,Instagram - Followers || Germany 🇩🇪 || DE IP || No Drop || 200/day || Male 👨🏻,Instagram,Followers/Subscribers,Instagram - Germany 🇩🇪 (Followers),1344.0,42.0,10,100,No,Yes,Yes,USD
11173,Instagram - Followers || Germany 🇩🇪 || Premium Quality || No Drop || 200/Day,Instagram,Followers/Subscribers,Instagram - Germany 🇩🇪 (Followers),1161.6,36.3,25,5000,No,No,Yes,USD
12357,Instagram - Followers || Germany 🇩🇪 || Premium Quality || No Drop || 200/Day || Female 👩🏻,Instagram,Followers/Subscribers,Instagram - Germany 🇩🇪 (Followers),1161.6,36.3,25,4000,No,No,Yes,USD
12358,Instagram - Followers || Germany 🇩🇪 || Premium Quality || No Drop || 200/Day || Male 👨🏻,Instagram,Followers/Subscribers,Instagram - Germany 🇩🇪 (Followers),1161.6,36.3,25,1500,No,No,Yes,USD
8270,Instagram - Followers || Germany 🇩🇪 || Real Quality || 100-500/Day,Instagram,Followers/Subscribers,Instagram - Germany 🇩🇪 (Followers),706.6368,22.0824,20,3000,No,No,Yes,USD
11174,Instagram - Followers || Germany 🇩🇪 || Real Quality || 500/Day,Instagram,Followers/Subscribers,Instagram - Germany 🇩🇪 (Followers),1088.64,34.02,50,5000,No,No,Yes,USD
7,Instagram - Likes || + Impressions + Reach || Germany 🇩🇪 || DE IP || No Drop,Instagram,Views/Plays,Instagram - Germany 🇩🇪 (Likes/Comments),768.0,24.0,10,200,No,Yes,Yes,USD
10,Instagram - Likes || + Impressions + Reach || Germany 🇩🇪 || DE IP || No Drop || Male 👨🏻,Instagram,Views/Plays,Instagram - Germany 🇩🇪 (Likes/Comments),768.0,24.0,10,100,No,Yes,Yes,USD
9,Instagram - Likes || + Impressions + Reach || Germany 🇩🇪 || DE IP || No Drop || Female 👩🏻,Instagram,Views/Plays,Instagram - Germany 🇩🇪 (Likes/Comments),768.0,24.0,10,100,No,Yes,Yes,USD
5054,Instagram - Likes || GERMANY 🇩🇪 || REAL || Refill 365 Days || ⭐,Instagram,Likes/Reactions,Instagram - Germany 🇩🇪 (Likes/Comments),352.0,11.0,10,1000,No,No,Yes,USD
11156,Instagram - Likes || Germany 🇩🇪 || Premium Quality || No Drop || 200/Day,Instagram,Likes/Reactions,Instagram - Germany 🇩🇪 (Likes/Comments),571.2,17.85,25,3000,No,No,Yes,USD
12356,Instagram - Auto Likes || Germany 🇩🇪 || Premium Quality || No Drop || 200/Day,Instagram,Likes/Reactions,Instagram - Germany 🇩🇪 (Likes/Comments),571.2,17.85,25,3000,No,No,No,USD
12359,Instagram - Likes || Germany 🇩🇪 || Premium Quality || No Drop || 200/Day || Male 👨🏻,Instagram,Likes/Reactions,Instagram - Germany 🇩🇪 (Likes/Comments),571.2,17.85,25,350,No,No,No,USD
11172,Instagram - Likes || Germany 🇩🇪 || Premium Quality || No Drop || 200/Day || Female 👩🏻,Instagram,Likes/Reactions,Instagram - Germany 🇩🇪 (Likes/Comments),571.2,17.85,25,700,No,No,Yes,USD
5055,Instagram - Comments || GERMANY 🇩🇪 || REAL || Refill 365 Days || ⭐,Instagram,Likes/Reactions,Instagram - Germany 🇩🇪 (Likes/Comments),1651.2,51.6,1,1000,No,No,No,USD
11155,Instagram - Custom Comments || Germany 🇩🇪 || Premium Quality || No Drop || 200/Day,Instagram,Likes/Reactions,Instagram - Germany 🇩🇪 (Likes/Comments),7948.8,248.4,5,1000,No,No,No,USD
12361,Instagram - Custom Comments || Germany 🇩🇪 || Premium Quality || No Drop || 200/Day || Male 👨🏻,Instagram,Likes/Reactions,Instagram - Germany 🇩🇪 (Likes/Comments),8304.0,259.5,5,350,No,No,Yes,USD
12360,Instagram - Custom Comments || Germany 🇩🇪 || Premium Quality || No Drop || 200/Day || Female 👩🏻,Instagram,Likes/Reactions,Instagram - Germany 🇩🇪 (Likes/Comments),8304.0,259.5,5,350,No,No,Yes,USD
11,Instagram - Story Views || + Reach + Impressions || Germany 🇩🇪 || DE IP || No Drop || 1 Story,Instagram,Views/Plays,Instagram - Germany 🇩🇪 (Views Story/Reels/Share),224.0,7.0,30,200,No,Yes,Yes,USD
14,Instagram - Story Views || + Reach + Impressions || Germany 🇩🇪 || DE IP || No Drop || 1 Story || Male 👨🏻,Instagram,Views/Plays,Instagram - Germany 🇩🇪 (Views Story/Reels/Share),224.0,7.0,30,100,No,Yes,Yes,USD
16,Instagram - Story Views || + Reach + Impressions || Germany 🇩🇪 || DE IP || No Drop || 1 Story || || Female 👩🏻,Instagram,Views/Plays,Instagram - Germany 🇩🇪 (Views Story/Reels/Share),224.0,7.0,30,100,No,Yes,Yes,USD
15,Instagram - Story Views + Visit profile || + Reach + Impressions || Germany 🇩🇪 || DE IP || No Drop || 1 Story,Instagram,Views/Plays,Instagram - Germany 🇩🇪 (Views Story/Reels/Share),320.0,10.0,30,200,No,Yes,Yes,USD
17,Instagram - Story Views + Visit profile || + Reach + Impressions || Germany 🇩🇪 || DE IP || No Drop || 1 Story || Male 👨🏻,Instagram,Views/Plays,Instagram - Germany 🇩🇪 (Views Story/Reels/Share),320.0,10.0,30,100,No,Yes,Yes,USD
19,Instagram - Story Views + Visit profile || + Reach + Impressions || Germany 🇩🇪 || DE IP || No Drop || 1 Story || Female 👩🏻,Instagram,Views/Plays,Instagram - Germany 🇩🇪 (Views Story/Reels/Share),320.0,10.0,30,100,No,Yes,Yes,USD
20,Instagram - Story Views || + Reach + Impressions || Germany 🇩🇪 || DE IP || No Drop || All stories,Instagram,Views/Plays,Instagram - Germany 🇩🇪 (Views Story/Reels/Share),320.0,10.0,30,200,No,Yes,Yes,USD
24,Instagram - Story Views || + Reach + Impressions || Germany 🇩🇪 || DE IP || No Drop || All stories || Male 👨🏻,Instagram,Views/Plays,Instagram - Germany 🇩🇪 (Views Story/Reels/Share),320.0,10.0,30,100,No,Yes,Yes,USD
26,Instagram - Story Views || + Reach + Impressions || Germany 🇩🇪 || DE IP || No Drop || All stories || Female 👩🏻,Instagram,Views/Plays,Instagram - Germany 🇩🇪 (Views Story/Reels/Share),320.0,10.0,30,100,No,Yes,Yes,USD
27,Instagram - Story Views + Story Likes || + Reach + Impressions || Germany 🇩🇪 || DE IP || No Drop || All Stories,Instagram,Views/Plays,Instagram - Germany 🇩🇪 (Views Story/Reels/Share),384.0,12.0,30,200,No,Yes,Yes,USD
28,Instagram - Story Views + Story Likes || + Reach + Impressions || Germany 🇩🇪 || DE IP || No Drop || All Stories || Male 👨🏻,Instagram,Views/Plays,Instagram - Germany 🇩🇪 (Views Story/Reels/Share),384.0,12.0,30,100,No,Yes,Yes,USD
29,Instagram - Story Views + Story Likes || + Reach + Impressions || Germany 🇩🇪 || DE IP || No Drop || All Stories || Female 👩🏻,Instagram,Views/Plays,Instagram - Germany 🇩🇪 (Views Story/Reels/Share),384.0,12.0,30,100,No,Yes,Yes,USD
30,Instagram - Post Save || Germany 🇩🇪 || DE IP || No Drop,Instagram,Views/Plays,Instagram - Germany 🇩🇪 (Views Story/Reels/Share),480.0,15.0,10,200,No,Yes,Yes,USD
32,Instagram - Reel Views || Germany 🇩🇪 || DE IP || No Drop || 1 = 3k-to-5000 Views,Instagram,Views/Plays,Instagram - Germany 🇩🇪 (Views Story/Reels/Share),224.0,7.0,30,200,No,Yes,Yes,USD
11875,Instagram Followers || SPAIN 🇪🇸 || 50K/Day || 90 Days Refill,Instagram,Followers/Subscribers,Instagram - Spain 🇪🇸 (Followers/Likes/Comments/Views),576.0,18.0,20,100000,No,Yes,Yes,USD
11873,Instagram Followers || SPAIN 🇪🇸 || 50K/Day || 90 Days Refill || Female 👩🏻,Instagram,Followers/Subscribers,Instagram - Spain 🇪🇸 (Followers/Likes/Comments/Views),576.0,18.0,20,100000,No,Yes,No,USD
11876,Instagram Followers || SPAIN 🇪🇸 || 50K/Day || 90 Days Refill || Male 👨🏻,Instagram,Followers/Subscribers,Instagram - Spain 🇪🇸 (Followers/Likes/Comments/Views),576.0,18.0,20,100000,No,Yes,No,USD
12011,Instagram Likes || SPAIN 🇪🇸 || Fast ||,Instagram,Followers/Subscribers,Instagram - Spain 🇪🇸 (Followers/Likes/Comments/Views),25.536,0.798,20,100000,No,Yes,Yes,USD
11874,Instagram Likes || SPAIN 🇪🇸 || Fast || 30 Days Refill || Female 👩🏻,Instagram,Followers/Subscribers,Instagram - Spain 🇪🇸 (Followers/Likes/Comments/Views),58.5632,1.8301,20,100000,No,Yes,No,USD
12012,Instagram Likes || SPAIN 🇪🇸 || Fast || 30 Days Refill || Male 👨🏻,Instagram,Followers/Subscribers,Instagram - Spain 🇪🇸 (Followers/Likes/Comments/Views),58.5632,1.8301,20,100000,No,Yes,Yes,USD
12013,Instagram Story Views || SPAIN 🇪🇸	|| 50K/Day || 30 Days Refill || Profile Visit + Interaction,Instagram,Followers/Subscribers,Instagram - Spain 🇪🇸 (Followers/Likes/Comments/Views),12.8768,0.4024,10,50000,No,Yes,Yes,USD
12866,Instagram Custom Comments || SPAIN 🇪🇸 || Instant,Instagram,Followers/Subscribers,Instagram - Spain 🇪🇸 (Followers/Likes/Comments/Views),2832.0,88.5,10,1000,No,No,No,USD
11188,Instagram - Followers || EUROPE 🇪🇺 || EU IP || No Drop || 1000/Day,Instagram,Followers/Subscribers,Instagram - Europe 🇪🇺 (Followers),704.0,22.0,10,2000,No,Yes,Yes,USD
12819,Instagram - Followers || EUROPE 🇪🇺 || EU IP || No Drop || 1000/Day || Female 👩🏻,Instagram,Followers/Subscribers,Instagram - Europe 🇪🇺 (Followers),704.0,22.0,10,1000,No,Yes,Yes,USD
12820,Instagram - Followers || EUROPE 🇪🇺 || EU IP || No Drop || 1000/Day || Male 👨🏻,Instagram,Followers/Subscribers,Instagram - Europe 🇪🇺 (Followers),704.0,22.0,10,1000,No,Yes,Yes,USD
6081,Instagram - Followers || EUROPE 🇪🇺 || REAL || No Drop || Refill 365 Days || 500/Day ⭐,Instagram,Followers/Subscribers,Instagram - Europe 🇪🇺 (Followers),832.0,26.0,10,3500,No,No,Yes,USD
12806,Instagram - Followers || MIX IT/DE 🇮🇹🇩🇪 || REAL || No Drop || Refill 365 Days || 500/Day ⭐,Instagram,Followers/Subscribers,Instagram - Europe 🇪🇺 (Followers),832.0,26.0,10,3000,No,No,Yes,USD
12780,Instagram - Followers || Europe 🇪🇺 || High Quality || 5k Day || R30,Instagram,Followers/Subscribers,Instagram - Europe 🇪🇺 (Followers),341.12,10.66,10,5000,No,Yes,No,USD
11179,Instagram - Followers | (EUROPE 🇪🇺) (Auto 90 Days Refill) (HQ Europe Accounts) (Max 200K) (Speed: 500-1K/Day) (Start time: 0-1 H),Instagram,Followers/Subscribers,Instagram - Europe 🇪🇺 (Followers),74.88,2.34,10,500000,Yes,No,Yes,USD
11180,Instagram - Followers | (EUROPE MIX 🇪🇺) (High Quality) (30 Days Refill Button) (Speed: 5-10K/D) (Start time: 0-1/H),Instagram,Followers/Subscribers,Instagram - Europe 🇪🇺 (Followers),208.8,6.525,10,100000,No,Yes,Yes,USD
11187,Instagram - Followers | (EUROPE - USA 🇪🇺 🇺🇸) (Real) (Max 15K) (High Quality) (Speed: 15K/Days),Instagram,Followers/Subscribers,Instagram - Europe 🇪🇺 (Followers),238.08,7.44,5,2000,No,Yes,Yes,USD
12375,Instagram - Likes || Europe 🇪🇺 || EU IP || No Drop || 1-3K/Day,Instagram,Views/Plays,Instagram - Europe 🇪🇺 (Likes/Comments/Views),352.0,11.0,10,4000,No,Yes,Yes,USD
12376,Instagram - Likes || Europe 🇪🇺 || EU IP || No Drop || 1-3K/Day || Male 👨🏻,Instagram,Views/Plays,Instagram - Europe 🇪🇺 (Likes/Comments/Views),352.0,11.0,10,2000,No,Yes,Yes,USD
12377,Instagram - Likes || Europe 🇪🇺 || EU IP || No Drop || 1-3K/Day || Female 👩🏻,Instagram,Views/Plays,Instagram - Europe 🇪🇺 (Likes/Comments/Views),352.0,11.0,10,2000,No,Yes,Yes,USD
12,Instagram - Likes || EUROPE 🇪🇺 || REAL || No Drop || Refill 365 Days || 500/Day ⭐,Instagram,Views/Plays,Instagram - Europe 🇪🇺 (Likes/Comments/Views),352.0,11.0,10,1000,No,No,Yes,USD
3208,Instagram - Likes || Europe 🇪🇺 || 50K/Day,Instagram,Views/Plays,Instagram - Europe 🇪🇺 (Likes/Comments/Views),13.92,0.435,10,50000,No,Yes,Yes,USD
13,Instagram - Likes || MIX IT/DE 🇮🇹🇩🇪 || REAL || No Drop || Refill 365 Days || 500/Day ⭐,Instagram,Views/Plays,Instagram - Europe 🇪🇺 (Likes/Comments/Views),352.0,11.0,10,1000,No,No,Yes,USD
12382,Instagram - Story Views || Europe 🇪🇺 || EU IP || No Drop || 1-3K/Day,Instagram,Views/Plays,Instagram - Europe 🇪🇺 (Likes/Comments/Views),144.0,4.5,75,4000,No,Yes,Yes,USD
264,Instagram - Followers | (RUSSIAN 🇷🇺) (Non-Drop) (Quantity: 50-200k) (Start time: 1h) (Speed: 1K/Day),Instagram,Followers/Subscribers,Instagram - Russia 🇷🇺,476.0,14.875,50,500000,No,No,Yes,USD
12429,Instagram Followers || Brazil 🇧🇷 || 5K/H,Instagram,Followers/Subscribers,Instagram - Brazil 🇧🇷 (Followers),296.4192,9.2631,10,100000,No,No,Yes,USD
11813,Instagram Followers || Brazil 🇧🇷 || 10K/H || 30 Days Refill,Instagram,Followers/Subscribers,Instagram - Brazil 🇧🇷 (Followers),342.0,10.6875,10,100000,No,No,Yes,USD
12435,Instagram Followers || Brazil 🇧🇷 || 5K/H || No Refill || Female 👩🏻,Instagram,Followers/Subscribers,Instagram - Brazil 🇧🇷 (Followers),268.8,8.4,50,10000,No,Yes,Yes,USD
12436,Instagram Followers || Brazil 🇧🇷 || 5K/H || No Refill || Male 👨🏻,Instagram,Followers/Subscribers,Instagram - Brazil 🇧🇷 (Followers),268.8,8.4,50,10000,No,Yes,Yes,USD
12437,Instagram Followers || Brazil 🇧🇷 || 5K/H || 30 Days Refill || Male 👨🏻,Instagram,Followers/Subscribers,Instagram - Brazil 🇧🇷 (Followers),288.0,9.0,20,10000,No,Yes,No,USD
12433,Instagram Followers || Brazil 🇧🇷 || 10 Posts Profiles || No Refill,Instagram,Followers/Subscribers,Instagram - Brazil 🇧🇷 (Followers),624.0,19.5,20,30000,No,Yes,Yes,USD
12434,Instagram Followers || Brazil 🇧🇷 || 10 Posts Profiles || 30 Days Refill,Instagram,Followers/Subscribers,Instagram - Brazil 🇧🇷 (Followers),624.0,19.5,20,30000,No,Yes,Yes,USD
12430,Instagram Followers || Brazil 🇧🇷 || +7/15 Posts Profiles || No Refill,Instagram,Followers/Subscribers,Instagram - Brazil 🇧🇷 (Followers),50.4,1.575,10,5000000,No,No,Yes,USD
12431,Instagram Followers || Brazil 🇧🇷 || +7/15 Posts Profiles || 30 Days Refill,Instagram,Followers/Subscribers,Instagram - Brazil 🇧🇷 (Followers),160.8,5.025,10,1000000,No,No,Yes,USD
12426,Instagram Followers || Brazil 🇧🇷 || 100K/D || Fast || 30 Days Refill,Instagram,Followers/Subscribers,Instagram - Brazil 🇧🇷 (Followers),478.9024,14.9657,10,100000,No,No,Yes,USD
12427,Instagram Followers || Brazil 🇧🇷 || 100K/D || Fast || 30 Days Refill || Male 👨🏻,Instagram,Followers/Subscribers,Instagram - Brazil 🇧🇷 (Followers),2400.0,75.0,10,100000,Yes,Yes,Yes,USD
12428,Instagram Followers || Brazil 🇧🇷 || 100K/D || Fast || 30 Days Refill || Female 👩🏻,Instagram,Followers/Subscribers,Instagram - Brazil 🇧🇷 (Followers),288.0,9.0,20,10000,No,Yes,Yes,USD
12425,Instagram Channel Members || Brazil 🇧🇷 || 100K/D,Instagram,Followers/Subscribers,Instagram - Brazil 🇧🇷 (Likes/Comments/Views),26.88,0.84,10,1000000,No,Yes,Yes,USD
11785,Instagram Auto Likes || Brazil 🇧🇷 || 1H - 5K/Day || 30 Days Refill,Instagram,Views/Plays,Instagram - Brazil 🇧🇷 (Likes/Comments/Views),31.2,0.975,10,50000,No,Yes,No,USD
12449,Instagram Story Views + Comments + Profile Visit + Interaction || Brazil 🇧🇷 || 5 Pieces,Instagram,Views/Plays,Instagram - Brazil 🇧🇷 (Likes/Comments/Views),28.8,0.9,1,1,No,No,No,USD
12450,Instagram Story Views + Comments + Profile Visit + Interaction || Brazil 🇧🇷 || 10 Pieces,Instagram,Views/Plays,Instagram - Brazil 🇧🇷 (Likes/Comments/Views),57.6,1.8,1,1,No,No,No,USD
12451,Instagram Custom Comments || Brazil 🇧🇷 || Female 👩🏻,Instagram,Views/Plays,Instagram - Brazil 🇧🇷 (Likes/Comments/Views),2400.0,75.0,10,250,No,No,No,USD
12474,Instagram Comments + Likes + Saves || Brazil 🇧🇷 || HQ || 5 Custom Comments,Instagram,Views/Plays,Instagram - Brazil 🇧🇷 (Likes/Comments/Views),14.4,0.45,1,1,No,No,No,USD
12475,Instagram Comments + Likes + Saves || Brazil 🇧🇷 || Female 👩🏻 || HQ || 5 Custom Comments,Instagram,Views/Plays,Instagram - Brazil 🇧🇷 (Likes/Comments/Views),19.2,0.6,1,1,No,No,No,USD
12476,Instagram Comments + Likes + Saves || Brazil 🇧🇷 || Male 👨🏻 || HQ || 5 Custom Comments,Instagram,Views/Plays,Instagram - Brazil 🇧🇷 (Likes/Comments/Views),19.2,0.6,1,1,No,No,No,USD
12477,Instagram Comments + Likes + Saves || Brazil 🇧🇷 || HQ || 10 Custom Comments,Instagram,Views/Plays,Instagram - Brazil 🇧🇷 (Likes/Comments/Views),28.8,0.9,1,1,No,No,No,USD
12478,Instagram Comments + Likes + Saves || Brazil 🇧🇷 || Female 👩🏻 || HQ || 10 Custom Comments,Instagram,Views/Plays,Instagram - Brazil 🇧🇷 (Likes/Comments/Views),38.4,1.2,1,1,No,No,No,USD
12479,Instagram Comments + Likes + Saves || Brazil 🇧🇷 || Male 👨🏻 || HQ || 10 Custom Comments,Instagram,Views/Plays,Instagram - Brazil 🇧🇷 (Likes/Comments/Views),38.4,1.2,1,1,No,No,No,USD
12480,Instagram Comments + Likes + Saves || Brazil 🇧🇷 || HQ || 15 Custom Comments,Instagram,Views/Plays,Instagram - Brazil 🇧🇷 (Likes/Comments/Views),43.2,1.35,1,1,No,No,No,USD
12481,Instagram Comments + Likes + Saves || Brazil 🇧🇷 || Female 👩🏻 || HQ || 15 Custom Comments,Instagram,Views/Plays,Instagram - Brazil 🇧🇷 (Likes/Comments/Views),57.6,1.8,1,1,No,No,No,USD
12482,Instagram Comments + Likes + Saves || Brazil 🇧🇷 || Male 👨🏻 || HQ || 15 Custom Comments,Instagram,Views/Plays,Instagram - Brazil 🇧🇷 (Likes/Comments/Views),57.6,1.8,1,1,No,No,No,USD
12483,Instagram Comments + Likes + Saves || Brazil 🇧🇷 || HQ || 20 Custom Comments,Instagram,Views/Plays,Instagram - Brazil 🇧🇷 (Likes/Comments/Views),57.6,1.8,1,1,No,No,No,USD
12484,Instagram Comments + Likes + Saves || Brazil 🇧🇷 || Female 👩🏻 || HQ || 20 Custom Comments,Instagram,Views/Plays,Instagram - Brazil 🇧🇷 (Likes/Comments/Views),76.8,2.4,1,1,No,No,No,USD
12485,Instagram Comments + Likes + Saves || Brazil 🇧🇷 || Male 👨🏻 || HQ || 20 Custom Comments,Instagram,Views/Plays,Instagram - Brazil 🇧🇷 (Likes/Comments/Views),76.8,2.4,1,1,No,No,No,USD
11806,Instagram Followers || Never Drop || 365 Days Refill || 500/Day ⭐️,Instagram,Followers/Subscribers,Instagram - FOLLOWERS 🌐  || High Quality,166.4,5.2,10,50000,Yes,No,Yes,USD
12828,Instagram Followers || 365 Days Refill || 5K/Day || Male 👨🏻,Instagram,Followers/Subscribers,Instagram - FOLLOWERS 🌐  || High Quality,25.9584,0.8112,100,1000000,No,Yes,Yes,USD
12827,Instagram Followers || 5K/Day || Female 👩🏻,Instagram,Followers/Subscribers,Instagram - FOLLOWERS 🌐  || High Quality,85.44,2.67,50,10000,No,Yes,Yes,USD
12344,Instagram - Followers || Mix Quality || 5-10k day || 30 Days Refill || Works Flag ON ⛳,Instagram,Followers/Subscribers,Instagram - Followers || Flag On,144.0,4.5,10,20000,No,No,Yes,USD
12345,Instagram - Followers || India 🇮🇳 || Medium Speed || 90 Days Refill || Works Flag ON ⛳,Instagram,Followers/Subscribers,Instagram - Followers || Flag On,181.76,5.68,10,100000,No,No,Yes,USD
12346,Instagram - Followers || India 🇮🇳 + Worldwide ||Fast || 180 Days Refill || Works Flag ON ⛳,Instagram,Followers/Subscribers,Instagram - Followers || Flag On,199.68,6.24,10,100000,No,No,Yes,USD
11807,Instagram Likes || No Drop || 365 Days Refill ⭐️,Instagram,Likes/Reactions,Instagram - LIKES,64.0,2.0,10,60000,Yes,No,Yes,USD
11686,Instagram - Likes | 50K/Day | Instant | Good Quality | Super Fast 🔥,Instagram,Likes/Reactions,Instagram - LIKES,35.7536,1.1173,50,100000,No,Yes,Yes,USD
11872,Instagram-  Likes | 0-1H - 2K/Day | Fast,Instagram,Likes/Reactions,Instagram - LIKES,20.8,0.65,100,50000,No,No,Yes,USD
11910,Instagram - Likes || HQ || 50K/Day,Instagram,Likes/Reactions,Instagram - LIKES,592.3008,18.5094,10,250000,No,Yes,Yes,USD
11285,Instagram - Auto Likes | (Max 100K) (Instant),Instagram,Likes/Reactions,Instagram - AUTO LIKES,5.376,0.168,50,1000000,No,No,No,USD
11303,Instagram - Auto Likes | (Max 200K) (Mix),Instagram,Likes/Reactions,Instagram - AUTO LIKES,5.824,0.182,10,100000,No,No,No,USD
11297,Instagram - Auto Likes | (Max 10K) (Speed: 10K/Day) (No Refill) (Bot),Instagram,Likes/Reactions,Instagram - AUTO LIKES,5.4208,0.1694,10,100000,No,No,No,USD
11304,Instagram - Auto Likes | (HQ) (with Profiles),Instagram,Likes/Reactions,Instagram - AUTO LIKES,8.5216,0.2663,10,80000,No,Yes,No,USD
523,Instagram - Auto Likes | (NATURAL INCREASE/SLOW) (REAL LOOKING) (Quantity: 10-50k),Instagram,Likes/Reactions,Instagram - AUTO LIKES,6.16,0.1925,10,1000000,No,Yes,No,USD
5243,Instagram - Auto Likes | (No Refill) (Start time: 0-1H) (Speed: 30K/Day),Instagram,Likes/Reactions,Instagram - AUTO LIKES,10.08,0.315,10,250000,No,Yes,No,USD
11299,Instagram - Auto Likes | (HQ) (0-1H) (No Refill),Instagram,Likes/Reactions,Instagram - AUTO LIKES,29.568,0.924,10,100000,No,No,No,USD
11298,Instagram - Auto Likes | (Max 250K) (Start 1H) (No Refill),Instagram,Likes/Reactions,Instagram - AUTO LIKES,35.4816,1.1088,10,100000,No,No,No,USD
11290,Instagram - Auto Likes | (Real Mixed) (No Refill),Instagram,Likes/Reactions,Instagram - AUTO LIKES,8.512,0.266,10,2000,No,No,No,USD
4292,Instagram - Auto Likes | (SUPER HQ) (Quantity: 10-150k) (Start time: 0-1H) (Speed: 2-5K/Day),Instagram,Likes/Reactions,Instagram - AUTO LIKES,18.48,0.5775,10,500000,No,Yes,No,USD
12907,Instagram - Auto Likes | HQ,Instagram,Likes/Reactions,Instagram - AUTO LIKES,24.64,0.77,10,100000,No,Yes,No,USD
12908,Instagram - Auto Likes | Mix Quality,Instagram,Likes/Reactions,Instagram - AUTO LIKES,8.9248,0.2789,50,200000,No,Yes,No,USD
8276,Instagram Followers || BOT || 20K/Day,Instagram,Followers/Subscribers,Instagram - Cheap Services,131.328,4.104,10,50000,No,Yes,Yes,USD
11966,Instagram Followers || Cheap || 150K/Day || Refill 30D,Instagram,Followers/Subscribers,Instagram - Cheap Services,185.792,5.806,50,100000,No,No,No,USD
11330,Instagram Likes || BOT || 300K/Day,Instagram,Likes/Reactions,Instagram - Cheap Services,9.856,0.308,250,300000,No,Yes,Yes,USD
11324,Instagram Likes || BOT  || 30K/Day,Instagram,Likes/Reactions,Instagram - Cheap Services,11.424,0.357,50,250000,No,No,Yes,USD
9038,Instagram Likes || BOT,Instagram,Likes/Reactions,Instagram - Cheap Services,11.776,0.368,50,500000,No,Yes,Yes,USD
11316,Instagram Likes || BOT  || 50K/Day,Instagram,Likes/Reactions,Instagram - Cheap Services,1.7408,0.0544,10,1000000,No,Yes,Yes,USD
9039,Instagram Likes || Cheap,Instagram,Likes/Reactions,Instagram - Cheap Services,7.92,0.2475,10,200000,No,No,Yes,USD
3438,Instagram Likes || Cheap || 50K/Day,Instagram,Likes/Reactions,Instagram - Cheap Services,23.68,0.74,10,20000,No,No,Yes,USD
9036,Instagram Likes || Cheap,Instagram,Likes/Reactions,Instagram - Cheap Services,20.16,0.63,20,100000,No,No,No,USD
9040,Instagram Likes || Cheap || Low Drop,Instagram,Likes/Reactions,Instagram - Cheap Services,35.328,1.104,50,50000,No,Yes,Yes,USD
9352,Instagram - Power likes | (Server 2) (Max: 20k),Instagram,Likes/Reactions,Instagram - Cheap Services,2.912,0.091,20,20000,No,Yes,Yes,USD
9353,Instagram - Power likes | (Server 3) (Max: 75k),Instagram,Likes/Reactions,Instagram - Cheap Services,22.976,0.718,10,50000,No,Yes,No,USD
9348,Instagram - Power Likes | (Max: 10K) (Speed: 2-3K/Hour),Instagram,Likes/Reactions,Instagram - Cheap Services,13.984,0.437,10,50000,No,Yes,No,USD
11194,Instagram - Views || Video || Reels || MQ,Instagram,Views/Plays,Instagram - REEL (Views - Likes - Comments - Mentions - Saves),0.352,0.011,100,100000000,No,Yes,Yes,USD
11786,Instagram - Views | (REEL) (Good Speed),Instagram,Views/Plays,Instagram - REEL (Views - Likes - Comments - Mentions - Saves),0.448,0.014,100,10000000,No,Yes,Yes,USD
11200,Instagram - Views ||  Video + Reel + IGTV || Instant,Instagram,Views/Plays,Instagram - REEL (Views - Likes - Comments - Mentions - Saves),0.208,0.0065,100,100000000,No,No,Yes,USD
11189,Instagram - Views || Video + Reel + IGTV || Max 100 Millions,Instagram,Views/Plays,Instagram - REEL (Views - Likes - Comments - Mentions - Saves),7.616,0.238,100,100000000,No,No,Yes,USD
11198,Instagram - Views | (Video + Reel + IGTV) (Auto) (Real) (Max - 10M),Instagram,Views/Plays,Instagram - REEL (Views - Likes - Comments - Mentions - Saves),0.5152,0.0161,100,10000000,No,No,No,USD
11220,Instagram - Likes | (Reels) (Real) (Max: 10K) (HQ Profile) (Speed: 10K/Day),Instagram,Views/Plays,Instagram - REEL (Views - Likes - Comments - Mentions - Saves),1.1648,0.0364,20,10000,No,Yes,Yes,USD
11223,Instagram - Likes | (Reels) (R30) (Start time: 0-15 Mins) (Speed: 3k-5k/day),Instagram,Views/Plays,Instagram - REEL (Views - Likes - Comments - Mentions - Saves),9.3824,0.2932,10,100000,No,Yes,Yes,USD
11225,Instagram - Likes | (Reels) (Start Time: 0-3 Hours) (Super Fast Delivery),Instagram,Views/Plays,Instagram - REEL (Views - Likes - Comments - Mentions - Saves),6.864,0.2145,10,100000,No,Yes,Yes,USD
12885,Instagram - Views | Watch Time 1 Min | Real,Instagram,Views/Plays,Instagram - REEL (Views - Likes - Comments - Mentions - Saves),904.5152,28.2661,5,1000,No,No,No,USD
12886,Instagram - Views + Likes | Watch Time 1 Min | Real,Instagram,Views/Plays,Instagram - REEL (Views - Likes - Comments - Mentions - Saves),1055.3216,32.9788,5,1000,No,No,No,USD
12887,Instagram - Views + Comments  | Watch Time 1 Min | Real,Instagram,Views/Plays,Instagram - REEL (Views - Likes - Comments - Mentions - Saves),1356.8352,42.4011,5,1000,No,No,No,USD
11377,Instagram - 98% Likes + 2% Comments EMOJIS | (Max - 50k) (Start time: INSTANT),Instagram,Likes/Reactions,Instagram - COMMENTS,6.72,0.21,250,20000,No,No,Yes,USD
11371,Instagram - Comments Like | (Refill: No) (Start Time: 0 - 15 Min) (Speed: 30K/Day),Instagram,Likes/Reactions,Instagram - COMMENTS,22.4,0.7,50,10000,No,No,No,USD
11368,Instagram - Comments | (Real Positive 😍❤️👍🏼 Comments) (Low Speed) (Speed: 200/D),Instagram,Comments,Instagram - COMMENTS,120.96,3.78,10,100000,No,No,Yes,USD
11369,Instagram - Comments | (Real Negative Comments 👎🏼🤢😡) (Low Speed) (Speed: 200/D),Instagram,Comments,Instagram - COMMENTS,120.96,3.78,10,100000,No,No,Yes,USD
11370,Instagram - Comments | (Real English Random Comments) (Low Speed) (Speed: 200/D),Instagram,Comments,Instagram - COMMENTS,120.96,3.78,10,100000,No,No,Yes,USD
11414,Instagram - Comments | (Random) (Max 20K) (Quality Accounts) (SuperFast),Instagram,Comments,Instagram - COMMENTS,134.4,4.2,10,20000,No,No,Yes,USD
11361,Instagram - Comments | (Mix Positive Emoji Comments - 😘💞💐🏵️😍🤩🥰😘😚🤯❤️🤎💜💙💓💋🫂) (Start time: 0-15min) (Speed: Fast),Instagram,Comments,Instagram - COMMENTS,121.28,3.79,20,10000,No,No,Yes,USD
11362,Instagram - Comments | (Negative Emoji Comments - 🤬😡😠😤😮‍💨🙄😒💩👿😈🤡🖕) (Speed: 10K/D) (Start time: 0-15min),Instagram,Comments,Instagram - COMMENTS,120.96,3.78,10,200000,No,No,Yes,USD
11363,Instagram - Comments | (Mix Emoji Comments) (Speed: 10K/D) (Start time: 0-15min),Instagram,Comments,Instagram - COMMENTS,120.96,3.78,10,200000,No,No,Yes,USD
11364,Instagram - Comments | (Random) (English) (Super Fast - 10K/D Speed),Instagram,Comments,Instagram - COMMENTS,120.96,3.78,10,20000,No,No,Yes,USD
11365,Instagram - Comments | (Custom) (Speed: 10K/D) (Start time: 0-15min) (BEST IN MARKET),Instagram,Comments,Instagram - COMMENTS,120.96,3.78,10,10000,No,No,No,USD
11366,Instagram - Comments | (Custom) (BEST PRICE) (Speed: 10K/D) (Start time: 0-15min),Instagram,Comments,Instagram - COMMENTS,120.96,3.78,10,5000,No,No,No,USD
11367,Instagram - Comments | (Custom) (Super Fast-Speed: 10K/D) (Start time: 0-15min),Instagram,Comments,Instagram - COMMENTS,120.96,3.78,10,10000,No,No,No,USD
9292,Instagram - Comments | (Max 500K) (Start time: 0-15 Min) (Speed: 45K/Day) (Positive Emoji),Instagram,Comments,Instagram - COMMENTS,120.96,3.78,10,200000,No,Yes,Yes,USD
9293,Instagram - Comments | (Max 500K) (Start time: 0-15 Min) (Speed: 45K/Day) (Negative Emoji),Instagram,Comments,Instagram - COMMENTS,120.96,3.78,10,200000,No,Yes,Yes,USD
11380,"Instagram - Comments | (South Korea 🇰🇷) (MQ, Random Emojis) (INSTANT) (Speed: 500/day) (Start time: 0-1 minute)",Instagram,Comments,Instagram - COMMENTS,241.92,7.56,5,200,No,No,Yes,USD
11344,Instagram - Comments | (Custom) (Speed: 3k/Day) (Start time: 0-1 hour) (No-Drop),Instagram,Comments,Instagram - COMMENTS,37.408,1.169,10,10000,No,No,No,USD
11358,Instagram - Comments | (Japan 🇯🇵) (MQ) (Random) (Emojis) (Fast) (Female),Instagram,Comments,Instagram - COMMENTS,579.6,18.1125,1,200,No,No,Yes,USD
11359,Instagram - Comments | (Japan 🇯🇵) (MQ) (Random) (Emojis) (Fast) (male),Instagram,Comments,Instagram - COMMENTS,579.6,18.1125,1,200,No,No,Yes,USD
11808,Instagram - Comments | International MIX | 30 days refill ⭐️,Instagram,Comments,Instagram - COMMENTS,1008.0,31.5,1,10000,No,No,No,USD
4040,Instagram - Comments | (USA / EUROPE 🇺🇸🇪🇺) (CUSTOM) (EXCLUSIVE) (REAL) (NON DROP),Instagram,Comments,Instagram - COMMENTS,6468.0,202.125,5,2500,No,No,No,USD
11471,Instagram - Saves || Max 100K || Start 1H,Instagram,Saves,Instagram - SAVES,0.1152,0.0036,10,100000,No,No,Yes,USD
8933,Instagram - Saves || Max 5K || Start 1H,Instagram,Saves,Instagram - SAVES,1.344,0.042,10,5000,No,No,Yes,USD
8932,Instagram - Saves || Max 15K || Start 1H,Instagram,Saves,Instagram - SAVES,4.032,0.126,10,50000,No,No,Yes,USD
11475,Instagram - Saves || Max 400K || 50K/Day || Instant,Instagram,Saves,Instagram - SAVES,4.608,0.144,10,1000000,No,No,Yes,USD
12901,Instagram - Auto Saves,Instagram,Saves,Instagram - SAVES,5.568,0.174,50,10000,No,Yes,No,USD
11519,Instagram - Mentions | (Max: 5K) (Custom List) (No Drop),Instagram,Stories/Mentions,Instagram - MENTIONS,140.0,4.375,1000,100000,No,No,No,USD
11515,Instagram - Mentions | (Max: 10K) (Start time: 0-12H) (Speed: 500-1K) (Custom List),Instagram,Stories/Mentions,Instagram - MENTIONS,110.8128,3.4629,1000,10000001,No,No,No,USD
11516,Instagram - Mentions | (Max: 10K) (Start time: 0-12H) (Speed: 10K/Day) (Custom List),Instagram,Stories/Mentions,Instagram - MENTIONS,168.0,5.25,1000,1000001,No,No,No,USD
11517,Instagram - Mentions | (Max: 10K) (Start time: 0-12H) (Speed: 10K/Day)  (User Followers),Instagram,Followers/Subscribers,Instagram - MENTIONS,168.0,5.25,1000,1000001,No,No,No,USD
11518,Instagram - Mentions | (Max: 10K) (Start time: 0-12H) (Speed: 10K/Day) (Post Likes),Instagram,Likes/Reactions,Instagram - MENTIONS,168.0,5.25,1000,1000001,No,No,No,USD
11511,Instagram - Mentions | (Max: 100K) (USER FOLLOWERS),Instagram,Followers/Subscribers,Instagram - MENTIONS,134.72,4.21,100,1000000,No,No,No,USD
11528,Instagram - Mentions | (Start time: 0-24/H) (Speed: 5-10K/Day) (5 User Followers),Instagram,Followers/Subscribers,Instagram - MENTIONS,77.504,2.422,20000,1000000,No,No,No,USD
11502,Instagram - Mentions | (Max: 100K) (Fast) (CUSTOM LIST),Instagram,Stories/Mentions,Instagram - MENTIONS,95.2,2.975,100,100000000,No,No,No,USD
8960,Instagram -  Live Video Views + Like + Comment | 30 Min,Instagram,Views/Plays,Instagram - Views 📹,211.2,6.6,20,40000,No,No,Yes,USD
9327,Instagram - Live Video Views | (INSTANT - 60 min),Instagram,Views/Plays,Instagram - Views 📹,230.4,7.2,20,5000,No,No,Yes,USD
5259,Instagram - Auto Views | (Max: 1M) (Start Time: 15 Minutes) (Speed: 5M/Day),Instagram,Views/Plays,Instagram - Views 📹,8.32,0.26,100,100000000,No,No,No,USD
5264,Instagram - Auto Views | (REAL) (Max: 1M) (Start Time: Instant) (Speed: 1M/Day),Instagram,Views/Plays,Instagram - Views 📹,0.2624,0.0082,100,100000000,No,No,No,USD
5257,Instagram - Auto Views | (Max: 1M) (Start Time: Instant) (Speed: 1M/Day),Instagram,Views/Plays,Instagram - Views 📹,10.6336,0.3323,100,100000000,No,No,No,USD
4302,Instagram - Auto Views | (Max: 10M) (Start time: 0-1H) (INSTANT),Instagram,Views/Plays,Instagram - Views 📹,13.44,0.42,100,100000000,No,No,No,USD
5266,Instagram - Auto Views | (All Posts) (Max: 10M) (Start Time: 0-1 Hour) (Speed: 1M/Day),Instagram,Views/Plays,Instagram - Views 📹,10.3168,0.3224,100,100000000,No,No,No,USD
4304,Instagram - Auto Views | (Max: 10M) (Start Time: 0-1 Hour) (Speed: INSTANT),Instagram,Views/Plays,Instagram - Views 📹,9.3568,0.2924,100,100000000,No,No,No,USD
5258,Instagram - Auto Views + Impressions | (Max: 5M) (Start Time: 1 Hour) (Speed: 500K/Day),Instagram,Views/Plays,Instagram - Views 📹,49.92,1.56,100,100000000,No,No,No,USD
5261,Instagram - Auto Views | (REEL + IGTV + POSTS) (Max: 9M) (Start Time: 0-1 Hour) (Speed: 100K/Day),Instagram,Views/Plays,Instagram - Views 📹,51.4816,1.6088,100,100000000,No,No,No,USD
5262,Instagram - Auto Views | (Max: 10M) (Start Time: 0 - 1 Hours) (Speed: Up to 2M / Day),Instagram,Views/Plays,Instagram - Views 📹,52.0,1.625,100,100000000,No,No,No,USD
5267,Instagram - Auto Views | (Max: 1M) (Start Time: 15 Minutes) (Speed: 5M/Day),Instagram,Views/Plays,Instagram - Views 📹,54.4128,1.7004,100,100000000,No,No,No,USD
539,Instagram - Auto Views | (Start time: INSTANT) (Speed: 500K/Day) (100-1M),Instagram,Views/Plays,Instagram - Views 📹,1.44,0.045,100,100000000,No,Yes,No,USD
5260,Instagram - Auto Views | (All Posts) (Max: 10M) (Start Time: 0-5 Minutes) (Speed:100K/Hour),Instagram,Views/Plays,Instagram - Views 📹,55.8816,1.7463,100,100000000,No,No,No,USD
5263,Instagram - Auto Views | (Max: 10M) (Start Time: 0 - 1 Hours) (Speed: 2M/Day),Instagram,Views/Plays,Instagram - Views 📹,0.416,0.013,100,100000000,No,No,No,USD
5265,Instagram - Auto Views | (EMERGENCY - ALL TYPE OF VIDEOS - AUTO ON / OFF),Instagram,Views/Plays,Instagram - Views 📹,57.7664,1.8052,100,100000000,No,No,No,USD
4301,Instagram - Auto Views | (Max: 10M) (Start time: 1H) (Speed: 1M/Day),Instagram,Views/Plays,Instagram - Views 📹,59.4048,1.8564,100,100000000,No,No,No,USD
4303,Instagram - Auto Views | (Max: 5M) (Start time: 0-1H) (Speed: 5M/Day),Instagram,Views/Plays,Instagram - Views 📹,59.36,1.855,100,100000000,No,No,No,USD
544,Instagram - Auto Views + Impressions | (MEDIUM) (50-20M),Instagram,Views/Plays,Instagram - Views 📹,60.48,1.89,100,100000000,No,No,No,USD
8903,Instagram - Views || Fast,Instagram,Views/Plays,Instagram - Views 📹,0.0288,0.0009,100,100000000,No,No,No,USD
9316,Instagram - Views || All Video || Instant || No Drop,Instagram,Views/Plays,Instagram - Views 📹,6.4,0.2,100,100000000,No,Yes,Yes,USD
8911,Instagram - Views || All link || Fast,Instagram,Views/Plays,Instagram - Views 📹,0.1024,0.0032,100,1000000000,No,No,Yes,USD
313,Instagram - Views || works on Reel || 0-1H || Slow,Instagram,Views/Plays,Instagram - Views 📹,57.456,1.7955,100,100000000,No,Yes,Yes,USD
9307,Instagram - Video Views || No-Drop || 0-15 Min || ULTRA FAST,Instagram,Views/Plays,Instagram - Views 📹,2.6688,0.0834,100,50000000,No,No,Yes,USD
9304,Instagram - Video Views | (All Video) (No-Drop) (INSTANT - 0-15 Min) (FAST),Instagram,Views/Plays,Instagram - Views 📹,0.1088,0.0034,100,50000000,No,No,Yes,USD
9305,Instagram - Video Views || All Video || No Drop || 0-15 Min),Instagram,Views/Plays,Instagram - Views 📹,7.68,0.24,100,5000000,No,No,Yes,USD
9310,Instagram - Video Views || All video || No-Drop || 0-15 Min,Instagram,Views/Plays,Instagram - Views 📹,6.9984,0.2187,100,100000000,No,Yes,Yes,USD
9312,Instagram - Video Views || All Video || No Drop || Fast || 0-15 Min,Instagram,Views/Plays,Instagram - Views 📹,7.04,0.22,100,10000000,No,No,No,USD
9313,Instagram - Video Views | (All Video) (Instant) (No-Drop) (0-15 Min),Instagram,Views/Plays,Instagram - Views 📹,3.264,0.102,100,100000000,No,Yes,No,USD
9314,Instagram - Video Views || All Video || Instant || No Drop || 0-15 Min,Instagram,Views/Plays,Instagram - Views 📹,2.72,0.085,100,100000000,No,Yes,Yes,USD
9295,Instagram - Video Views REEL | (No-Drop) (INSTANT - 0-15 Min),Instagram,Views/Plays,Instagram - Views 📹,0.6272,0.0196,100,100000000,No,No,Yes,USD
9296,Instagram - Video Views REEL | (No-Drop) (INSTANT - 0-15 Min),Instagram,Views/Plays,Instagram - Views 📹,0.3616,0.0113,100,100000000,No,No,Yes,USD
9302,Instagram - Video Views REEL | (No-Drop) (INSTANT - 0-15 Min),Instagram,Views/Plays,Instagram - Views 📹,7.68,0.24,100,50000000,No,Yes,Yes,USD
9303,Instagram - Video Views REEL | (No-Drop) (INSTANT - 0-15 Min),Instagram,Views/Plays,Instagram - Views 📹,0.6624,0.0207,100,100000000,No,Yes,Yes,USD
9315,Instagram - Reels Views | (Instant),Instagram,Views/Plays,Instagram - Views 📹,0.0768,0.0024,100,100000000,No,Yes,Yes,USD
5268,Instagram - Auto Reel Views | (Max: 1M) (Start Time: 15 Minutes) (Speed: 5M/Day),Instagram,Views/Plays,Instagram - Views 📹,56.2272,1.7571,100,100000000,No,No,No,USD
12910,Instagram - Post Views,Instagram,Views/Plays,Instagram - Views 📹,0.4608,0.0144,100,10000000,No,Yes,No,USD
498,Instagram - Live Video Likes | (Quantity: 10K) (INSTANT),Instagram,Likes/Reactions,Instagram - Live Video,9.6,0.3,200,10000,No,No,Yes,USD
504,Instagram - Live Video Likes | (Quantity: 10K) (INSTANT),Instagram,Likes/Reactions,Instagram - Live Video,9.6,0.3,200,10000,No,No,Yes,USD
499,Instagram - Live Video Likes | (Quantity: 1M) (INSTANT),Instagram,Likes/Reactions,Instagram - Live Video,36.0,1.125,50,1000000,No,No,No,USD
503,Instagram - Live Video Comments | (FEMALE) (RANDOM) (INSTANT),Instagram,Comments,Instagram - Live Video,240.0,7.5,50,2000,No,No,Yes,USD
500,Instagram - Live Video Comments | (Quantity: 2K) (RANDOM) (INSTANT),Instagram,Comments,Instagram - Live Video,264.0,8.25,50,2000,No,No,Yes,USD
505,Instagram - Live Video Comments | (Quantity: 2K) (RANDOM) (INSTANT),Instagram,Comments,Instagram - Live Video,288.0,9.0,50,2000,No,No,Yes,USD
493,Instagram - Live Video Views + Likes + Comments |  (Quantity: 30k) (INSTANT - FOR 30 MINUTES ONLY),Instagram,Views/Plays,Instagram - Live Video,300.0,9.375,20,40000,No,Yes,Yes,USD
494,Instagram - Live Video Views | (Quantity: 30K) (INSTANT - FOR 30 MINUTES ONLY),Instagram,Views/Plays,Instagram - Live Video,300.0,9.375,20,10000,No,No,No,USD
502,Instagram - Live Video Comments | (MALE) (RANDOM) (INSTANT),Instagram,Comments,Instagram - Live Video,432.0,13.5,50,2000,No,No,Yes,USD
495,Instagram - Live Video Views | (Quantity: 20K) (INSTANT),Instagram,Views/Plays,Instagram - Live Video,600.0,18.75,20,40000,No,Yes,Yes,USD
507,Instagram - LIVE Video VIEWS + LIKES and COMMENTS | (Quantity: 20K) (INSTANT),Instagram,Views/Plays,Instagram - Live Video,600.0,18.75,20,40000,No,Yes,Yes,USD
11201,Instagram - Story Views | (Mix) (All Stories) (100K/D) (0-10/M),Instagram,Views/Plays,Instagram - Story Views,0.16,0.005,100,1000000,No,No,Yes,USD
9328,Instagram - Story Views | (All Story) (Max 20K) (Start time: 0-15 Minutes) (Speed: ULTRAFAST),Instagram,Views/Plays,Instagram - Story Views,0.384,0.012,100,15000,No,No,Yes,USD
11206,Instagram - Story Views || All Stories || Cheap,Instagram,Views/Plays,Instagram - Story Views,2.112,0.066,100,100000,No,No,Yes,USD
8917,Instagram - Story Views | (50K) (Speed: 50K/Day) (Start Time : 0-15 Minutes‎),Instagram,Views/Plays,Instagram - Story Views,3.52,0.11,100,1000000,No,No,Yes,USD
8915,Instagram - Story Views + Profile Visits |  (Start time: 1/30 Minute) (Speed: 1M/DAY),Instagram,Views/Plays,Instagram - Story Views,7.2,0.225,100,5000,No,Yes,Yes,USD
8914,Instagram - Story Views | (400K) (All Stories) (Start time: 0-15 Minutes) (Speed: 100K/Day),Instagram,Views/Plays,Instagram - Story Views,4.992,0.156,100,300000,No,No,Yes,USD
3175,Instagram - Story Auto-views | (All Story) (Start time: 0-1H),Instagram,Views/Plays,Instagram - Story Views,7.2,0.225,100,50000,No,No,No,USD
8921,Instagram - Story Impressions | (Start time: 1/30 Minute) (Speed: 1M/DAY) (1M),Instagram,Views/Plays,Instagram - Story Views,3.84,0.12,10,100000,No,No,Yes,USD
9320,Instagram - Impressions + Reach | (Max 300K) (100K-150K /Day),Instagram,Views/Plays,Instagram - Story Poll Votes / Quiz / Save / Impressions / Shares / Reach / Profile Visits,0.8608,0.0269,10,300000,No,No,Yes,USD
8942,Instagram - Impressions |,Instagram,Views/Plays,Instagram - Story Poll Votes / Quiz / Save / Impressions / Shares / Reach / Profile Visits,1.792,0.056,100,1000000,No,No,Yes,USD
8944,Instagram - Reach (1%) + Impressions || All Link,Instagram,Views/Plays,Instagram - Story Poll Votes / Quiz / Save / Impressions / Shares / Reach / Profile Visits,3.1968,0.0999,100,500000,No,Yes,Yes,USD
8946,Instagram - Reach (1%) + Impressions + Profile Visits |,Instagram,Views/Plays,Instagram - Story Poll Votes / Quiz / Save / Impressions / Shares / Reach / Profile Visits,4.992,0.156,10,1000000,No,Yes,Yes,USD
8945,Instagram - Views +  Reach + Impressions || All Links,Instagram,Views/Plays,Instagram - Story Poll Votes / Quiz / Save / Impressions / Shares / Reach / Profile Visits,17.92,0.56,100,100000,No,Yes,Yes,USD
8947,Instagram - Reach + Impressions + Profile Visits,Instagram,Views/Plays,Instagram - Story Poll Votes / Quiz / Save / Impressions / Shares / Reach / Profile Visits,21.12,0.66,10,10000000,No,No,Yes,USD
8943,Instagram - Profile Visits,Instagram,Views/Plays,Instagram - Story Poll Votes / Quiz / Save / Impressions / Shares / Reach / Profile Visits,3.2,0.1,10,1000000,No,Yes,Yes,USD
8936,Instagram - Shares |,Instagram,Views/Plays,Instagram - Story Poll Votes / Quiz / Save / Impressions / Shares / Reach / Profile Visits,9.6,0.3,100,1000000,No,Yes,Yes,USD
8948,Instagram - Shares |,Instagram,Views/Plays,Instagram - Story Poll Votes / Quiz / Save / Impressions / Shares / Reach / Profile Visits,9.984,0.312,100,10000000,No,Yes,Yes,USD
8935,Instagram - Shares,Instagram,Views/Plays,Instagram - Story Poll Votes / Quiz / Save / Impressions / Shares / Reach / Profile Visits,10.24,0.32,50,888888,No,Yes,Yes,USD
8937,Instagram - Media Impression + Home,Instagram,Views/Plays,Instagram - Story Poll Votes / Quiz / Save / Impressions / Shares / Reach / Profile Visits,2.304,0.072,10,1000000,No,Yes,Yes,USD
8939,Instagram - Media Impression + Tags |,Instagram,Views/Plays,Instagram - Story Poll Votes / Quiz / Save / Impressions / Shares / Reach / Profile Visits,2.6496,0.0828,10,100000000,No,Yes,Yes,USD
8938,Instagram - Media Impression + Explore,Instagram,Views/Plays,Instagram - Story Poll Votes / Quiz / Save / Impressions / Shares / Reach / Profile Visits,2.304,0.072,10,1000000,No,Yes,Yes,USD
11879,Instagram - Story Link Click | (0 - 1H - 1K/Day),Instagram,Views/Plays,Instagram - Story Poll Votes / Quiz / Save / Impressions / Shares / Reach / Profile Visits,39.0016,1.2188,100,1000,No,No,Yes,USD
8940,Instagram - Media Impression + Others |,Instagram,Views/Plays,Instagram - Story Poll Votes / Quiz / Save / Impressions / Shares / Reach / Profile Visits,1.8112,0.0566,100,500000,No,No,Yes,USD
8941,Instagram - Media Impression + Home + Discover + Tags + Other |,Instagram,Views/Plays,Instagram - Story Poll Votes / Quiz / Save / Impressions / Shares / Reach / Profile Visits,2.304,0.072,10,1000000,No,Yes,Yes,USD
9324,Instagram - Story Poll Votes + Views | (Max 100K) (VOTE = 1),Instagram,Views/Plays,Instagram - Story Poll Votes / Quiz / Save / Impressions / Shares / Reach / Profile Visits,12.288,0.384,100,100000,No,No,Yes,USD
9325,Instagram - Story Poll Votes + Views | (Max 50K) (VOTE = 2),Instagram,Views/Plays,Instagram - Story Poll Votes / Quiz / Save / Impressions / Shares / Reach / Profile Visits,12.288,0.384,100,100000,No,No,Yes,USD
8949,Instagram - Engagement + Shares |,Instagram,Views/Plays,Instagram - Story Poll Votes / Quiz / Save / Impressions / Shares / Reach / Profile Visits,16.0,0.5,100,10000000,No,Yes,No,USD
8950,Instagram - Engagement + Shares + Reach + Impressions,Instagram,Views/Plays,Instagram - Story Poll Votes / Quiz / Save / Impressions / Shares / Reach / Profile Visits,29.44,0.92,100,10000000,No,Yes,Yes,USD
8951,Instagram - Engagement + Shares + Reach + Impressions + Profile Visits |,Instagram,Views/Plays,Instagram - Story Poll Votes / Quiz / Save / Impressions / Shares / Reach / Profile Visits,40.8,1.275,100,1000000,No,No,Yes,USD
8926,Instagram - Story Question Answer | (Option 1),Instagram,Views/Plays,Instagram - Story Poll Votes / Quiz / Save / Impressions / Shares / Reach / Profile Visits,40.672,1.271,100,10000,No,No,Yes,USD
8927,Instagram - Story Question Answer | (Option 2),Instagram,Views/Plays,Instagram - Story Poll Votes / Quiz / Save / Impressions / Shares / Reach / Profile Visits,40.672,1.271,100,10000,No,No,Yes,USD
8924,Instagram - Story Poll Votes | (Option 1),Instagram,Views/Plays,Instagram - Story Poll Votes / Quiz / Save / Impressions / Shares / Reach / Profile Visits,43.072,1.346,100,10000,No,No,Yes,USD
8925,Instagram - Story Poll Votes | (Option 2),Instagram,Views/Plays,Instagram - Story Poll Votes / Quiz / Save / Impressions / Shares / Reach / Profile Visits,43.072,1.346,100,10000,No,No,Yes,USD
12873,Instagram - Repost | Good Quality,Instagram,Views/Plays,Instagram - Story Poll Votes / Quiz / Save / Impressions / Shares / Reach / Profile Visits,851.2,26.6,5,10000,No,No,Yes,USD
12399,Threads - Followers || 0-12h || natural increase,Threads,Followers/Subscribers,THREADS,160.0,5.0,10,5000,No,No,Yes,USD
6157,Threads - Comments | (CUSTOM) (30D Refill) (No Drop),Threads,Comments,THREADS,443.52,13.86,5,200000,No,No,No,USD
11913,Threads - Repost | 1K - 500/Day | Real Accounts,Threads,Shares,THREADS,498.176,15.568,10,10000,No,No,Yes,USD
11642,Threads Followers || JAPAN 🇯🇵,Threads,Followers/Subscribers,THREADS,1436.16,44.88,10,40000,No,No,Yes,USD
11641,Threads Likes || JAPAN 🇯🇵,Threads,Likes/Reactions,THREADS,383.36,11.98,10,8000,No,No,Yes,USD
12878,Facebook - Page/Profile Followers || Cheap,Facebook,Followers/Subscribers,Facebook - FOLLOWERS (Page/Profile),4.8576,0.1518,100,10000,No,Yes,Yes,USD
12879,Facebook - Page/Profile Followers || Cheap || 30 Days Refill,Facebook,Followers/Subscribers,Facebook - FOLLOWERS (Page/Profile),10.656,0.333,100,1000000,No,No,Yes,USD
12884,Facebook - Page/Profile Followers || Cheap || 30 Days Refill || Asian Profiles,Facebook,Followers/Subscribers,Facebook - FOLLOWERS (Page/Profile),6.0576,0.1893,100,10000,No,Yes,Yes,USD
11581,Facebook - Followers || All Type Links || Non Drop,Facebook,Followers/Subscribers,Facebook - FOLLOWERS (Page/Profile),14.4,0.45,10,100000,No,No,Yes,USD
11572,Facebook - Page + Profile Followers || Non Drop || 30 Days Refill,Facebook,Followers/Subscribers,Facebook - FOLLOWERS (Page/Profile),16.8,0.525,10,100000,No,No,Yes,USD
11569,Facebook - Followers || Asia || 30 Days Refill,Facebook,Followers/Subscribers,Facebook - FOLLOWERS (Page/Profile),21.6,0.675,10,100000,No,No,Yes,USD
12291,Facebook - Followers || All Type Profile/Page || 60 Days Refill,Facebook,Followers/Subscribers,Facebook - FOLLOWERS (Page/Profile),32.0,1.0,10,500000,No,Yes,Yes,USD
10880,Facebook - Followers || All Page || Fast || 30 Days Refill,Facebook,Followers/Subscribers,Facebook - FOLLOWERS (Page/Profile),51.2,1.6,10,400000,No,No,Yes,USD
12292,Facebook - Profile Followers || Non Drop || 60 Days Refill,Facebook,Followers/Subscribers,Facebook - FOLLOWERS (Page/Profile),34.56,1.08,100,500000,No,Yes,Yes,USD
18,Facebook - Profile Followers || Worldwide 🌍 || Non Drop || 30 Days Refill || PRIORITY FAST,Facebook,Followers/Subscribers,Facebook - FOLLOWERS (Page/Profile),114.56,3.58,100,4000,No,No,Yes,USD
12293,Facebook - Page Followers || Non Drop || Page with Like Button || 60 Days Refill,Facebook,Followers/Subscribers,Facebook - FOLLOWERS (Page/Profile),38.4,1.2,100,500000,No,Yes,Yes,USD
25,Facebook - Page Followers || Worldwide 🌎 || Non Drop || 30 Days Refill || PRIORITY FAST,Facebook,Followers/Subscribers,Facebook - FOLLOWERS (Page/Profile),123.2,3.85,100,4000,No,No,Yes,USD
11551,Facebook - Page Likes || Non Drop || 60 Days Refill,Facebook,Likes/Reactions,Facebook - PAGE LIKES,44.8,1.4,100,2000000,No,No,Yes,USD
10874,Facebook - Page Likes || No Drop || 30 Days Refill || HQ,Facebook,Likes/Reactions,Facebook - PAGE LIKES,58.24,1.82,100,5000000,No,No,Yes,USD
12290,Facebook - Page Likes || No Drop || 90 Days Refill,Facebook,Likes/Reactions,Facebook - PAGE LIKES,62.4,1.95,100,5000000,No,No,Yes,USD
12289,Facebook - Page Likes || No Drop || 365 Days Refill,Facebook,Likes/Reactions,Facebook - PAGE LIKES,48.0,1.5,100,2000000,No,No,Yes,USD
12880,Facebook - Page Likes + Followers || No Refill || Cheapest,Facebook,Followers/Subscribers,Facebook - PAGE LIKES + FOLLOWERS,14.4,0.45,100,1000000,No,No,No,USD
11555,Facebook - Page Likes + Followers || No Refill,Facebook,Followers/Subscribers,Facebook - PAGE LIKES + FOLLOWERS,39.36,1.23,10,50000,No,No,Yes,USD
11549,Facebook - Page Likes + Followers || No Refill || HQ || Instant,Facebook,Followers/Subscribers,Facebook - PAGE LIKES + FOLLOWERS,13.9104,0.4347,10,50000,No,No,Yes,USD
12259,Facebook - Page Likes + Followers || No Drop || 30 Days Refill,Facebook,Followers/Subscribers,Facebook - PAGE LIKES + FOLLOWERS,45.696,1.428,100,2000000,No,No,Yes,USD
12258,Facebook - Page Likes + Followers || No Drop || HQ || 30 Days Refill,Facebook,Followers/Subscribers,Facebook - PAGE LIKES + FOLLOWERS,57.12,1.785,100,1000000,No,No,Yes,USD
11553,Facebook - Page Likes + Followers || Any Type Page || 30 Days Refill,Facebook,Followers/Subscribers,Facebook - PAGE LIKES + FOLLOWERS,46.56,1.455,10,50000,No,No,Yes,USD
10876,Facebook - Page Likes + Followers || Non Drop || 60 Days Refill,Facebook,Followers/Subscribers,Facebook - PAGE LIKES + FOLLOWERS,62.4,1.95,100,100000,No,No,Yes,USD
11561,Facebook - Page Likes + Followers || Speed: 1K/Day || 90 Days Refill,Facebook,Followers/Subscribers,Facebook - PAGE LIKES + FOLLOWERS,60.0,1.875,100,5000000,No,No,Yes,USD
11559,Facebook - Page Likes + Followers || 20K/Day || 90 Days Refill,Facebook,Followers/Subscribers,Facebook - PAGE LIKES + FOLLOWERS,46.4,1.45,100,200000,No,Yes,Yes,USD
661,Facebook - Page Likes + Followers || Worldwide 🌍 || Lifetime No Drop,Facebook,Followers/Subscribers,Facebook - PAGE LIKES + FOLLOWERS,48.0,1.5,100,100000,No,Yes,Yes,USD
12881,Facebook - Post Likes || No Refill || Cheapest,Facebook,Likes/Reactions,Facebook - POST LIKES,9.6,0.3,10,1000000,No,No,Yes,USD
589,Facebook - Post Likes || 30D Refill || Instant Start,Facebook,Likes/Reactions,Facebook - POST LIKES,38.4,1.2,50,150000,No,No,Yes,USD
12839,Facebook - Post Likes || Lifetime No Drop || Instant Start,Facebook,Likes/Reactions,Facebook - POST LIKES,57.6,1.8,50,200000,No,No,Yes,USD
11860,Facebook - Post Likes || Non Drop || No Refill || Instant Start,Facebook,Likes/Reactions,Facebook - POST LIKES,17.92,0.56,50,200000,No,Yes,Yes,USD
12270,Facebook - Post Reactions || Fast || 30 Days Refill || LIKE 👍,Facebook,Likes/Reactions,Facebook - POST REACTION (Emoji),60.032,1.876,100,4000,No,No,Yes,USD
11600,Facebook - Post Reactions || Fast || 30 Days Refill || LOVE ❤️,Facebook,Likes/Reactions,Facebook - POST REACTION (Emoji),60.032,1.876,100,2000,No,No,Yes,USD
11601,Facebook - Post Reactions || Fast || 30 Days Refill || WOW 😲,Facebook,Likes/Reactions,Facebook - POST REACTION (Emoji),60.032,1.876,100,2000,No,No,Yes,USD
11602,Facebook - Post Reactions || Fast || 30 Days Refill || HAHA 😆,Facebook,Likes/Reactions,Facebook - POST REACTION (Emoji),60.032,1.876,100,2000,No,No,Yes,USD
11603,Facebook - Post Reactions || Fast || 30 Days Refill || SAD 😢,Facebook,Likes/Reactions,Facebook - POST REACTION (Emoji),60.032,1.876,100,2000,No,No,Yes,USD
11604,Facebook - Post Reactions || Fast || 30 Days Refill || ANGRY 😡,Facebook,Likes/Reactions,Facebook - POST REACTION (Emoji),60.032,1.876,100,2000,No,No,Yes,USD
11605,Facebook - Post Reactions || Fast || 30 Days Refill || CARE 🥰,Facebook,Likes/Reactions,Facebook - POST REACTION (Emoji),60.032,1.876,100,200,No,No,Yes,USD
11608,Facebook - Post Reaction || No Refill || LOVE ❤️,Facebook,Likes/Reactions,Facebook - POST REACTION (Emoji),9.6,0.3,10,500000,No,No,No,USD
11609,Facebook - Post Reaction || No Refill || WOW 😲,Facebook,Likes/Reactions,Facebook - POST REACTION (Emoji),9.6,0.3,10,1000000,No,Yes,Yes,USD
11610,Facebook - Post Reaction || No Refill || HAHA 😀,Facebook,Likes/Reactions,Facebook - POST REACTION (Emoji),9.6,0.3,10,1000000,No,Yes,Yes,USD
11611,Facebook - Post Reaction || No Refill || CARE 🤗,Facebook,Likes/Reactions,Facebook - POST REACTION (Emoji),9.6,0.3,10,500000,No,No,No,USD
11612,Facebook - Post Reaction || No Refill || SAD 😢,Facebook,Likes/Reactions,Facebook - POST REACTION (Emoji),9.6,0.3,10,1000000,No,Yes,Yes,USD
11613,Facebook - Post Reaction || No Refill || ANGRY 😡,Facebook,Likes/Reactions,Facebook - POST REACTION (Emoji),9.6,0.3,10,1000000,No,Yes,Yes,USD
11648,Facebook - Comments || Custom || No Refill || Slow,Facebook,Comments,Facebook - Comments,448.0,14.0,25,50000,No,No,No,USD
12247,Facebook - Custom Comment || English Name || No Drop,Facebook,Comments,Facebook - Comments,1020.0,31.875,5,2000,No,No,Yes,USD
12248,Facebook - Custom Comment || Asia 🌏 || No Drop,Facebook,Comments,Facebook - Comments,1224.0,38.25,5,1000,No,No,No,USD
12249,Facebook - Comment || Russia 🇷🇺 || No Drop,Facebook,Comments,Facebook - Comments,1224.0,38.25,1,100,No,No,No,USD
11589,Facebook - Group Members || Non Drop || 30 Days Refill,Facebook,Followers/Subscribers,Facebook - GROUP MEMBERS,30.672,0.9585,50,100000,No,No,Yes,USD
12260,Facebook - Group Member || Real || No Drop || 90 Days Refill,Facebook,Followers/Subscribers,Facebook - GROUP MEMBERS,54.4,1.7,100,10000,No,No,Yes,USD
12412,Facebook - Story Views || 1K/Hour || 0-5min,Facebook,Views/Plays,Facebook - Story Views,55.7632,1.7426,100,20000,No,No,Yes,USD
12413,Facebook - Story Views || 5K-10K/Hour || 0-5min,Facebook,Views/Plays,Facebook - Story Views,55.7632,1.7426,100,20000,No,No,Yes,USD
12414,Facebook - Story Views || 50K-100K/Hour || 0-5min,Facebook,Views/Plays,Facebook - Story Views,55.6416,1.7388,100,20000,No,No,Yes,USD
11883,Facebook - Reel Plays || 1K-20K/Day || Start: 0-1h || Lifetime,Facebook,Views/Plays,Facebook - Video/Reel Views + Plays,5.12,0.16,100,50000000,No,No,Yes,USD
11890,Facebook - Reel Plays || 100K-500K/Day || Start: 0-5 Min || Lifetime,Facebook,Views/Plays,Facebook - Video/Reel Views + Plays,7.68,0.24,100,10000000,No,No,Yes,USD
12405,Facebook - Video Plays || 1M-2M/Day || Start: 0-2 Min || Lifetime,Facebook,Views/Plays,Facebook - Video/Reel Views + Plays,8.64,0.27,100,20000000,No,No,Yes,USD
12263,Facebook - Video Plays || 100K-500K/Day || 0-5 Minutes Start || Lifetime,Facebook,Views/Plays,Facebook - Video/Reel Views + Plays,7.68,0.24,100,10000000,No,No,Yes,USD
12410,Facebook - Video Views + Plays || 0-30 Minutes || 1K-5K/Day || Lifetime,Facebook,Views/Plays,Facebook - Video/Reel Views + Plays,3.36,0.105,100,10000000,No,No,Yes,USD
12411,Facebook - Video Views + Plays || 0-30 Minutes || 10K-20K/Day || Lifetime,Facebook,Views/Plays,Facebook - Video/Reel Views + Plays,5.76,0.18,100,10000000,No,No,Yes,USD
10904,Facebook - Views + Plays || 0-1 Hour || 100K/Day || 3 Sec Retention || Lifetime,Facebook,Views/Plays,Facebook - Video/Reel Views + Plays,12.0,0.375,100,10000000,No,No,Yes,USD
11885,Facebook - Views + Plays || 0-1 Hour || 100K/Day || 10 Sec Retention || Lifetime,Facebook,Views/Plays,Facebook - Video/Reel Views + Plays,13.12,0.41,100,10000000,No,No,Yes,USD
12264,Facebook - Views + Plays || 0-1 Hour || 100K/Day || 15 Sec Retention || Lifetime,Facebook,Views/Plays,Facebook - Video/Reel Views + Plays,13.44,0.42,500,10000000,No,Yes,Yes,USD
12265,Facebook - Views + Plays || 0-1 Hour || 100K/Day || 30 Sec Retention || Lifetime,Facebook,Views/Plays,Facebook - Video/Reel Views + Plays,15.68,0.49,500,10000000,No,Yes,Yes,USD
12266,Facebook - Views + Plays || 0-1 Hour || 100K/Day || 1 Min Retention || Lifetime,Facebook,Views/Plays,Facebook - Video/Reel Views + Plays,18.24,0.57,500,10000000,No,Yes,Yes,USD
12267,Facebook - Views + Plays || 0-1 Hour || 100K/Day || 3 Min Retention || Lifetime,Facebook,Views/Plays,Facebook - Video/Reel Views + Plays,35.52,1.11,500,10000000,No,Yes,Yes,USD
12268,Facebook - Views + Plays || 0-1 Hour || 100K/Day || 6 Min Retention || Lifetime,Facebook,Views/Plays,Facebook - Video/Reel Views + Plays,48.0,1.5,500,10000000,No,Yes,Yes,USD
12269,Facebook - Views + Plays || 0-1 Hour || 100K/Day || 10 Min Retention || Lifetime,Facebook,Views/Plays,Facebook - Video/Reel Views + Plays,72.0,2.25,500,10000000,No,Yes,Yes,USD
12882,Facebook - Shares || 30 Day Refill || Cheapest,Facebook,Shares,Facebook - Watchtime - Shares,2.992,0.0935,100,1000000,No,No,Yes,USD
12273,Facebook - Live Stream Views || Max 30K || 15 Minutes,Facebook,Live Stream Viewers,Facebook - Live Stream Views,43.7312,1.3666,20,1000,No,No,Yes,USD
5399,Facebook - Live Stream Views || Max 30K || 30 Minutes,Facebook,Live Stream Viewers,Facebook - Live Stream Views,87.0912,2.7216,20,1000,No,No,Yes,USD
12274,Facebook - Live Stream Views || Max 30K || 60 Minutes || 1 Hour,Facebook,Live Stream Viewers,Facebook - Live Stream Views,176.5312,5.5166,20,1000,No,No,Yes,USD
3684,Facebook - Live Stream Views || Max 30K || 90 Minutes,Facebook,Live Stream Viewers,Facebook - Live Stream Views,261.2672,8.1646,20,1000,No,No,Yes,USD
12275,Facebook - Live Stream Views || Max 30K || 120 Minutes || 2 Hours,Facebook,Live Stream Viewers,Facebook - Live Stream Views,353.0592,11.0331,20,1000,No,No,Yes,USD
12276,Facebook - Live Stream Views || Max 30K || 150 Minutes,Facebook,Live Stream Viewers,Facebook - Live Stream Views,435.4432,13.6076,20,1000,No,No,Yes,USD
12277,Facebook - Live Stream Views || Max 30K || 180 Minutes || 3 Hours,Facebook,Live Stream Viewers,Facebook - Live Stream Views,529.5904,16.5497,20,1000,No,No,Yes,USD
12278,Facebook - Live Stream Views || Max 30K || 210 Minutes,Facebook,Live Stream Viewers,Facebook - Live Stream Views,609.6192,19.0506,20,1000,No,No,Yes,USD
12279,Facebook - Live Stream Views || Max 30K || 240 Minutes || 4 Hours,Facebook,Live Stream Viewers,Facebook - Live Stream Views,706.1184,22.0662,20,1000,No,No,Yes,USD
12280,Facebook - Live Stream Views || Max 30K || 270 Minutes,Facebook,Live Stream Viewers,Facebook - Live Stream Views,783.7952,24.4936,20,1000,No,No,Yes,USD
12281,Facebook - Live Stream Views || Max 30K || 300 Minutes || 5 Hours,Facebook,Live Stream Viewers,Facebook - Live Stream Views,882.6496,27.5828,20,1000,No,No,Yes,USD
4052,Facebook - Page Like || JAPAN 🇯🇵 || REAL || Refill 30 Days || ⭐,Facebook,Likes/Reactions,Facebook - Targeted JAPAN 🇯🇵,598.4,18.7,10,1000,No,No,Yes,USD
4054,Facebook - Post Like || JAPAN 🇯🇵 || REAL || Refill 30 Days || ⭐,Facebook,Likes/Reactions,Facebook - Targeted JAPAN 🇯🇵,332.8,10.4,10,1000,No,No,Yes,USD
4053,Facebook - Post Comment || JAPAN 🇯🇵 || REAL || Refill 30 Days || ⭐,Facebook,Comments,Facebook - Targeted JAPAN 🇯🇵,1664.0,52.0,1,1000,No,No,No,USD
266,Facebook - Page Like || Japan 🇯🇵 || 30 Day Refill,Facebook,Likes/Reactions,Facebook - Targeted JAPAN 🇯🇵,552.96,17.28,50,10000,No,No,No,USD
11998,Facebook - Post Like || Japan 🇯🇵 || Cheap,Facebook,Likes/Reactions,Facebook - Targeted JAPAN 🇯🇵,244.8,7.65,10,300,No,No,Yes,USD
267,Facebook - Follower || Page/Profile || Japan 🇯🇵 || 30 Day Refill,Facebook,Followers/Subscribers,Facebook - Targeted JAPAN 🇯🇵,552.96,17.28,50,10000,No,No,Yes,USD
12000,Facebook - Follower || Page/Profile || Japan 🇯🇵 || Cheap,Facebook,Followers/Subscribers,Facebook - Targeted JAPAN 🇯🇵,285.6,8.925,25,10000,No,No,Yes,USD
269,Facebook - Post Like || Japan 🇯🇵 || 30 Day Refill,Facebook,Likes/Reactions,Facebook - Targeted JAPAN 🇯🇵,241.92,7.56,50,10000,No,No,No,USD
11999,Facebook - Page Likes || Page/Profile || Japan 🇯🇵 || Cheap,Facebook,Likes/Reactions,Facebook - Targeted JAPAN 🇯🇵,285.6,8.925,25,10000,No,No,Yes,USD
12001,Facebook - Post Comment || Page/Profile || Japan 🇯🇵 || Cheap,Facebook,Comments,Facebook - Targeted JAPAN 🇯🇵,285.6,8.925,25,1000,No,No,No,USD
12262,Facebook - Post/Photo Likes or Page Followers || Japan 🇯🇵 || 30 Days Refill || Cheap,Facebook,Followers/Subscribers,Facebook - Targeted JAPAN 🇯🇵,122.4,3.825,20,200,No,No,Yes,USD
39,Facebook - Post Likes || China 🇨🇳 || 365 Days Refill,Facebook,Likes/Reactions,Facebook - Targeted CHINA 🇨🇳 HONG KONG 🇭🇰 TAIWAN 🇹🇼,400.0,12.5,10,10000,No,No,Yes,USD
11633,Facebook - Post Likes || Taiwan 🇹🇼  || No Drop 365 Days,Facebook,Likes/Reactions,Facebook - Targeted CHINA 🇨🇳 HONG KONG 🇭🇰 TAIWAN 🇹🇼,285.6,8.925,25,1000,No,No,Yes,USD
5155,Facebook - Profile follower || Taiwan 🇹🇼 || No Drop 365 Days,Facebook,Followers/Subscribers,Facebook - Targeted CHINA 🇨🇳 HONG KONG 🇭🇰 TAIWAN 🇹🇼,285.6,8.925,10,1000,No,No,Yes,USD
37,Facebook - Page Likes + Followers || China 🇨🇳 || 365 Days Refill,Facebook,Followers/Subscribers,Facebook - Targeted CHINA 🇨🇳 HONG KONG 🇭🇰 TAIWAN 🇹🇼,672.0,21.0,10,50000,No,No,Yes,USD
11990,Facebook - Page Likes || Taiwan 🇹🇼 || No Drop 365 Days,Facebook,Likes/Reactions,Facebook - Targeted CHINA 🇨🇳 HONG KONG 🇭🇰 TAIWAN 🇹🇼,285.6,8.925,5,1000,No,No,Yes,USD
11630,Facebook - Share || TAIWAN 🇹🇼 || No Drop 365 Days,Facebook,Shares,Facebook - Targeted CHINA 🇨🇳 HONG KONG 🇭🇰 TAIWAN 🇹🇼,285.6,8.925,10,350,No,No,Yes,USD
38,Facebook - Comment || China 🇨🇳 || 365 Days Refill,Facebook,Comments,Facebook - Targeted CHINA 🇨🇳 HONG KONG 🇭🇰 TAIWAN 🇹🇼,1664.0,52.0,1,1000,No,No,No,USD
11632,Facebook - Comment || TAIWAN 🇹🇼 || No Drop 365 Days,Facebook,Comments,Facebook - Targeted CHINA 🇨🇳 HONG KONG 🇭🇰 TAIWAN 🇹🇼,1428.0,44.625,10,350,No,No,Yes,USD
11631,Facebook - Group Member  || TAIWAN 🇹🇼 || No Drop 365 Days,Facebook,Followers/Subscribers,Facebook - Targeted CHINA 🇨🇳 HONG KONG 🇭🇰 TAIWAN 🇹🇼,285.6,8.925,10,350,No,No,Yes,USD
11623,Facebook - Post Reaction || TAIWAN 🇹🇼 || No Drop 365 Days || LOVE ❤️,Facebook,Likes/Reactions,Facebook - Targeted CHINA 🇨🇳 HONG KONG 🇭🇰 TAIWAN 🇹🇼,285.6,8.925,25,350,No,No,Yes,USD
11625,Facebook - Post Reaction || TAIWAN 🇹🇼 || No Drop 365 Days || WOW 😮,Facebook,Likes/Reactions,Facebook - Targeted CHINA 🇨🇳 HONG KONG 🇭🇰 TAIWAN 🇹🇼,285.6,8.925,10,350,No,No,Yes,USD
11626,Facebook - Post Reaction || TAIWAN 🇹🇼 || No Drop 365 Days || HAHA 😂,Facebook,Likes/Reactions,Facebook - Targeted CHINA 🇨🇳 HONG KONG 🇭🇰 TAIWAN 🇹🇼,285.6,8.925,10,350,No,No,Yes,USD
11627,Facebook - Post Reaction || TAIWAN 🇹🇼 || No Drop 365 Days || SAD 😢,Facebook,Likes/Reactions,Facebook - Targeted CHINA 🇨🇳 HONG KONG 🇭🇰 TAIWAN 🇹🇼,285.6,8.925,10,350,No,No,Yes,USD
11628,Facebook - Post Reaction || TAIWAN 🇹🇼 || No Drop 365 Days || ANGRY 😡,Facebook,Likes/Reactions,Facebook - Targeted CHINA 🇨🇳 HONG KONG 🇭🇰 TAIWAN 🇹🇼,285.6,8.925,10,350,No,No,Yes,USD
11629,Facebook - Post Reaction || TAIWAN 🇹🇼 || No Drop 365 Days || CARE 🥰,Facebook,Likes/Reactions,Facebook - Targeted CHINA 🇨🇳 HONG KONG 🇭🇰 TAIWAN 🇹🇼,285.6,8.925,10,350,No,No,Yes,USD
11622,Facebook - Profile Followers || TAIWAN 🇹🇼 || No Drop 365D || 0-24 H,Facebook,Followers/Subscribers,Facebook - Targeted CHINA 🇨🇳 HONG KONG 🇭🇰 TAIWAN 🇹🇼,360.0,11.25,10,1000,No,No,No,USD
11621,Facebook - Page Likes || TAIWAN 🇹🇼 || 30 Days Refill || 0-12 H,Facebook,Likes/Reactions,Facebook - Targeted CHINA 🇨🇳 HONG KONG 🇭🇰 TAIWAN 🇹🇼,403.2,12.6,5,1000,No,No,No,USD
11624,Facebook - Post Likes || TAIWAN 🇹🇼 || 30 Days Refill || 0-12 H,Facebook,Likes/Reactions,Facebook - Targeted CHINA 🇨🇳 HONG KONG 🇭🇰 TAIWAN 🇹🇼,403.2,12.6,25,1000,No,No,No,USD
5200,Facebook - Follower || Korea 🇰🇷 || No Drop || 30 Days Refill || Profile/Page,Facebook,Followers/Subscribers,Facebook - Targeted KOREA 🇰🇷,285.6,8.925,25,1000,No,No,Yes,USD
5191,Facebook - Post Likes || Korea 🇰🇷 || No Drop || 30 Days Refill,Facebook,Likes/Reactions,Facebook - Targeted KOREA 🇰🇷,285.6,8.925,10,150,No,No,Yes,USD
5199,Facebook - Page Likes || Korea 🇰🇷 || No Drop || 30 Days Refill,Facebook,Likes/Reactions,Facebook - Targeted KOREA 🇰🇷,285.6,8.925,10,1000,No,No,Yes,USD
5192,Facebook - Post Comments || South Korea 🇰🇷 || No Drop || 30 Days Refill || Random,Facebook,Comments,Facebook - Targeted KOREA 🇰🇷,408.0,12.75,1,150,No,No,Yes,USD
5193,Facebook - Post Comments || South Korea 🇰🇷 || No Drop || 30 Days Refill || Custom,Facebook,Comments,Facebook - Targeted KOREA 🇰🇷,408.0,12.75,1,150,No,No,No,USD
5202,Facebook - Post Share || South Korea 🇰🇷 || 30 Days Refill,Facebook,Shares,Facebook - Targeted KOREA 🇰🇷,285.6,8.925,10,150,No,No,Yes,USD
5194,Facebook - Post Reaction || South Korea 🇰🇷 || 30 Days Refill || LOVE ❤️,Facebook,Likes/Reactions,Facebook - Targeted KOREA 🇰🇷,285.6,8.925,10,150,No,No,Yes,USD
5195,Facebook - Post Reaction || South Korea 🇰🇷 || 30 Days Refill || CARE 🥰,Facebook,Likes/Reactions,Facebook - Targeted KOREA 🇰🇷,285.6,8.925,10,150,No,No,Yes,USD
5196,Facebook - Post Reaction || South Korea 🇰🇷 || 30 Days Refill || WOW 😮,Facebook,Likes/Reactions,Facebook - Targeted KOREA 🇰🇷,285.6,8.925,10,150,No,No,Yes,USD
5197,Facebook - Post Reaction || South Korea 🇰🇷 || 30 Days Refill || HAHA 😂,Facebook,Likes/Reactions,Facebook - Targeted KOREA 🇰🇷,285.6,8.925,10,150,No,No,Yes,USD
5198,Facebook - Post Reaction || South Korea 🇰🇷 || 30 Days Refill || ANGRY 😡,Facebook,Likes/Reactions,Facebook - Targeted KOREA 🇰🇷,285.6,8.925,10,150,No,No,Yes,USD
12032,Facebook - Page Review || Korea 🇰🇷 || Refill 30 Days,Facebook,Views/Plays,Facebook - Targeted KOREA 🇰🇷,285.6,8.925,10,150,No,No,Yes,USD
12033,Facebook - Friend Request || Korea 🇰🇷 || Refill 30 Days,Facebook,Other,Facebook - Targeted KOREA 🇰🇷,285.6,8.925,10,150,No,No,Yes,USD
12034,Facebook - Group Member || Korea 🇰🇷 || Refill 30 Days,Facebook,Followers/Subscribers,Facebook - Targeted KOREA 🇰🇷,285.6,8.925,10,150,No,No,Yes,USD
11986,Facebook - Post Likes/Page Followers || Singapore 🇸🇬 || 30 Days Refill,Facebook,Followers/Subscribers,Facebook - Targeted SINGAPORE 🇸🇬,122.4,3.825,50,200,No,No,Yes,USD
617,Facebook - Comments || Thailand/Vietnam Mix 🇹🇭🇻🇳 || Random || Instant Start,Facebook,Comments,Facebook - Targeted THAILAND 🇹🇭,2400.0,75.0,10,250,No,No,Yes,USD
204,DELETED,Facebook,Other,Facebook - Targeted USA 🇺🇸,345.6,10.8,20,10000,No,No,Yes,USD
4322,Facebook - Post Likes || USA 🇺🇸 || 30 Days Refill,Facebook,Likes/Reactions,Facebook - Targeted USA 🇺🇸,285.6,8.925,10,6000,No,No,Yes,USD
205,Facebook - Followers || USA 🇺🇸 || 30 Days Refill,Facebook,Followers/Subscribers,Facebook - Targeted USA 🇺🇸,345.6,10.8,50,10000,No,No,No,USD
4323,Facebook - Post Likes || USA 🇺🇸 || 30 Days Refill || MALE 👨‍🦰,Facebook,Likes/Reactions,Facebook - Targeted USA 🇺🇸,285.6,8.925,10,3000,No,No,Yes,USD
207,Facebook - Post Likes || USA 🇺🇸 || 30 Days Refill,Facebook,Likes/Reactions,Facebook - Targeted USA 🇺🇸,172.8,5.4,50,10000,No,No,No,USD
4324,Facebook - Post Likes || USA 🇺🇸 || 30 Days Refill || FEMALE 👩,Facebook,Likes/Reactions,Facebook - Targeted USA 🇺🇸,285.6,8.925,10,3000,No,No,Yes,USD
12017,Facebook - Post Likes || USA 🇺🇸 ||  30 Days Refill || Afro-American,Facebook,Likes/Reactions,Facebook - Targeted USA 🇺🇸,285.6,8.925,10,500,Yes,No,Yes,USD
12014,Facebook - Page Likes || USA 🇺🇸 || 60 Days Refill,Facebook,Likes/Reactions,Facebook - Targeted USA 🇺🇸,285.6,8.925,10,10000,Yes,No,Yes,USD
4319,Facebook - Page Likes || USA 🇺🇸 || No Drop 365 Days || FEMALE 👩,Facebook,Likes/Reactions,Facebook - Targeted USA 🇺🇸,285.6,8.925,10,5000,No,No,Yes,USD
12016,Facebook- Page Likes || USA 🇺🇸 || 60 Days Refill || Afro-American,Facebook,Likes/Reactions,Facebook - Targeted USA 🇺🇸,285.6,8.925,10,500,Yes,No,Yes,USD
12015,Facebook  - Followers || USA 🇺🇸 || 60 Days Refill,Facebook,Followers/Subscribers,Facebook - Targeted USA 🇺🇸,285.6,8.925,10,5000,Yes,No,Yes,USD
4331,Facebook - Followers || USA 🇺🇸 || No Drop 365 Days || Profile/Page || FEMALE 👩,Facebook,Followers/Subscribers,Facebook - Targeted USA 🇺🇸,285.6,8.925,10,5000,No,No,Yes,USD
4326,Facebook - Post Reaction || USA 🇺🇸 || 30 Days Refill || HAHA 😂,Facebook,Likes/Reactions,Facebook - Targeted USA 🇺🇸,285.6,8.925,10,500,No,No,Yes,USD
4327,Facebook - Post Reaction || USA 🇺🇸 || 30 Days Refill  || WOW 😮,Facebook,Likes/Reactions,Facebook - Targeted USA 🇺🇸,285.6,8.925,10,3000,No,No,Yes,USD
12018,Facebook - Post Reaction || USA 🇺🇸 || 30 Days Refill || Love ❤️,Facebook,Likes/Reactions,Facebook - Targeted USA 🇺🇸,285.6,8.925,10,3000,Yes,No,Yes,USD
12019,Facebook - Post Reaction || USA 🇺🇸 || 30 Days Refill || Angry 😡,Facebook,Likes/Reactions,Facebook - Targeted USA 🇺🇸,285.6,8.925,10,3000,Yes,No,Yes,USD
12020,Facebook - Post Reaction || USA 🇺🇸 || 30 Days Refill || Care 🥰,Facebook,Likes/Reactions,Facebook - Targeted USA 🇺🇸,285.6,8.925,10,3000,Yes,No,Yes,USD
12021,Facebook - Post Reaction || USA 🇺🇸 || 30 Days Refill || SAD 🥲,Facebook,Likes/Reactions,Facebook - Targeted USA 🇺🇸,285.6,8.925,10,3000,Yes,No,Yes,USD
12026,Facebook - Custom Comment || USA 🇺🇸 || No Drop,Facebook,Comments,Facebook - Targeted USA 🇺🇸,2856.0,89.25,1,1000,No,No,Yes,USD
12027,Facebook - Custom Comment || USA 🇺🇸 || No Drop || MALE 👨‍🦰,Facebook,Comments,Facebook - Targeted USA 🇺🇸,2856.0,89.25,1,3000,No,No,No,USD
12028,Facebook - Custom Comment || USA 🇺🇸 || No Drop || FEMALE 👩,Facebook,Comments,Facebook - Targeted USA 🇺🇸,2856.0,89.25,1,2000,No,No,No,USD
10438,Facebook - Post Likes || USA 🇺🇸 || 30 Days Refill,Facebook,Likes/Reactions,Facebook - Targeted USA 🇺🇸,360.0,11.25,10,3000,No,No,No,USD
11008,Facebook - Post Likes || USA 🇺🇸 || FEMALE || 30 Days Refill,Facebook,Likes/Reactions,Facebook - Targeted USA 🇺🇸,360.0,11.25,10,3000,No,No,No,USD
12123,Facebook - Page Likes || Canada 🇨🇦 || No Drop || 60 Days Refill,Facebook,Likes/Reactions,Facebook - Targeted CANADA 🇨🇦,285.6,8.925,10,5000,Yes,No,Yes,USD
12124,Facebook - Custom Comment || Canada 🇨🇦 || Non Drop,Facebook,Comments,Facebook - Targeted CANADA 🇨🇦,2448.0,76.5,5,50,No,No,Yes,USD
12125,Facebook - Page Review || Canada 🇨🇦 || Non Drop,Facebook,Views/Plays,Facebook - Targeted CANADA 🇨🇦,1428.0,44.625,5,50,No,No,Yes,USD
12094,Facebook - Page Likes || UK 🇬🇧 || No Drop || 60 Days Refill,Facebook,Likes/Reactions,Facebook - Targeted UK 🇬🇧,285.6,8.925,10,5000,Yes,No,Yes,USD
12095,Facebook - Post Likes || UK 🇬🇧 || Non Drop || 365 Days Refill,Facebook,Likes/Reactions,Facebook - Targeted UK 🇬🇧,285.6,8.925,10,500,Yes,No,Yes,USD
12098,Facebook - Custom Comment || UK 🇬🇧 || Non Drop,Facebook,Comments,Facebook - Targeted UK 🇬🇧,2856.0,89.25,1,200,No,No,Yes,USD
12099,Facebook - Page Review || UK 🇬🇧 || Non Drop,Facebook,Views/Plays,Facebook - Targeted UK 🇬🇧,1428.0,44.625,3,100,No,No,Yes,USD
12100,Facebook - Followers || UK 🇬🇧 || Non Drop || Profile/Page,Facebook,Followers/Subscribers,Facebook - Targeted UK 🇬🇧,285.6,8.925,10,10000,Yes,No,Yes,USD
12096,Facebook - Post Likes || CAN/UK/US 🇨🇦🇬🇧🇺🇸 || Non Drop,Facebook,Likes/Reactions,Facebook - Targeted UK 🇬🇧,285.6,8.925,5,5000,Yes,No,Yes,USD
12097,Facebook - Page Likes || US/UK/CAN 🇺🇸🇬🇧🇨🇦 || Real || Non Drop,Facebook,Likes/Reactions,Facebook - Targeted UK 🇬🇧,285.6,8.925,10,10000,No,No,Yes,USD
12036,Facebook - Page Likes || EU 🇪🇺 || No Drop 365 Days,Facebook,Likes/Reactions,Facebook - Targeted EUROPE 🇪🇺,285.6,8.925,10,8000,Yes,No,Yes,USD
12037,Facebook - Post Likes || EU 🇪🇺 || No Drop 365 Days || Page/Profile,Facebook,Likes/Reactions,Facebook - Targeted EUROPE 🇪🇺,285.6,8.925,25,2000,Yes,No,Yes,USD
12038,Facebook - Post Reaction || EU 🇪🇺 || No Drop || 30 Days Refill || Page/Profile || CARE 🥰,Facebook,Likes/Reactions,Facebook - Targeted EUROPE 🇪🇺,285.6,8.925,10,1000,Yes,No,Yes,USD
12039,Facebook - Post Reaction || EU 🇪🇺 || No Drop || 30 Days Refill || Page/Profile || WOW 😲,Facebook,Likes/Reactions,Facebook - Targeted EUROPE 🇪🇺,285.6,8.925,10,1000,Yes,No,Yes,USD
12040,Facebook - Post Reaction || EU 🇪🇺 || No Drop || 30 Days Refill || Page/Profile || ANGRY 😡,Facebook,Likes/Reactions,Facebook - Targeted EUROPE 🇪🇺,285.6,8.925,10,1000,Yes,No,Yes,USD
12041,Facebook - Post Reaction || EU 🇪🇺 || No Drop || 30 Days Refill || Page/Profile || HAHA 😂,Facebook,Likes/Reactions,Facebook - Targeted EUROPE 🇪🇺,285.6,8.925,10,1000,Yes,No,Yes,USD
12042,Facebook - Post Reaction || EU 🇪🇺 || No Drop || 30 Days Refill || Page/Profile || LOVE ❤️,Facebook,Likes/Reactions,Facebook - Targeted EUROPE 🇪🇺,285.6,8.925,10,1000,Yes,No,Yes,USD
12045,Facebook - Share || European 🇪🇺 || No Drop || 30 Days Refill,Facebook,Shares,Facebook - Targeted EUROPE 🇪🇺,285.6,8.925,5,5000,No,No,Yes,USD
12044,Facebook - Group Member || European 🇪🇺 || No Drop || 30 Days Refill,Facebook,Followers/Subscribers,Facebook - Targeted EUROPE 🇪🇺,244.8,7.65,10,3000,No,No,Yes,USD
12043,Facebook - Profile Followers || European 🇪🇺 || 30 Days Refill,Facebook,Followers/Subscribers,Facebook - Targeted EUROPE 🇪🇺,285.6,8.925,10,10000,No,No,Yes,USD
3676,Facebook - Post Likes || EU+Asia 🌍 || No Drop || 30 Days Refill,Facebook,Likes/Reactions,Facebook - Targeted EUROPE 🇪🇺,163.2,5.1,25,10000,No,No,Yes,USD
5386,Facebook - Follower || ITALY 🇮🇹 || No Drop || 60 Days Refill || Profile/Page,Facebook,Followers/Subscribers,Facebook - Targeted ITALY 🇮🇹,285.6,8.925,10,1000,No,No,Yes,USD
12002,Facebook - Post Likes || ITALY 🇮🇹 || No Drop || 60 Days Refill || Profile/Page,Facebook,Likes/Reactions,Facebook - Targeted ITALY 🇮🇹,285.6,8.925,10,1000,No,No,Yes,USD
4345,Facebook - Post Likes || ITALY 🇮🇹 || No Drop,Facebook,Likes/Reactions,Facebook - Targeted ITALY 🇮🇹,403.2,12.6,10,1000,No,No,No,USD
5385,Facebook - Page Likes || ITALY 🇮🇹 || No Drop || 60 Days Refill,Facebook,Likes/Reactions,Facebook - Targeted ITALY 🇮🇹,285.6,8.925,10,1000,No,No,Yes,USD
12837,Facebook - Page Likes || ITALY 🇮🇹 || No Drop,Facebook,Likes/Reactions,Facebook - Targeted ITALY 🇮🇹,403.2,12.6,10,1000,No,No,No,USD
12003,Facebook - Post Reaction || ITALY 🇮🇹 || 60 Days Refill || Profile/Page || LOVE ❤️,Facebook,Likes/Reactions,Facebook - Targeted ITALY 🇮🇹,285.6,8.925,10,500,No,No,Yes,USD
12004,Facebook - Post Reaction || ITALY 🇮🇹 || 60 Days Refill || Profile/Page || WOW 😮,Facebook,Likes/Reactions,Facebook - Targeted ITALY 🇮🇹,285.6,8.925,10,500,No,No,Yes,USD
12005,Facebook - Post Reaction || ITALY 🇮🇹 || 60 Days Refill || Profile/Page || ANGRY 😡,Facebook,Likes/Reactions,Facebook - Targeted ITALY 🇮🇹,285.6,8.925,10,500,No,No,Yes,USD
12006,Facebook - Post Reaction || ITALY 🇮🇹 || 60 Days Refill || Profile/Page || CARE 🥰,Facebook,Likes/Reactions,Facebook - Targeted ITALY 🇮🇹,285.6,8.925,10,500,No,No,Yes,USD
12007,Facebook - Post Reaction || ITALY 🇮🇹 || 60 Days Refill || Profile/Page || HAHA 😂,Facebook,Likes/Reactions,Facebook - Targeted ITALY 🇮🇹,285.6,8.925,10,500,No,No,Yes,USD
12008,Facebook - Group Member || ITALY 🇮🇹 || No Drop || 60 Days Refill,Facebook,Followers/Subscribers,Facebook - Targeted ITALY 🇮🇹,285.6,8.925,10,1000,No,No,Yes,USD
12009,Facebook - Comment || ITALY 🇮🇹 || No Drop || 60 Days Refill,Facebook,Comments,Facebook - Targeted ITALY 🇮🇹,1428.0,44.625,1,500,No,No,Yes,USD
12010,Facebook - Comment || ITALY 🇮🇹 || No Drop || 60 Days Refill,Facebook,Comments,Facebook - Targeted ITALY 🇮🇹,1428.0,44.625,1,500,No,No,No,USD
12047,Facebook - Post Likes || Spain 🇪🇸 || Non Drop || 30 Days Refill || Page/Profile,Facebook,Likes/Reactions,Facebook - Targeted SPAIN 🇪🇸,285.6,8.925,25,500,Yes,No,Yes,USD
12049,Facebook - Post/Photo Likes or Page Followers || Spain 🇪🇸 || Refill 30 Days,Facebook,Followers/Subscribers,Facebook - Targeted SPAIN 🇪🇸,122.4,3.825,20,200,No,No,Yes,USD
12048,Facebook - Comment || Spain 🇪🇸 || Non Drop || 30 Days Refill,Facebook,Comments,Facebook - Targeted SPAIN 🇪🇸,1428.0,44.625,1,50,No,No,No,USD
12083,Facebook - Page Likes || France 🇫🇷 || No Drop || 60 Days Refill,Facebook,Likes/Reactions,Facebook - Targeted FRANCE 🇫🇷,285.6,8.925,10,1000,Yes,No,Yes,USD
12084,Facebook - Post Likes || France 🇫🇷 || Non Drop || 365 Days Refill,Facebook,Likes/Reactions,Facebook - Targeted FRANCE 🇫🇷,285.6,8.925,10,500,No,No,Yes,USD
12085,Facebook - Post Reaction || France 🇫🇷 || No Drop || 30 Days Refill || LOVE ❤️,Facebook,Likes/Reactions,Facebook - Targeted FRANCE 🇫🇷,285.6,8.925,10,500,Yes,No,Yes,USD
12086,Facebook - Post Reaction || France 🇫🇷 || No Drop || 30 Days Refill || HAHA 😂,Facebook,Likes/Reactions,Facebook - Targeted FRANCE 🇫🇷,285.6,8.925,10,500,Yes,No,Yes,USD
12087,Facebook - Post Reaction || France 🇫🇷 || No Drop || 30 Days Refill || CARE 🥰,Facebook,Likes/Reactions,Facebook - Targeted FRANCE 🇫🇷,285.6,8.925,10,500,Yes,No,Yes,USD
12088,Facebook - Post Reaction || France 🇫🇷 || No Drop || 30 Days Refill || ANGRY 😡,Facebook,Likes/Reactions,Facebook - Targeted FRANCE 🇫🇷,285.6,8.925,10,500,Yes,No,Yes,USD
12089,Facebook - Post Reaction || France 🇫🇷 || No Drop || 30 Days Refill || WOW 😲,Facebook,Likes/Reactions,Facebook - Targeted FRANCE 🇫🇷,285.6,8.925,10,500,Yes,No,Yes,USD
12050,Facebook - Post Likes || Germany 🇩🇪 || No Drop || 30 Days Refill || Page/Profile,Facebook,Likes/Reactions,Facebook - Targeted GERMANY 🇩🇪,285.6,8.925,10,500,No,No,Yes,USD
12052,Facebook - Post Likes || Germany 🇩🇪 || No Drop || 30 Days Refill || Female 👩,Facebook,Likes/Reactions,Facebook - Targeted GERMANY 🇩🇪,285.6,8.925,10,500,Yes,No,Yes,USD
12051,Facebook - Post Likes || Germany 🇩🇪 || No Drop || 30 Days Refill || Male 👨‍🦰,Facebook,Likes/Reactions,Facebook - Targeted GERMANY 🇩🇪,285.6,8.925,10,500,Yes,No,Yes,USD
12053,Facebook - Page Likes || Germany 🇩🇪 || No Drop || 30 Days Refill,Facebook,Likes/Reactions,Facebook - Targeted GERMANY 🇩🇪,285.6,8.925,10,1000,No,No,Yes,USD
12054,Facebook - Post Reaction || Germany 🇩🇪 || 30 Days Refill || Page/Profile || Love ❤️,Facebook,Likes/Reactions,Facebook - Targeted GERMANY 🇩🇪,285.6,8.925,10,500,Yes,No,Yes,USD
12055,Facebook - Post Reaction || Germany 🇩🇪 || 30 Days Refill || Page/Profile || WOW 😲,Facebook,Likes/Reactions,Facebook - Targeted GERMANY 🇩🇪,285.6,8.925,10,500,Yes,No,Yes,USD
12056,Facebook - Post Reaction || Germany 🇩🇪 || 30 Days Refill || Page/Profile || CARE 🥰,Facebook,Likes/Reactions,Facebook - Targeted GERMANY 🇩🇪,285.6,8.925,10,500,Yes,No,Yes,USD
12057,Facebook - Post Reaction || Germany 🇩🇪 || 30 Days Refill || Page/Profile || ANGRY 😡,Facebook,Likes/Reactions,Facebook - Targeted GERMANY 🇩🇪,285.6,8.925,10,500,Yes,No,Yes,USD
12058,Facebook - Post Reaction || Germany 🇩🇪 || 30 Days Refill || Page/Profile || HAHA 😂,Facebook,Likes/Reactions,Facebook - Targeted GERMANY 🇩🇪,285.6,8.925,10,500,Yes,No,Yes,USD
12059,Facebook - Followers || Germany 🇩🇪 || No Drop || 30 Days Refill || Profile/Page,Facebook,Followers/Subscribers,Facebook - Targeted GERMANY 🇩🇪,285.6,8.925,10,10000,Yes,No,Yes,USD
12060,Facebook - Group Member || Germany 🇩🇪 || No Drop || 30 Days Refill,Facebook,Followers/Subscribers,Facebook - Targeted GERMANY 🇩🇪,285.6,8.925,10,10000,No,No,Yes,USD
12061,Facebook - Custom Comment || Germany 🇩🇪 || No Drop || 30 Days Refill,Facebook,Comments,Facebook - Targeted GERMANY 🇩🇪,1428.0,44.625,1,1000,No,No,No,USD
12062,Facebook - Page Review || Germany 🇩🇪 || No Drop || 30 Days Refill,Facebook,Views/Plays,Facebook - Targeted GERMANY 🇩🇪,1428.0,44.625,1,500,No,No,No,USD
12063,Facebook - Share || Germany 🇩🇪 || No Drop || 30 Days Refill,Facebook,Shares,Facebook - Targeted GERMANY 🇩🇪,285.6,8.925,5,2000,No,No,Yes,USD
12066,Facebook - Event Interested || Germany 🇩🇪 || 30 Days Refill,Facebook,Other,Facebook - Targeted GERMANY 🇩🇪,285.6,8.925,1,1500,No,No,Yes,USD
12065,Facebook - Event Joint/Confirmed || Germany 🇩🇪 || 30 Days Refill,Facebook,Other,Facebook - Targeted GERMANY 🇩🇪,285.6,8.925,1,1500,No,No,Yes,USD
12127,Facebook - Likes || Bangladesh 🇧🇩 / India 🇮🇳 / Pakistan 🇵🇰 || 30 Days Refill,Facebook,Likes/Reactions,Facebook - Bangladesh 🇧🇩 || India 🇮🇳 || Pakistan 🇵🇰,13.4656,0.4208,100,80000,No,No,Yes,USD
12128,Facebook - Followers || Bangladesh 🇧🇩 || Profile/Page || No Drop || 365 Days Refill,Facebook,Followers/Subscribers,Facebook - Bangladesh 🇧🇩 || India 🇮🇳 || Pakistan 🇵🇰,489.6,15.3,100,100000,Yes,No,Yes,USD
12129,Facebook - Followers || India 🇮🇳 || Profile/Page || No Drop || 365 Days Refill,Facebook,Followers/Subscribers,Facebook - Bangladesh 🇧🇩 || India 🇮🇳 || Pakistan 🇵🇰,8.976,0.2805,10,100000,No,No,Yes,USD
12131,Facebook - Page Followers || Bangladesh 🇧🇩 / India 🇮🇳 / Pakistan 🇵🇰 || 30 Days Refill || Any Type of Page,Facebook,Followers/Subscribers,Facebook - Bangladesh 🇧🇩 || India 🇮🇳 || Pakistan 🇵🇰,57.5296,1.7978,100,35000,No,No,Yes,USD
12132,Facebook - Profile Followers || Bangladesh 🇧🇩 / India 🇮🇳 / Pakistan 🇵🇰 || 30 Days Refill,Facebook,Followers/Subscribers,Facebook - Bangladesh 🇧🇩 || India 🇮🇳 || Pakistan 🇵🇰,10.2016,0.3188,10,100000,No,No,Yes,USD
12340,YouTube - Subscribers || Cheap || FAST || No Refill || Can Drop,YouTube,Followers/Subscribers,Youtube - SUBSCRIBERS,5.12,0.16,10,500000,No,No,Yes,USD
976,Youtube Subscribers || Super Fast || 7 Day Refill,YouTube,Followers/Subscribers,Youtube - SUBSCRIBERS,158.4,4.95,10,500000,No,No,Yes,USD
12342,YouTube - Subscribers || 30 Days Refill  || latest stable,YouTube,Followers/Subscribers,Youtube - SUBSCRIBERS,854.4,26.7,50,5000,No,No,No,USD
11969,Youtube - Subscribers || 30 days Refill || 100-200/day || HQ || No Drop,YouTube,Followers/Subscribers,Youtube - SUBSCRIBERS,792.0,24.75,50,500000,No,No,Yes,USD
12341,YouTube - Subscribers || 30 Days Refill || 3000/Day,YouTube,Followers/Subscribers,Youtube - SUBSCRIBERS,1837.44,57.42,100,100000,No,No,Yes,USD
11968,Youtube - Subscribers || 500/day || HQ || No Drop,YouTube,Followers/Subscribers,Youtube - SUBSCRIBERS,640.0,20.0,1,15000,No,No,No,USD
12343,YouTube - Subscribers || 30 Days Refill  || 300/Day || No Drop,YouTube,Followers/Subscribers,Youtube - SUBSCRIBERS,1275.2,39.85,50,80000,No,No,Yes,USD
10930,YouTube - Subscribers || Lifetime Guaranteed || 1000/Day,YouTube,Followers/Subscribers,Youtube - SUBSCRIBERS,1824.0,57.0,50,500000,No,No,Yes,USD
4876,Youtube - Views || No Drop || 100k/Day || Lifetime Guaranteed || Fast Start,YouTube,Views/Plays,Youtube - Views,31.04,0.97,100,150000,No,No,Yes,USD
10934,YouTube - Views || Native || Direct + External || R365,YouTube,Views/Plays,Youtube - Views,46.864,1.4645,100,10000000,No,No,Yes,USD
12867,YouTube - Views || Native || Direct + External || R365 || Instant,YouTube,Views/Plays,Youtube - Views,45.904,1.4345,100,10000000,No,No,Yes,USD
10936,YouTube - Views || No Drop || 1-2K/Day || Start 0-5 Min || Lifetime Guarantee,YouTube,Views/Plays,Youtube - Views,53.44,1.67,100,1000000,No,No,Yes,USD
9419,YouTube - Views || Drop Possible || 5K/Day || Start: 0-1 Hour || No Guarantee,YouTube,Views/Plays,Youtube - Views,17.92,0.56,200,5000000,No,No,Yes,USD
5414,Youtube - Mix Views + 2% Likes | (Refill: Lifetime) (Max: 100K) (Start Time: 0 - 1 Hour) (Speed: 5K/Day),YouTube,Views/Plays,Youtube - Views,50.4,1.575,100,10000000,No,No,Yes,USD
5413,Youtube - Suggested Views | (Refill: Lifetime) (Max: 50K) (Start Time: 0 - 1 Hour) (Speed: 3K/Day),YouTube,Views/Plays,Youtube - Views,45.92,1.435,100,10000000,No,No,Yes,USD
4875,Youtube - Views | (Suggested Views) (Quantity: 200-1M) (Non Drop) (Start time: 0-1H) (Speed: 10K/Day),YouTube,Views/Plays,Youtube - Views,47.84,1.495,100,1000000,No,No,Yes,USD
690,Youtube - Views | (90 days refill) (Quantity: 1k-10M) (Start time: 0-6H) (Speed:  30K/Day),YouTube,Views/Plays,Youtube - Views,48.16,1.505,100,100000000,No,No,Yes,USD
5418,Youtube - Views | (Stable) (Refill: Lifetime) (Max: 50M) (Start Time: 12 - 24 Hours) (Speed: 500K/Day,YouTube,Views/Plays,Youtube - Views,47.6,1.4875,100,150000,No,No,Yes,USD
4422,Youtube - Views | (Premium Traffic) (90 Days Refill) (Quantity: 1K-10M) (Start time: 0-6H) (Speed: 30K/Day),YouTube,Views/Plays,Youtube - Views,48.16,1.505,100,10000000,No,No,Yes,USD
5415,Youtube - Views | (LIFETIME GUARANTEED) (Max: 10M) (Start Time: 0-4 Hours) (Speed: Up to 5M/Day),YouTube,Views/Plays,Youtube - Views,50.88,1.59,5000,1000000,No,No,Yes,USD
11014,Youtube - Views | (1H - 100K/Day - 10m) (30 Days Refill) (30-60 Sec Retention),YouTube,Views/Plays,Youtube - Views,62.72,1.96,100,10000000,No,No,Yes,USD
4435,Youtube - Views | (Auto-Refill: 30 Days) (1K-1M) (Retention: ~2 Min) (Start time: 0-1H) (Speed: 20K/Day),YouTube,Views/Plays,Youtube - Views,51.84,1.62,100,100000000,No,No,No,USD
4433,Youtube - Views | (NO DROP) (FULL ENGAGEMENT) (FEW LIKES / SUBS / COMMENTS + GOOD EARNING) (Start time: 1-24H) (Speed: 50K/Day),YouTube,Views/Plays,Youtube - Views,53.4688,1.6709,10000,100000000,No,No,Yes,USD
5145,Youtube - Views | (Lifetime) (Speed: 1k-10k/Days) (Suggested views),YouTube,Views/Plays,Youtube - Views,54.816,1.713,100,1000000,No,No,Yes,USD
4432,Youtube - Views | (Real Engagement) (Refill: Lifetime) (Start time: 1H) (Speed: 10k/Day),YouTube,Views/Plays,Youtube - Views,83.52,2.61,100,100000000,No,Yes,Yes,USD
2807,Youtube - Views | (No Drop) (1 - 10 MINS RETENTION) (REAL) (Quantity: 50k-100M) (Start time: 3H) (Speed: 20K-200K/Day),YouTube,Views/Plays,Youtube - Views,102.4,3.2,100,1000000,No,No,Yes,USD
4436,YouTube - Unique Views + Engagement || Google Search || Real &amp; Active || Non Drop || 90D Refill || Monetizable || 50K/Day,YouTube,Views/Plays,Youtube - Views,124.8,3.9,500,500000,No,Yes,Yes,USD
708,YouTube - Unique Views + Engagement || Direct Ads || Real &amp; Active || Non Drop || 90D Refill || Monetizable || 500-2000/Day,YouTube,Views/Plays,Youtube - Views || FROM ADS || RAV GS,131.2,4.1,500,500000,No,Yes,Yes,USD
3721,YouTube - Unique Views + Engagement || Google Search || Real &amp; Active || Non Drop || 90D Refill || Monetizable || 50K/Day,YouTube,Views/Plays,Youtube - Views || FROM ADS || RAV GS,120.32,3.76,500,500000,No,Yes,Yes,USD
12729,YouTube - Unique Views || High Monetization || Google Search Ads || Non Drop || 90D Refill || 1K+/Day,YouTube,Views/Plays,Youtube - Views || FROM ADS || RAV GS,248.832,7.776,500,500000,No,Yes,Yes,USD
3078,YouTube - Views || Discovery Ads 🌐 || High Engagement || Pure Organic || Zero Drop || 50K-200K/Day,YouTube,Views/Plays,Youtube - Views || FROM ADS || RAV GS,76.8,2.4,10000,10000000,No,No,Yes,USD
820,YouTube - Views || Discovery Ads 🌐 || Pure Organic || Zero Drop || 200K/Day || Start 12-36H,YouTube,Views/Plays,Youtube - Views || FROM ADS || RAV GS,76.8,2.4,10000,10000000,No,No,Yes,USD
815,YouTube - Views || Discovery Ads 🌐 || High Engagement || Pure Organic || Zero Drop || 50K-200K/Day,YouTube,Views/Plays,Youtube - Views || FROM ADS || RAV GS,76.8,2.4,10000,10000000,No,No,Yes,USD
814,YouTube - ADS Views || Native || Never Drop || Start 24H || 200K/Day,YouTube,Views/Plays,Youtube - Views || FROM ADS || RAV GS,45.44,1.42,3000,100000000,No,No,Yes,USD
3734,YouTube - ADS Views || Lifetime Guaranteed || Start 24H || 5M-10M/Day || Max 100M,YouTube,Views/Plays,Youtube - Views || FROM ADS || RAV GS,28.8,0.9,1000000,1000000000,No,No,Yes,USD
12911,YouTube - Watchtime || 1000=10h || External Source || 1+ Min Video || Non Drop || Lifetime Refill || 250 Hours/Day,YouTube,Other,Youtube - Watchtime,95.68,2.99,50,500000,No,No,No,USD
867,YouTube - Watchtime || 1000=250h || External Source || 15+ Min Video || Non Drop || 30D Refill || 200 Hours/Day,YouTube,Other,Youtube - Watchtime,864.0,27.0,100,16000,No,No,No,USD
3758,YouTube - Watchtime || 1000=500h || External Source || 30+ Min Video || Non Drop || 30 Day Refill || 200 Hours/Day,YouTube,Other,Youtube - Watchtime,907.2,28.35,100,10000,No,No,No,USD
12762,YouTube - Watchtime || 1000v=1000H || 60min+ Video || Non Drop || 30D Warranty || 1000 Hours/Day,YouTube,Other,Youtube - Watchtime,1152.0,36.0,10,4000,No,No,No,USD
12761,YouTube - Watchtime || 1000v=1000H || 1 Hour+ Video || No Drop || 30D Refill || 1K Hours/Day,YouTube,Other,Youtube - Watchtime,956.8,29.9,100,100000,No,No,Yes,USD
12601,YouTube - CTR Search Views || Click-Through Rate || 50-80 Sec || Real People || Non Drop || SEO Friendly,YouTube,Views/Plays,Youtube - CTR Search Views,2240.0,70.0,100,2000,No,No,No,USD
12602,YouTube - CTR Search Views || Click-Through Rate || 2-3 Min || Real People || Non Drop || SEO Friendly,YouTube,Views/Plays,Youtube - CTR Search Views,5120.0,160.0,100,3000,No,No,No,USD
12604,YouTube - CTR Search Views || For Shorts || Real People || SEO Friendly,YouTube,Views/Plays,Youtube - CTR Search Views,1760.0,55.0,100,3000,No,No,No,USD
12740,YouTube - Pre-Premiere Waiting Views || Real &amp; Active || Instant Start || Monetizable,YouTube,Views/Plays,Youtube - Premiere || Music Monetization,145.152,4.536,1000,100000,No,No,Yes,USD
12741,YouTube - Pre-Premiere Waiting Views || Automated Passive Views || Instant Start || 5K Waiting Viewers,YouTube,Views/Plays,Youtube - Premiere || Music Monetization,46.656,1.458,5000,5000,No,No,Yes,USD
12730,YouTube - Unique Views || Music Monetization || Direct Ads || Non Drop || 90D Refill || 1K+/Day,YouTube,Views/Plays,Youtube - Premiere || Music Monetization,145.152,4.536,500,500000,No,Yes,Yes,USD
12731,YouTube - Unique Views || Music Monetization || Direct Ads || Non Drop || 90D Refill || 1K+/Day,YouTube,Views/Plays,Youtube - Premiere || Music Monetization,248.832,7.776,500,500000,No,Yes,Yes,USD
12738,YouTube - Live Views || Real &amp; Active || Instant Start || Monetizable,YouTube,Live Stream Viewers,YouTube - LIVE STREAM || Views || Comments || Likes,145.152,4.536,1000,100000,No,No,Yes,USD
12739,YouTube - Live Views || Real &amp; Active || Instant Start || Monetizable || Ultra-Fast,YouTube,Live Stream Viewers,YouTube - LIVE STREAM || Views || Comments || Likes,81.6,2.55,100000,500000,No,No,Yes,USD
12745,YouTube - Live Stream Likes || Real || Non Drop || 30D Refill,YouTube,Live Stream Viewers,YouTube - LIVE STREAM || Views || Comments || Likes,15.36,0.48,10,50000,Yes,No,Yes,USD
12746,YouTube - Live Stream Likes || Real || Non Drop || 365D Refill,YouTube,Live Stream Viewers,YouTube - LIVE STREAM || Views || Comments || Likes,16.32,0.51,10,50000,Yes,No,Yes,USD
12747,YouTube - Live Stream Likes || Real || Non Drop || Lifetime Refill,YouTube,Live Stream Viewers,YouTube - LIVE STREAM || Views || Comments || Likes,17.28,0.54,10,50000,Yes,No,Yes,USD
11776,YouTube - Live Stream Views | Stable Concurrent Viewers | 15 Minutes | Super Fast,YouTube,Live Stream Viewers,YouTube - LIVE STREAM || Views || Comments || Likes,6.1792,0.1931,50,50000,No,No,Yes,USD
11778,YouTube - Live Stream Views | 150-250 Stable Concurrent Viewers | 60 Minutes | Super Fast,YouTube,Live Stream Viewers,YouTube - LIVE STREAM || Views || Comments || Likes,32.448,1.014,100,2000,No,No,Yes,USD
11777,YouTube - Live Stream Views | 150-250 Stable Concurrent Viewers | 120 Minutes | Super Fast,YouTube,Live Stream Viewers,YouTube - LIVE STREAM || Views || Comments || Likes,51.168,1.599,100,2000,No,No,Yes,USD
11784,YouTube - Live Stream Views | 150-250 Stable Concurrent Viewers | 180 Minutes | Super Fast,YouTube,Live Stream Viewers,YouTube - LIVE STREAM || Views || Comments || Likes,72.384,2.262,100,2000,No,No,Yes,USD
11783,YouTube - Live Stream Views + Likes | 7 Days,YouTube,Live Stream Viewers,YouTube - LIVE STREAM || Views || Comments || Likes,1433.6,44.8,20,500,No,No,No,USD
932,Youtube - Live Stream Views | (24HOURS) (100-300 VIEWS) (1k-2k),YouTube,Live Stream Viewers,YouTube - LIVE STREAM || Views || Comments || Likes,134.4,4.2,1000,20000,No,No,Yes,USD
3748,YouTube - Likes || No Drop || 30 Days Refill || Instant  || 50-70K/Day,YouTube,Likes/Reactions,Youtube - Likes || Dislikes,35.2,1.1,10,15000,No,No,Yes,USD
5471,YouTube - Likes || HQ || No Drop || 30 Days Refill || 10K/Day,YouTube,Likes/Reactions,Youtube - Likes || Dislikes,24.3232,0.7601,100,10000,No,No,Yes,USD
5467,YouTube - Likes || No Drop || 30 Days Refill || 50K/Day,YouTube,Likes/Reactions,Youtube - Likes || Dislikes,18.56,0.58,10,150000,No,No,Yes,USD
3751,YouTube - Likes || No Drop || Lifetime Refill  || 50K/Day || Instant,YouTube,Likes/Reactions,Youtube - Likes || Dislikes,34.56,1.08,10,100000,No,No,Yes,USD
12693,YouTube - Likes || Asia 🌏 || Non Drop || Lifetime Refill || High Quality || 100K/Day,YouTube,Likes/Reactions,Youtube - Likes || Dislikes,23.04,0.72,10,50000,No,No,Yes,USD
12694,YouTube - Likes || Europe 🌍 || Non Drop || Lifetime Refill  || High Quality || 100K/Day,YouTube,Likes/Reactions,Youtube - Likes || Dislikes,23.04,0.72,10,50000,No,No,Yes,USD
12695,YouTube - Likes || North America 🌎 || Non Drop || Lifetime Refill || High Quality || 100K/Day,YouTube,Likes/Reactions,Youtube - Likes || Dislikes,23.04,0.72,10,50000,No,No,Yes,USD
3749,YouTube - Likes || Google Referrer || Real  || Non Drop || Lifetime Refill || 75K/Day,YouTube,Likes/Reactions,Youtube - Likes || Dislikes,23.04,0.72,10,50000,No,No,Yes,USD
5468,YouTube - Likes || Yandex Referrer || Real || Non Drop || Lifetime Refill || 75K/Day,YouTube,Likes/Reactions,Youtube - Likes || Dislikes,23.04,0.72,10,50000,No,No,Yes,USD
3746,YouTube - Likes || Twitter Referrer || Real || Non Drop || Lifetime Refill || 75K/Day,YouTube,Likes/Reactions,Youtube - Likes || Dislikes,23.04,0.72,10,50000,No,No,Yes,USD
5470,YouTube - Likes || Reddit Referrer || Real || Non Drop || Lifetime Refill || 75K/Day,YouTube,Likes/Reactions,Youtube - Likes || Dislikes,23.04,0.72,10,50000,No,No,Yes,USD
870,YouTube - Likes || Tumblr Referrer || Real || Non Drop || Lifetime Refill || 75K/Day,YouTube,Likes/Reactions,Youtube - Likes || Dislikes,23.04,0.72,10,50000,No,No,Yes,USD
877,YouTube - Video Likes || Real || Non Drop || 30D Refill || 100K/Day,YouTube,Likes/Reactions,Youtube - Likes || Dislikes,23.04,0.72,10,300000,No,No,Yes,USD
5500,YouTube - Video Likes || Real || Non Drop || 30D Refill || 50K/Day,YouTube,Likes/Reactions,Youtube - Likes || Dislikes,20.48,0.64,10,150000,No,No,Yes,USD
5474,YouTube - Comments || Asian || No Avatar || Cheap || 3-5K/Day || 30 Days Refill,YouTube,Likes/Reactions,Youtube - Comments || Comments Likes/Replies,114.88,3.59,10,50000,No,No,No,USD
12829,YouTube - Comments || AI Generated based on Content || 2K/Day || 30 Days Refill,YouTube,Likes/Reactions,Youtube - Comments || Comments Likes/Replies,168.0,5.25,500,5000,No,No,Yes,USD
915,YouTube - Custom Comments || For Video || Real || 10K/Day || Non Drop || 30 Days Refill,YouTube,Likes/Reactions,Youtube - Comments || Comments Likes/Replies,144.0,4.5,5,10000,No,No,No,USD
12690,YouTube - Custom Comment Replies || For Video || Real || 10K/Day || Non Drop || 30 Days Refill,YouTube,Likes/Reactions,Youtube - Comments || Comments Likes/Replies,172.8,5.4,5,10000,No,No,No,USD
5499,YouTube - Comment Likes || UPVOTES || No Refill || 5K-10K/Day || Max 50K || Start: 1-2 Hours,YouTube,Likes/Reactions,Youtube - Comments || Comments Likes/Replies,42.144,1.317,10,100000,No,No,No,USD
12899,YouTube Shorts Views || 15k/day || 30 Days Refill,YouTube,Views/Plays,Youtube - Shorts,47.2576,1.4768,100,10000000,No,No,No,USD
5424,Youtube - Shorts Views | (Refill: Lifetime) (Max: 5M) (Start Time:0 -1 Hours) (Speed: 60K/Day),YouTube,Views/Plays,Youtube - Shorts,42.64,1.3325,100,5000000,No,No,Yes,USD
4880,YouTube - Shorts Views|| External/Direct || Non Drop  || 2K/Day || Lifetime Refill,YouTube,Views/Plays,Youtube - Shorts,57.6,1.8,50,1000000,No,No,Yes,USD
12728,YouTube Shorts - Unique Views || Google Search Ads || Real &amp; Active || Non Drop || 90D Refill || Monetizable || 1.5K+/Day,YouTube,Views/Plays,Youtube - Shorts,121.6,3.8,500,500000,No,Yes,Yes,USD
12689,YouTube - Custom Comments || For Shorts || Real || 10K/Day || Non Drop || 30 Days Refill,YouTube,Comments,Youtube - Shorts,144.0,4.5,5,10000,No,No,No,USD
12691,YouTube - Custom Comment Replies || For Shorts || Real || 10K/Day || Non Drop || 30 Days Refill,YouTube,Comments,Youtube - Shorts,172.8,5.4,5,10000,No,No,No,USD
5422,YouTube - Shorts Likes || Real || 50K Day || Non Drop || 30 Days Refill,YouTube,Likes/Reactions,Youtube - Shorts,15.36,0.48,10,50000,No,No,Yes,USD
4879,YouTube - Shorts Likes || Real || 50K Day || Non Drop || 90 Days Refill,YouTube,Likes/Reactions,Youtube - Shorts,16.32,0.51,10,50000,No,No,Yes,USD
4878,YouTube - Shorts Likes || Real || 50K Day || Non Drop || 365 Days Refill,YouTube,Likes/Reactions,Youtube - Shorts,21.76,0.68,10,50000,No,No,Yes,USD
5423,Youtube - Short Likes | (Refill: 30 Days) (Max: 300K) (Start Time: 0-1 Hour) (Speed: 100K/Day),YouTube,Likes/Reactions,Youtube - Shorts,36.4,1.1375,10,1000000,No,No,Yes,USD
12421,YouTube - Unique Views || Google Search || Japan 🇯🇵 || Real &amp; Active || Non Drop || 90D Refill || Monetizable || 500/Day,YouTube,Views/Plays,YouTube - Targeted JAPAN 🇯🇵,140.8,4.4,500,100000,No,Yes,Yes,USD
12422,YouTube - Unique Views || Direct Ads || Japan 🇯🇵 || Real &amp; Active || Non Drop || 90D Refill || Monetizable || 1000/Day,YouTube,Views/Plays,YouTube - Targeted JAPAN 🇯🇵,145.6,4.55,500,100000,No,Yes,Yes,USD
12423,YouTube - Unique Views || High Monetization || Japan 🇯🇵 || Real &amp; Active || Non Drop || 90D Refill || 200/Day,YouTube,Views/Plays,YouTube - Targeted JAPAN 🇯🇵,280.0,8.75,500,100000,No,Yes,Yes,USD
839,YouTube - Views || ADS Views || Japan 🇯🇵 || Non Drop || 50K-200K/Day || Start 12-48 Hrs,YouTube,Views/Plays,YouTube - Targeted JAPAN 🇯🇵,261.2544,8.1642,500,100000,No,No,Yes,USD
858,YouTube - Views || Discovery Ads || Japan 🇯🇵 || Pure Organic || Zero Drop || 1M/Day || Start 24H,YouTube,Views/Plays,YouTube - Targeted JAPAN 🇯🇵,259.2,8.1,10000,10000000,No,No,No,USD
5992,YouTube - Likes || Japan 🇯🇵  || Real || Lifetime No Drop || 50K/Day || Instant Start,YouTube,Likes/Reactions,YouTube - Targeted JAPAN 🇯🇵,23.04,0.72,10,100000,No,No,Yes,USD
12605,YouTube - Auto Likes || Japan 🇯🇵 || Lifetime No Drop || 50K/Day || Instant Start,YouTube,Likes/Reactions,YouTube - Targeted JAPAN 🇯🇵,48.0,1.5,20,100000,No,No,No,USD
3332,YouTube - Comments || Japan 🇯🇵 || High Quality,YouTube,Comments,YouTube - Targeted JAPAN 🇯🇵,712.8,22.275,20,5000,No,No,Yes,USD
5993,YouTube - Custom Comments || Japan 🇯🇵 || High Quality,YouTube,Comments,YouTube - Targeted JAPAN 🇯🇵,1760.0,55.0,10,250,No,No,No,USD
12424,YouTube - Social Shares || Japan 🇯🇵 || Non Drop || Lifetime Guaranteed || 150/Day,YouTube,Shares,YouTube - Targeted JAPAN 🇯🇵,57.6,1.8,50,10000,No,No,Yes,USD
12415,YouTube - Unique Views || Direct Ads || Korea 🇰🇷 || Real &amp; Active || 90D Refill || Monetizable || 500+/Day,YouTube,Views/Plays,Youtube - Targeted KOREA 🇰🇷,297.44,9.295,500,100000,No,Yes,Yes,USD
11730,YouTube - Unique Views || Google Search || Korea 🇰🇷 || Real &amp; Active || Non Drop || 90D Refill || Monetizable || 500+/Day,YouTube,Views/Plays,Youtube - Targeted KOREA 🇰🇷,290.4,9.075,500,100000,No,Yes,Yes,USD
12416,YouTube - Unique Views || High Monetization || Korea 🇰🇷 || Real &amp; Active || No Drop || 90D Refill || 500+/Day,YouTube,Views/Plays,Youtube - Targeted KOREA 🇰🇷,424.48,13.265,500,100000,No,No,Yes,USD
860,YouTube - Views || Discovery Ads || Korea 🇰🇷 || Pure Organic || Zero Drop || 1M/Day || Start 24H,YouTube,Views/Plays,Youtube - Targeted KOREA 🇰🇷,291.2,9.1,10000,10000000,No,No,Yes,USD
847,YouTube - Views || ADS Views || Korea 🇰🇷 || Non Drop || 50K-200K/Day || Start 12-48 Hrs,YouTube,Views/Plays,Youtube - Targeted KOREA 🇰🇷,316.8,9.9,10000,100000000,No,No,No,USD
12677,YouTube - Likes || South Korea 🇰🇷 || Real HQ || No Drop || Lifetime Refill || 50K/Day,YouTube,Likes/Reactions,Youtube - Targeted KOREA 🇰🇷,23.04,0.72,10,50000,No,No,Yes,USD
12417,YouTube - Social Shares || Korea 🇰🇷 || 50+/Day || Lifetime Guaranteed || No Drop,YouTube,Shares,Youtube - Targeted KOREA 🇰🇷,57.28,1.79,50,10000,No,Yes,Yes,USD
12754,YouTube - Related Comments || South Korea 🇰🇷 || 1K/Day,YouTube,Comments,Youtube - Targeted KOREA 🇰🇷,712.8,22.275,20,5000,No,No,Yes,USD
12488,YouTube - Unique Views || Direct Ads || Hong Kong 🇭🇰 || Real &amp; Active || Non Drop || 90D Refill || Monetizable || 1K/Day,YouTube,Views/Plays,Youtube - Targeted Hong Kong 🇭🇰 || Taiwan 🇹🇼 || China 🇨🇳,145.28,4.54,500,100000,No,Yes,Yes,USD
12487,YouTube - Unique Views || Google Search || Hong Kong 🇭🇰 || Real &amp; Active || Non Drop || 90D Refill || Monetizable || 100-500/Day,YouTube,Views/Plays,Youtube - Targeted Hong Kong 🇭🇰 || Taiwan 🇹🇼 || China 🇨🇳,138.24,4.32,500,100000,No,Yes,Yes,USD
12489,YouTube - Unique Views || Google Search || Taiwan 🇹🇼 || Real &amp; Active || Non Drop || 90D Refill || Monetizable || 1K/Day,YouTube,Views/Plays,Youtube - Targeted Hong Kong 🇭🇰 || Taiwan 🇹🇼 || China 🇨🇳,147.2,4.6,500,100000,No,Yes,Yes,USD
12646,YouTube - Unique Views || Google Search || Taiwan 🇹🇼 || Real &amp; Active || No Drop || 90D Refill || 500/Day,YouTube,Views/Plays,Youtube - Targeted Hong Kong 🇭🇰 || Taiwan 🇹🇼 || China 🇨🇳,140.8,4.4,500,100000,No,Yes,Yes,USD
12490,YouTube - Unique Views || High Monetization || Taiwan 🇹🇼 || Real &amp; Active || Non Drop || 90D Refill || 200/Day,YouTube,Views/Plays,Youtube - Targeted Hong Kong 🇭🇰 || Taiwan 🇹🇼 || China 🇨🇳,278.4,8.7,500,100000,No,Yes,Yes,USD
846,YouTube - Views || ADS || China 🇨🇳 || Non Drop || 50K-200K/Day || Start 12-48 Hrs,YouTube,Views/Plays,Youtube - Targeted Hong Kong 🇭🇰 || Taiwan 🇹🇼 || China 🇨🇳,201.6,6.3,3000,100000000,No,No,Yes,USD
837,YouTube - Views || ADS || Hong Kong 🇭🇰 || Non Drop || 50K-200K/Day || Start 12-48 Hrs,YouTube,Views/Plays,Youtube - Targeted Hong Kong 🇭🇰 || Taiwan 🇹🇼 || China 🇨🇳,216.0,6.75,3000,100000000,No,No,Yes,USD
845,YouTube - Views || ADS || Taiwan 🇹🇼 || Non Drop || 50K-200K/Day || Start 12-48 Hrs,YouTube,Views/Plays,Youtube - Targeted Hong Kong 🇭🇰 || Taiwan 🇹🇼 || China 🇨🇳,230.4,7.2,3000,100000000,No,No,Yes,USD
857,YouTube - Views || Discovery Ads || China 🇨🇳 || Pure Organic || Zero Drop || 1M/Day || Start 24H,YouTube,Views/Plays,Youtube - Targeted Hong Kong 🇭🇰 || Taiwan 🇹🇼 || China 🇨🇳,188.48,5.89,10000,10000000,No,No,Yes,USD
856,YouTube - Views || Discovery Ads || Hong Kong 🇭🇰 || Pure Organic || Zero Drop || 24H Start || 1M/Day,YouTube,Views/Plays,Youtube - Targeted Hong Kong 🇭🇰 || Taiwan 🇹🇼 || China 🇨🇳,190.08,5.94,10000,10000000,No,No,Yes,USD
12491,YouTube - Social Shares || Taiwan 🇹🇼 || Real || Non Drop || 200/Day,YouTube,Shares,Youtube - Targeted Hong Kong 🇭🇰 || Taiwan 🇹🇼 || China 🇨🇳,56.32,1.76,50,10000,No,No,Yes,USD
12698,YouTube - Likes || Real || Taiwan 🇹🇼 || 100K/Day || Non Drop || Lifetime Refill,YouTube,Likes/Reactions,Youtube - Targeted Hong Kong 🇭🇰 || Taiwan 🇹🇼 || China 🇨🇳,23.04,0.72,10,50000,No,No,Yes,USD
12753,YouTube - Related Comments || China 🇨🇳 || 1K/Day,YouTube,Comments,Youtube - Targeted Hong Kong 🇭🇰 || Taiwan 🇹🇼 || China 🇨🇳,712.8,22.275,20,5000,No,No,Yes,USD
12701,YouTube - Unique Views || Direct Ads || Indonesia 🇮🇩 || Real &amp; Active || Non Drop || 90D Refill || Monetizable || 500+/Day,YouTube,Views/Plays,YouTube - Targeted Singapore 🇸🇬 || Indonesia 🇮🇩,145.6,4.55,500,100000,No,Yes,Yes,USD
12702,YouTube - Unique Views || Direct Ads || Singapore 🇸🇬 || Real &amp; Active || Non Drop || 90D Refill || Monetizable || 200-1K/Day,YouTube,Views/Plays,YouTube - Targeted Singapore 🇸🇬 || Indonesia 🇮🇩,145.6,4.55,500,100000,No,Yes,Yes,USD
12703,YouTube - Unique Views || High Monetization  || Direct Ads || Indonesia 🇮🇩 || Real &amp; Active || Non Drop || 90D Refill || 500+/Day,YouTube,Views/Plays,YouTube - Targeted Singapore 🇸🇬 || Indonesia 🇮🇩,278.08,8.69,500,100000,No,Yes,Yes,USD
12700,YouTube - Likes || Real || Singapore 🇸🇬 || 100K/Day || Non Drop || Lifetime Refill,YouTube,Likes/Reactions,YouTube - Targeted Singapore 🇸🇬 || Indonesia 🇮🇩,23.04,0.72,10,50000,No,No,Yes,USD
12704,YouTube - Social Shares || Indonesia 🇮🇩 || Non Drop || Lifetime || 100+/Day,YouTube,Shares,YouTube - Targeted Singapore 🇸🇬 || Indonesia 🇮🇩,56.96,1.78,50,10000,No,No,Yes,USD
737,YouTube - Unique Views || Direct Ads || Italy 🇮🇹 || Real &amp; Active || Non Drop || 90D Refill || Monetizable || 1000/Day,YouTube,Views/Plays,YouTube - Targeted  ITALY 🇮🇹,145.28,4.54,500,100000,No,Yes,Yes,USD
12418,YouTube - Unique Views || Google Search || Italy 🇮🇹 || Real &amp; Active || Non Drop || 90D Refill || Monetizable || 500/Day,YouTube,Views/Plays,YouTube - Targeted  ITALY 🇮🇹,140.16,4.38,500,100000,No,Yes,Yes,USD
12419,YouTube - Unique Views || High Monetization || Italy 🇮🇹 || Real &amp; Active || Non Drop || 90D Refill || 200/Day,YouTube,Views/Plays,YouTube - Targeted  ITALY 🇮🇹,280.0,8.75,500,100000,No,Yes,Yes,USD
12682,YouTube - Views || Ads || Italy 🇮🇹 || Non Drop || 50K-200K/Day || Start 12-48 Hours,YouTube,Views/Plays,YouTube - Targeted  ITALY 🇮🇹,208.0,6.5,3000,100000000,No,No,Yes,USD
5496,YouTube - Likes || Italy 🇮🇹 || Real || No Drop || 50K/Day || Lifetime Refill || Instant,YouTube,Likes/Reactions,YouTube - Targeted  ITALY 🇮🇹,23.04,0.72,10,50000,No,No,Yes,USD
905,YouTube - Random Comments || Italy 🇮🇹 || High Quality,YouTube,Comments,YouTube - Targeted  ITALY 🇮🇹,712.8,22.275,20,5000,No,No,Yes,USD
906,YouTube - Custom Comments || Italy 🇮🇹 || High Quality,YouTube,Comments,YouTube - Targeted  ITALY 🇮🇹,1888.0,59.0,10,250,No,No,No,USD
12420,YouTube - Social Shares || Italy 🇮🇹 || Non Drop || Lifetime Guaranteed || 100+/Day,YouTube,Shares,YouTube - Targeted  ITALY 🇮🇹,57.28,1.79,50,10000,No,No,Yes,USD
12733,YouTube - Unique Views || Direct Ads || French Speakers 🇫🇷 🇧🇪 🇨🇦 🇨🇭 🇲🇨 || Real &amp; Active || Non Drop || 90D Refill || 200+/Day,YouTube,Views/Plays,YouTube - Targeted France 🇫🇷,145.152,4.536,500,100000,No,Yes,Yes,USD
12628,YouTube - Unique Views || Direct Ads || France 🇫🇷 || Real &amp; Active || No Drop || 90D Refill || 500/Day,YouTube,Views/Plays,YouTube - Targeted France 🇫🇷,147.2,4.6,500,100000,No,Yes,Yes,USD
710,YouTube - Unique Views || Google Search || French Speakers 🇫🇷 🇧🇪 🇨🇦 🇨🇭 🇲🇨 || Real &amp; Active || Non Drop || 90D Refill || Monetizable || 500/Day,YouTube,Views/Plays,YouTube - Targeted France 🇫🇷,140.8,4.4,500,100000,No,Yes,Yes,USD
740,YouTube - Unique Views || Google Search || France 🇫🇷 || Real &amp; Active || Non Drop || 90D Refill || Monetizable || 100-500/Day,YouTube,Views/Plays,YouTube - Targeted France 🇫🇷,140.8,4.4,500,100000,No,Yes,Yes,USD
12737,YouTube - Unique Views || High Monetization  || Google Search || French Speakers 🇫🇷 🇧🇪 🇨🇦 🇨🇭 🇲🇨 || Non Drop || 90D Refill || 100-500+/Day,YouTube,Views/Plays,YouTube - Targeted France 🇫🇷,279.936,8.748,500,100000,No,Yes,Yes,USD
12629,YouTube - Unique Views || High Monetization || France 🇫🇷 || Real &amp; Active || No Drop || 90D Refill || 200/Day,YouTube,Views/Plays,YouTube - Targeted France 🇫🇷,278.4,8.7,500,100000,No,Yes,Yes,USD
5495,YouTube - Likes || France 🇫🇷 || Real || No Drop || 50K/Day || Lifetime Refill || Instant,YouTube,Likes/Reactions,YouTube - Targeted France 🇫🇷,23.04,0.72,10,50000,No,No,Yes,USD
12630,YouTube - Social Shares || France 🇫🇷 || No Drop || Lifetime Guarantee || 200/Day,YouTube,Shares,YouTube - Targeted France 🇫🇷,57.6,1.8,50,10000,No,No,Yes,USD
3764,YouTube - Related Comments || France 🇫🇷 || High Quality,YouTube,Comments,YouTube - Targeted France 🇫🇷,712.8,22.275,20,5000,No,No,Yes,USD
1333,YouTube - Unique Views || Google Search || English Speakers 🇺🇸🇬🇧🇦🇺🇨🇦 || Real &amp; Active || Non Drop || 90D Refill || Monetizable || 500/Day,YouTube,Views/Plays,YouTube - Targeted USA 🇺🇸 || UK 🇬🇧 || AU 🇦🇺 || CA 🇨🇦 || English Speakers,291.2,9.1,500,100000,No,Yes,Yes,USD
12610,YouTube - Unique Views || Google Search || USA 🇺🇸 || Real &amp; Active || Non Drop || 90D Refill || Monetizable || 500/Day,YouTube,Views/Plays,YouTube - Targeted USA 🇺🇸 || UK 🇬🇧 || AU 🇦🇺 || CA 🇨🇦 || English Speakers,291.2,9.1,500,100000,No,Yes,Yes,USD
12615,YouTube - Unique Views || Google Search || Great Britain 🇬🇧 || Real &amp; Active || Non Drop || 90D Refill || Monetizable || 500/Day,YouTube,Views/Plays,YouTube - Targeted USA 🇺🇸 || UK 🇬🇧 || AU 🇦🇺 || CA 🇨🇦 || English Speakers,140.8,4.4,500,100000,No,Yes,Yes,USD
12614,YouTube - Unique Views || Google Search || Canada 🇨🇦 || Real &amp; Active || Non Drop || 90D Refill || Monetizable || 500/Day,YouTube,Views/Plays,YouTube - Targeted USA 🇺🇸 || UK 🇬🇧 || AU 🇦🇺 || CA 🇨🇦 || English Speakers,140.8,4.4,500,100000,No,Yes,Yes,USD
12732,YouTube - Unique Views || Direct Ads || English Speakers 🇺🇸🇬🇧🇦🇺🇨🇦 || Real &amp; Active || Non Drop || 90D Refill || 200+/Day,YouTube,Views/Plays,YouTube - Targeted USA 🇺🇸 || UK 🇬🇧 || AU 🇦🇺 || CA 🇨🇦 || English Speakers,295.68,9.24,500,100000,No,Yes,Yes,USD
12611,YouTube - Unique Views || Direct Ads || USA 🇺🇸 || Real &amp; Active || Non Drop || 90D Refill || Monetizable || 500/Day,YouTube,Views/Plays,YouTube - Targeted USA 🇺🇸 || UK 🇬🇧 || AU 🇦🇺 || CA 🇨🇦 || English Speakers,295.68,9.24,500,100000,No,Yes,Yes,USD
12617,YouTube - Unique Views || Direct Ads || Great Britain 🇬🇧 || Real &amp; Active || Non Drop || 90D Refill || Monetizable || 1K/Day,YouTube,Views/Plays,YouTube - Targeted USA 🇺🇸 || UK 🇬🇧 || AU 🇦🇺 || CA 🇨🇦 || English Speakers,145.6,4.55,500,100000,No,Yes,Yes,USD
12616,YouTube - Unique Views || Direct Ads || Canada 🇨🇦 || Real &amp; Active || Non Drop || 90D Refill || Monetizable || 1K/Day,YouTube,Views/Plays,YouTube - Targeted USA 🇺🇸 || UK 🇬🇧 || AU 🇦🇺 || CA 🇨🇦 || English Speakers,145.6,4.55,500,100000,No,Yes,Yes,USD
12735,YouTube - Unique Views || High Monetization || English Speakers  🇺🇸🇬🇧🇦🇺🇨🇦 || Non Drop || 90D Refill || 100-500+/Day,YouTube,Views/Plays,YouTube - Targeted USA 🇺🇸 || UK 🇬🇧 || AU 🇦🇺 || CA 🇨🇦 || English Speakers,422.4,13.2,500,100000,No,Yes,Yes,USD
12612,YouTube - Unique Views || High Monetization || USA 🇺🇸 || Real &amp; Active || Non Drop || 90D Refill || 500+/Day,YouTube,Views/Plays,YouTube - Targeted USA 🇺🇸 || UK 🇬🇧 || AU 🇦🇺 || CA 🇨🇦 || English Speakers,422.4,13.2,500,100000,No,Yes,Yes,USD
12618,YouTube - Unique Views || High Monetization || Great Britain 🇬🇧 || Real &amp; Active || Non Drop || 90D Refill || 200/Day,YouTube,Views/Plays,YouTube - Targeted USA 🇺🇸 || UK 🇬🇧 || AU 🇦🇺 || CA 🇨🇦 || English Speakers,278.08,8.69,500,100000,No,Yes,Yes,USD
12619,YouTube - Unique Views || High Monetization || Canada 🇨🇦 || Real &amp; Active || Non Drop || 90D Refill || 200/Day,YouTube,Views/Plays,YouTube - Targeted USA 🇺🇸 || UK 🇬🇧 || AU 🇦🇺 || CA 🇨🇦 || English Speakers,278.08,8.69,500,100000,No,Yes,Yes,USD
827,YouTube - Views || ADS || UK 🇬🇧 || Non Drop || 50K-200K/Day || Start 12-36 Hrs,YouTube,Views/Plays,YouTube - Targeted USA 🇺🇸 || UK 🇬🇧 || AU 🇦🇺 || CA 🇨🇦 || English Speakers,316.8,9.9,3000,100000000,No,No,Yes,USD
834,YouTube - Views || ADS || Canada 🇨🇦 || Non Drop || 50K-200K/Day || Start 12-48 Hrs,YouTube,Views/Plays,YouTube - Targeted USA 🇺🇸 || UK 🇬🇧 || AU 🇦🇺 || CA 🇨🇦 || English Speakers,264.0,8.25,3000,100000000,No,No,Yes,USD
832,YouTube - Views || ADS  || Australia 🇦🇺 || Non Drop || 50K-200K/Day || Start 12-48 Hrs,YouTube,Views/Plays,YouTube - Targeted USA 🇺🇸 || UK 🇬🇧 || AU 🇦🇺 || CA 🇨🇦 || English Speakers,264.0,8.25,3000,100000000,No,No,Yes,USD
852,YouTube - Views || Discovery ADS || UK 🇬🇧 || Pure Organic || Zero Drop || 1M/Day || Start 24H,YouTube,Views/Plays,YouTube - Targeted USA 🇺🇸 || UK 🇬🇧 || AU 🇦🇺 || CA 🇨🇦 || English Speakers,288.0,9.0,10000,10000000,No,No,Yes,USD
854,YouTube - Views || Discovery Ads || Australia 🇦🇺 || Pure Organic || Zero Drop || 1M/Day || Start 24H,YouTube,Views/Plays,YouTube - Targeted USA 🇺🇸 || UK 🇬🇧 || AU 🇦🇺 || CA 🇨🇦 || English Speakers,235.344,7.3545,10000,10000000,No,No,Yes,USD
5487,YouTube - Likes || USA 🇺🇸 || Real || No Drop || 50K/Day || Lifetime Guaranteed || Instant,YouTube,Likes/Reactions,YouTube - Targeted USA 🇺🇸 || UK 🇬🇧 || AU 🇦🇺 || CA 🇨🇦 || English Speakers,23.04,0.72,10,50000,No,No,Yes,USD
12696,YouTube - Likes || UK 🇬🇧 || Real || 100K/Day || Non Drop || Lifetime Refill,YouTube,Likes/Reactions,YouTube - Targeted USA 🇺🇸 || UK 🇬🇧 || AU 🇦🇺 || CA 🇨🇦 || English Speakers,23.04,0.72,10,50000,No,No,Yes,USD
886,YouTube - Random Comments || USA 🇺🇸 || Lifetime Guarantee,YouTube,Comments,YouTube - Targeted USA 🇺🇸 || UK 🇬🇧 || AU 🇦🇺 || CA 🇨🇦 || English Speakers,1456.0,45.5,10,2000,No,No,Yes,USD
898,YouTube - Custom Comments || USA 🇺🇸 || Lifetime Guarantee,YouTube,Comments,YouTube - Targeted USA 🇺🇸 || UK 🇬🇧 || AU 🇦🇺 || CA 🇨🇦 || English Speakers,2016.0,63.0,10,2000,No,No,No,USD
7921,YouTube - Custom Comment Replies || USA 🇺🇸 || High Quality || Fast Speed,YouTube,Comments,YouTube - Targeted USA 🇺🇸 || UK 🇬🇧 || AU 🇦🇺 || CA 🇨🇦 || English Speakers,1920.0,60.0,10,2000,No,No,No,USD
889,YouTube - Random Comments || Female 👩 || USA 🇺🇸 || High Quality,YouTube,Comments,YouTube - Targeted USA 🇺🇸 || UK 🇬🇧 || AU 🇦🇺 || CA 🇨🇦 || English Speakers,1248.0,39.0,10,500,No,No,Yes,USD
888,YouTube - Custom Comments || Female 👩 || USA 🇺🇸 || High Quality,YouTube,Comments,YouTube - Targeted USA 🇺🇸 || UK 🇬🇧 || AU 🇦🇺 || CA 🇨🇦 || English Speakers,1872.0,58.5,10,500,No,No,No,USD
12613,YouTube - Social Shares || USA 🇺🇸 || Non Drop || Lifetime Guarantee || 50+/Day,YouTube,Shares,YouTube - Targeted USA 🇺🇸 || UK 🇬🇧 || AU 🇦🇺 || CA 🇨🇦 || English Speakers,56.96,1.78,50,10000,No,Yes,Yes,USD
12621,YouTube - Social Shares || Canada 🇨🇦 || Non Drop || 200/Day || Lifetime Guaranteed,YouTube,Shares,YouTube - Targeted USA 🇺🇸 || UK 🇬🇧 || AU 🇦🇺 || CA 🇨🇦 || English Speakers,57.28,1.79,50,10000,No,No,Yes,USD
12620,YouTube - Social Shares || UK 🇬🇧 || Non Drop || 100/Day || Lifetime Guaranteed,YouTube,Shares,YouTube - Targeted USA 🇺🇸 || UK 🇬🇧 || AU 🇦🇺 || CA 🇨🇦 || English Speakers,56.96,1.78,50,10000,No,No,Yes,USD
12622,YouTube - Social Shares || Australia 🇦🇺 || Non Drop || 200/Day || Lifetime Guaranteed,YouTube,Shares,YouTube - Targeted USA 🇺🇸 || UK 🇬🇧 || AU 🇦🇺 || CA 🇨🇦 || English Speakers,56.96,1.78,50,10000,No,No,Yes,USD
711,YouTube - Unique Views || Google Search || Spanish Speakers 🇲🇽 🇨🇴 🇪🇸 🇦🇷 🇵🇪 🇻🇪 🇨🇱 🇪🇨 || Real &amp; Active || Non Drop || 90D Refill || Monetizable || 500/Day,YouTube,Views/Plays,YouTube - Targeted Spain 🇪🇸 || Portugal 🇵🇹 || Brazil 🇧🇷 || Spanish/Portuguese Speakers,140.8,4.4,500,100000,No,Yes,Yes,USD
1334,YouTube - Unique Views || Google Search || Portuguese Speakers 🇧🇷 🇵🇹 🇦🇴 🇲🇿 🇬🇼 🇹🇱 || Real &amp; Active || Non Drop || 90D Refill || Monetizable || 500/Day,YouTube,Views/Plays,YouTube - Targeted Spain 🇪🇸 || Portugal 🇵🇹 || Brazil 🇧🇷 || Spanish/Portuguese Speakers,140.8,4.4,500,100000,No,Yes,Yes,USD
12734,YouTube - Unique Views || Direct Ads || Spanish Speakers 🇲🇽 🇨🇴 🇪🇸 🇦🇷 🇵🇪 🇻🇪 🇨🇱 🇪🇨 || Real &amp; Active || Non Drop || 90D Refill || 200+/Day,YouTube,Views/Plays,YouTube - Targeted Spain 🇪🇸 || Portugal 🇵🇹 || Brazil 🇧🇷 || Spanish/Portuguese Speakers,145.152,4.536,500,100000,No,Yes,Yes,USD
12637,YouTube - Unique Views || Direct Ads || Spain 🇪🇸 || Real &amp; Active || No Drop || 90D Refill || 1K/Day,YouTube,Views/Plays,YouTube - Targeted Spain 🇪🇸 || Portugal 🇵🇹 || Brazil 🇧🇷 || Spanish/Portuguese Speakers,145.6,4.55,500,100000,No,Yes,Yes,USD
12639,YouTube - Unique Views || Direct Ads || Portugal 🇵🇹 || Real &amp; Active || No Drop || 90D Refill || 1K/Day,YouTube,Views/Plays,YouTube - Targeted Spain 🇪🇸 || Portugal 🇵🇹 || Brazil 🇧🇷 || Spanish/Portuguese Speakers,145.6,4.55,500,100000,No,Yes,Yes,USD
12636,YouTube - Unique Views || Direct Ads || Brazil 🇧🇷 || Real &amp; Active || No Drop || 90D Refill || 1K/Day,YouTube,Views/Plays,YouTube - Targeted Spain 🇪🇸 || Portugal 🇵🇹 || Brazil 🇧🇷 || Spanish/Portuguese Speakers,145.6,4.55,500,100000,No,Yes,Yes,USD
12638,YouTube - Unique Views || Direct Ads || Angola 🇦🇴 || Real &amp; Active || No Drop || 90D Refill || 1K/Day,YouTube,Views/Plays,YouTube - Targeted Spain 🇪🇸 || Portugal 🇵🇹 || Brazil 🇧🇷 || Spanish/Portuguese Speakers,145.6,4.55,500,100000,No,Yes,Yes,USD
750,YouTube - Unique Views || Google Search || Spain 🇪🇸 || Real &amp; Active || Non Drop || 90D Refill || Monetizable || 100-500/Day,YouTube,Views/Plays,YouTube - Targeted Spain 🇪🇸 || Portugal 🇵🇹 || Brazil 🇧🇷 || Spanish/Portuguese Speakers,140.8,4.4,500,100000,No,Yes,Yes,USD
12635,YouTube - Unique Views || Google Search || Portugal 🇵🇹 || Real &amp; Active || No Drop || 90D Refill || 500/Day,YouTube,Views/Plays,YouTube - Targeted Spain 🇪🇸 || Portugal 🇵🇹 || Brazil 🇧🇷 || Spanish/Portuguese Speakers,140.8,4.4,500,100000,No,Yes,Yes,USD
12634,YouTube - Unique Views || Google Search || Brazil 🇧🇷 || Real &amp; Active || No Drop || 90D Refill || 500/Day,YouTube,Views/Plays,YouTube - Targeted Spain 🇪🇸 || Portugal 🇵🇹 || Brazil 🇧🇷 || Spanish/Portuguese Speakers,140.8,4.4,500,100000,No,Yes,Yes,USD
12736,YouTube - Unique Views || High Monetization || Spanish Speakers 🇲🇽 🇨🇴 🇪🇸 🇦🇷 🇵🇪 🇻🇪 🇨🇱 🇪🇨 || Non Drop || 90D Refill || 100-500+/Day,YouTube,Views/Plays,YouTube - Targeted Spain 🇪🇸 || Portugal 🇵🇹 || Brazil 🇧🇷 || Spanish/Portuguese Speakers,279.936,8.748,500,100000,No,Yes,Yes,USD
12641,YouTube - Unique Views || High Monetization || Portugal 🇵🇹 || Real &amp; Active || No Drop || 90D Refill || 200/Day,YouTube,Views/Plays,YouTube - Targeted Spain 🇪🇸 || Portugal 🇵🇹 || Brazil 🇧🇷 || Spanish/Portuguese Speakers,278.72,8.71,500,100000,No,Yes,Yes,USD
12640,YouTube - Unique Views || High Monetization || Brazil 🇧🇷 || Real &amp; Active || No Drop || 90D Refill || 200/Day,YouTube,Views/Plays,YouTube - Targeted Spain 🇪🇸 || Portugal 🇵🇹 || Brazil 🇧🇷 || Spanish/Portuguese Speakers,278.72,8.71,500,100000,No,Yes,Yes,USD
844,YouTube - Views || ADS || Spain 🇪🇸 || Non Drop || 50K-200K/Day || Start 12-48 Hrs,YouTube,Views/Plays,YouTube - Targeted Spain 🇪🇸 || Portugal 🇵🇹 || Brazil 🇧🇷 || Spanish/Portuguese Speakers,288.0,9.0,3000,100000000,No,No,Yes,USD
842,YouTube - Views || ADS || Portugal 🇵🇹 || Non Drop || 50K-200K/Day || Start 12-48 Hrs,YouTube,Views/Plays,YouTube - Targeted Spain 🇪🇸 || Portugal 🇵🇹 || Brazil 🇧🇷 || Spanish/Portuguese Speakers,259.2,8.1,3000,100000000,No,No,Yes,USD
831,YouTube - Views || ADS || Brazil 🇧🇷 || Non Drop || 50K-200K/Day || Start 12-48 Hrs,YouTube,Views/Plays,YouTube - Targeted Spain 🇪🇸 || Portugal 🇵🇹 || Brazil 🇧🇷 || Spanish/Portuguese Speakers,216.0,6.75,3000,100000000,No,No,Yes,USD
861,YouTube - Views || Discovery Ads || Spain 🇪🇸 || Pure Organic || Zero Drop || 1M/Day || Start 24H,YouTube,Views/Plays,YouTube - Targeted Spain 🇪🇸 || Portugal 🇵🇹 || Brazil 🇧🇷 || Spanish/Portuguese Speakers,291.2,9.1,10000,10000000,No,No,Yes,USD
866,YouTube - Views || Discovery Ads || Brazil 🇧🇷 || Pure Organic || Zero Drop || 1M/Day || Start 24H,YouTube,Views/Plays,YouTube - Targeted Spain 🇪🇸 || Portugal 🇵🇹 || Brazil 🇧🇷 || Spanish/Portuguese Speakers,255.36,7.98,10000,10000000,No,No,Yes,USD
12699,YouTube - Likes || Spain 🇪🇸 || Real || 100K/Day || Non Drop || Lifetime Refill,YouTube,Likes/Reactions,YouTube - Targeted Spain 🇪🇸 || Portugal 🇵🇹 || Brazil 🇧🇷 || Spanish/Portuguese Speakers,23.04,0.72,10,50000,No,No,Yes,USD
5490,YouTube - Likes || Brazil 🇧🇷 || Real || No Drop || 50K/Day || Lifetime Refill || Instant,YouTube,Likes/Reactions,YouTube - Targeted Spain 🇪🇸 || Portugal 🇵🇹 || Brazil 🇧🇷 || Spanish/Portuguese Speakers,23.04,0.72,10,50000,No,No,Yes,USD
12697,YouTube - Likes || Portugal 🇵🇹 || Real || 100K/Day || Non Drop || Lifetime Refill,YouTube,Likes/Reactions,YouTube - Targeted Spain 🇪🇸 || Portugal 🇵🇹 || Brazil 🇧🇷 || Spanish/Portuguese Speakers,23.04,0.72,10,50000,No,No,Yes,USD
903,YouTube - Random Comments ||  Spain 🇪🇸 || High Quality,YouTube,Comments,YouTube - Targeted Spain 🇪🇸 || Portugal 🇵🇹 || Brazil 🇧🇷 || Spanish/Portuguese Speakers,712.8,22.275,20,5000,No,No,Yes,USD
12644,YouTube - Social Shares || Spain 🇪🇸 || 200+/Day || Lifetime Guaranteed || Non-Drop,YouTube,Shares,YouTube - Targeted Spain 🇪🇸 || Portugal 🇵🇹 || Brazil 🇧🇷 || Spanish/Portuguese Speakers,57.024,1.782,50,10000,No,No,Yes,USD
12643,YouTube - Social Shares || Portugal 🇵🇹 || 100+/Day || Lifetime Guaranteed || Non-Drop,YouTube,Shares,YouTube - Targeted Spain 🇪🇸 || Portugal 🇵🇹 || Brazil 🇧🇷 || Spanish/Portuguese Speakers,57.024,1.782,50,10000,No,No,Yes,USD
12642,YouTube - Social Shares || Brazil 🇧🇷 || 500+/Day || Lifetime Guaranteed || Non-Drop,YouTube,Shares,YouTube - Targeted Spain 🇪🇸 || Portugal 🇵🇹 || Brazil 🇧🇷 || Spanish/Portuguese Speakers,57.024,1.782,50,10000,No,No,Yes,USD
12645,YouTube - Social Shares || Angola 🇦🇴 || 200+/Day || Lifetime Guaranteed || Non-Drop,YouTube,Shares,YouTube - Targeted Spain 🇪🇸 || Portugal 🇵🇹 || Brazil 🇧🇷 || Spanish/Portuguese Speakers,57.024,1.782,50,10000,No,No,Yes,USD
1338,YouTube - Unique Views || Direct Ads || Germany 🇩🇪 || Real &amp; Active || Non Drop || 90D Refill || Monetizable || 1000/Day,YouTube,Views/Plays,YouTube - Targeted Germany 🇩🇪 || Belgium 🇧🇪 || German speakers,145.92,4.56,500,100000,No,Yes,Yes,USD
1337,YouTube - Unique Views || Direct Ads || German Speakers 🇩🇪 🇧🇪 🇦🇹 🇨🇭 🇱🇺 🇱🇮 || Real &amp; Active || Non Drop || 90D Refill || Monetizable || 200+/Day,YouTube,Views/Plays,YouTube - Targeted Germany 🇩🇪 || Belgium 🇧🇪 || German speakers,145.92,4.56,500,100000,No,Yes,Yes,USD
1336,YouTube - Unique Views || Google Search || Germany 🇩🇪 || Real &amp; Active || Non Drop || 90D Refill || Monetizable || 100-500/Day,YouTube,Views/Plays,YouTube - Targeted Germany 🇩🇪 || Belgium 🇧🇪 || German speakers,140.8,4.4,500,100000,No,Yes,Yes,USD
712,YouTube - Unique Views || Google Search || German Speakers 🇩🇪 🇧🇪 🇦🇹 🇨🇭 🇱🇺 🇱🇮 || Real &amp; Active || Non Drop || 90D Refill || Monetizable || 500/Day,YouTube,Views/Plays,YouTube - Targeted Germany 🇩🇪 || Belgium 🇧🇪 || German speakers,140.8,4.4,500,100000,No,Yes,Yes,USD
1340,YouTube - Unique Views || High Monetization || Germany 🇩🇪 || Real &amp; Active || Non Drop || 90D Refill || 200+/Day,YouTube,Views/Plays,YouTube - Targeted Germany 🇩🇪 || Belgium 🇧🇪 || German speakers,281.6,8.8,500,100000,No,Yes,Yes,USD
1339,YouTube - Unique Views || High Monetization || German Speakers 🇩🇪 🇧🇪 🇦🇹 🇨🇭 🇱🇺 🇱🇮 || Non Drop || 90D Refill || 100-500/Day,YouTube,Views/Plays,YouTube - Targeted Germany 🇩🇪 || Belgium 🇧🇪 || German speakers,281.6,8.8,500,100000,No,Yes,Yes,USD
12632,YouTube - Unique Views || High Monetization || Belgium 🇧🇪 || Real &amp; Active || No Drop || 90D Refill || 200/Day,YouTube,Views/Plays,YouTube - Targeted Germany 🇩🇪 || Belgium 🇧🇪 || German speakers,281.6,8.8,500,100000,No,Yes,Yes,USD
855,YouTube - Views || Discovery Ads || Germany 🇩🇪  || Pure Organic || Zero Drop || 24H Start || 1M/Day,YouTube,Views/Plays,YouTube - Targeted Germany 🇩🇪 || Belgium 🇧🇪 || German speakers,278.4,8.7,10000,10000000,No,No,Yes,USD
836,YouTube - ADS Views || Germany 🇩🇪 || Non Drop || 50K-200K/Day || Start 12-48 Hrs,YouTube,Views/Plays,YouTube - Targeted Germany 🇩🇪 || Belgium 🇧🇪 || German speakers,264.0,8.25,3000,100000000,No,No,Yes,USD
833,YouTube - ADS Views || Belgium 🇧🇪 || Non Drop || 50K-200K/Day || Start 12-48 Hrs,YouTube,Views/Plays,YouTube - Targeted Germany 🇩🇪 || Belgium 🇧🇪 || German speakers,192.0,6.0,3000,100000000,No,No,Yes,USD
3080,YouTube - ADS Views || Netherlands 🇳🇱 || Non Drop || 50K-200K/Day || Start 12-48 Hrs,YouTube,Views/Plays,YouTube - Targeted Germany 🇩🇪 || Belgium 🇧🇪 || German speakers,192.0,6.0,3000,10000000,No,No,Yes,USD
1341,YouTube - Social Shares || Germany 🇩🇪 || Non Drop || Lifetime Guaranteed || 100/Day,YouTube,Shares,YouTube - Targeted Germany 🇩🇪 || Belgium 🇧🇪 || German speakers,57.6,1.8,50,10000,No,No,Yes,USD
12631,YouTube - Social Shares || Switzerland 🇨🇭|| No Drop || Lifetime Guarantee || 200/Day,YouTube,Shares,YouTube - Targeted Germany 🇩🇪 || Belgium 🇧🇪 || German speakers,57.024,1.782,50,10000,No,No,Yes,USD
12633,YouTube - Social Shares || Belgium 🇧🇪 || No Drop || 200+/Day || Lifetime Guarantee,YouTube,Shares,YouTube - Targeted Germany 🇩🇪 || Belgium 🇧🇪 || German speakers,57.024,1.782,50,10000,No,No,Yes,USD
5491,YouTube - Likes || Germany 🇩🇪 || Real || No Drop || 50K/Day || Lifetime Refill || Instant,YouTube,Likes/Reactions,YouTube - Targeted Germany 🇩🇪 || Belgium 🇧🇪 || German speakers,23.04,0.72,10,50000,No,No,Yes,USD
713,YouTube - Unique Views || Google Search || Arabic Speakers 🇦🇪 🇸🇦 || Real &amp; Active || Non Drop || 90D Refill || Monetizable || 500/Day,YouTube,Views/Plays,Youtube - Targeted UAE 🇦🇪  || Saudi 🇸🇦 || Arab,140.8,4.4,500,100000,No,Yes,Yes,USD
719,YouTube - Unique Views || Google Search || UAE 🇦🇪 || Real &amp; Active || Non Drop || 90D Refill || Monetizable || 500/Day,YouTube,Views/Plays,Youtube - Targeted UAE 🇦🇪  || Saudi 🇸🇦 || Arab,140.8,4.4,500,100000,No,Yes,Yes,USD
734,YouTube - Unique Views || Google Search || Saudi Arabia 🇸🇦 || Real &amp; Active || Non Drop || 90D Refill || Monetizable || 500/Day,YouTube,Views/Plays,Youtube - Targeted UAE 🇦🇪  || Saudi 🇸🇦 || Arab,140.8,4.4,500,100000,No,Yes,Yes,USD
793,YouTube - Unique Views || Google Search || Qatar 🇶🇦 || Real &amp; Active || Non Drop || 90D Refill || Monetizable || 500/Day,YouTube,Views/Plays,Youtube - Targeted UAE 🇦🇪  || Saudi 🇸🇦 || Arab,140.8,4.4,500,100000,No,Yes,Yes,USD
779,YouTube - Unique Views || Google Search || Kuwait 🇰🇼 || Real &amp; Active || Non Drop || 90D Refill || Monetizable || 500/Day,YouTube,Views/Plays,Youtube - Targeted UAE 🇦🇪  || Saudi 🇸🇦 || Arab,140.8,4.4,500,100000,No,Yes,Yes,USD
787,YouTube - Unique Views || Google Search || Oman 🇴🇲 || Real &amp; Active || Non Drop || 90D Refill || Monetizable || 500/Day,YouTube,Views/Plays,Youtube - Targeted UAE 🇦🇪  || Saudi 🇸🇦 || Arab,140.8,4.4,500,100000,No,Yes,Yes,USD
777,YouTube - Unique Views || Google Search || Jordan 🇯🇴 || Real &amp; Active || Non Drop || 90D Refill || Monetizable || 500/Day,YouTube,Views/Plays,Youtube - Targeted UAE 🇦🇪  || Saudi 🇸🇦 || Arab,140.8,4.4,500,100000,No,Yes,Yes,USD
738,YouTube - Unique Views || Google Search || Lebanon 🇱🇧 || Real &amp; Active || Non Drop || 90D Refill || Monetizable || 500/Day,YouTube,Views/Plays,Youtube - Targeted UAE 🇦🇪  || Saudi 🇸🇦 || Arab,140.8,4.4,500,100000,No,Yes,Yes,USD
723,YouTube - Unique Views || Google Search || Egypt 🇪🇬 || Real &amp; Active || Non Drop || 90D Refill || Monetizable || 500/Day,YouTube,Views/Plays,Youtube - Targeted UAE 🇦🇪  || Saudi 🇸🇦 || Arab,140.8,4.4,500,100000,No,Yes,Yes,USD
12623,YouTube - Unique Views || Direct Ads || United Arab (UAE) 🇦🇪 || Real &amp; Active || No Drop || 90D Refill || Monetizable || 500/Day,YouTube,Views/Plays,Youtube - Targeted UAE 🇦🇪  || Saudi 🇸🇦 || Arab,145.28,4.54,500,100000,No,Yes,Yes,USD
12625,YouTube - Unique Views || Direct Ads || Qatar 🇶🇦 || Real &amp; Active || No Drop || 90D Refill || Monetizable || 200-1000/Day,YouTube,Views/Plays,Youtube - Targeted UAE 🇦🇪  || Saudi 🇸🇦 || Arab,145.28,4.54,500,100000,No,Yes,Yes,USD
12624,YouTube - Unique Views || Direct Ads || Saudi Arabia 🇸🇦 || Real &amp; Active || No Drop || 90D Refill || Monetizable || 200-1000/Day,YouTube,Views/Plays,Youtube - Targeted UAE 🇦🇪  || Saudi 🇸🇦 || Arab,145.28,4.54,500,100000,No,Yes,Yes,USD
829,YouTube - Views || Ads Traffic || Saudi Arabia 🇸🇦 || Non Drop || 50K-200K/Day || Start 12-36 Hrs,YouTube,Views/Plays,Youtube - Targeted UAE 🇦🇪  || Saudi 🇸🇦 || Arab,216.0,6.75,3000,100000000,No,No,Yes,USD
853,YouTube - Views || Discovery Ads || Saudi Arabia 🇸🇦 || Pure Organic || Zero Drop || 1M/Day || Start 24H,YouTube,Views/Plays,Youtube - Targeted UAE 🇦🇪  || Saudi 🇸🇦 || Arab,240.96,7.53,10000,10000000,No,No,Yes,USD
12627,YouTube - Social Shares || Saudi Arabia 🇸🇦 || Non Drop || 200/Day || Lifetime Guaranteed,YouTube,Shares,Youtube - Targeted UAE 🇦🇪  || Saudi 🇸🇦 || Arab,57.024,1.782,50,10000,No,No,Yes,USD
12626,YouTube - Social Shares || UAE 🇦🇪 || Non Drop || 200/Day || Lifetime Guaranteed,YouTube,Shares,Youtube - Targeted UAE 🇦🇪  || Saudi 🇸🇦 || Arab,57.024,1.782,50,10000,No,No,Yes,USD
5497,YouTube - Likes || UAE 🇦🇪 || Real || No Drop || 50K/Day || Lifetime Refill || Instant,YouTube,Likes/Reactions,Youtube - Targeted UAE 🇦🇪  || Saudi 🇸🇦 || Arab,23.04,0.72,10,50000,No,No,Yes,USD
843,YouTube - Views || Russia 🇷🇺 || ADS Views || Non Drop || 50K-200K/Day || Start 12-48 Hrs,YouTube,Views/Plays,Youtube - Targeted RUSSIA 🇷🇺,218.88,6.84,3000,100000000,No,No,Yes,USD
5473,YouTube - Likes || Russia 🇷🇺 || Real || No Drop || 50K/Day || Lifetime Refill || Instant,YouTube,Likes/Reactions,Youtube - Targeted RUSSIA 🇷🇺,31.68,0.99,10,50000,No,No,No,USD
12493,YouTube - Social Shares || Russia 🇷🇺 || Non Drop || Lifetime Guaranteed || 150/Day,YouTube,Shares,Youtube - Targeted RUSSIA 🇷🇺,57.28,1.79,50,10000,No,No,Yes,USD
896,YouTube - Random Comments || Russian 🇷🇺 || High Quality,YouTube,Comments,Youtube - Targeted RUSSIA 🇷🇺,712.8,22.275,20,5000,No,No,Yes,USD
125,Twitter - Followers || Japan 🇯🇵 || High Quality || 30 Day Auto Refill,Twitter/X,Followers/Subscribers,Twitter - JAPAN 🇯🇵,1600.0,50.0,10,10000,No,No,Yes,USD
126,Twitter - Likes || Japan 🇯🇵 || High Quality || 30 Day Auto Refill,Twitter/X,Likes/Reactions,Twitter - JAPAN 🇯🇵,480.0,15.0,10,10000,No,No,Yes,USD
5135,Twitter - Likes || JAPAN 🇯🇵 || 4K/Day || Instant || Refill 30D,Twitter/X,Likes/Reactions,Twitter - JAPAN 🇯🇵,316.8,9.9,10,10000,No,No,Yes,USD
12251,Twitter -Likes || JAPAN 🇯🇵 || 30 Days || Low Drop,Twitter/X,Likes/Reactions,Twitter - JAPAN 🇯🇵,520.0,16.25,20,200,No,No,No,USD
5137,Twitter - Random Comments || JAPAN 🇯🇵 || 100/Day || 0-12H,Twitter/X,Comments,Twitter - JAPAN 🇯🇵,1920.0,60.0,10,250,No,No,Yes,USD
5138,Twitter - Custom Comments || JAPAN 🇯🇵 || 100/Day || 0-12H,Twitter/X,Comments,Twitter - JAPAN 🇯🇵,2560.0,80.0,10,250,No,No,No,USD
6064,Twitter - Followers || MIX Japan 🇯🇵 / Korea 🇰🇷 / Hong Kong 🇭🇰 || Female 👩 || No Refill,Twitter/X,Followers/Subscribers,Twitter - Targeted KOREA 🇰🇷 (+ Asia mix 🇯🇵 🇰🇷 🇭🇰),1442.4,45.075,100,50000,No,Yes,Yes,USD
5166,Twitter - Followers || MIX Japan 🇯🇵 / Korea 🇰🇷 / Hong Kong 🇭🇰 || Female 👩 || 15 Days Refill,Twitter/X,Followers/Subscribers,Twitter - Targeted KOREA 🇰🇷 (+ Asia mix 🇯🇵 🇰🇷 🇭🇰),1584.8,49.525,100,50000,No,Yes,Yes,USD
4619,Twitter - Followers || MIX Japan 🇯🇵 / Korea 🇰🇷 / Hong Kong 🇭🇰 || Female 👩 || 30 Days Refill,Twitter/X,Followers/Subscribers,Twitter - Targeted KOREA 🇰🇷 (+ Asia mix 🇯🇵 🇰🇷 🇭🇰),1717.1264,53.6602,100,50000,No,Yes,Yes,USD
3826,Twitter - Followers || HQ Real || 30 Day Refill || 3k/Day,Twitter/X,Followers/Subscribers,Twitter - Followers,307.2,9.6,10,50000,No,No,Yes,USD
944,Twitter - Followers || HQ Real || 30 Day Refill || 5k/Day,Twitter/X,Followers/Subscribers,Twitter - Followers,383.36,11.98,10,30000,No,No,Yes,USD
10947,Twitter - Followers || Drop Possible || 30 Days Auto Refill || Super Fast || 150K/Day,Twitter/X,Followers/Subscribers,Twitter - Followers,2320.0,72.5,500,100000,No,No,Yes,USD
10945,Twitter Followers || Turkish - Global Mix || 30 Days Refill || 20K/Day,Twitter/X,Followers/Subscribers,Twitter - Followers,448.0,14.0,10,100000,No,Yes,Yes,USD
10948,Twitter - Followers || Drop Rate 0-2% Generally || 2K/Day,Twitter/X,Followers/Subscribers,Twitter - Followers,608.0,19.0,10,100000,No,No,Yes,USD
943,Twitter Followers - (30 days Refill) (REAL) (100-4k) (12H - 1K/Day),Twitter/X,Followers/Subscribers,Twitter - Followers,515.2,16.1,10,100000,No,No,Yes,USD
12868,Twitter - Likes || HQ Real || 30 Days Refill || Instant || 3k/day,Twitter/X,Likes/Reactions,Twitter - Likes,134.4,4.2,10,3000,No,No,Yes,USD
3831,Twitter - Likes || 30 Days Refill | Instant,Twitter/X,Likes/Reactions,Twitter - Likes,480.0,15.0,100,100000,No,No,Yes,USD
5626,Twitter Likes [Max: 10K] [Refill: No] [Start Time: 0 - 1 Hour] [Speed: 10K/Day],Twitter/X,Likes/Reactions,Twitter - Likes,69.7856,2.1808,100,100000,No,Yes,Yes,USD
4624,Twitter Likes - (No Refill) (0-12H - 2.5K/Day),Twitter/X,Likes/Reactions,Twitter - Likes,146.6048,4.5814,10,10000,No,No,Yes,USD
5673,Twitter - Retweet || 30 Day Refill || 2k/Day,Twitter/X,Shares,Twitter - Retweets,312.0,9.75,100,2000,No,No,Yes,USD
5674,Twitter - Retweet || 30 Day Refill || 2k/Day || Accept ANY Content,Twitter/X,Shares,Twitter - Retweets,287.52,8.985,100,2000,No,No,Yes,USD
3836,Twitter - Retweets || 30 Days Refill || Instant,Twitter/X,Shares,Twitter - Retweets,960.0,30.0,100,100000,No,No,Yes,USD
5638,Twitter Retweets [Max: 5K] [Refill: No] [Start Time: 0 - 1 Hour] [Speed: 5K/Day] 💧,Twitter/X,Shares,Twitter - Retweets,67.6,2.1125,100,5000,No,No,Yes,USD
5639,Twitter Retweets [Refill: No] [Max 50K] [Start Time: 0 - 1 Hour] [Speed: 10K/Day],Twitter/X,Shares,Twitter - Retweets,69.6384,2.1762,100,100000,No,Yes,Yes,USD
4087,Twitter  Mentions (USER FOLLOWERS),Twitter/X,Followers/Subscribers,Twitter - Mentions,168.0,5.25,100,50000000,No,No,No,USD
962,Twitter - Custom Comments,Twitter/X,Comments,Twitter - Direct Message || Comments,1440.0,45.0,100,100000,No,No,No,USD
3859,Twitter Comments [USA 🇺🇸- Random] - [Max: 150] [Refill: 100 Days] [0 - 4 Hours - 150/Day],Twitter/X,Comments,Twitter - Direct Message || Comments,1383.2,43.225,5,4999,No,No,Yes,USD
3858,Twitter Comments [RANDOM] [UK 🇬🇧] - [Refill: No] [Max: 100] [0-12 Hours - 100/Day],Twitter/X,Comments,Twitter - Direct Message || Comments,1680.0,52.5,10,250,No,No,Yes,USD
3860,Twitter Comments [USA 🇺🇸- Custom] [Max: 150] [Refill: 100 Days] [0 - 4 Hours - 150/Day],Twitter/X,Comments,Twitter - Direct Message || Comments,1659.84,51.87,5,4999,No,No,No,USD
5666,Twitter Poll Votes - (No Refill) (0-1H - 20K/Day),Twitter/X,Votes,Twitter - Poll Votes,6.7616,0.2113,100,100000,No,No,Yes,USD
5688,Twitter Space Listeners [5 Minutes] [Max: 2.5K] [Start Time: 0 - 1 Hour] [Speed: 2.5K/Hour],Twitter/X,Other,Twitter - Space Listeners,15.6,0.4875,100,2500,No,No,Yes,USD
5689,Twitter Space Listeners [15 Minutes] [Max: 2.5K] [Start Time: 0 - 1 Hour] [Speed: 2.5K/Hour],Twitter/X,Other,Twitter - Space Listeners,46.8,1.4625,100,2500,No,No,Yes,USD
5690,Twitter Space Listeners [30 Minutes] [Max: 2.5K] [Start Time: 0 - 1 Hour] [Speed: 2.5K/Hour],Twitter/X,Other,Twitter - Space Listeners,93.6,2.925,100,2500,No,No,Yes,USD
5691,Twitter Space Listeners [45 Minutes] [Max: 2.5K] [Start Time: 0 - 1 Hour] [Speed: 2.5K/Hour],Twitter/X,Other,Twitter - Space Listeners,140.4,4.3875,100,2500,No,No,Yes,USD
5692,Twitter Space Listeners [60 Minutes] [Max: 2.5K] [Start Time: 0 - 1 Hour] [Speed: 2.5K/Hour],Twitter/X,Other,Twitter - Space Listeners,187.2,5.85,100,2500,No,No,Yes,USD
5693,Twitter Space Listeners [90 Minutes] [Max: 50K] [Start Time: 0 - 1 Hour] [Speed: 50K/Hour],Twitter/X,Other,Twitter - Space Listeners,49.92,1.56,50,10000,No,No,Yes,USD
5694,Twitter Space Listeners [120 Minutes] [Max: 50K] [Start Time: 0 - 1 Hour] [Speed: 50K/Hour],Twitter/X,Other,Twitter - Space Listeners,71.76,2.2425,50,5000,No,No,Yes,USD
5670,Twitter - Tweet Views || No Drop || Instant || 8M/Day,Twitter/X,Views/Plays,Twitter - Views / Impressions / Live / Bookmarks,0.784,0.0245,100,1000000,No,No,Yes,USD
5669,Twitter Tweet Views [Refill: No Drop] [Max: 50M] [Start Time: 0 - 1 Hours] [Speed: 5M/Day],Twitter/X,Views/Plays,Twitter - Views / Impressions / Live / Bookmarks,0.416,0.013,100,1000000,No,No,Yes,USD
3849,Twitter Video Views - [No Drop] [Max: 10M] [15 Minutes - 1M/Day],Twitter/X,Views/Plays,Twitter - Views / Impressions / Live / Bookmarks,0.3424,0.0107,100,9999999,No,No,Yes,USD
5667,Twitter - Impression | 30 Days Refill | 0-1H - 1M/Day,Twitter/X,Views/Plays,Twitter - Views / Impressions / Live / Bookmarks,0.784,0.0245,10,500000000,No,No,Yes,USD
3852,Twitter - Impression | 45 Days Refill | 0-1H - 10M/Day,Twitter/X,Views/Plays,Twitter - Views / Impressions / Live / Bookmarks,1.12,0.035,100,100000000,No,Yes,Yes,USD
965,Twitter Video Views - [10M] [R30] [INSTANT - 10M/Day],Twitter/X,Views/Plays,Twitter - Views / Impressions / Live / Bookmarks,4.864,0.152,100,50000000,No,No,Yes,USD
977,Twitter - Followers Package || 10K Followers || 30 Days Refill,Twitter/X,Followers/Subscribers,Twitter - Packages,4800.0,150.0,1,1,No,No,No,USD
979,Twitter - Followers Package || 10K Followers || No Refill || No Cancel/Refund,Twitter/X,Followers/Subscribers,Twitter - Packages,960.0,30.0,1,1,No,No,No,USD
981,Twitter - Trending Hashtag || Country Targeted || 1 Hour,Twitter/X,Packages,Twitter - Packages,9600.0,300.0,1,1,No,No,No,USD
982,Twitter - Trending Hashtag || Country Targeted || 2 Hours,Twitter/X,Packages,Twitter - Packages,12800.0,400.0,1,1,No,No,No,USD
12902,TikTok - Followers || 3K/Day || 30 Days Refill,TikTok,Followers/Subscribers,Tiktok - FOLLOWERS,31.2,0.975,10,100000000,No,Yes,No,USD
12323,TikTok - Followers || Mq || No Refill || Fast Delivery || 10k/Day,TikTok,Followers/Subscribers,Tiktok - FOLLOWERS,64.0,2.0,50,10000,No,No,Yes,USD
9425,TikTok - Followers || HQ || 30D Refill || Instant,TikTok,Followers/Subscribers,Tiktok - FOLLOWERS,106.88,3.34,10,100000,No,Yes,Yes,USD
12351,TikTok - Followers || Asian || No Refill || 10K/Day || Fast ||,TikTok,Followers/Subscribers,Tiktok - FOLLOWERS,56.0,1.75,100,10000000,No,No,Yes,USD
12353,TikTok - Followers || MQ || Emergency Fast,TikTok,Followers/Subscribers,Tiktok - FOLLOWERS,81.6,2.55,10,99999,No,Yes,Yes,USD
12283,TikTok - Followers || Good Quality || No Drop || Fast || No Refill || 2k/day,TikTok,Followers/Subscribers,Tiktok - FOLLOWERS,133.12,4.16,10,10000,No,Yes,Yes,USD
8892,TikTok - Followers || Real Quality || Fast || 3K-5K/Day,TikTok,Followers/Subscribers,Tiktok - FOLLOWERS,102.4,3.2,10,3000,No,Yes,No,USD
12609,TikTok - Followers || From your Livestream || 50K/Day || 30 Days Refill,TikTok,Live Stream Viewers,Tiktok - FOLLOWERS,31.7536,0.9923,10,1000000,No,Yes,Yes,USD
12299,TikTok - Likes || No Refill || Super Fast || 5K/Hour,TikTok,Likes/Reactions,TikTok - LIKES,5.12,0.16,10,10000000,No,Yes,Yes,USD
8890,TikTok - Likes || Medium quality || 15K/Day || 30 Days Refill,TikTok,Likes/Reactions,TikTok - LIKES,5.76,0.18,10,10000000,No,Yes,Yes,USD
12350,Tiktok - Like + Views || Real || Fast,TikTok,Views/Plays,TikTok - LIKES,8.64,0.27,10,100000,No,No,Yes,USD
12752,Tiktok - Like || Cheapest || Fast || NR || LQ,TikTok,Likes/Reactions,TikTok - LIKES,2.8288,0.0884,10,1000000,No,Yes,Yes,USD
10298,TikTok - Likes || HQ Profiles || 60K/Day,TikTok,Likes/Reactions,TikTok - LIKES,8.64,0.27,10,1000000,No,Yes,Yes,USD
5531,TikTok - Likes || 100K Max || 20K/Day || Best Speed,TikTok,Likes/Reactions,TikTok - LIKES,5.8752,0.1836,10,1000000,No,Yes,Yes,USD
12751,TikTok - Likes + Views || 100K Max || 20K/Day || Best Speed || 30D Refill,TikTok,Views/Plays,TikTok - LIKES,14.72,0.46,10,100000,No,Yes,Yes,USD
9391,TikTok - Video Views || 0-8H || 90 Days Refill,TikTok,Views/Plays,Tiktok - VIEWS,99.84,3.12,100,100000000,No,Yes,No,USD
10435,TikTok - Video Views || 1M/Day || Instant || Super Fast,TikTok,Views/Plays,Tiktok - VIEWS,0.5408,0.0169,1000,888888888,No,Yes,No,USD
3772,TikTok - Views | 30 Days Refill | Super Fast,TikTok,Views/Plays,Tiktok - VIEWS,0.832,0.026,100,100000000,No,Yes,No,USD
12298,TikTok - Live Stream Likes,TikTok,Live Stream Viewers,TikTok - Live Stream Views || Live Stream Likes || Battle Points,3.312,0.1035,100,100000000,No,No,Yes,USD
5576,TikTok - Live Likes || Max: 100K || Start Time: 0-1 Hour || Speed: 100K/Day,TikTok,Live Stream Viewers,TikTok - Live Stream Views || Live Stream Likes || Battle Points,19.36,0.605,100,10000000,No,No,Yes,USD
12322,TikTok - PK Battle Points || Non-Drop || Instant Start || 300M/Day,TikTok,Live Stream Viewers,TikTok - Live Stream Views || Live Stream Likes || Battle Points,7.744,0.242,100,1000000,No,No,Yes,USD
12303,TikTok - Live Stream Views || 15 Minutes,TikTok,Live Stream Viewers,TikTok - Live Stream Views || Live Stream Likes || Battle Points,19.2,0.6,50,50000,No,No,Yes,USD
12304,TikTok - Live Stream Views || 30 Minutes,TikTok,Live Stream Viewers,TikTok - Live Stream Views || Live Stream Likes || Battle Points,38.4,1.2,50,50000,No,No,Yes,USD
12305,TikTok - Live Stream Views || 60 Minutes,TikTok,Live Stream Viewers,TikTok - Live Stream Views || Live Stream Likes || Battle Points,76.8,2.4,50,50000,No,No,Yes,USD
12306,TikTok - Live Stream Views || 90 Minutes,TikTok,Live Stream Viewers,TikTok - Live Stream Views || Live Stream Likes || Battle Points,115.2,3.6,50,50000,No,No,Yes,USD
12307,TikTok - Live Stream Views || 180 Minutes,TikTok,Live Stream Viewers,TikTok - Live Stream Views || Live Stream Likes || Battle Points,230.4,7.2,50,50000,No,No,Yes,USD
12308,TikTok - Live Stream Views || 240 Minutes,TikTok,Live Stream Viewers,TikTok - Live Stream Views || Live Stream Likes || Battle Points,307.2,9.6,50,50000,No,No,Yes,USD
12309,TikTok - Live Stream Views || 360 Minutes,TikTok,Live Stream Viewers,TikTok - Live Stream Views || Live Stream Likes || Battle Points,460.8,14.4,50,50000,No,No,Yes,USD
9407,Tiktok - Views | JAPAN 🇯🇵 | 100K/Day | 0-1H | Super Fast ⭐⭐,TikTok,Views/Plays,TikTok - Targeted JAPAN 🇯🇵,320.0,10.0,100,50000000,No,No,Yes,USD
12777,TikTok - Comments || Content Related || Japan 🇯🇵,TikTok,Comments,TikTok - Targeted JAPAN 🇯🇵,712.8,22.275,10,5000,No,No,Yes,USD
9410,Tiktok - Views | KOREA 🇰🇷 | 100K/Day | 0-1H | Super Fast ⭐⭐,TikTok,Views/Plays,TikTok - Targeted KOREA 🇰🇷,344.064,10.752,500,50000000,No,No,No,USD
11742,TikTok - Followers | UKRAINE 🇺🇦 | 10K/Day | Refill 365 Days | High Quality ⭐,TikTok,Followers/Subscribers,TikTok - Targeted RUSSIA 🇷🇺,268.8,8.4,10,1000000,No,No,Yes,USD
11750,TikTok Real Followers | Lithuania 🇱🇹 | 10K/Day | Refill 365 Days | High Quality ⭐,TikTok,Followers/Subscribers,TikTok - Targeted RUSSIA 🇷🇺,268.8,8.4,50,100000,No,No,Yes,USD
11754,TikTok Real Followers | Turkmenistan 🇹🇲 | 10K/Day | Refill 365 Days | High Quality ⭐,TikTok,Followers/Subscribers,TikTok - Targeted RUSSIA 🇷🇺,268.8,8.4,10,1000000,No,No,Yes,USD
11755,TikTok Real Followers | Uzbekistan 🇺🇿 | 10K/Day | Refill 365 Days | High Quality ⭐,TikTok,Followers/Subscribers,TikTok - Targeted RUSSIA 🇷🇺,268.8,8.4,10,1000000,No,No,Yes,USD
4535,TikTok - Views | (ITALY 🇮🇹) (No Refill) (50-5M) (0-1H - 100K/Day),TikTok,Views/Plays,TikTok - Targeted ITALY 🇮🇹,7.0048,0.2189,100,50000000,No,No,Yes,USD
11041,TikTok - Views | (ITALY 🇮🇹) (No Drop) (INSTANT - 30 Minutes),TikTok,Views/Plays,TikTok - Targeted ITALY 🇮🇹,3.584,0.112,100,50000000,No,No,Yes,USD
11830,Tiktok - Followers | (ITALY 🇮🇹) (30 Days Refill) (100/Day) (0-12/H),TikTok,Followers/Subscribers,TikTok - Targeted ITALY 🇮🇹,225.888,7.059,10,20000,No,No,Yes,USD
12776,TikTok - Comments || Content Related || Italy 🇮🇹,TikTok,Comments,TikTok - Targeted ITALY 🇮🇹,712.8,22.275,10,5000,No,No,Yes,USD
5572,TikTok - Followers || Brazil 🇧🇷 || 30 Days Refill || 20-50K/Day || Instant,TikTok,Followers/Subscribers,TikTok - Targeted BRAZIL 🇧🇷,99.904,3.122,10,100000,No,Yes,Yes,USD
5573,TikTok - Followers || Brazil 🇧🇷 || 30 Days Auto Refill || 5-10K/Day || Instant,TikTok,Followers/Subscribers,TikTok - Targeted BRAZIL 🇧🇷,99.904,3.122,10,100000,No,Yes,Yes,USD
2748,TikTok - Followers || Brazil 🇧🇷 || Instant Start || 30D Refill,TikTok,Followers/Subscribers,TikTok - Targeted BRAZIL 🇧🇷,115.52,3.61,10,100000,No,Yes,Yes,USD
5571,TikTok - Followers || Brazil 🇧🇷 || Instant Start || 30D Refill || Max 100K,TikTok,Followers/Subscribers,TikTok - Targeted BRAZIL 🇧🇷,115.52,3.61,10,100000,No,Yes,Yes,USD
3795,TikTok - Likes || Brazil 🇧🇷 || Instant Start || Non Drop || No Refill || 10K/Day,TikTok,Likes/Reactions,TikTok - Targeted BRAZIL 🇧🇷,6.192,0.1935,10,1000000,No,Yes,Yes,USD
10913,TikTok - Likes || Brazil 🇧🇷 || Instant Start || Non Drop || 30D Refill || 10K/Day,TikTok,Likes/Reactions,TikTok - Targeted BRAZIL 🇧🇷,24.0,0.75,10,100000,No,Yes,Yes,USD
12748,TikTok - Likes + Views || Brazil 🇧🇷 || Instant Start || Non Drop || No Refill  || 30K/Day,TikTok,Views/Plays,TikTok - Targeted BRAZIL 🇧🇷,13.44,0.42,10,100000,No,Yes,Yes,USD
1025,TikTok - Likes + Views || Brazil 🇧🇷 || Instant Start || Non Drop || 30D Refill || 20K/Day,TikTok,Views/Plays,TikTok - Targeted BRAZIL 🇧🇷,16.32,0.51,10,100000,No,Yes,Yes,USD
2749,TikTok - Likes + Views || Brazil 🇧🇷 || Instant Start || Non Drop || 30D Refill || 30K/Day,TikTok,Views/Plays,TikTok - Targeted BRAZIL 🇧🇷,19.52,0.61,10,100000,No,Yes,Yes,USD
11866,TikTok - Followers | USA 🇺🇸 | No Drop | 30 Days Refill | 0-3H,TikTok,Followers/Subscribers,TikTok - Targeted USA 🇺🇸,132.96,4.155,10,10000,No,Yes,Yes,USD
11891,TikTok - Followers | USA🇺🇸 | 10/100k | 200/day,TikTok,Followers/Subscribers,TikTok - Targeted USA 🇺🇸,177.28,5.54,10,10000,No,Yes,Yes,USD
11892,TikTok - Followers | USA 🇺🇸 |,TikTok,Followers/Subscribers,TikTok - Targeted USA 🇺🇸,142.7104,4.4597,10,10000,No,Yes,No,USD
11863,TikTok - Likes | USA 🇺🇸 | 365 Days Refill,TikTok,Likes/Reactions,TikTok - Targeted USA 🇺🇸,21.28,0.665,100,100000,No,Yes,Yes,USD
11864,Tiktok - Likes | USA 🇺🇸 | 365 Days Refill | 20K/Days,TikTok,Likes/Reactions,TikTok - Targeted USA 🇺🇸,17.1616,0.5363,100,100000,No,Yes,Yes,USD
11867,TikTok - Likes | USA 🇺🇸 | No Drop | 30 Days Refill | 0-3H,TikTok,Likes/Reactions,TikTok - Targeted USA 🇺🇸,62.4,1.95,100,100000,No,Yes,Yes,USD
5599,TikTok - Shares || Instant || 30 Days Refill,TikTok,Shares,Tiktok - Shares / Saves / Downloads,3.5328,0.1104,10,10000000,No,Yes,Yes,USD
5601,TikTok - Shares || Instant || 30 Days Refill || 500K/Day,TikTok,Shares,Tiktok - Shares / Saves / Downloads,0.9536,0.0298,10,10000000,No,Yes,Yes,USD
3820,TikTok - Shares || 10 min start || 30 Days Refill || 500K/Day,TikTok,Shares,Tiktok - Shares / Saves / Downloads,0.7168,0.0224,10,10000000,No,Yes,Yes,USD
8887,TikTok - Saves || Max 10K || 5K-10K/Day || 30D Refill,TikTok,Shares,Tiktok - Shares / Saves / Downloads,8.96,0.28,10,100000000,No,Yes,No,USD
5603,TikTok Video Saves [Refill: 30 Days] [Max: 100K] [Start Time: 0-1 Hour] [Speed: 5K/Hour] 🔥♻️,TikTok,Shares,Tiktok - Shares / Saves / Downloads,4.16,0.13,10,100000,No,No,Yes,USD
5604,TikTok Video Download [Refill: 30 Days] [Max: 30K] [Start Time: 0-1 Hour] [Speed: 5K/Hour] 🔥♻️,TikTok,Shares,Tiktok - Shares / Saves / Downloads,7.8016,0.2438,50,30000,No,No,Yes,USD
1019,TikTok Shares Post - [60K] [R30] [1H - 1K/Day],TikTok,Shares,Tiktok - Shares / Saves / Downloads,115.2,3.6,100,500000,No,No,Yes,USD
5580,Tiktok Live Shares [Max: 100K] [Start Time: 0 - 1 Hours] [Speed: 100K/Day] 💧,TikTok,Shares,Tiktok - Shares / Saves / Downloads,26.0,0.8125,10,1000000,No,No,Yes,USD
12903,Tiktok - Saves | Fast,TikTok,Shares,Tiktok - Shares / Saves / Downloads,5.52,0.1725,10,10000000,No,Yes,No,USD
1072,Spotify - Free Plays | Lifetime Guaranteed,Spotify,Views/Plays,Spotify Plays,25.2928,0.7904,1000,500000,No,No,Yes,USD
1112,Spotify - Search Free Plays | Lifetime Guaranteed | 1-12 Hours,Spotify,Views/Plays,Spotify Plays,25.5232,0.7976,1000,500000,No,No,Yes,USD
5701,Spotify - Free Plays | Lifetime Guaranteed | 0-12 Hours,Spotify,Views/Plays,Spotify Plays,10.4832,0.3276,1000,500000,No,No,Yes,USD
12853,Spotify - Plays | Lifetime Guaranteed | 0-48 Hours,Spotify,Views/Plays,Spotify Plays,4.608,0.144,500,500000,No,No,Yes,USD
12854,Spotify - Plays | Lifetime Guaranteed | 0-12 Hours,Spotify,Views/Plays,Spotify Plays,12.288,0.384,500,500000,No,No,Yes,USD
12855,Spotify - Plays | 30 Days Refill | 1-12 Hours,Spotify,Views/Plays,Spotify Plays,27.1232,0.8476,1000,10000000,No,No,No,USD
12858,Spotify - Plays | Fast | Lifetime Guarantee | All Links | 0-24 Hours,Spotify,Views/Plays,Spotify Plays,14.848,0.464,500,500000,No,No,Yes,USD
12857,Spotify - Plays | 30 Days Refill | 1-12 Hours,Spotify,Views/Plays,Spotify Plays,30.72,0.96,1000,500000,No,No,Yes,USD
5703,Spotify - Free Playlist/Album Plays | Lifetime Guaranteed | 1-12 Hours,Spotify,Views/Plays,Spotify Plays,25.1616,0.7863,1000,500000,No,No,Yes,USD
1113,Spotify - Search Premium Plays |Lifetime Guaranteed | 1-12 Hours,Spotify,Views/Plays,Spotify Plays,25.5232,0.7976,1000,500000,No,No,Yes,USD
12860,Spotify - Premium Plays | 1-12H | 30 Days Refill,Spotify,Views/Plays,Spotify Plays,115.2,3.6,1000,1000000,No,No,No,USD
5707,Spotify - Premium Plays | Lifetime Guaranteed | 0-12 Hours,Spotify,Views/Plays,Spotify Plays,17.9104,0.5597,1000,500000,No,No,Yes,USD
1075,Spotify - Premium Plays | Lifetime | 1-12 Hours,Spotify,Views/Plays,Spotify Plays,56.448,1.764,20,500000,No,No,Yes,USD
5708,Spotify - Premium Playlist/Album Plays | Lifetime Guaranteed | 1-12 Hours,Spotify,Views/Plays,Spotify Plays,25.1616,0.7863,1000,500000,No,No,Yes,USD
12856,Spotify - Album Plays | Lifetime Guarantee | 1-24 Hours,Spotify,Views/Plays,Spotify Plays,13.312,0.416,500,500000,No,No,Yes,USD
1099,Spotify - Premium Playlist/Album Plays | Lifetime Guaranteed | 1-12 Hours,Spotify,Views/Plays,Spotify Plays,24.2592,0.7581,1000,500000,No,No,Yes,USD
1101,Spotify - Playlist Plays | Lifetime Guaranteed | 1-12 Hours,Spotify,Views/Plays,Spotify Plays,19.0976,0.5968,1000,500000,No,No,Yes,USD
1077,Spotify - Playlist Plays | Lifetime Guaranteed | 1-12 Hours,Spotify,Views/Plays,Spotify Plays,50.5824,1.5807,20,500000,No,No,Yes,USD
1084,Spotify - Playlist Plays | No Drop | 0-6 Hours,Spotify,Views/Plays,Spotify Plays,61.44,1.92,1000,500000,No,No,Yes,USD
3285,Spotify - Basic + Premium Plays (Through Playlists) | Lifetime Guaranteed |  2-4 Hours,Spotify,Views/Plays,Spotify Plays,84.0,2.625,1000,500000,No,No,Yes,USD
3286,Spotify - Basic Plays (Tier 1 Countries - Through Playlists) | Lifetime Guaranteed | 2 Hours,Spotify,Views/Plays,Spotify Plays,78.0,2.4375,1000,500000,No,No,Yes,USD
3287,Spotify - Premium Plays (Tier 1 Countries - Through Playlists) | Lifetime Guaranteed | 2 Hours,Spotify,Views/Plays,Spotify Plays,90.0,2.8125,1000,500000,No,No,Yes,USD
10301,Spotify - Playlist Plays | Premium | Lifetime Guarantee | Instant Start,Spotify,Views/Plays,Spotify Plays,28.224,0.882,1000,500000,No,No,Yes,USD
3865,Spotify - Plays | (USA + Latin America 🇺🇸),Spotify,Views/Plays,Spotify - (Targeted 🌎),11.76,0.3675,1000,100000000,No,No,Yes,USD
1134,Spotify - Plays | (FRANCE 🇫🇷) (Lifetime) (Start time: 12H) (Speed: 3K/Day),Spotify,Views/Plays,Spotify - (Targeted 🌎),21.504,0.672,500,10000000,No,No,Yes,USD
5772,Spotify - Followers | (BRAZIL 🇧🇷) (Refill: Lifetime) (Max: 250K) (Start Time: 0 - 8 Hours) (Speed: Up to 50K/Day),Spotify,Followers/Subscribers,Spotify - (Targeted 🌎),46.2816,1.4463,1000,250000,No,No,Yes,USD
1176,Spotify - Plays | (FRANCE 🇫🇷) (Lifetime) (Quantity: 1M) (Start Time: 6H) (Speed: 10K/Day),Spotify,Views/Plays,Spotify - (Targeted 🌎),163.84,5.12,100,1000000,No,No,Yes,USD
5773,Spotify - Followers | (🇨🇦 CANADA) (Refill: Lifetime) (Max: 250K) (Start Time: 0 - 8 Hours) (Speed: Up to 50K/Day),Spotify,Followers/Subscribers,Spotify - (Targeted 🌎),46.2816,1.4463,1000,250000,No,No,Yes,USD
5725,Spotify - Plays | (AUSTRALIA 🇦🇺) (Start time: 12H) (Speed: 3K/Day),Spotify,Views/Plays,Spotify - (Targeted 🌎),17.472,0.546,500,1000000,No,No,Yes,USD
5726,Spotify - Playlist Plays | (AUSTRALIA 🇦🇺) (Start time: 12H) (Speed: 3K/Day),Spotify,Views/Plays,Spotify - (Targeted 🌎),38.8768,1.2149,500,10000000,No,No,Yes,USD
5727,Spotify - Followers | (AUSTRALIA 🇦🇺) (Start time: 12H) (Speed:15K/Day),Spotify,Followers/Subscribers,Spotify - (Targeted 🌎),25.3344,0.7917,20,100000000,No,No,Yes,USD
1135,Spotify - Playlist Plays | (FRANCE 🇫🇷) (Lifetime) (Start time: 12H) (Speed: 3K/Day),Spotify,Views/Plays,Spotify - (Targeted 🌎),21.504,0.672,500,10000000,No,No,Yes,USD
5774,Spotify - Followers | (🇫🇷 FRANCE) (Refill: Lifetime) (Max: 250K) (Start Time: 0 - 8 Hours) (Speed: Up to 50K/Day),Spotify,Followers/Subscribers,Spotify - (Targeted 🌎),46.2816,1.4463,1000,250000,No,No,Yes,USD
1182,Spotify - Playlist Plays | (FRANCE 🇫🇷) (Lifetime) (Quantity: 1M) (Start Time: 6H) (Speed: 10K/Day),Spotify,Views/Plays,Spotify - (Targeted 🌎),163.84,5.12,1000,1000000,No,No,Yes,USD
5775,Spotify - Followers | (🇩🇪 GERMANY) (Refill: Lifetime) (Max: 250K) (Start Time: 0 - 8 Hours) (Speed: Up to 50K/Day),Spotify,Followers/Subscribers,Spotify - (Targeted 🌎),46.2816,1.4463,1000,250000,No,No,Yes,USD
1137,Spotify - Followers | (FRANCE 🇫🇷) (Lifetime) (Start time: 12H) (Speed:15K/Day),Spotify,Followers/Subscribers,Spotify - (Targeted 🌎),31.1808,0.9744,20,100000000,No,No,Yes,USD
5776,Spotify - Followers | (🇮🇹 ITALY) (Refill: Lifetime) (Max: 250K) (Start Time: 0 - 8 Hours) (Speed: Up to 50K/Day),Spotify,Followers/Subscribers,Spotify - (Targeted 🌎),46.2816,1.4463,1000,250000,No,No,Yes,USD
1170,Spotify - Followers | (FRANCE 🇫🇷) (No Refill) (Quantity: 100K) (Start time: 6H) (Speed: 5K/Day),Spotify,Followers/Subscribers,Spotify - (Targeted 🌎),163.84,5.12,100,100000,No,No,Yes,USD
5777,Spotify - Followers | (🇮🇳 INDIA) (Refill: Lifetime) (Max: 250K) (Start Time: 0 - 8 Hours) (Speed: Up to 50K/Day),Spotify,Followers/Subscribers,Spotify - (Targeted 🌎),46.2816,1.4463,1000,250000,No,No,Yes,USD
1171,Spotify - Followers | (FRANCE 🇫🇷) (PLAYLIST) (No Refill) (Quantity: 100K) (Start time: 6H) (Speed: 5K/Day),Spotify,Followers/Subscribers,Spotify - (Targeted 🌎),163.84,5.12,100,5000,No,No,Yes,USD
5778,Spotify - Followers | (🇳🇬 NIGERIA) (Refill: Lifetime) (Max: 250K) (Start Time: 0 - 8 Hours) (Speed: Up to 50K/Day),Spotify,Followers/Subscribers,Spotify - (Targeted 🌎),46.2816,1.4463,1000,250000,No,No,Yes,USD
1188,Spotify - Monthly Listeners | (FRANCE 🇫🇷) (No Refill) (Quantity: 1M),Spotify,Other,Spotify - (Targeted 🌎),163.84,5.12,20,1000000,No,No,Yes,USD
1139,Spotify - Plays | (BRAZIL 🇧🇷) (Lifetime) (Start time: 12H) (Speed: 3K/Day),Spotify,Views/Plays,Spotify - (Targeted 🌎),21.504,0.672,500,10000000,No,No,Yes,USD
1190,Spotify - Plays | (BRAZIL 🇧🇷) (Lifetime) (Quantity: 1M) (Start Time: 6H) (Speed: 10K/Day),Spotify,Views/Plays,Spotify - (Targeted 🌎),163.84,5.12,100,1000000,No,No,Yes,USD
1140,Spotify - Playlist Plays | (BRAZIL 🇧🇷) (Lifetime) (Start time: 12H) (Speed: 3K/Day),Spotify,Views/Plays,Spotify - (Targeted 🌎),21.504,0.672,500,10000000,No,No,Yes,USD
1191,Spotify - Playlist Plays | (BRAZIL 🇧🇷) (Lifetime) (Quantity: 1M) (Start Time: 6H) (Speed: 10K/Day),Spotify,Views/Plays,Spotify - (Targeted 🌎),163.84,5.12,100,1000000,No,No,Yes,USD
1193,Spotify - Followers | (BRAZIL 🇧🇷) (Quantity: 100K) (Start time: 6H) (Speed: 5K/Day),Spotify,Followers/Subscribers,Spotify - (Targeted 🌎),163.84,5.12,100,100000,No,No,Yes,USD
1142,Spotify - Followers | (BRAZIL 🇧🇷) (Lifetime) (Start time: 12H) (Speed:15K/Day),Spotify,Followers/Subscribers,Spotify - (Targeted 🌎),31.1808,0.9744,20,100000000,No,No,Yes,USD
1192,Spotify - Monthly Listeners | (BRAZIL 🇧🇷) (No Refill) (Quantity: 1M),Spotify,Other,Spotify - (Targeted 🌎),163.84,5.12,20,1000000,No,No,Yes,USD
1144,Spotify - Plays | (UK 🇬🇧) (Lifetime) (Start time: 12H) (Speed: 3K/Day),Spotify,Views/Plays,Spotify - (Targeted 🌎),21.504,0.672,500,1000000,No,No,Yes,USD
1173,Spotify - Plays | (UK 🇬🇧) (Lifetime) (Quantity: 1M) (Start Time: 6H) (Speed: 10K/Day),Spotify,Views/Plays,Spotify - (Targeted 🌎),163.84,5.12,100,1000000,No,No,Yes,USD
1145,Spotify - Playlist Plays | (UK 🇬🇧) (Lifetime) (Start time: 12H) (Speed: 3K/Day),Spotify,Views/Plays,Spotify - (Targeted 🌎),21.504,0.672,500,1000000,No,No,Yes,USD
1179,Spotify - Playlist Plays | (UK 🇬🇧) (Lifetime) (Quantity: 1M) (Start Time: 6H) (Speed: 10K/Day),Spotify,Views/Plays,Spotify - (Targeted 🌎),163.84,5.12,1000,1000000,No,No,Yes,USD
1147,Spotify - Followers | (UK 🇬🇧) (Lifetime) (Start time: 12H) (Speed:15K/Day),Spotify,Followers/Subscribers,Spotify - (Targeted 🌎),31.1808,0.9744,20,100000000,No,No,Yes,USD
1185,Spotify - Monthly Listeners | (UK 🇬🇧) (No Refill) (Quantity: 1M),Spotify,Other,Spotify - (Targeted 🌎),163.84,5.12,20,1000000,No,No,Yes,USD
1149,Spotify - Plays | (GERMANY 🇩🇪) (Lifetime) (Start time: 12H) (Speed: 3K/Day),Spotify,Views/Plays,Spotify - (Targeted 🌎),21.504,0.672,500,10000000,No,No,Yes,USD
1174,Spotify - Plays | (GERMANY 🇩🇪) (Lifetime) (Quantity: 1M) (Start Time: 6H) (Speed: 10K/Day),Spotify,Views/Plays,Spotify - (Targeted 🌎),163.84,5.12,100,1000000,No,No,Yes,USD
1150,Spotify - Playlist Plays | (GERMANY 🇩🇪) (Lifetime) (Start time: 12H) (Speed: 3K/Day),Spotify,Views/Plays,Spotify - (Targeted 🌎),21.504,0.672,500,10000000,No,No,Yes,USD
1180,Spotify - Playlist Plays | (GERMANY 🇩🇪) (Lifetime) (Quantity: 1M) (Start Time: 6H) (Speed: 10K/Day),Spotify,Views/Plays,Spotify - (Targeted 🌎),163.84,5.12,1000,1000000,No,No,Yes,USD
1152,Spotify - Followers | (GERMANY 🇩🇪) (Lifetime) (Start time: 12H) (Speed:15K/Day),Spotify,Followers/Subscribers,Spotify - (Targeted 🌎),31.1808,0.9744,20,100000000,No,No,Yes,USD
1186,Spotify - Monthly Listeners | (GERMANY 🇩🇪) (No Refill) (Quantity: 1M),Spotify,Other,Spotify - (Targeted 🌎),163.84,5.12,20,1000000,No,No,Yes,USD
1162,Spotify - Followers | (CANADA 🇨🇦) (Lifetime) (Start time: 12H) (Speed:15K/Day),Spotify,Followers/Subscribers,Spotify - (Targeted 🌎),31.1808,0.9744,20,100000000,No,No,Yes,USD
1175,Spotify - Plays | (CANADA 🇨🇦) (Lifetime) (Quantity: 1M) (Start Time: 6H) (Speed: 10K/Day),Spotify,Views/Plays,Spotify - (Targeted 🌎),163.84,5.12,100,1000000,No,No,Yes,USD
1181,Spotify - Playlist Plays | (CANADA 🇨🇦) (Lifetime) (Quantity: 1M) (Start Time: 6H) (Speed: 10K/Day),Spotify,Views/Plays,Spotify - (Targeted 🌎),163.84,5.12,1000,1000000,No,No,Yes,USD
1187,Spotify - Monthly Listeners | (CANADA 🇨🇦) (No Refill) (Quantity: 1M),Spotify,Other,Spotify - (Targeted 🌎),163.84,5.12,20,1000000,No,No,Yes,USD
1164,Spotify - Plays | (NETHERLANDS 🇳🇱) (Lifetime) (Start time: 12H) (Speed: 3K/Day),Spotify,Views/Plays,Spotify - (Targeted 🌎),21.504,0.672,500,10000000,No,No,Yes,USD
1177,Spotify - Plays | (NETHERLANDS 🇳🇱) (Lifetime) (Quantity: 1M) (Start Time: 6H) (Speed: 10K/Day),Spotify,Views/Plays,Spotify - (Targeted 🌎),163.84,5.12,100,1000000,No,No,Yes,USD
1165,Spotify - Playlist Plays | (NETHERLANDS 🇳🇱) (Lifetime) (Start time: 12H) (Speed: 3K/Day),Spotify,Views/Plays,Spotify - (Targeted 🌎),21.504,0.672,500,10000000,No,No,Yes,USD
1167,Spotify - Followers | (NETHERLANDS 🇳🇱) (Lifetime) (Start time: 12H) (Speed:15K/Day),Spotify,Followers/Subscribers,Spotify - (Targeted 🌎),31.1808,0.9744,20,100000000,No,No,Yes,USD
10949,Spotify Premium Plays | USA - Canada - Brazil | 30K/Day| Non Drop | Lifetime Refill♻️ |,Spotify,Views/Plays,Spotify - (Targeted 🌎),7.84,0.245,500,20000000,No,No,Yes,USD
10950,Spotify Premium Plays | Europe - England - Italy - Holland - Spain | 20K-30K/Day | Non Drop | Lifetime Refill♻️ |,Spotify,Views/Plays,Spotify - (Targeted 🌎),7.616,0.238,500,20000000,No,No,Yes,USD
10951,🇩🇪 Spotify Premium Plays | Germany | Non Drop | Life Time Guaranteed ♻️ |,Spotify,Views/Plays,Spotify - (Targeted 🌎),15.68,0.49,500,20000000,No,No,Yes,USD
10952,🇫🇷 Spotify Premium Plays | France | Non Drop | Life Time Guaranteed ♻️ |,Spotify,Views/Plays,Spotify - (Targeted 🌎),9.408,0.294,500,20000000,No,No,Yes,USD
10953,🇬🇧 Spotify Premium Plays | England | Non Drop | Life Time Guaranteed ♻️ |,Spotify,Views/Plays,Spotify - (Targeted 🌎),15.68,0.49,500,20000000,No,No,Yes,USD
10954,🇧🇷 Spotify Premium Plays | Brazil | Non Drop | Life Time Guaranteed ♻️ |,Spotify,Views/Plays,Spotify - (Targeted 🌎),9.408,0.294,500,20000000,No,No,Yes,USD
10956,🇨🇦 Spotify Premium Plays | Canada | Non Drop | Life Time Guaranteed ♻️ |,Spotify,Views/Plays,Spotify - (Targeted 🌎),9.408,0.294,500,20000000,No,No,Yes,USD
10957,🇵🇹 Spotify Premium Plays | Portugal | Non Drop | Life Time Guaranteed ♻️ |,Spotify,Views/Plays,Spotify - (Targeted 🌎),9.408,0.294,500,5000000,No,No,Yes,USD
10958,🇮🇪 Spotify Premium Plays | Ireland | Non Drop | Life Time Guaranteed ♻️ |,Spotify,Views/Plays,Spotify - (Targeted 🌎),9.408,0.294,500,20000000,No,No,Yes,USD
10959,🇪🇸 Spotify Premium Plays | Spain | Non Drop | Life Time Guaranteed ♻️ |,Spotify,Views/Plays,Spotify - (Targeted 🌎),9.408,0.294,500,20000000,No,No,Yes,USD
10960,🇦🇺 Spotify Premium Plays | Australia | Non Drop | Life Time Guaranteed ♻️ |,Spotify,Views/Plays,Spotify - (Targeted 🌎),9.408,0.294,500,5000000,No,No,Yes,USD
10961,🇲🇽 Spotify Premium Plays | Mexico | Non Drop | Life Time Guaranteed ♻️ |,Spotify,Views/Plays,Spotify - (Targeted 🌎),9.408,0.294,500,20000000,No,No,Yes,USD
10962,🇳🇴 Spotify Premium Plays | Norway | Non Drop | Life Time Guaranteed ♻️ |,Spotify,Views/Plays,Spotify - (Targeted 🌎),9.408,0.294,500,5000000,No,No,Yes,USD
10963,🇸🇪 Spotify Premium Plays | Sweden | Non Drop | Life Time Guaranteed ♻️ |,Spotify,Views/Plays,Spotify - (Targeted 🌎),9.408,0.294,500,20000000,No,No,Yes,USD
10964,🇨🇭 Spotify Premium Plays | Swiss | Non Drop | Life Time Guaranteed ♻️ |,Spotify,Views/Plays,Spotify - (Targeted 🌎),9.408,0.294,500,5000000,No,No,Yes,USD
10965,🇳🇱 Spotify Premium Plays | Holland | Non Drop | Life Time Guaranteed ♻️ |,Spotify,Views/Plays,Spotify - (Targeted 🌎),15.68,0.49,500,20000000,No,No,Yes,USD
10966,🇱🇺 Spotify Premium Plays | Luxembourg | Non Drop | Life Time Guaranteed ♻️ |,Spotify,Views/Plays,Spotify - (Targeted 🌎),9.408,0.294,500,5000000,No,No,Yes,USD
10967,🇩🇰 Spotify Premium Plays | Denmark | Non Drop | Life Time Guaranteed ♻️ |,Spotify,Views/Plays,Spotify - (Targeted 🌎),9.408,0.294,500,5000000,No,No,Yes,USD
10968,🇷🇴 Spotify Premium Plays | Romania | Non Drop | Life Time Guaranteed ♻️ |,Spotify,Views/Plays,Spotify - (Targeted 🌎),9.408,0.294,500,5000000,No,No,Yes,USD
10969,🇬🇷 Spotify Premium Plays | Greece | Non Drop | Life Time Guaranteed ♻️ |,Spotify,Views/Plays,Spotify - (Targeted 🌎),9.408,0.294,500,5000000,No,No,Yes,USD
1115,Spotify - Standard Package | (No Drop) (Min/Max 5K Plays + 500 Saves + 500 Follows) (Start time: 0-12H) (Speed:  500-1K/Day),Spotify,Packages,Spotify - Packages,258.048,8.064,1,1,No,No,No,USD
1120,Spotify Free Plays (USA 🇺🇸) - [Lifetime Guaranteed] [1k-1M] [12H - 3.5K/Day],Spotify,Views/Plays,Spotify - Targeted USA 🇺🇸,18.064,0.5645,1000,10000000,No,No,Yes,USD
3863,Spotify Free Plays  (USA 🇺🇸)  - [Lifetime Guaranteed] [1k-1M] [Start Time: 6-12 Hours] [Speed: 500/Day],Spotify,Views/Plays,Spotify - Targeted USA 🇺🇸,18.816,0.588,1000,1000000,No,No,Yes,USD
5695,Spotify Premium USA Plays [iOS / iPhone &amp;amp; iPad] [Refill: Lifetime] [Start Time:INSTANT] [Speed: Up to 3k/Day],Spotify,Views/Plays,Spotify - Targeted USA 🇺🇸,45.8656,1.4333,1000,1000000000,No,No,Yes,USD
5710,Spotify Premium ADS - USA Plays 🇺🇸 | Lifetime Guaranteed | 1-12H - 2K/Day |,Spotify,Views/Plays,Spotify - Targeted USA 🇺🇸,48.048,1.5015,1000,10000000,No,No,Yes,USD
1121,Spotify Plays (USA 🇺🇸) - [Lifetime Guaranteed] [1k-10M] [12H - 3.5K/Day],Spotify,Views/Plays,Spotify - Targeted USA 🇺🇸,22.5792,0.7056,1000,10000000,No,No,Yes,USD
5696,Spotify Premium USA Plays [ANDROID] [Refill: Lifetime] [Start Time:INSTANT] [Speed: Up to 3k/Day],Spotify,Views/Plays,Spotify - Targeted USA 🇺🇸,48.048,1.5015,1000,1000000000,No,No,Yes,USD
5711,🇺🇸 Spotify USA Premium Plays [Lifetime Guaranteed] [Max: 1M] [Start Time: 6-12 Hours] [Speed: 500/Day] ♻️,Spotify,Views/Plays,Spotify - Targeted USA 🇺🇸,19.6576,0.6143,1000,1000000,No,No,Yes,USD
1080,Spotify Plays  (USA 🇺🇸) - [1k-10M] [R∞],Spotify,Views/Plays,Spotify - Targeted USA 🇺🇸,41.6,1.3,500,10000000,No,No,Yes,USD
5697,Spotify Premium USA Plays [MacOS] [Refill: Lifetime] [Start Time:INSTANT] [Speed: Up to 3k/Day],Spotify,Views/Plays,Spotify - Targeted USA 🇺🇸,48.048,1.5015,1000,1000000000,No,No,Yes,USD
5712,🇺🇸 Spotify USA Premium Playlist/Album Plays [Lifetime Guaranteed] [Max: 1M] [Start Time: 1-12 Hours] [Speed: 3.5k/Day] ♻️,Spotify,Views/Plays,Spotify - Targeted USA 🇺🇸,20.4448,0.6389,1000,1000000,No,No,Yes,USD
5723,Spotify Monthly Listeners - USA 🇺🇸 | No Refill,Spotify,Other,Spotify - Targeted USA 🇺🇸,78.4,2.45,500,50000,No,No,No,USD
1082,Spotify Plays (USA 🇺🇸) - [No Refill] [50k-100M] [6H - 10K/Day],Spotify,Views/Plays,Spotify - Targeted USA 🇺🇸,46.08,1.44,50000,2147483647,No,No,Yes,USD
5698,Spotify Premium USA Plays [Windows] [Refill: Lifetime] [Start Time:INSTANT] [Speed: Up to 3k/Day],Spotify,Views/Plays,Spotify - Targeted USA 🇺🇸,48.048,1.5015,1000,1000000000,No,No,Yes,USD
5713,🇺🇸 Spotify USA Free Playlist/Album Plays [Lifetime Guaranteed] [💲Royalty Eligible] [Max: 1M] [Start Time: 0-6 Hours] [Speed: 3.5k/Day] ♻️,Spotify,Views/Plays,Spotify - Targeted USA 🇺🇸,23.0656,0.7208,1000,10000000,No,No,Yes,USD
5718,Spotify - Followers | (🇺🇸 USA) (Lifetime Guaranteed) (Max: 1M) (Start Time: 1-24 Hours) (Speed: 1K-6K/Day),Spotify,Followers/Subscribers,Spotify - Targeted USA 🇺🇸,70.2016,2.1938,1000,1000000,No,No,Yes,USD
1107,Spotify Plays (USA 🇺🇸) + WW [MIN 150M] [R∞],Spotify,Views/Plays,Spotify - Targeted USA 🇺🇸,48.384,1.512,150000000,350000000,No,No,Yes,USD
5699,Spotify Premium USA Plays [Apple TV &amp;amp; CarPlay] [Refill: Lifetime] [Start Time:INSTANT] [Speed: Up to 3k/Day],Spotify,Views/Plays,Spotify - Targeted USA 🇺🇸,48.048,1.5015,1000,1000000000,No,No,Yes,USD
5714,Spotify Premium Plays [🇺🇸 USA + WW] [Refill: Lifetime Guaranteed] [Max: 50M] [Start Time: Instant -1 Hour] [Speed: 100k / Day] ♻️,Spotify,Views/Plays,Spotify - Targeted USA 🇺🇸,24.0256,0.7508,1000,50000000,No,No,Yes,USD
5719,Spotify - Followers | (🇺🇸 USA) (Refill: No) (Max: 100K) (Start Time: 6 Hours) (Speed: 5K/Day),Spotify,Followers/Subscribers,Spotify - Targeted USA 🇺🇸,62.4,1.95,1000,1000000,No,No,Yes,USD
1108,Spotify Plays (USA 🇺🇸) + WW [MIN 15M] [R∞] [100K/Day],Spotify,Views/Plays,Spotify - Targeted USA 🇺🇸,116.1216,3.6288,1000000,350000000,No,No,Yes,USD
5700,Spotify Premium USA Plays [Consoles] [Refill: Lifetime] [Start Time:INSTANT] [Speed: Up to 3k/Day],Spotify,Views/Plays,Spotify - Targeted USA 🇺🇸,48.048,1.5015,1000,1000000000,No,No,Yes,USD
1109,Spotify Plays (USA 🇺🇸) + WW [MIN 50M] [R∞] [2M/Day],Spotify,Views/Plays,Spotify - Targeted USA 🇺🇸,77.4144,2.4192,1000000,350000000,No,No,Yes,USD
1110,Spotify Plays (USA 🇺🇸) + WW [MIN 150M] [R∞] [3M/Day],Spotify,Views/Plays,Spotify - Targeted USA 🇺🇸,116.1216,3.6288,150000000,350000000,No,No,Yes,USD
1111,Spotify Plays (USA 🇺🇸) + WW [MIN 1M] [R∞] [50K/Day],Spotify,Views/Plays,Spotify - Targeted USA 🇺🇸,28.3872,0.8871,300000,100000000,No,No,Yes,USD
1081,Spotify Playlist Plays (USA 🇺🇸) - [10M] [R∞] [EVEN SPLIT],Spotify,Views/Plays,Spotify - Targeted USA 🇺🇸,41.6,1.3,20000,10000000,No,No,Yes,USD
2752,Spotify Plays (USA 🇺🇸) + WW [SUPER SAFE] [MIN 100M] [R∞] [2M/Day],Spotify,Views/Plays,Spotify - Targeted USA 🇺🇸,84.0,2.625,100000000,150000000,No,No,Yes,USD
2753,Spotify Plays (USA 🇺🇸) + WW [SUPER SAFE] [10M] [ASK FOR SPEED BEFORE ORDER] [R∞] [2M/Day],Spotify,Views/Plays,Spotify - Targeted USA 🇺🇸,70.56,2.205,1000000,10000000,No,No,Yes,USD
1083,Spotify Album Plays (USA 🇺🇸) - [10M] [R∞],Spotify,Views/Plays,Spotify - Targeted USA 🇺🇸,41.6,1.3,10000,10000000,No,No,Yes,USD
3284,Spotify Plays (USA 🇺🇸) + WW [Max: 10K] [Start Time: 1 Hour] [Speed: 10K/Day],Spotify,Views/Plays,Spotify - Targeted USA 🇺🇸,21.7728,0.6804,1000,1000000000,No,No,Yes,USD
1122,Spotify Premium Plays (USA 🇺🇸) - [Lifetime Guaranteed] [1k-1M] [12H - 3.5K/Day],Spotify,Views/Plays,Spotify - Targeted USA 🇺🇸,24.2592,0.7581,1000,1000000,No,No,Yes,USD
1123,Spotify Playlist Plays (USA 🇺🇸) - [Lifetime Guaranteed] [1k-1M] [12H - 3.5K/Day],Spotify,Views/Plays,Spotify - Targeted USA 🇺🇸,19.0976,0.5968,1000,1000000,No,No,Yes,USD
1125,Spotify Playlist Followers (USA 🇺🇸) - [Lifetime Guaranteed] [20-100k] [12H - 50K/Day],Spotify,Followers/Subscribers,Spotify - Targeted USA 🇺🇸,28.9024,0.9032,20,100000,No,No,Yes,USD
1089,Spotify Playlist Followers (USA 🇺🇸) - [1k-1M] [R∞],Spotify,Followers/Subscribers,Spotify - Targeted USA 🇺🇸,86.4,2.7,1000,1000000,No,No,Yes,USD
1088,Spotify Followers (USA 🇺🇸) - [1M] [R∞] [Lifetime],Spotify,Followers/Subscribers,Spotify - Targeted USA 🇺🇸,86.4,2.7,1000,1000000,No,No,Yes,USD
1128,Spotify Quality Followers (USA 🇺🇸) - [10-100K] [12H - 3K/Day],Spotify,Followers/Subscribers,Spotify - Targeted USA 🇺🇸,28.9024,0.9032,20,100000,No,No,Yes,USD
1124,Spotify Monthly Listeners (USA 🇺🇸) - [No Refill] [1k-100k] [12H - 2.5K/Day],Spotify,Other,Spotify - Targeted USA 🇺🇸,51.6096,1.6128,500,15000,No,No,Yes,USD
1090,Spotify Premium Plays (USA 🇺🇸) - [1M] [R∞] [Lifetime],Spotify,Views/Plays,Spotify - Targeted USA 🇺🇸,89.6,2.8,10000,1000000,No,No,Yes,USD
1091,Spotify Premium Playlist/Album Plays (USA 🇺🇸) - [10M] [R∞] [Lifetime],Spotify,Views/Plays,Spotify - Targeted USA 🇺🇸,89.6,2.8,10000,10000000,No,No,Yes,USD
1127,Spotify Premium Saves (USA 🇺🇸) - [For Track] [Lifetime Guaranteed] [100-100k] [12H - 3K/Day],Spotify,Saves,Spotify - Targeted USA 🇺🇸,16.0,0.5,20,1000000,No,No,Yes,USD
1092,Spotify Saves [For Track/Album]  (USA 🇺🇸) - [1M] [R∞] [Lifetime],Spotify,Saves,Spotify - Targeted USA 🇺🇸,352.0,11.0,100,1000000,No,No,Yes,USD
1093,Spotify Premium Saves (USA 🇺🇸) - [1M] [R∞] [Lifetime],Spotify,Saves,Spotify - Targeted USA 🇺🇸,1280.0,40.0,500,1000000,No,No,Yes,USD
1094,Spotify Plays (USA 🇺🇸) - [50K Min] [10M] [R∞] [Lifetime],Spotify,Views/Plays,Spotify - Targeted USA 🇺🇸,38.4,1.2,50000,10000000,No,No,Yes,USD
1169,Spotify Followers (USA 🇺🇸) - [No Refill] [100K] [6H - 5K/Day],Spotify,Followers/Subscribers,Spotify - Targeted USA 🇺🇸,76.8,2.4,1000,100000,No,No,Yes,USD
1172,Spotify Plays (USA 🇺🇸) - [Non Drop] [1M] [1H - 100K/Day],Spotify,Views/Plays,Spotify - Targeted USA 🇺🇸,61.44,1.92,100,1000000,No,No,Yes,USD
1178,Spotify Playlist Plays (USA 🇺🇸) - [Lifetime] [1M] [6H - 10K/Day],Spotify,Views/Plays,Spotify - Targeted USA 🇺🇸,61.44,1.92,1000,1000000,No,No,Yes,USD
1154,Spotify - Plays | (ITALY 🇮🇹) (Lifetime Guaranteed) (Quantity: 500-100k) (Start time: 12H) (Speed: 3K/Day),Spotify,Views/Plays,Spotify - Targeted ITALY 🇮🇹,21.504,0.672,500,1000000,No,No,Yes,USD
1155,Spotify - Playlist Plays | (ITALY 🇮🇹) (Lifetime Guaranteed) (Quantity: 500-100k) (Start time: 12H) (Speed: 3K/Day),Spotify,Views/Plays,Spotify - Targeted ITALY 🇮🇹,21.504,0.672,500,1000000,No,No,Yes,USD
12914,Spotify - Monthly Listeners | Italy 🇮🇹,Spotify,Other,Spotify - Targeted ITALY 🇮🇹,58.8,1.8375,500,50000,No,No,No,USD
10955,Spotify - Premium Plays | Italy 🇮🇹 | Non Drop | Life Time Guaranteed ♻️ |,Spotify,Views/Plays,Spotify - Targeted ITALY 🇮🇹,4.8,0.15,500,20000000,No,No,Yes,USD
1157,Spotify - Followers | (ITALY 🇮🇹) (Lifetime Guaranteed) (Quantity: 500-100k) (Start time: 12H) (Speed:15K/Day),Spotify,Followers/Subscribers,Spotify - Targeted ITALY 🇮🇹,31.1808,0.9744,20,100000000,No,No,Yes,USD
5207,Spotify - Mix Plays | (🇰🇷 SOUTH KOREA) (Refill: Lifetime) (Max: 1M) (Start Time: 0 - 5 Hours) (Speed: Up to 8K/Day),Spotify,Views/Plays,Spotify - Unique Plays [Targeted],30.6816,0.9588,1000,1000000,No,No,Yes,USD
5751,Spotify - Mix Plays | (🇦🇹 AUSTRIA) (Refill: Lifetime) (Max: 1M) (Start Time: 0 - 5 Hours) (Speed: Up to 8K/Day),Spotify,Views/Plays,Spotify - Unique Plays [Targeted],30.6816,0.9588,1000,1000000,No,No,Yes,USD
5754,Spotify - Mix Plays | (🇨🇦 CANADA) (Refill: Lifetime) (Max: 1M) (Start Time: 0 - 5 Hours) (Speed: Up to 8K/Day),Spotify,Views/Plays,Spotify - Unique Plays [Targeted],30.6816,0.9588,1000,1000000,No,No,Yes,USD
5755,Spotify - Mix Plays | (🇨🇴 COLOMBIA) (Refill: Lifetime) (Max: 1M) (Start Time: 0 - 5 Hours) (Speed: Up to 8K/Day),Spotify,Views/Plays,Spotify - Unique Plays [Targeted],30.6816,0.9588,1000,1000000,No,No,Yes,USD
5756,Spotify - Mix Plays | (🇨🇷 COSTA RICA) (Refill: Lifetime) (Max: 1M) (Start Time: 0 - 5 Hours) (Speed: Up to 8K/Day),Spotify,Views/Plays,Spotify - Unique Plays [Targeted],30.6816,0.9588,1000,1000000,No,No,Yes,USD
5762,Spotify - Mix Plays | (🇮🇪 IRELAND) (Refill: Lifetime) (Max: 1M) (Start Time: 0 - 5 Hours) (Speed: Up to 8K/Day),Spotify,Views/Plays,Spotify - Unique Plays [Targeted],30.6816,0.9588,1000,1000000,No,No,Yes,USD
5763,Spotify - Mix Plays | (🇲🇽 MEXICO) (Refill: Lifetime) (Max: 1M) (Start Time: 0 - 5 Hours) (Speed: Up to 8K/Day),Spotify,Views/Plays,Spotify - Unique Plays [Targeted],30.6816,0.9588,1000,1000000,No,No,Yes,USD
5764,Spotify - Mix Plays | (🇳🇿 NEW ZEALAND) (Refill: Lifetime) (Max: 1M) (Start Time: 0 - 5 Hours) (Speed: Up to 8K/Day),Spotify,Views/Plays,Spotify - Unique Plays [Targeted],30.6816,0.9588,1000,1000000,No,No,Yes,USD
5765,Spotify - Mix Plays | (🇳🇱 NETHERLANDS) (Refill: Lifetime) (Max: 1M) (Start Time: 0 - 5 Hours) (Speed: Up to 8K/Day),Spotify,Views/Plays,Spotify - Unique Plays [Targeted],30.6816,0.9588,1000,1000000,No,No,Yes,USD
5766,Spotify - Mix Plays (🇵🇹 PORTUGAL) (Refill: Lifetime) (Max: 1M) (Start Time: 0 - 5 Hours) (Speed: Up to 8K/Day),Spotify,Views/Plays,Spotify - Unique Plays [Targeted],30.6816,0.9588,1000,1000000,No,No,Yes,USD
5767,Spotify - Mix Plays | (🇨🇭 SWITZERLAND) (Refill: Lifetime) (Max: 1M) (Start Time: 0 - 5 Hours) (Speed: Up to 8K/Day),Spotify,Views/Plays,Spotify - Unique Plays [Targeted],30.6816,0.9588,1000,1000000,No,No,Yes,USD
5768,Spotify - Mix Plays | (🇪🇸 SPAIN) (Refill: Lifetime) (Max: 1M) (Start Time: 0 - 5 Hours) (Speed: Up to 8K/Day),Spotify,Views/Plays,Spotify - Unique Plays [Targeted],30.6816,0.9588,1000,1000000,No,No,Yes,USD
5769,Spotify - Mix Plays | (🇸🇪 SWEDEN) (Refill: Lifetime) (Max: 1M) (Start Time: 0 - 5 Hours) (Speed: Up to 8K/Day),Spotify,Views/Plays,Spotify - Unique Plays [Targeted],30.6816,0.9588,1000,1000000,No,No,Yes,USD
5770,Spotify - Mix Plays | (🇺🇸 USA) (Refill: Lifetime) (Max: 1M) (Start Time: 0 - 5 Hours) (Speed: Up to 8K/Day),Spotify,Views/Plays,Spotify - Unique Plays [Targeted],30.6816,0.9588,1000,1000000,No,No,Yes,USD
5771,Spotify - Mix Plays | (🇬🇧 UK) (Refill: Lifetime) (Max: 1M) (Start Time: 0 - 5 Hours) (Speed: Up to 8K/Day),Spotify,Views/Plays,Spotify - Unique Plays [Targeted],30.6816,0.9588,1000,1000000,No,No,Yes,USD
10405,Spotify Mix Plays [🇦🇺 AUSTRALIA] [Refill: Lifetime] [Max: 1M] [Start Time: 0 - 12 Hours] [Speed: Up to 2K/Day],Spotify,Views/Plays,Spotify - Unique Plays [Targeted],24.4608,0.7644,500,1000000,No,No,Yes,USD
10406,Spotify Mix Plays [🇧🇪 BELGIUM] [Refill: Lifetime] [Max: 1M] [Start Time: 0 - 12 Hours] [Speed: Up to 2K/Day],Spotify,Views/Plays,Spotify - Unique Plays [Targeted],24.4608,0.7644,500,10000000,No,No,Yes,USD
10407,Spotify Mix Plays [🇧🇷 BRAZIL] [Refill: Lifetime] [Max: 1M] [Start Time: 0 - 12 Hours] [Speed: Up to 2K/Day],Spotify,Views/Plays,Spotify - Unique Plays [Targeted],24.4608,0.7644,500,10000000,No,No,Yes,USD
10408,Spotify Mix Plays [🇫🇷 FRANCE] [Refill: Lifetime] [Max: 1M] [Start Time: 0 - 12 Hours] [Speed: Up to 2K/Day],Spotify,Views/Plays,Spotify - Unique Plays [Targeted],24.4608,0.7644,500,10000000,No,No,Yes,USD
10409,Spotify Mix Plays [🇬🇧 UKs] [Refill: Lifetime] [Max: 1M] [Start Time: 0 - 12 Hours] [Speed: Up to 2K/Day],Spotify,Views/Plays,Spotify - Unique Plays [Targeted],24.4608,0.7644,500,1000000,No,No,Yes,USD
10410,Spotify Mix Plays [🇸🇪 SWEDEN] [Refill: Lifetime] [Max: 1M] [Start Time: 0 - 12 Hours] [Speed: Up to 2K/Day],Spotify,Views/Plays,Spotify - Unique Plays [Targeted],24.4608,0.7644,500,1000000,No,No,Yes,USD
10411,Spotify Mix Plays [🇪🇸 SPAIN] [Refill: Lifetime] [Max: 1M] [Start Time: 0 - 12 Hours] [Speed: Up to 2K/Day],Spotify,Views/Plays,Spotify - Unique Plays [Targeted],24.4608,0.7644,500,10000000,No,No,Yes,USD
10412,Spotify Mix Plays [🇳🇱 NETHERLANDS] [Refill: Lifetime] [Max: 1M] [Start Time: 0 - 12 Hours] [Speed: Up to 2K/Day],Spotify,Views/Plays,Spotify - Unique Plays [Targeted],24.4608,0.7644,500,10000000,No,No,Yes,USD
10413,Spotify Mix Plays - Italy 🇮🇹 | Lifetime | 0-12 H |,Spotify,Views/Plays,Spotify - Unique Plays [Targeted],26.88,0.84,1000,10000000,No,No,No,USD
10414,Spotify Mix Plays [🇲🇽 MEXICO] [Refill: Lifetime] [Max: 1M] [Start Time: 0 - 12 Hours] [Speed: Up to 2K/Day],Spotify,Views/Plays,Spotify - Unique Plays [Targeted],24.4608,0.7644,500,10000000,No,No,Yes,USD
10415,Spotify Mix Plays [🇦🇷 ARGENTINA] [Refill: Lifetime] [Max: 1M] [Start Time: 0 - 12 Hours] [Speed: Up to 2K/Day],Spotify,Views/Plays,Spotify - Unique Plays [Targeted],24.4608,0.7644,500,1000000,No,No,Yes,USD
10416,Spotify Mix Plays [🇳🇴 NORWAY] [Refill: Lifetime] [Max: 1M] [Start Time: 0 - 12 Hours] [Speed: Up to 2K/Day],Spotify,Views/Plays,Spotify - Unique Plays [Targeted],24.4608,0.7644,500,10000000,No,No,Yes,USD
10417,Spotify Mix Plays [🇩🇪 GERMANY] [Refill: Lifetime] [Max: 1M] [Start Time: 0 - 12 Hours] [Speed: Up to 2K/Day],Spotify,Views/Plays,Spotify - Unique Plays [Targeted],24.4608,0.7644,500,10000000,No,No,Yes,USD
10418,Spotify Mix Plays [🇨🇦 CANADA] [Refill: Lifetime] [Max: 1M] [Start Time: 0 - 12 Hours] [Speed: Up to 2K/Day],Spotify,Views/Plays,Spotify - Unique Plays [Targeted],24.4608,0.7644,500,10000000,No,No,Yes,USD
5206,Spotify - Plays + Monthly Listeners | (🇰🇷 SOUTH KOREA) (Refill: Lifetime) (Max: 500K) (Start Time: 2 - 8 Hours) (Speed: Up to 30K/Day),Spotify,Views/Plays,Spotify - Plays + Monthly Listeners [Targeted],103.4816,3.2338,1000,500000,No,No,Yes,USD
5729,Spotify - Plays + Monthly Listeners | (🇦🇹 AUSTRIA) (Refill: Lifetime) (Max: 500K) (Start Time: 2 - 8 Hours) (Speed: Up to 30K/Day),Spotify,Views/Plays,Spotify - Plays + Monthly Listeners [Targeted],103.4816,3.2338,1000,500000,No,No,Yes,USD
5730,Spotify - Plays + Monthly Listeners | (🇦🇺 AUSTRALIA) (Refill: Lifetime) (Max: 500K) (Start Time: 2 - 8 Hours) (Speed: Up to 30K/Day),Spotify,Views/Plays,Spotify - Plays + Monthly Listeners [Targeted],103.4816,3.2338,1000,500000,No,No,Yes,USD
5731,Spotify - Plays + Monthly Listeners | (🇦🇷 ARGENTINA) (Refill: Lifetime) (Max: 500K) (Start Time: 2 - 8 Hours) (Speed: Up to 30K/Day),Spotify,Views/Plays,Spotify - Plays + Monthly Listeners [Targeted],103.4816,3.2338,1000,500000,No,No,Yes,USD
5732,Spotify - Plays + Monthly Listeners | (🇧🇪 BELGIUM) (Refill: Lifetime) (Max: 500K) (Start Time: 2 - 8 Hours) (Speed: Up to 30K/Day),Spotify,Views/Plays,Spotify - Plays + Monthly Listeners [Targeted],103.4816,3.2338,1000,500000,No,No,Yes,USD
5733,Spotify - Plays + Monthly Listeners | (🇧🇷 BRAZIL) (Refill: Lifetime) (Max: 500K) (Start Time: 2 - 8 Hours) (Speed: Up to 30K/Day),Spotify,Views/Plays,Spotify - Plays + Monthly Listeners [Targeted],103.4816,3.2338,1000,500000,No,No,Yes,USD
5734,Spotify - Plays + Monthly Listeners | (🇨🇦 CANADA) (Refill: Lifetime) (Max: 500K) (Start Time: 2 - 8 Hours) (Speed: Up to 30K/Day),Spotify,Views/Plays,Spotify - Plays + Monthly Listeners [Targeted],103.4816,3.2338,1000,500000,No,No,Yes,USD
5735,Spotify - Plays + Monthly Listeners | (🇨🇴 COLOMBIA) (Refill: Lifetime) (Max: 500K) (Start Time: 2 - 8 Hours) (Speed: Up to 30K/Day),Spotify,Views/Plays,Spotify - Plays + Monthly Listeners [Targeted],103.4816,3.2338,1000,500000,No,No,Yes,USD
5736,Spotify - Plays + Monthly Listeners | (🇨🇷 COSTA RICA) (Refill: Lifetime) (Max: 500K) (Start Time: 2 - 8 Hours) (Speed: Up to 30K/Day),Spotify,Views/Plays,Spotify - Plays + Monthly Listeners [Targeted],103.4816,3.2338,1000,500000,No,No,Yes,USD
5737,Spotify - Plays + Monthly Listeners | (🇫🇷 FRANCE) (Refill: Lifetime) (Max: 500K) (Start Time: 2 - 8 Hours) (Speed: Up to 30K/Day),Spotify,Views/Plays,Spotify - Plays + Monthly Listeners [Targeted],103.4816,3.2338,1000,500000,No,No,Yes,USD
5738,Spotify - Plays + Monthly Listeners | (🇩🇪 GERMANY) (Refill: Lifetime) (Max: 500K) (Start Time: 2 - 8 Hours) (Speed: Up to 30K/Day),Spotify,Views/Plays,Spotify - Plays + Monthly Listeners [Targeted],103.4816,3.2338,1000,500000,No,No,Yes,USD
5739,Spotify - Plays + Monthly Listeners | (🇮🇹 ITALY) (Refill: Lifetime) (Max: 500K) (Start Time: 2 - 8 Hours) (Speed: Up to 30K/Day),Spotify,Views/Plays,Spotify - Plays + Monthly Listeners [Targeted],103.4816,3.2338,1000,500000,No,No,Yes,USD
5740,Spotify - Plays + Monthly Listeners | (🇮🇪 IRELAND) (Refill: Lifetime) (Max: 500K) (Start Time: 2 - 8 Hours) (Speed: Up to 30K/Day),Spotify,Views/Plays,Spotify - Plays + Monthly Listeners [Targeted],103.4816,3.2338,1000,500000,No,No,Yes,USD
5741,Spotify - Plays + Monthly Listeners | (🇺🇸 USA) (Refill: Lifetime) (Max: 500K) (Start Time: 2 - 8 Hours) (Speed: Up to 30K/Day),Spotify,Views/Plays,Spotify - Plays + Monthly Listeners [Targeted],103.4816,3.2338,1000,500000,No,No,Yes,USD
5742,Spotify - Plays + Monthly Listeners | (🇬🇧 UK) (Refill: Lifetime) (Max: 500K) (Start Time: 2 - 8 Hours) (Speed: Up to 30K/Day),Spotify,Views/Plays,Spotify - Plays + Monthly Listeners [Targeted],103.4816,3.2338,1000,500000,No,No,Yes,USD
5743,Spotify - Plays + Monthly Listeners | [🇪🇸 SPAIN) (Refill: Lifetime) (Max: 500K) (Start Time: 2 - 8 Hours) (Speed: Up to 30K/Day),Spotify,Views/Plays,Spotify - Plays + Monthly Listeners [Targeted],103.4816,3.2338,1000,500000,No,No,Yes,USD
5744,Spotify - Plays + Monthly Listeners | (🇲🇽 MEXICO) (Refill: Lifetime) (Max: 500K) (Start Time: 2 - 8 Hours) (Speed: Up to 30K/Day),Spotify,Views/Plays,Spotify - Plays + Monthly Listeners [Targeted],103.4816,3.2338,1000,500000,No,No,Yes,USD
5745,Spotify - Plays + Monthly Listeners | (🇳🇴 NORWAY) (Refill: Lifetime) (Max: 500K) (Start Time: 2 - 8 Hours) (Speed: Up to 30K/Day),Spotify,Views/Plays,Spotify - Plays + Monthly Listeners [Targeted],103.4816,3.2338,1000,500000,No,No,Yes,USD
5746,Spotify - Plays + Monthly Listeners | (🇳🇿 NEW ZEALAND) (Refill: Lifetime) (Max: 500K) (Start Time: 2 - 8 Hours) (Speed: Up to 30K/Day),Spotify,Views/Plays,Spotify - Plays + Monthly Listeners [Targeted],103.4816,3.2338,1000,500000,No,No,Yes,USD
5747,Spotify - Plays + Monthly Listeners | (🇵🇹 PORTUGAL) (Refill: Lifetime) (Max: 500K) (Start Time: 2 - 8 Hours) (Speed: Up to 30K/Day),Spotify,Views/Plays,Spotify - Plays + Monthly Listeners [Targeted],103.4816,3.2338,1000,500000,No,No,Yes,USD
5748,Spotify - Plays + Monthly Listeners | (🇨🇭 SWITZERLAND) (Refill: Lifetime) (Max: 500K) (Start Time: 2 - 8 Hours) (Speed: Up to 30K/Day),Spotify,Views/Plays,Spotify - Plays + Monthly Listeners [Targeted],103.4816,3.2338,1000,500000,No,No,Yes,USD
5749,Spotify - Plays + Monthly Listeners | (🇸🇪 SWEDEN) (Refill: Lifetime) (Max: 500K) (Start Time: 2 - 8 Hours) (Speed: Up to 30K/Day),Spotify,Views/Plays,Spotify - Plays + Monthly Listeners [Targeted],103.4816,3.2338,1000,500000,No,No,Yes,USD
5715,Spotify - Followers | (Refill: No) (Max: 1M) (Start Time: 0-1 Hour) (Speed: 50K/Day),Spotify,Followers/Subscribers,Spotify - Followers,24.512,0.766,20,100000,No,No,Yes,USD
5716,Spotify - Followers | (Refill: 90 Days) (Max: 1M) (Start Time: 0-1 Hour) (Speed: 50K/Day),Spotify,Followers/Subscribers,Spotify - Followers,28.4768,0.8899,20,100000,No,No,Yes,USD
5717,Spotify - Followers | (Refill: 365 Days) (Max: 1M) (Start Time: 0-1 Hour) (Speed: 50K/Day),Spotify,Followers/Subscribers,Spotify - Followers,32.8768,1.0274,20,100000,No,No,Yes,USD
1105,Spotify Playlist Followers - [1-12H - 1.5k-3k / Day] [Lifetime],Spotify,Followers/Subscribers,Spotify - Followers,28.9024,0.9032,20,100000,No,No,Yes,USD
3121,Spotify Playlist Followers - [1M] [NO GUARANTEE] [1H - 50K/Day],Spotify,Followers/Subscribers,Spotify - Followers,46.9664,1.4677,200,100000,No,No,Yes,USD
1076,Spotify User Followers - (Lifetime) (1-12H - 50K/Day),Spotify,Followers/Subscribers,Spotify - Followers,28.9024,0.9032,20,100000,No,No,Yes,USD
1087,Spotify Followers - [1M] [6H - 3K/Day],Spotify,Followers/Subscribers,Spotify - Followers,31.3152,0.9786,20,1000000,No,No,Yes,USD
1096,Spotify Followers - [PLAYLIST] [1M] [6H - 100K/Day],Spotify,Followers/Subscribers,Spotify - Followers,128.0,4.0,1000,1000000,No,No,Yes,USD
3120,Spotify Followers - [1M] [NO GUARANTEE] [1H - 50K/Day],Spotify,Followers/Subscribers,Spotify - Followers,46.9664,1.4677,200,100000,No,No,Yes,USD
1100,Spotify Quality Followers - [1-12H - 1.5k-3k / Day] [Lifetime],Spotify,Followers/Subscribers,Spotify - Followers,28.9024,0.9032,20,100000,No,No,Yes,USD
10300,👑 Spotify Followers | ♻️ 90 Days Refill | Max 500k | 30K/Day - ⚡Fast ✔️ Stable,Spotify,Followers/Subscribers,Spotify - Followers,17.024,0.532,100,100000000,No,No,Yes,USD
12861,Spotify - Followers | 1-6 Hours | 90 Day Refill,Spotify,Followers/Subscribers,Spotify - Followers,8.816,0.2755,100,1000000,No,No,Yes,USD
12862,Spotify - Followers | 1-6 Hours | Lifetime Guaranteed,Spotify,Followers/Subscribers,Spotify - Followers,11.248,0.3515,100,1000000,No,No,Yes,USD
12863,Spotify - Followers | Podcast | Show | 1-6 Hours | 365 Days Refill,Spotify,Followers/Subscribers,Spotify - Followers,11.248,0.3515,100,1000000,No,No,Yes,USD
5720,Spotify - Podcast Plays | (Lifetime) (START TIME: 1-12H) (SPEED: 10k/Day),Spotify,Views/Plays,Spotify - Podcast,13.1584,0.4112,1000,100000000,No,No,Yes,USD
10419,Spotify Podcast Plays [Lifetime Guaranteed] [Max: 10M] [Start Time: 1-12 Hours] [Speed: 10k/Day] ♻️,Spotify,Views/Plays,Spotify - Podcast,18.432,0.576,1000,10000000,No,No,No,USD
10421,Spotify - Podcast Plays ~ Speed 10k-50k/days ~ INSTANT,Spotify,Views/Plays,Spotify - Podcast,12.32,0.385,1000,100000000,No,No,Yes,USD
10422,Spotify - Podcast Premium Plays ~ Speed 10k-50k/days ~ INSTANT,Spotify,Views/Plays,Spotify - Podcast,68.608,2.144,1000,10000000,No,No,Yes,USD
3866,Spotify Podcast Plays - [Non-Drop] [Max: 10M] [Start: 1-12 Hours] [Speed: 500/Day],Spotify,Views/Plays,Spotify - Podcast,179.2,5.6,1000,10000000,No,No,Yes,USD
5722,Spotify - Monthly Listeners | Global | 30 Days Refill,Spotify,Other,Spotify - Monthly Listeners,57.12,1.785,500,50000,No,No,No,USD
1104,Spotify Monthly Listeners - [1-12H - 2.5k / Day] [No Refill],Spotify,Other,Spotify - Monthly Listeners,48.384,1.512,500,15000,No,No,Yes,USD
10423,Spotify Monthly Listeners | Lifetime Guarantee | 5-20K/Days | Fast | Stable,Spotify,Other,Spotify - Monthly Listeners,64.0,2.0,500,20000,No,No,Yes,USD
1102,Spotify Saves - For Track/Album/Episode - Instant,Spotify,Saves,Spotify - Saves,10.0,0.3125,100,1000000,No,No,No,USD
12705,Telegram - Channel/Group Members || Instant Start || High Speed || No Drop || 60 Days Refill,Telegram,Followers/Subscribers,Telegram - Members (Channel/Group),33.44,1.045,10,500000,No,Yes,Yes,USD
12252,Telegram - Channel/Group Members || Public/Private || 30 Days No Drop || Instant,Telegram,Followers/Subscribers,Telegram - Members (Channel/Group),48.0,1.5,10,200000,No,Yes,Yes,USD
12253,Telegram - Channel/Group Members || Public/Private || 30 Days No Drop || Instant || Mostly Female 👩🏻,Telegram,Followers/Subscribers,Telegram - Members (Channel/Group),73.6,2.3,50,10000,No,Yes,Yes,USD
12254,Telegram - Channel/Group Members || Public/Private || 30 Days No Drop || Instant || Mostly Male 👨🏻,Telegram,Followers/Subscribers,Telegram - Members (Channel/Group),71.36,2.23,50,15000,No,Yes,Yes,USD
12294,Telegram - Members || 0-1 HR Start || 5K/Day || 30 Days Refill,Telegram,Followers/Subscribers,Telegram - Members (Channel/Group),47.04,1.47,100,50000,No,No,Yes,USD
12295,Telegram - Channel/Group Members || Instant || 100k/Day || No Drop || 60 Days Refill,Telegram,Followers/Subscribers,Telegram - Members (Channel/Group),33.28,1.04,10,200000,No,Yes,Yes,USD
12296,Telegram - Channel/Group Members || Instant || 100k/Day || No Drop || 90 Days Refill,Telegram,Followers/Subscribers,Telegram - Members (Channel/Group),46.8,1.4625,10,200000,No,Yes,Yes,USD
7696,Telegram - Channel/Group Members | 25K/day | 0-30 Min | Medium Quality | Fast 🔥,Telegram,Followers/Subscribers,Telegram - Members (Channel/Group),31.68,0.99,10,500000,No,Yes,Yes,USD
7824,Telegram - Channel/Group Members | 100K/day | Instant | High Quality | Super Fast 🔥🔥🔥🔥,Telegram,Followers/Subscribers,Telegram - Members (Channel/Group),78.784,2.462,500,200000,No,Yes,Yes,USD
8243,Telegram Members || China 🇨🇳,Telegram,Followers/Subscribers,Telegram - Members (Country Targeted),49.92,1.56,50,100000,No,Yes,Yes,USD
6560,Telegram Members || China 🇨🇳 || Backup,Telegram,Followers/Subscribers,Telegram - Members (Country Targeted),30.912,0.966,500,200000,No,Yes,Yes,USD
8249,Telegram - Members | (English 🇬🇧) (Zero Drop) (Speed: 100k/day),Telegram,Followers/Subscribers,Telegram - Members (Country Targeted),41.408,1.294,500,100000,No,Yes,Yes,USD
12706,Telegram - Members || Israel 🇮🇱 || Instant Start || 30 Days Refill,Telegram,Followers/Subscribers,Telegram - Members (Country Targeted),72.0,2.25,100,10000,No,No,Yes,USD
8228,Telegram - Members | (USA 🇺🇸) (HQ FAST - Channel/Group) (R10) (Quantity: 80K) (Start time: 10H) (Speed: 50k+/day) (LOW% DROP),Telegram,Followers/Subscribers,Telegram - Members (Country Targeted),36.384,1.137,500,500000,No,Yes,Yes,USD
12707,Telegram - Members || India 🇮🇳 || Instant Start || 30 Days Refill,Telegram,Followers/Subscribers,Telegram - Members (Country Targeted),72.0,2.25,100,10000,No,No,Yes,USD
8241,Telegram - Channel Members |  (British 🇬🇧) (Real) (Max 20K),Telegram,Followers/Subscribers,Telegram - Members (Country Targeted),76.8,2.4,500,100000,No,No,Yes,USD
12708,Telegram - Members || China 🇨🇳 || Instant Start || 30 Days Refill,Telegram,Followers/Subscribers,Telegram - Members (Country Targeted),72.0,2.25,100,10000,No,No,Yes,USD
8221,Telegram - Members | (Europe 🇪🇺) (No Drop) (50K/D) (0-1/H),Telegram,Followers/Subscribers,Telegram - Members (Country Targeted),32.7712,1.0241,500,100000,No,Yes,Yes,USD
8220,Telegram - Members | India | No Drop | 30K/D | Instant,Telegram,Followers/Subscribers,Telegram - Members (Country Targeted),49.92,1.56,100,50000,Yes,Yes,Yes,USD
12892,Telegram Members || India 🇮🇳 || Guaranteed 3 days || No Restrictions,Telegram,Followers/Subscribers,Telegram Members India 🇮🇳,19.2,0.6,10,100000,No,Yes,No,USD
12893,Telegram Members || India 🇮🇳 || Guaranteed 7 days || No Restrictions,Telegram,Followers/Subscribers,Telegram Members India 🇮🇳,25.6,0.8,10,100000,No,Yes,No,USD
12894,Telegram Members || India 🇮🇳 || Guaranteed 14 days || No Restrictions,Telegram,Followers/Subscribers,Telegram Members India 🇮🇳,32.0,1.0,10,100000,No,Yes,No,USD
12895,Telegram Members || India 🇮🇳 || Guaranteed 30 days || No Restrictions,Telegram,Followers/Subscribers,Telegram Members India 🇮🇳,41.6,1.3,10,100000,No,Yes,No,USD
12896,Telegram Members || India 🇮🇳 || Guaranteed 60 days || No Restrictions,Telegram,Followers/Subscribers,Telegram Members India 🇮🇳,51.2,1.6,10,100000,No,Yes,No,USD
12897,Telegram Members || India 🇮🇳 || Guaranteed 90 days || No Restrictions,Telegram,Followers/Subscribers,Telegram Members India 🇮🇳,61.44,1.92,10,100000,No,Yes,No,USD
12889,Telegram Members || Ukraine 🇺🇦 || Guaranteed 30 days || No Restrictions,Telegram,Followers/Subscribers,Telegram Members Ukraine 🇺🇦,30.72,0.96,10,100000,No,Yes,No,USD
12890,Telegram Members || Ukraine 🇺🇦 || Guaranteed 60 days || No Restrictions,Telegram,Followers/Subscribers,Telegram Members Ukraine 🇺🇦,38.4,1.2,10,100000,No,Yes,No,USD
12891,Telegram Members || Ukraine 🇺🇦 || Guaranteed 90 days || No Restrictions,Telegram,Followers/Subscribers,Telegram Members Ukraine 🇺🇦,46.08,1.44,10,100000,No,Yes,No,USD
12709,Telegram - Members || Russia 🇷🇺 || Instant Start || 30 Days Refill,Telegram,Followers/Subscribers,Telegram Members Russia 🇷🇺,71.04,2.22,500,100000,No,Yes,Yes,USD
12090,Telegram Members || Russia 🇷🇺 || Guaranteed 30 days || No Restrictions,Telegram,Followers/Subscribers,Telegram Members Russia 🇷🇺,38.4,1.2,10,500000,No,No,Yes,USD
12091,Telegram Members || Russia 🇷🇺 || Guaranteed 60 days || No Restrictions,Telegram,Followers/Subscribers,Telegram Members Russia 🇷🇺,57.6,1.8,10,100000,No,No,Yes,USD
12092,Telegram Members || Russia 🇷🇺 || Guaranteed 90 days || No Restrictions,Telegram,Followers/Subscribers,Telegram Members Russia 🇷🇺,76.8,2.4,10,100000,No,No,Yes,USD
12093,Telegram Members || Russia 🇷🇺 || Guaranteed 180 days || No Restrictions,Telegram,Followers/Subscribers,Telegram Members Russia 🇷🇺,115.2,3.6,10,100000,No,No,Yes,USD
11831,Telegram - PREMIUM Members + Views | (7 Days Refill) ((0-1H - 20K/Day),Telegram,Followers/Subscribers,Telegram - PREMIUM Members,104.0,3.25,100,30000,No,No,Yes,USD
11859,Telegram - PREMIUM Members + Views | (HQ) (30 Days Refill) (not fast) (Speed: 20K/Day),Telegram,Followers/Subscribers,Telegram - PREMIUM Members,267.8016,8.3688,10,50000,No,Yes,Yes,USD
11858,Telegram - PREMIUM Members | (HQ) (90 Days Refill) (0-1H - 3.5K Max) (Speed: 3K/Day),Telegram,Followers/Subscribers,Telegram - PREMIUM Members,1040.0,32.5,10,100000,No,Yes,Yes,USD
12257,Telegram - Members Bot Start || Instant,Telegram,Followers/Subscribers,Telegram - Bot Start,38.4,1.2,20,1000000,No,Yes,Yes,USD
12898,Telegram - Members Bot Start || Instant || Cheap,Telegram,Followers/Subscribers,Telegram - Bot Start,12.8,0.4,100,1000000,No,Yes,Yes,USD
12710,Telegram - Bot Start || China 🇨🇳 || Referral Code Support || Instant Start,Telegram,Other,Telegram - Bot Start,39.68,1.24,15,1000000,No,Yes,Yes,USD
12712,Telegram - Bot Start || India 🇮🇳 || Referral Code Support || Instant Start,Telegram,Other,Telegram - Bot Start,40.32,1.26,15,1000000,No,Yes,Yes,USD
12713,Telegram - Bot Start || Vietnam 🇻🇳 || Referral Code Support || Instant Start,Telegram,Other,Telegram - Bot Start,40.8,1.275,100,300000,No,No,Yes,USD
12714,Telegram - Bot Start || Israel 🇮🇱 || Referral Code Support || Instant Start,Telegram,Other,Telegram - Bot Start,38.4,1.2,50,1000000,No,Yes,Yes,USD
12715,Telegram - Bot Start || UK 🇬🇧 || Referral Code Support || Instant Start,Telegram,Other,Telegram - Bot Start,40.8,1.275,100,300000,No,No,Yes,USD
12716,Telegram - Bot Start || Ukraine 🇺🇦 || Referral Code Support || Instant Start,Telegram,Other,Telegram - Bot Start,40.8,1.275,100,300000,No,No,Yes,USD
12717,Telegram - Bot Start || Arab 🌍 || Referral Code Support || Instant Start,Telegram,Other,Telegram - Bot Start,38.4,1.2,15,1000000,No,Yes,Yes,USD
12718,Telegram - Bot Start || Turkey 🇹🇷  || Referral Code Support || Instant Start,Telegram,Other,Telegram - Bot Start,40.128,1.254,50,100000,No,Yes,Yes,USD
12719,Telegram - Bot Start || Italy 🇮🇹 || Referral Code Support || Instant Start,Telegram,Other,Telegram - Bot Start,40.8,1.275,15,150000,No,Yes,Yes,USD
12720,Telegram - Bot Start || Germany 🇩🇪 || Referral Code Support || Instant Start,Telegram,Other,Telegram - Bot Start,32.0,1.0,15,1000000,No,Yes,No,USD
12721,Telegram - Bot Start || Indonesia 🇮🇩 || Referral Code Support || Instant Start,Telegram,Other,Telegram - Bot Start,40.8,1.275,100,300000,No,No,Yes,USD
12722,Telegram - Bot Start || Iran 🇮🇷 || Referral Code Support || Instant Start,Telegram,Other,Telegram - Bot Start,40.96,1.28,100,300000,No,No,Yes,USD
12723,Telegram - Bot Start || Uzbekistan 🇺🇿 || Referral Code Support || Instant Start,Telegram,Other,Telegram - Bot Start,40.96,1.28,100,300000,No,No,Yes,USD
12724,Telegram - Bot Start || USA 🇺🇸 || Referral Code Support || Instant Start,Telegram,Other,Telegram - Bot Start,38.4,1.2,100,1000000,No,Yes,Yes,USD
12725,Telegram - Bot Start || Kazakhstan 🇰🇿 || Referral Code Support || Instant Start,Telegram,Other,Telegram - Bot Start,40.96,1.28,100,300000,No,No,Yes,USD
12336,Telegram Bot Start || RUSSIA 🇷🇺 || 30K/Day,Telegram,Other,Telegram - Bot Start RUSSIA 🇷🇺,112.0,3.5,20,50000,No,Yes,Yes,USD
12337,Telegram Bot Start || RUSSIA 🇷🇺 || 35K/Day,Telegram,Other,Telegram - Bot Start RUSSIA 🇷🇺,12.192,0.381,50,350000,No,No,Yes,USD
12711,Telegram - Bot Start || Russia 🇷🇺 || Referral Code Support || Instant Start,Telegram,Other,Telegram - Bot Start RUSSIA 🇷🇺,40.8,1.275,100,300000,No,No,Yes,USD
12338,Telegram Premium Bot Start || RUSSIA 🇷🇺 || 5K/Day || 30 Days Premium ⭐️,Telegram,Other,Telegram - Bot Start RUSSIA 🇷🇺,360.0,11.25,10,30000,No,Yes,Yes,USD
12339,Telegram Premium Bot Start || RUSSIA 🇷🇺 || 5K/Day || 60 Days Premium ⭐️,Telegram,Other,Telegram - Bot Start RUSSIA 🇷🇺,220.8,6.9,1,50000,No,Yes,Yes,USD
12133,Telegram - Reactions || Instant || No Drop || Refill 30D || 👍,Telegram,Likes/Reactions,Telegram - Reactions,4.16,0.13,10,1000000,No,Yes,Yes,USD
12134,Telegram - Reactions || Instant || No Drop || Refill 30D || 👎,Telegram,Likes/Reactions,Telegram - Reactions,4.16,0.13,10,1000000,No,Yes,Yes,USD
12135,Telegram - Reactions || Instant || No Drop || Refill 30D || 🤝,Telegram,Likes/Reactions,Telegram - Reactions,4.16,0.13,10,1000000,No,Yes,Yes,USD
12136,Telegram - Reactions || Instant || No Drop || Refill 30D || ❤️,Telegram,Likes/Reactions,Telegram - Reactions,4.16,0.13,10,1000000,No,Yes,Yes,USD
12137,Telegram - Reactions || Instant || No Drop || Refill 30D || 🔥,Telegram,Likes/Reactions,Telegram - Reactions,4.16,0.13,10,1000000,No,Yes,Yes,USD
12138,Telegram - Reactions || Instant || No Drop || Refill 30D || 😂,Telegram,Likes/Reactions,Telegram - Reactions,4.16,0.13,10,1000000,No,Yes,Yes,USD
12139,Telegram - Reactions || Instant || No Drop || Refill 30D || 😱,Telegram,Likes/Reactions,Telegram - Reactions,4.16,0.13,10,1000000,No,Yes,Yes,USD
12140,Telegram - Reactions || Instant || No Drop || Refill 30D || 🤣,Telegram,Likes/Reactions,Telegram - Reactions,4.16,0.13,10,1000000,No,Yes,Yes,USD
12141,Telegram - Reactions || Instant || No Drop || Refill 30D || 😍,Telegram,Likes/Reactions,Telegram - Reactions,4.16,0.13,10,1000000,No,Yes,Yes,USD
12142,Telegram - Reactions || Instant || No Drop || Refill 30D ||⚡️,Telegram,Likes/Reactions,Telegram - Reactions,4.16,0.13,10,1000000,No,Yes,Yes,USD
12143,Telegram - Reactions || Instant || No Drop || Refill 30D || 🎉,Telegram,Likes/Reactions,Telegram - Reactions,4.16,0.13,10,1000000,No,Yes,Yes,USD
12144,Telegram - Reactions || Instant || No Drop || Refill 30D || 🤩,Telegram,Likes/Reactions,Telegram - Reactions,4.16,0.13,10,1000000,No,Yes,Yes,USD
12145,Telegram - Reactions || Instant || No Drop || Refill 30D || 😁,Telegram,Likes/Reactions,Telegram - Reactions,4.16,0.13,10,1000000,No,Yes,Yes,USD
12147,Telegram - Reactions || Instant || No Drop || Refill 30D ||👌🏻,Telegram,Likes/Reactions,Telegram - Reactions,4.16,0.13,10,1000000,No,Yes,Yes,USD
12148,Telegram - Reactions || Instant || No Drop || Refill 30D || 😢,Telegram,Likes/Reactions,Telegram - Reactions,4.16,0.13,10,1000000,No,Yes,Yes,USD
12149,Telegram - Reactions || Instant || No Drop || Refill 30D || 💩,Telegram,Likes/Reactions,Telegram - Reactions,4.16,0.13,10,1000000,No,Yes,Yes,USD
12150,Telegram - Reactions || Instant || No Drop || Refill 30D || 🤮,Telegram,Likes/Reactions,Telegram - Reactions,4.16,0.13,10,1000000,No,Yes,Yes,USD
12151,Telegram - Reactions || Instant || No Drop || Refill 30D || 🖕,Telegram,Likes/Reactions,Telegram - Reactions,4.16,0.13,10,1000000,No,Yes,Yes,USD
12152,Telegram - Reactions || Instant || No Drop || Refill 30D || 😐,Telegram,Likes/Reactions,Telegram - Reactions,4.16,0.13,10,1000000,No,Yes,Yes,USD
12153,Telegram - Reactions || Instant || No Drop || Refill 30D || 😭,Telegram,Likes/Reactions,Telegram - Reactions,4.16,0.13,10,1000000,No,Yes,Yes,USD
12154,Telegram - Reactions || Instant || No Drop || Refill 30D || 💯,Telegram,Likes/Reactions,Telegram - Reactions,4.16,0.13,10,1000000,No,Yes,Yes,USD
12156,Telegram - Reactions || Instant || No Drop || Refill 30D || 🍾,Telegram,Likes/Reactions,Telegram - Reactions,4.16,0.13,10,1000000,No,Yes,Yes,USD
12157,Telegram - Reactions || Instant || No Drop || Refill 30D || 🗿,Telegram,Likes/Reactions,Telegram - Reactions,4.16,0.13,10,1000000,No,Yes,Yes,USD
12158,Telegram - Reactions || Instant || No Drop || Refill 30D || 👻,Telegram,Likes/Reactions,Telegram - Reactions,4.16,0.13,10,1000000,No,Yes,Yes,USD
12159,Telegram - Reactions || Instant || No Drop || Refill 30D || 👀,Telegram,Likes/Reactions,Telegram - Reactions,4.16,0.13,10,1000000,No,Yes,Yes,USD
12146,Telegram - Reactions || Instant || No Drop || Refill 30D || 🙏,Telegram,Likes/Reactions,Telegram - Reactions,20.8,0.65,10,1000000,No,Yes,Yes,USD
12155,Telegram - Reactions || Instant || No Drop || Refill 30D || 🤬,Telegram,Likes/Reactions,Telegram - Reactions,20.8,0.65,10,1000000,No,Yes,Yes,USD
12160,Telegram - POSITIVE Reactions || Instant || No Drop || Refill 30D || 👍🤩🎉🔥❤️🥰👏🏻,Telegram,Likes/Reactions,Telegram - Reactions,2.08,0.065,10,1000000,No,Yes,Yes,USD
12161,Telegram - NEGATIVE Reactions || Instant || No Drop || Refill 30D || 👎😢💩🤮🤬,Telegram,Likes/Reactions,Telegram - Reactions,2.08,0.065,10,1000000,No,Yes,Yes,USD
12191,Telegram - PREMIUM Reactions || Instant || No Drop || Refill 30D || 🐳,Telegram,Likes/Reactions,Telegram - Reactions,4.32,0.135,10,200000,No,No,Yes,USD
12192,Telegram - PREMIUM Reactions || Instant || No Drop || Refill 30D || 💯,Telegram,Likes/Reactions,Telegram - Reactions,4.32,0.135,10,200000,No,No,Yes,USD
12193,Telegram - PREMIUM Reactions || Instant || No Drop || Refill 30D || ❤️‍🔥,Telegram,Likes/Reactions,Telegram - Reactions,4.32,0.135,10,1000000,No,No,Yes,USD
12194,Telegram - PREMIUM Reactions || Instant || No Drop || Refill 30D || 🤡,Telegram,Likes/Reactions,Telegram - Reactions,4.32,0.135,10,1000000,No,Yes,Yes,USD
12195,Telegram - PREMIUM Reactions || Instant || No Drop || Refill 30D || 🐳,Telegram,Likes/Reactions,Telegram - Reactions,4.32,0.135,10,200000,No,No,Yes,USD
12196,Telegram - PREMIUM Reactions || Instant || No Drop || Refill 30D ||⚡️,Telegram,Likes/Reactions,Telegram - Reactions,4.32,0.135,10,1000000,No,Yes,Yes,USD
12197,Telegram - PREMIUM Reactions || Instant || No Drop || Refill 30D || 🏆,Telegram,Likes/Reactions,Telegram - Reactions,4.928,0.154,10,200000,No,No,Yes,USD
12198,Telegram - PREMIUM Reactions || Instant || No Drop || Refill 30D || 🍓,Telegram,Likes/Reactions,Telegram - Reactions,4.928,0.154,10,200000,No,No,Yes,USD
12199,Telegram - PREMIUM Reactions || Instant || No Drop || Refill 30D || 🎃,Telegram,Likes/Reactions,Telegram - Reactions,4.32,0.135,10,200000,No,No,Yes,USD
12200,Telegram - PREMIUM Reactions || Instant || No Drop || Refill 30D || 🍾,Telegram,Likes/Reactions,Telegram - Reactions,4.32,0.135,10,1000000,No,No,Yes,USD
12201,Telegram - PREMIUM Reactions || Instant || No Drop || Refill 30D || 💋,Telegram,Likes/Reactions,Telegram - Reactions,4.928,0.154,10,200000,No,No,Yes,USD
12202,Telegram - PREMIUM Reactions || Instant || No Drop || Refill 30D || 🥱,Telegram,Likes/Reactions,Telegram - Reactions,4.32,0.135,10,200000,No,No,Yes,USD
12203,Telegram - PREMIUM Reactions || Instant || No Drop || Refill 30D || 🥴,Telegram,Likes/Reactions,Telegram - Reactions,4.32,0.135,10,200000,No,No,Yes,USD
12204,Telegram - PREMIUM Reactions || Instant || No Drop || Refill 30D || 🍌,Telegram,Likes/Reactions,Telegram - Reactions,4.32,0.135,10,200000,No,No,Yes,USD
12205,Telegram - PREMIUM Reactions || Instant || No Drop || Refill 30D || 💔,Telegram,Likes/Reactions,Telegram - Reactions,4.32,0.135,10,200000,No,No,Yes,USD
12206,Telegram - PREMIUM Reactions || Instant || No Drop || Refill 30D || 😈,Telegram,Likes/Reactions,Telegram - Reactions,4.32,0.135,10,1000000,No,No,Yes,USD
12207,Telegram - PREMIUM Reactions || Instant || No Drop || Refill 30D || 🌚,Telegram,Likes/Reactions,Telegram - Reactions,4.32,0.135,10,1000000,No,No,Yes,USD
12208,Telegram - PREMIUM Reactions || Instant || No Drop || Refill 30D || 😴,Telegram,Likes/Reactions,Telegram - Reactions,4.32,0.135,10,1000000,No,No,Yes,USD
12209,Telegram - PREMIUM Reactions || Instant || No Drop || Refill 30D || 🤓,Telegram,Likes/Reactions,Telegram - Reactions,4.32,0.135,10,200000,No,No,Yes,USD
12210,Telegram - PREMIUM Reactions || Instant || No Drop || Refill 30D || 👨,Telegram,Likes/Reactions,Telegram - Reactions,4.32,0.135,10,200000,No,No,Yes,USD
12211,Telegram - POSITIVE PREMIUM Reactions || Instant || No Drop || Refill 30D || 💯❤️‍🔥🤡🕊🐳,Telegram,Likes/Reactions,Telegram - Reactions,4.32,0.135,10,1000000,No,No,Yes,USD
12212,Telegram - NEGATIVE PREMIUM Reactions || Instant || No Drop || Refill 30D || 🥱🥴🌚🍌💔🤨😐🖕😈,Telegram,Likes/Reactions,Telegram - Reactions,0.5504,0.0172,10,200000,No,Yes,Yes,USD
7780,Telegram - Views | High Quality | Instant | SuperFast | 1 Post,Telegram,Views/Plays,Telegram - VIEWS,3.9904,0.1247,10,3000000,No,No,Yes,USD
7783,Telegram - Views | High Quality | Instant | SuperFast | Last 5 Post,Telegram,Views/Plays,Telegram - VIEWS,11.84,0.37,10,90000000,No,No,Yes,USD
7787,Telegram - Views | High Quality | Instant | SuperFast | Last 10 Post,Telegram,Views/Plays,Telegram - VIEWS,18.88,0.59,100,8000000,No,No,Yes,USD
7791,Telegram - Views | High Quality | Instant | SuperFast | Last 20 Post,Telegram,Views/Plays,Telegram - VIEWS,36.128,1.129,100,1000000,No,No,Yes,USD
7795,Telegram - Views | High Quality | Instant | SuperFast | Last 50 Post 🔥,Telegram,Views/Plays,Telegram - VIEWS,89.28,2.79,100,2000000,No,No,Yes,USD
7798,Telegram - Views | High Quality | Instant | SuperFast | Last 100 Post 🔥🔥,Telegram,Views/Plays,Telegram - VIEWS,187.136,5.848,100,200000,No,No,Yes,USD
7800,Telegram - Views | High Quality | Instant | SuperFast | Last 200 Post 🔥🔥🔥,Telegram,Views/Plays,Telegram - VIEWS,128.0,4.0,100,3000000,No,Yes,Yes,USD
7801,Telegram - Views | High Quality | Instant | SuperFast | Last 500 Post 🔥🔥🔥🔥,Telegram,Views/Plays,Telegram - VIEWS,133.28,4.165,100,3000000,No,Yes,Yes,USD
8118,Telegram - Views | (USA 🇺🇸) (No drop) (Lifetime Refill) (100M) (Speed: 1M/Day),Telegram,Views/Plays,Telegram - Views (Country Targeted),3.2928,0.1029,100,100000000,No,No,Yes,USD
8192,Telegram - AUTO Views | (USA 🇺🇸) (Post) (With Statistics) (Start time: 0 - 5 Minutes) (Speed: Fast),Telegram,Views/Plays,Telegram - Auto Views (Country Targeted),2.496,0.078,10,180000,No,No,No,USD
8193,Telegram - AUTO Views | (INDIA 🇮🇳) (Post) (With Statistics) (Start time: 0 - 5 Minutes) (Speed: Fast),Telegram,Views/Plays,Telegram - Auto Views (Country Targeted),2.496,0.078,50,200000,No,No,No,USD
8194,Telegram - AUTO Views | (RUSSIA 🇷🇺) (Post) (With Statistics) (Start time: 0 - 5 Minutes) (Speed: Fast),Telegram,Views/Plays,Telegram - Auto Views (Country Targeted),5.9904,0.1872,10,250000,No,No,No,USD
8195,Telegram - AUTO Views | (UKRAINE 🇺🇦) (Post) (With Statistics) (Start time: 0 - 5 Minutes) (Speed: Fast),Telegram,Views/Plays,Telegram - Auto Views (Country Targeted),2.9952,0.0936,50,10000,No,No,No,USD
8196,Telegram - AUTO Views | (INDONESIA 🇮🇩) (Post) (With Statistics) (Start time: 0 - 5 Minutes) (Speed: Fast),Telegram,Views/Plays,Telegram - Auto Views (Country Targeted),2.496,0.078,50,100000,No,Yes,No,USD
8202,Telegram - AUTO Views | (USA 🇺🇸) (Real) (From Search + Statistics - For Channel Grow On Search) (Start time: 0 - 5 Minutes) (Speed: Fast),Telegram,Views/Plays,Telegram - Auto Views (Country Targeted),5.6256,0.1758,10,1000000,No,No,No,USD
8203,Telegram - AUTO Views | (INDIA 🇮🇳) (Real) (From Search + Statistics - For Channel Grow On Search) (Start time: 0 - 5 Minutes) (Speed: Fast),Telegram,Views/Plays,Telegram - Auto Views (Country Targeted),3.68,0.115,50,100000,No,Yes,No,USD
8204,Telegram - AUTO Views | (RUSSIA 🇷🇺) (Real) (From Search + Statistics - For Channel Grow On Search) (Start time: 0 - 5 Minutes) (Speed: Fast),Telegram,Views/Plays,Telegram - Auto Views (Country Targeted),3.68,0.115,50,100000,No,Yes,No,USD
8205,Telegram - AUTO Views | (ARAB 🇸🇦) (Real) (From Search + Statistics - For Channel Grow On Search) (Start time: 0 - 5 Minutes) (Speed: Fast),Telegram,Views/Plays,Telegram - Auto Views (Country Targeted),3.68,0.115,50,50000,No,Yes,No,USD
8206,Telegram - AUTO Views | (CHINA 🇨🇳) (Real) (From Search + Statistics - For Channel Grow On Search) (Start time: 0 - 5 Minutes) (Speed: Fast),Telegram,Views/Plays,Telegram - Auto Views (Country Targeted),3.68,0.115,50,100000,No,Yes,No,USD
8207,Telegram - AUTO Views | (TURKEY 🇹🇷) (Real) (From Search + Statistics - For Channel Grow On Search) (Start time: 0 - 5 Minutes) (Speed: Fast),Telegram,Views/Plays,Telegram - Auto Views (Country Targeted),3.68,0.115,50,100000,No,Yes,No,USD
8208,Telegram - AUTO Views | (ITALY 🇮🇹) (Real) (From Search + Statistics - For Channel Grow On Search) (Start time: 0 - 5 Minutes) (Speed: Fast),Telegram,Views/Plays,Telegram - Auto Views (Country Targeted),3.68,0.115,50,50000,No,Yes,No,USD
8209,Telegram - AUTO Views | (Kazakhstan 🇰🇿) (Real) (From Search + Statistics - For Channel Grow On Search) (Start time: 0 - 5 Minutes) (Speed: Fast),Telegram,Views/Plays,Telegram - Auto Views (Country Targeted),3.68,0.115,50,50000,No,Yes,No,USD
8210,Telegram - AUTO Views | (UKRAINE 🇺🇦) (Real) (From Search + Statistics - For Channel Grow On Search) (Start time: 0 - 5 Minutes) (Speed: Fast),Telegram,Views/Plays,Telegram - Auto Views (Country Targeted),3.7536,0.1173,50,50000,No,No,No,USD
8211,Telegram - AUTO Views | (Uzbekistan 🇺🇿) (Real) (From Search + Statistics - For Channel Grow On Search) (Start time: 0 - 5 Minutes) (Speed: Fast),Telegram,Views/Plays,Telegram - Auto Views (Country Targeted),3.68,0.115,50,50000,No,Yes,No,USD
8212,Telegram - AUTO Views | (ISRAEL 🇮🇱) (Real) (From Search + Statistics - For Channel Grow On Search) (Start time: 0 - 5 Minutes) (Speed: Fast),Telegram,Views/Plays,Telegram - Auto Views (Country Targeted),3.68,0.115,50,100000,No,Yes,No,USD
8213,Telegram - AUTO Views | (GERMANY 🇩🇪) (Real) (From Search + Statistics - For Channel Grow On Search) (Start time: 0 - 5 Minutes) (Speed: Fast),Telegram,Views/Plays,Telegram - Auto Views (Country Targeted),5.5168,0.1724,10,1000000,No,Yes,No,USD
6330,Telegram -  Post Views | (Ukraine 🇺🇦) (Speed: Fast Delivery) (Start Time: Instant) (Include Statistics),Telegram,Views/Plays,Telegram - Targeted Views (+ Statistics / AUTO Views),1.5168,0.0474,10,200000,No,Yes,Yes,USD
6332,Telegram - Views + Static Include | (USA 🇺🇸) (1 POST) (Start: Instant) (Speed: 100k/day),Telegram,Views/Plays,Telegram - Targeted Views (+ Statistics / AUTO Views),1.0752,0.0336,50,500000,No,Yes,Yes,USD
6333,Telegram - Views + Static Include | (Russia 🇷🇺) (1 POST) (Start: Instant) (Speed: 100k/day),Telegram,Views/Plays,Telegram - Targeted Views (+ Statistics / AUTO Views),2.4832,0.0776,10,50000,No,Yes,Yes,USD
6334,Telegram - Views + Static Include | (Indian 🇮🇳) (1 POST) (Start: Instant) (Speed: 100k/day),Telegram,Views/Plays,Telegram - Targeted Views (+ Statistics / AUTO Views),2.4832,0.0776,100,100000,No,Yes,Yes,USD
6335,Telegram - Views + Static Include | (Italy 🇮🇹) (1 POST) (Start: Instant) (Speed: 100k/day),Telegram,Views/Plays,Telegram - Targeted Views (+ Statistics / AUTO Views),2.4832,0.0776,100,10000,No,Yes,Yes,USD
6336,Telegram - Views + Static Include | (Germany 🇩🇪) (1 POST) (Start: Instant) (Speed: 100k/day),Telegram,Views/Plays,Telegram - Targeted Views (+ Statistics / AUTO Views),2.24,0.07,10,50000,No,Yes,Yes,USD
6337,Telegram - Views + Static Include | (Turkey 🇹🇷)  (1 POST) (Start: Instant) (Speed: 100k/day),Telegram,Views/Plays,Telegram - Targeted Views (+ Statistics / AUTO Views),2.4832,0.0776,100,1000000,No,Yes,Yes,USD
6338,Telegram - Views + Static Include | (Israel 🇮🇱) (1 POST) (Start: Instant) (Speed: 100k/day),Telegram,Views/Plays,Telegram - Targeted Views (+ Statistics / AUTO Views),2.4832,0.0776,100,1000000,No,Yes,Yes,USD
6339,Telegram -  Views + Static Include | (Indonesia 🇮🇩) (1 POST) (Start: Instant) (Speed: 100k/day),Telegram,Views/Plays,Telegram - Targeted Views (+ Statistics / AUTO Views),2.4832,0.0776,100,1000000,No,Yes,Yes,USD
6340,Telegram - Views + Static Include | (China 🇨🇳) (1 POST) (Start: Instant) (Speed: 100k/day),Telegram,Views/Plays,Telegram - Targeted Views (+ Statistics / AUTO Views),2.24,0.07,10,50000,No,Yes,Yes,USD
6341,Telegram - Views + Static Include | (Arabic 🇸🇦) (1 POST) (Start: Instant) (Speed: 100k/day),Telegram,Views/Plays,Telegram - Targeted Views (+ Statistics / AUTO Views),2.432,0.076,10,50000,No,Yes,Yes,USD
6323,Telegram - Telesco.pe Views | (Russia🇷🇺) (Speed: 200k/Day) (Start time: Instant),Telegram,Views/Plays,Telegram - Telesco.pe Views,1.584,0.0495,100,300000,No,No,No,USD
6324,Telegram - Telesco.pe Views | (India🇮🇳) (Speed: 200k/Day) (Start time: Instant),Telegram,Views/Plays,Telegram - Telesco.pe Views,1.584,0.0495,100,300000,No,No,Yes,USD
6325,Telegram - Telesco.pe Views | (USA🇺🇸) (Speed: 200k/Day) (Start time: Instant),Telegram,Views/Plays,Telegram - Telesco.pe Views,1.584,0.0495,10,300000,No,No,Yes,USD
6326,Telegram - Telesco.pe Views | (France🇫🇷) (Speed: 200k/Day) (Start time: Instant),Telegram,Views/Plays,Telegram - Telesco.pe Views,1.584,0.0495,100,300000,No,No,Yes,USD
6317,Telegram - Telesco.pe Views | (China 🇨🇳) (Speed: 200k/Day) (Start time: Instant),Telegram,Views/Plays,Telegram - Telesco.pe Views,1.584,0.0495,100,300000,No,No,Yes,USD
6327,Telegram - Telesco.pe Views | (Germany🇩🇪) (Speed: 200k/Day) (Start time: Instant),Telegram,Views/Plays,Telegram - Telesco.pe Views,1.584,0.0495,100,300000,No,No,Yes,USD
6328,Telegram - Telesco.pe Views | (Arab🇦🇪) (Speed: 200k/Day) (Start time: Instant),Telegram,Views/Plays,Telegram - Telesco.pe Views,1.584,0.0495,100,300000,No,No,Yes,USD
6329,Telegram - Telesco.pe Views | (Brazil🇧🇷) (Speed: 200k/Day) (Start time: Instant),Telegram,Views/Plays,Telegram - Telesco.pe Views,1.584,0.0495,100,300000,No,No,Yes,USD
12727,Telegram - Votes || Global 🌍 || Instant Start,Telegram,Shares,Telegram - Shares/Votes,24.0,0.75,5,100000,No,No,No,USD
8183,Telegram - Post Shares | (WW) (Real) (Max 100K) (Start time: 1-24 Hours) (Speed: 20K/Day),Telegram,Shares,Telegram - Shares/Votes,0.6528,0.0204,10,100000,No,No,No,USD
12726,Telegram - Comments || Global 🌍 || Instant Start,Telegram,Comments,Telegram - Direct Messages,96.0,3.0,10,30000,No,No,Yes,USD
1268,Twitch Followers [15K] [6H - 15K/Day] [NO DROP],Twitch,Followers/Subscribers,Twitch,153.6,4.8,100,50000,No,No,Yes,USD
1283,Twitch Followers - (30 Days Refill) (12H - 1K/Day),Twitch,Followers/Subscribers,Twitch,512.0,16.0,20,1000000,No,No,Yes,USD
5132,Twitch Followers - (No Refill) (100-5K) (Instant - 5K/D),Twitch,Followers/Subscribers,Twitch,8.0032,0.2501,50,1000,No,No,Yes,USD
1272,Twitch Live Views - [FOR 10 MINUTES] [1K] [HQ] [INSTANT],Twitch,Views/Plays,Twitch,144.4416,4.5138,100,1000,No,No,Yes,USD
1273,Twitch Live Views - [FOR 30 MINUTES] [1K] [HQ] [INSTANT],Twitch,Views/Plays,Twitch,460.8,14.4,100,1000,No,No,Yes,USD
1274,Twitch Live Views - [FOR 60 MINUTES] [1K] [HQ] [INSTANT],Twitch,Views/Plays,Twitch,2304.0,72.0,100,1000,No,No,Yes,USD
1275,Twitch Live Views - [FOR 180 MINUTES] [1K] [HQ] [INSTANT],Twitch,Views/Plays,Twitch,5632.0,176.0,100,1000,No,No,Yes,USD
1276,Twitch Live Views - [FOR 240 MINUTES] [1K] [HQ] [INSTANT],Twitch,Views/Plays,Twitch,7424.0,232.0,100,1000,No,No,Yes,USD
1277,Twitch Live Views - [FOR 500 MINUTES] [1K] [HQ] [INSTANT],Twitch,Views/Plays,Twitch,14848.0,464.0,100,1000,No,No,Yes,USD
4653,Twitch Live Views - [Package] [Min/Max: 200-225] [1 MONTH],Twitch,Views/Plays,Twitch,2800.0,87.5,1,1,No,No,No,USD
4654,Twitch Live Views - [Package] [Min/Max: 300-325] [1 MONTH],Twitch,Views/Plays,Twitch,3920.0,122.5,1,1,No,No,No,USD
4655,Twitch Live Views - [Package] [Min/Max: 500] [1 MONTH],Twitch,Views/Plays,Twitch,7840.0,245.0,1,1,No,No,No,USD
1279,Twitch Channel Views - (PACKAGE) (No Refill) (0-24h - 200/300K Day),Twitch,Views/Plays,Twitch,2451.456,76.608,1,1,No,No,No,USD
1281,Twitch Channel Views - [30 Days Refill] [24H - 3K/Day],Twitch,Views/Plays,Twitch,64.0,2.0,1000,100000000,No,No,Yes,USD
1282,Twitch Clip Views - [30 Days Refill] [24H - 3K/Day],Twitch,Views/Plays,Twitch,32.0,1.0,50,999999,No,No,Yes,USD
4656,Twitch Live Views  [Package] [Min/Max: 1K] [1 MONTH],Twitch,Views/Plays,Twitch,11760.0,367.5,1,1,No,No,No,USD
2758,Twitch - [50-75 Live Views for 1 MONTH] [PACKAGE],Twitch,Views/Plays,Twitch,1680.0,52.5,1,1,No,No,No,USD
2759,Twitch - [75-100 Live Views for 1 MONTH] [PACKAGE],Twitch,Views/Plays,Twitch,2240.0,70.0,1,1,No,No,No,USD
3883,Twitch - [50-75 Live Views for 12 Hours] [PACKAGE],Twitch,Views/Plays,Twitch,224.0,7.0,1,1,No,No,No,USD
3884,Twitch - [75-100 Live Views for 12 Hours] [PACKAGE],Twitch,Views/Plays,Twitch,336.0,10.5,1,1,No,No,No,USD
3885,Twitch - [10-25 Live Views for 1 WEEK] [PACKAGE],Twitch,Views/Plays,Twitch,392.0,12.25,1,1,No,No,No,USD
3886,Twitch - [25-50 Live Views for 1 WEEK] [PACKAGE],Twitch,Views/Plays,Twitch,560.0,17.5,1,1,No,No,No,USD
3887,Twitch - [50-75 Live Views for 1 WEEK] [PACKAGE],Twitch,Views/Plays,Twitch,784.0,24.5,1,1,No,No,No,USD
3888,Twitch - [75-100 Live Views for 1 WEEK] [PACKAGE],Twitch,Views/Plays,Twitch,1008.0,31.5,1,1,No,No,No,USD
3889,Twitch - [10-25 Live Views for 1 MONTH] [PACKAGE],Twitch,Views/Plays,Twitch,672.0,21.0,1,1,No,No,No,USD
3890,Twitch - [25-50 Live Views for 1 MONTH] [PACKAGE],Twitch,Views/Plays,Twitch,1400.0,43.75,1,1,No,No,No,USD
5782,Twitch Followers [Refill: Auto - 15 Days] [Max: 50K] [Start Time: 0 - 1 Hours] [Speed: 5K/Day],Twitch,Followers/Subscribers,Twitch,31.2,0.975,100,500000,No,No,Yes,USD
5783,Twitch Real USA 🇺🇸 Video Views [Max: 500K] [Start Time: 0 - 24 Hours] [Speed: Up to 15K/Day],Twitch,Views/Plays,Twitch,29.12,0.91,500,10000000,No,No,Yes,USD
10940,Twitch Live Stream Views | With Userlist | 5 Min |,Twitch,Live Stream Viewers,Twitch Livestream | With Userlist |,22.1472,0.6921,25,10000,No,No,No,USD
10941,Twitch Live Stream Views | With Userlist | 10 Min |,Twitch,Live Stream Viewers,Twitch Livestream | With Userlist |,43.456,1.358,20,7500,No,No,Yes,USD
10942,Twitch Live Stream Views | With Userlist | 20 Min,Twitch,Live Stream Viewers,Twitch Livestream | With Userlist |,79.9264,2.4977,25,10000,No,No,Yes,USD
10943,Twitch Live Stream Views | With Userlist | 30 Min,Twitch,Live Stream Viewers,Twitch Livestream | With Userlist |,116.8928,3.6529,25,10000,No,No,Yes,USD
10944,Twitch Live Stream Views | With Userlist | 1 Hour |,Twitch,Live Stream Viewers,Twitch Livestream | With Userlist |,236.096,7.378,20,7500,No,No,Yes,USD
10763,WorldWide Traffic - Direct Visits (CHEAP),Website Traffic,Website Traffic,Website Traffic (+Referrer),9.04,0.2825,100,1000000,No,Yes,Yes,USD
10764,WorldWide Traffic - Direct Visits,Website Traffic,Website Traffic,Website Traffic (+Referrer),9.6,0.3,100,1000000,No,Yes,Yes,USD
10765,WorldWide Traffic from Google.com | (Organic) (Custom Keywords),Google,Website Traffic,Website Traffic (+Referrer),9.6,0.3,100,1000000,No,Yes,Yes,USD
10766,WorldWide Traffic from Google.com,Google,Website Traffic,Website Traffic (+Referrer),9.6,0.3,100,1000000,No,Yes,No,USD
10767,WorldWide Traffic from Facebook,Facebook,Website Traffic,Website Traffic (+Referrer),9.6,0.3,100,1000000,No,Yes,Yes,USD
10768,WorldWide Traffic from Instagram,Instagram,Website Traffic,Website Traffic (+Referrer),9.6,0.3,100,1000000,No,Yes,Yes,USD
10770,WorldWide Traffic from Quora,Quora,Website Traffic,Website Traffic (+Referrer),9.6,0.3,100,1000000,No,Yes,Yes,USD
10774,WorldWide Traffic from Reddit,Reddit,Website Traffic,Website Traffic (+Referrer),9.6,0.3,100,1000000,No,Yes,Yes,USD
10775,WorldWide Traffic from YouTube,YouTube,Website Traffic,Website Traffic (+Referrer),9.6,0.3,100,1000000,No,Yes,Yes,USD
10776,WorldWide Traffic from Twitter,Twitter/X,Website Traffic,Website Traffic (+Referrer),9.6,0.3,100,1000000,No,Yes,Yes,USD
10778,WorldWide Traffic from LinkedIn,LinkedIn,Website Traffic,Website Traffic (+Referrer),9.6,0.3,100,1000000,No,Yes,Yes,USD
10788,Website Traffic from Google | (Spain 🇪🇸),Google,Website Traffic,Website Traffic - SEO Friendly (Targeted),10.48,0.3275,100,1000000,No,Yes,Yes,USD
10789,Website Traffic from Google | (Czech 🇨🇿),Google,Website Traffic,Website Traffic - SEO Friendly (Targeted),8.256,0.258,100,10000000,No,Yes,Yes,USD
10790,Website Traffic from Google | (WorldWide),Google,Website Traffic,Website Traffic - SEO Friendly (Targeted),7.9264,0.2477,100,10000000,No,Yes,Yes,USD
10792,Website Traffic from Google | (Brazil 🇧🇷),Google,Website Traffic,Website Traffic - SEO Friendly (Targeted),10.24,0.32,100,1000000,No,Yes,Yes,USD
10798,Website Traffic from Google | (Thailand 🇹🇭),Google,Website Traffic,Website Traffic - SEO Friendly (Targeted),5.28,0.165,100,1000000,No,Yes,Yes,USD
10799,Website Traffic from Google | (Japan 🇯🇵),Google,Website Traffic,Website Traffic - SEO Friendly (Targeted),9.6,0.3,100,1000000,No,Yes,No,USD
10800,Website Traffic from Google | (Australia 🇦🇺),Google,Website Traffic,Website Traffic - SEO Friendly (Targeted),5.28,0.165,100,1000000,No,Yes,Yes,USD
10796,Website Traffic from Google | (Arab 🇵🇸),Google,Website Traffic,Website Traffic - SEO Friendly (Targeted),26.256,0.8205,500,1000000,No,Yes,Yes,USD
10628,Worldwide Traffic - Redirection from Adult Networks | (No Referrer - Direct) (S2),Website Traffic,Website Traffic,Website Traffic - from Exchange Platforms (PTC) (Worldwide),6.9856,0.2183,500,3000000,No,No,Yes,USD
10629,Worldwide Traffic - Redirection from Adult Networks | (No Referrer - Direct),Website Traffic,Website Traffic,Website Traffic - from Exchange Platforms (PTC) (Worldwide),6.9856,0.2183,1000,500000,No,Yes,Yes,USD
10630,Worldwide Traffic - PTC Redirection | (No Referrer - Direct),Website Traffic,Website Traffic,Website Traffic - from Exchange Platforms (PTC) (Worldwide),5.5872,0.1746,1000,1000000,No,Yes,Yes,USD
10631,Worldwide Traffic - POP-Ads Redirection | (No Referrer - Direct),Website Traffic,Website Traffic,Website Traffic - from Exchange Platforms (PTC) (Worldwide),5.5872,0.1746,100,50000000,No,Yes,Yes,USD
10632,Worldwide Traffic - Banner-Ads Redirection | (No Referrer - Direct),Website Traffic,Website Traffic,Website Traffic - from Exchange Platforms (PTC) (Worldwide),6.9856,0.2183,1000,1000000,No,Yes,Yes,USD
10633,Worldwide Traffic - Text-Ad Redirection | (No Referrer - Direct),Website Traffic,Website Traffic,Website Traffic - from Exchange Platforms (PTC) (Worldwide),7.9168,0.2474,1000,1000000,No,No,Yes,USD
10634,Worldwide Traffic - Embedded Ads Redirection | (No Referrer - Direct),Website Traffic,Website Traffic,Website Traffic - from Exchange Platforms (PTC) (Worldwide),9.7792,0.3056,1000,1000000,No,Yes,Yes,USD
10635,Worldwide Traffic - Push-Ads Redirection | (No Referrer - Direct),Website Traffic,Website Traffic,Website Traffic - from Exchange Platforms (PTC) (Worldwide),12.5728,0.3929,1000,500000,No,Yes,Yes,USD
10636,Worldwide Traffic - Email-Ads Redirection | (No Referrer - Direct),Website Traffic,Website Traffic,Website Traffic - from Exchange Platforms (PTC) (Worldwide),12.5728,0.3929,1000,700000,No,Yes,Yes,USD
10588,Crypto Niche Traffic from Worldwide 🌐,Crypto/NFT,Website Traffic,Website Traffic - Crypto Niche Premium (+ GEO),23.28,0.7275,500,1000000,No,Yes,Yes,USD
10589,Crypto Niche Traffic from USA 🇺🇸,Crypto/NFT,Website Traffic,Website Traffic - Crypto Niche Premium (+ GEO),41.904,1.3095,500,1000000,No,Yes,Yes,USD
10590,Crypto Niche Traffic from UK 🇬🇧,Crypto/NFT,Website Traffic,Website Traffic - Crypto Niche Premium (+ GEO),41.904,1.3095,500,1000000,No,No,Yes,USD
10591,Crypto Niche Traffic from Canada 🇨🇦,Crypto/NFT,Website Traffic,Website Traffic - Crypto Niche Premium (+ GEO),41.904,1.3095,500,1000000,No,No,Yes,USD
10592,Crypto Niche Traffic from Germany 🇩🇪,Crypto/NFT,Website Traffic,Website Traffic - Crypto Niche Premium (+ GEO),41.904,1.3095,500,1000000,No,No,Yes,USD
10593,Crypto Niche Traffic from Korea (South) 🇰🇷,Crypto/NFT,Website Traffic,Website Traffic - Crypto Niche Premium (+ GEO),41.904,1.3095,500,1000000,No,No,Yes,USD
10594,Crypto Niche Traffic from Japan 🇯🇵,Crypto/NFT,Website Traffic,Website Traffic - Crypto Niche Premium (+ GEO),41.904,1.3095,500,1000000,No,No,Yes,USD
10595,Crypto Niche Traffic from China 🇨🇳,Crypto/NFT,Website Traffic,Website Traffic - Crypto Niche Premium (+ GEO),41.904,1.3095,500,1000000,No,No,Yes,USD
10596,Crypto Niche Traffic from Singapore 🇸🇬,Crypto/NFT,Website Traffic,Website Traffic - Crypto Niche Premium (+ GEO),41.904,1.3095,500,1000000,No,No,Yes,USD
10597,Crypto Niche Traffic from Hong Kong 🇭🇰,Crypto/NFT,Website Traffic,Website Traffic - Crypto Niche Premium (+ GEO),41.904,1.3095,500,1000000,No,No,Yes,USD
10598,Crypto Niche Traffic from Thailand 🇹🇭,Crypto/NFT,Website Traffic,Website Traffic - Crypto Niche Premium (+ GEO),41.904,1.3095,500,1000000,No,No,Yes,USD
10599,Crypto Niche Traffic from Taiwan 🇹🇼,Crypto/NFT,Website Traffic,Website Traffic - Crypto Niche Premium (+ GEO),41.904,1.3095,500,1000000,No,No,Yes,USD
10600,Crypto Niche Traffic from Viet Nam 🇻🇳,Crypto/NFT,Website Traffic,Website Traffic - Crypto Niche Premium (+ GEO),41.904,1.3095,500,10000000,No,No,Yes,USD
10601,Crypto Niche Traffic from Russia 🇷🇺,Crypto/NFT,Website Traffic,Website Traffic - Crypto Niche Premium (+ GEO),41.904,1.3095,500,1000000,No,No,Yes,USD
10602,Crypto Niche Traffic from India 🇮🇳,Crypto/NFT,Website Traffic,Website Traffic - Crypto Niche Premium (+ GEO),41.904,1.3095,500,1000000,No,No,Yes,USD
10603,Crypto Niche Traffic from Brazil 🇧🇷,Crypto/NFT,Website Traffic,Website Traffic - Crypto Niche Premium (+ GEO),41.904,1.3095,500,1000000,No,No,Yes,USD
10604,Crypto Niche Traffic from Turkey 🇹🇷,Crypto/NFT,Website Traffic,Website Traffic - Crypto Niche Premium (+ GEO),41.904,1.3095,500,1000000,No,No,Yes,USD
10605,Crypto Niche Traffic from Mexico 🇲🇽,Crypto/NFT,Website Traffic,Website Traffic - Crypto Niche Premium (+ GEO),41.904,1.3095,500,1000000,No,No,Yes,USD
10606,Crypto Niche Traffic from Indonesia 🇮🇩,Crypto/NFT,Website Traffic,Website Traffic - Crypto Niche Premium (+ GEO),41.904,1.3095,500,1000000,No,No,Yes,USD
10607,Crypto Niche Traffic from Egypt 🇪🇬,Crypto/NFT,Website Traffic,Website Traffic - Crypto Niche Premium (+ GEO),41.904,1.3095,500,1000000,No,No,Yes,USD
10608,Crypto Niche Traffic from Pakistan 🇵🇰,Crypto/NFT,Website Traffic,Website Traffic - Crypto Niche Premium (+ GEO),41.904,1.3095,500,1000000,No,No,Yes,USD
10609,Crypto Niche Traffic from France 🇫🇷,Crypto/NFT,Website Traffic,Website Traffic - Crypto Niche Premium (+ GEO),41.904,1.3095,500,1000000,No,No,Yes,USD
10610,Crypto Niche Traffic from Netherlands 🇳🇱,Crypto/NFT,Website Traffic,Website Traffic - Crypto Niche Premium (+ GEO),41.904,1.3095,500,1000000,No,No,Yes,USD
10611,Crypto Niche Traffic from Poland 🇵🇱,Crypto/NFT,Website Traffic,Website Traffic - Crypto Niche Premium (+ GEO),41.904,1.3095,500,1000000,No,No,Yes,USD
10612,Crypto Niche Traffic from Italy 🇮🇹,Crypto/NFT,Website Traffic,Website Traffic - Crypto Niche Premium (+ GEO),41.904,1.3095,500,1000000,No,No,Yes,USD
10613,Crypto Niche Traffic from Spain 🇪🇸,Crypto/NFT,Website Traffic,Website Traffic - Crypto Niche Premium (+ GEO),41.904,1.3095,500,1000000,No,No,Yes,USD
10614,Crypto Niche Traffic from Portugal 🇵🇹,Crypto/NFT,Website Traffic,Website Traffic - Crypto Niche Premium (+ GEO),41.904,1.3095,500,1000000,No,No,Yes,USD
10615,Crypto Niche Traffic from Sweden 🇸🇪,Crypto/NFT,Website Traffic,Website Traffic - Crypto Niche Premium (+ GEO),41.904,1.3095,500,1000000,No,No,Yes,USD
10616,Crypto Niche Traffic from Ukraine 🇺🇦,Crypto/NFT,Website Traffic,Website Traffic - Crypto Niche Premium (+ GEO),41.904,1.3095,500,1000000,No,No,Yes,USD
10617,Crypto Niche Traffic from Czech Republic 🇨🇿,Crypto/NFT,Website Traffic,Website Traffic - Crypto Niche Premium (+ GEO),41.904,1.3095,500,1000000,No,No,Yes,USD
10618,Crypto Niche Traffic from Moldova 🇲🇩,Crypto/NFT,Website Traffic,Website Traffic - Crypto Niche Premium (+ GEO),41.904,1.3095,500,1000000,No,No,Yes,USD
10619,Crypto Niche Traffic from Romania 🇷🇴,Crypto/NFT,Website Traffic,Website Traffic - Crypto Niche Premium (+ GEO),41.904,1.3095,500,1000000,No,No,Yes,USD
10620,Crypto Niche Traffic from Switzerland 🇨🇭,Crypto/NFT,Website Traffic,Website Traffic - Crypto Niche Premium (+ GEO),41.904,1.3095,500,1000000,No,No,Yes,USD
10621,Gambling Niche Traffic from USA 🇺🇸,Website Traffic,Website Traffic,Website Traffic - Betting/Gambling/Casino Niche (+ GEO),46.096,1.4405,1000,1000000,No,Yes,Yes,USD
10622,GEO Target Traffic | (Instant Redirection) (No Referrer - Direct) (Choose GEO),Website Traffic,Website Traffic,Website Traffic - GEO Targeted,12.5728,0.3929,200,10000000,No,Yes,Yes,USD
10623,GEO Target Traffic from Google | (100% Redirected) (Organic) (Choose GEO),Google,Website Traffic,Website Traffic - GEO Targeted,18.16,0.5675,200,10000000,No,Yes,Yes,USD
10624,GEO Target Traffic from Social Networks | (Social) (Choose GEO),Website Traffic,Website Traffic,Website Traffic - GEO Targeted,22.3488,0.6984,200,10000000,No,Yes,Yes,USD
10625,GEO Target Traffic from Niche | (Choose GEO),Website Traffic,Website Traffic,Website Traffic - GEO Targeted,22.3488,0.6984,200,10000000,No,Yes,Yes,USD
10626,GEO Target Traffic from Commercial Organic | (Keywords Allowed) (Choose GEO),Website Traffic,Website Traffic,Website Traffic - GEO Targeted,22.3488,0.6984,200,10000000,No,Yes,Yes,USD
10627,GEO Target Traffic from Search Engines Organic | (Keywords Allowed) (Choose GEO),Website Traffic,Website Traffic,Website Traffic - GEO Targeted,30.7296,0.9603,200,10000000,No,Yes,Yes,USD
10637,Worldwide Traffic - Direct URL Redirection | (No Referrer - Direct) (S2),Website Traffic,Website Traffic,Website Traffic - Worldwide (No Referrer),9.312,0.291,500,1000000,No,No,Yes,USD
10638,Worldwide Traffic - Direct URL Redirection | (No Referrer - Direct) (S3),Website Traffic,Website Traffic,Website Traffic - Worldwide (No Referrer),9.312,0.291,100,3000000,No,No,Yes,USD
10639,Worldwide Traffic - Direct URL Redirection | (No Referrer - Direct) (S1),Website Traffic,Website Traffic,Website Traffic - Worldwide (No Referrer),9.312,0.291,90,50000000,No,No,Yes,USD
10640,Worldwide Traffic - 100% Redirection from Google | (Organic),Google,Website Traffic,Website Traffic - Worldwide (No Referrer),9.312,0.291,100,10000000,No,Yes,Yes,USD
10641,Worldwide Traffic - Redirected from POP-Ads | (No Referrer - Direct),Website Traffic,Website Traffic,Website Traffic - Worldwide (No Referrer),5.5872,0.1746,100,50000000,No,Yes,Yes,USD
10642,Worldwide Traffic - Redirected from Ad-Exchange | (No Referrer - Direct),Website Traffic,Website Traffic,Website Traffic - Worldwide (No Referrer),6.5184,0.2037,500,1000000,No,No,Yes,USD
10643,Worldwide Traffic from Social Networks | (Social),Website Traffic,Website Traffic,Website Traffic - Worldwide (No Referrer),9.7792,0.3056,200,10000000,No,Yes,Yes,USD
10644,Worldwide Niche Traffic,Website Traffic,Website Traffic,Website Traffic - Worldwide (No Referrer),9.7792,0.3056,200,10000000,No,Yes,Yes,USD
10645,Worldwide Traffic - Commercial | (Organic - Keywords allowed),Website Traffic,Website Traffic,Website Traffic - Worldwide (No Referrer),9.7792,0.3056,200,10000000,No,Yes,Yes,USD
10646,Worldwide Traffic from Search Engines | (Organic - Keywords allowed),Website Traffic,Website Traffic,Website Traffic - Worldwide (No Referrer),9.7792,0.3056,200,10000000,No,Yes,Yes,USD
10737,"Website Premium Traffic | (🇺🇸 USA) (Custom Keywords) (2,000 Visits)",Website Traffic,Website Traffic,Website Traffic - Premium (Packages) (GEO),83.808,2.619,1,1,No,No,No,USD
10738,"Website Premium Traffic | (🇺🇸 USA) (Custom Keywords) (10,000 Visits)",Website Traffic,Website Traffic,Website Traffic - Premium (Packages) (GEO),419.04,13.095,1,1,No,No,No,USD
10739,"Website Premium Traffic | (🇺🇸 USA) (Custom Keywords) (50,000 Visits)",Website Traffic,Website Traffic,Website Traffic - Premium (Packages) (GEO),2011.392,62.856,1,1,No,No,No,USD
10740,"Website Premium Traffic | (🇺🇸 USA) (Custom Keywords) (250,000 Visits)",Website Traffic,Website Traffic,Website Traffic - Premium (Packages) (GEO),9218.88,288.09,1,1,No,No,No,USD
10741,"Website Premium Traffic | (🇺🇸 USA) (Custom Keywords) (1,000,000 Visits)",Website Traffic,Website Traffic,Website Traffic - Premium (Packages) (GEO),35199.36,1099.98,1,1,No,No,No,USD
10742,"Website Premium Traffic | (🇺🇸 USA) (Custom Keywords) (5,000,000 Visits)",Website Traffic,Website Traffic,Website Traffic - Premium (Packages) (GEO),167616.0,5238.0,1,1,No,No,No,USD
10746,"Website Premium Traffic | (🇰🇷 South-Korea) (Custom Keywords) (2,000 Visits)",Website Traffic,Website Traffic,Website Traffic - Premium (Packages) (GEO),83.808,2.619,1,1,No,No,No,USD
10747,"Website Premium Traffic | (🇰🇷 South-Korea) (Custom Keywords) (30,000 Visits)",Website Traffic,Website Traffic,Website Traffic - Premium (Packages) (GEO),1206.8352,37.7136,1,1,No,No,No,USD
10748,"Website Premium Traffic | (🇰🇷 South-Korea) (Custom Keywords) (60,000 Visits)",Website Traffic,Website Traffic,Website Traffic - Premium (Packages) (GEO),2413.6704,75.4272,1,1,No,No,No,USD
10749,"Website Premium Traffic | (🇰🇷 South-Korea) (Custom Keywords) (100,000 Visits)",Website Traffic,Website Traffic,Website Traffic - Premium (Packages) (GEO),3771.36,117.855,1,1,No,No,No,USD
10750,"Website Premium Traffic | (🇰🇷 South-Korea) (Custom Keywords) (300,000 Visits)",Website Traffic,Website Traffic,Website Traffic - Premium (Packages) (GEO),10056.96,314.28,1,1,No,No,No,USD
10751,"Website Premium Traffic | (🇰🇷 South-Korea) (Custom Keywords) (600,000 Visits)",Website Traffic,Website Traffic,Website Traffic - Premium (Packages) (GEO),19275.84,602.37,1,1,No,No,No,USD
10752,"Website Premium Traffic | (🇰🇷 South-Korea) (Custom Keywords) (1,000,000 Visits)",Website Traffic,Website Traffic,Website Traffic - Premium (Packages) (GEO),31428.0,982.125,1,1,No,No,No,USD
10743,"Website Premium Traffic | (🇨🇦 Canada) (Custom Keywords) (2,000 Visits)",Website Traffic,Website Traffic,Website Traffic - Premium (Packages) (GEO),83.808,2.619,1,1,No,No,No,USD
10744,"Website Premium Traffic | (🇨🇦 Canada) (Custom Keywords) (5,000 Visits)",Website Traffic,Website Traffic,Website Traffic - Premium (Packages) (GEO),209.52,6.5475,1,1,No,No,No,USD
10745,"Website Premium Traffic | (🇨🇦 Canada) (Custom Keywords) (10,000 Visits)",Website Traffic,Website Traffic,Website Traffic - Premium (Packages) (GEO),419.04,13.095,1,1,No,No,No,USD
10753,"Website Premium Traffic | (🇮🇩 Indonesia) (Custom Keywords) (10,000 Visits)",Website Traffic,Website Traffic,Website Traffic - Premium (Packages) (GEO),419.04,13.095,1,1,No,No,No,USD
10754,"Website Premium Traffic | (🇮🇩 Indonesia) (Custom Keywords) (50,000 Visits)",Website Traffic,Website Traffic,Website Traffic - Premium (Packages) (GEO),2011.392,62.856,1,1,No,No,No,USD
10755,"Website Premium Traffic | (🇮🇩 Indonesia) (Custom Keywords) (250,000 Visits)",Website Traffic,Website Traffic,Website Traffic - Premium (Packages) (GEO),9218.88,288.09,1,1,No,No,No,USD
10756,"Website Premium Traffic | (🇮🇩 Indonesia) (Custom Keywords) (1,000,000 Visits)",Website Traffic,Website Traffic,Website Traffic - Premium (Packages) (GEO),35199.36,1099.98,1,1,No,No,No,USD
10757,"Website Premium Traffic | (🇮🇩 Indonesia) (Custom Keywords) (5,000,000 Visits)",Website Traffic,Website Traffic,Website Traffic - Premium (Packages) (GEO),167616.0,5238.0,1,1,No,No,No,USD
10758,"Website Premium Traffic | (🇹🇷 Turkey) (Custom Keywords) (10,000 Visits)",Website Traffic,Website Traffic,Website Traffic - Premium (Packages) (GEO),419.04,13.095,1,1,No,No,No,USD
10759,"Website Premium Traffic | (🇹🇷 Turkey) (Custom Keywords) (50,000 Visits)",Website Traffic,Website Traffic,Website Traffic - Premium (Packages) (GEO),2011.392,62.856,1,1,No,No,No,USD
10760,"Website Premium Traffic | (🇹🇷 Turkey) (Custom Keywords) (250,000 Visits)",Website Traffic,Website Traffic,Website Traffic - Premium (Packages) (GEO),9218.88,288.09,1,1,No,No,No,USD
10761,"Website Premium Traffic | (🇹🇷 Turkey) (Custom Keywords) (1,000,000 Visits)",Website Traffic,Website Traffic,Website Traffic - Premium (Packages) (GEO),35199.36,1099.98,1,1,No,No,No,USD
10762,"Website Premium Traffic | (🇹🇷 Turkey) (Custom Keywords) (5,000,000 Visits)",Website Traffic,Website Traffic,Website Traffic - Premium (Packages) (GEO),167616.0,5238.0,1,1,No,No,No,USD
11962,Web Traffic - Premium | (Google Analytics / User Interaction / GEO / KW / Referrer),Google,Website Traffic,Website Traffic - Premium (Packages) (GEO),12.0,0.375,100,10000000,No,Yes,Yes,USD
10647,Website Traffic - Direct Visits | (Automated Website Visits) (🌐 Worldwide ),Website Traffic,Website Traffic,Website Traffic - AWV™  (Automated Website Visits) (Worldwide),7.872,0.246,500,1000000,No,Yes,Yes,USD
10648,Website Traffic from Brave Search | (AWV™ - Automated Website Visits) (🌐 Worldwide ),Website Traffic,Website Traffic,Website Traffic - AWV™  (Automated Website Visits) (Worldwide),9.312,0.291,1000,7500000,No,Yes,Yes,USD
10649,Website Traffic from DuckDuckGo | (AWV™ - Automated Website Visits) (🌐 Worldwide ),Website Traffic,Website Traffic,Website Traffic - AWV™  (Automated Website Visits) (Worldwide),11.168,0.349,1000,500000,No,Yes,Yes,USD
10650,Website Traffic from Google Ads | (AWV™ - Automated Website Visits) (🌐 Worldwide ),Google,Website Traffic,Website Traffic - AWV™  (Automated Website Visits) (Worldwide),8.848,0.2765,500,1000000,No,Yes,Yes,USD
10651,Website Traffic from Yahoo | (AWV™ - Automated Website Visits) (🌐 Worldwide ),Website Traffic,Website Traffic,Website Traffic - AWV™  (Automated Website Visits) (Worldwide),12.1056,0.3783,1000,350000,No,Yes,Yes,USD
10652,Website Traffic from Bing | (AWV™ - Automated Website Visits) (🌐 Worldwide ),Website Traffic,Website Traffic,Website Traffic - AWV™  (Automated Website Visits) (Worldwide),12.5728,0.3929,1000,800000,No,Yes,Yes,USD
10653,Website Traffic from Tumblr | (AWV™ - Automated Website Visits) (🌐 Worldwide ),Tumblr,Website Traffic,Website Traffic - AWV™  (Automated Website Visits) (Worldwide),12.5728,0.3929,1000,100000,No,Yes,Yes,USD
10654,Website Traffic from Facebook Ads | (AWV™ - Automated Website Visits) (🌐 Worldwide ),Facebook,Website Traffic,Website Traffic - AWV™  (Automated Website Visits) (Worldwide),15.3664,0.4802,500,1000000,No,Yes,Yes,USD
10735,Website Traffic - Custom Referral Traffic | (Masked) (Worldwide / GEO Target),Website Traffic,Website Traffic,Website Traffic - Masked (+ Custom Referrer),32.0,1.0,500,10000000,No,Yes,Yes,USD
6639,Brazil Traffic from Google.com,Google,Website Traffic,Website Traffic - from Brazil 🇧🇷 ( + Choose Referrer ),9.6,0.3,100,1000000,No,Yes,Yes,USD
6640,Brazil Traffic from Google.com.br,Google,Website Traffic,Website Traffic - from Brazil 🇧🇷 ( + Choose Referrer ),9.6,0.3,100,1000000,No,Yes,Yes,USD
6641,Brazil Traffic from Quora,Quora,Website Traffic,Website Traffic - from Brazil 🇧🇷 ( + Choose Referrer ),9.6,0.3,100,1000000,No,Yes,Yes,USD
6643,Brazil Traffic from Twitter,Twitter/X,Website Traffic,Website Traffic - from Brazil 🇧🇷 ( + Choose Referrer ),9.6,0.3,100,1000000,No,Yes,Yes,USD
6645,Brazil Traffic from YouTube,YouTube,Website Traffic,Website Traffic - from Brazil 🇧🇷 ( + Choose Referrer ),9.6,0.3,100,1000000,No,Yes,Yes,USD
6646,Brazil Traffic from Facebook,Facebook,Website Traffic,Website Traffic - from Brazil 🇧🇷 ( + Choose Referrer ),9.6,0.3,100,1000000,No,Yes,Yes,USD
6647,Brazil Traffic from Instagram,Instagram,Website Traffic,Website Traffic - from Brazil 🇧🇷 ( + Choose Referrer ),9.6,0.3,100,1000000,No,Yes,Yes,USD
6617,Canada Traffic from Google.com,Google,Website Traffic,Website Traffic - from Canada 🇨🇦 ( + Choose Referrer ),9.6,0.3,100,1000000,No,Yes,Yes,USD
6618,Canada Traffic from Google.ca,Google,Website Traffic,Website Traffic - from Canada 🇨🇦 ( + Choose Referrer ),9.6,0.3,100,1000000,No,Yes,Yes,USD
6619,Canada Traffic from Quora,Quora,Website Traffic,Website Traffic - from Canada 🇨🇦 ( + Choose Referrer ),9.6,0.3,100,1000000,No,Yes,Yes,USD
6620,Canada Traffic from Twitter,Twitter/X,Website Traffic,Website Traffic - from Canada 🇨🇦 ( + Choose Referrer ),9.6,0.3,100,1000000,No,Yes,Yes,USD
6621,Canada Traffic from Reddit,Reddit,Website Traffic,Website Traffic - from Canada 🇨🇦 ( + Choose Referrer ),9.6,0.3,100,1000000,No,Yes,Yes,USD
6622,Canada Traffic from YouTube,YouTube,Website Traffic,Website Traffic - from Canada 🇨🇦 ( + Choose Referrer ),9.6,0.3,100,1000000,No,Yes,Yes,USD
6623,Canada Traffic from Facebook,Facebook,Website Traffic,Website Traffic - from Canada 🇨🇦 ( + Choose Referrer ),9.6,0.3,100,1000000,No,Yes,Yes,USD
6624,Canada Traffic from Instagram,Instagram,Website Traffic,Website Traffic - from Canada 🇨🇦 ( + Choose Referrer ),9.6,0.3,100,1000000,No,Yes,Yes,USD
6625,Canada Traffic from Twitch.tv,Twitch,Website Traffic,Website Traffic - from Canada 🇨🇦 ( + Choose Referrer ),9.6,0.3,100,1000000,No,Yes,Yes,USD
6661,🔍France Traffic from Google.com Search [Organic] [Custom Keywords],Google,Website Traffic,Website Traffic - from France 🇫🇷 ( + Choose Referrer ),9.6,0.3,100,1000000,No,Yes,Yes,USD
6662,France Traffic from Google.fr,Google,Website Traffic,Website Traffic - from France 🇫🇷 ( + Choose Referrer ),9.6,0.3,100,1000000,No,Yes,Yes,USD
6663,France Traffic from Quora,Quora,Website Traffic,Website Traffic - from France 🇫🇷 ( + Choose Referrer ),9.6,0.3,100,1000000,No,Yes,Yes,USD
6665,France Traffic from Twitter,Twitter/X,Website Traffic,Website Traffic - from France 🇫🇷 ( + Choose Referrer ),9.6,0.3,100,1000000,No,Yes,Yes,USD
6666,France Traffic from Reddit,Reddit,Website Traffic,Website Traffic - from France 🇫🇷 ( + Choose Referrer ),9.6,0.3,100,1000000,No,Yes,Yes,USD
6667,France Traffic from YouTube,YouTube,Website Traffic,Website Traffic - from France 🇫🇷 ( + Choose Referrer ),9.6,0.3,100,1000000,No,Yes,Yes,USD
6668,France Traffic from Facebook,Facebook,Website Traffic,Website Traffic - from France 🇫🇷 ( + Choose Referrer ),9.6,0.3,100,1000000,No,Yes,Yes,USD
6669,France Traffic from Instagram,Instagram,Website Traffic,Website Traffic - from France 🇫🇷 ( + Choose Referrer ),9.6,0.3,100,1000000,No,Yes,Yes,USD
6737,Germany Traffic from Google.com Search,Google,Website Traffic,Website Traffic - from Germany 🇩🇪 ( + Choose Referrer ),9.6,0.3,100,1000000,No,Yes,Yes,USD
6738,Germany Traffic from Google.de,Google,Website Traffic,Website Traffic - from Germany 🇩🇪 ( + Choose Referrer ),9.6,0.3,100,1000000,No,Yes,Yes,USD
6739,Germany Traffic from Quora,Quora,Website Traffic,Website Traffic - from Germany 🇩🇪 ( + Choose Referrer ),9.6,0.3,100,1000000,No,Yes,Yes,USD
6740,Germany Traffic from Twitter,Twitter/X,Website Traffic,Website Traffic - from Germany 🇩🇪 ( + Choose Referrer ),9.6,0.3,100,1000000,No,Yes,Yes,USD
6741,Germany Traffic from Reddit,Reddit,Website Traffic,Website Traffic - from Germany 🇩🇪 ( + Choose Referrer ),9.6,0.3,100,1000000,No,Yes,Yes,USD
6742,Germany Traffic from YouTube,YouTube,Website Traffic,Website Traffic - from Germany 🇩🇪 ( + Choose Referrer ),9.6,0.3,100,1000000,No,Yes,Yes,USD
6743,Germany Traffic from Facebook,Facebook,Website Traffic,Website Traffic - from Germany 🇩🇪 ( + Choose Referrer ),9.6,0.3,100,1000000,No,Yes,Yes,USD
6744,Germany Traffic from Instagram,Instagram,Website Traffic,Website Traffic - from Germany 🇩🇪 ( + Choose Referrer ),9.6,0.3,100,1000000,No,Yes,Yes,USD
6628,India Traffic from Google.com,Google,Website Traffic,Website Traffic - from India 🇮🇳 ( + Choose Referrer ),9.6,0.3,100,1000000,No,Yes,Yes,USD
6629,India Traffic from Google.co.in,Google,Website Traffic,Website Traffic - from India 🇮🇳 ( + Choose Referrer ),9.6,0.3,100,1000000,No,Yes,Yes,USD
6630,India Traffic from Quora,Quora,Website Traffic,Website Traffic - from India 🇮🇳 ( + Choose Referrer ),9.6,0.3,100,1000000,No,Yes,Yes,USD
6631,India Traffic from Twitter,Twitter/X,Website Traffic,Website Traffic - from India 🇮🇳 ( + Choose Referrer ),9.6,0.3,100,1000000,No,Yes,Yes,USD
6633,India Traffic from YouTube,YouTube,Website Traffic,Website Traffic - from India 🇮🇳 ( + Choose Referrer ),9.6,0.3,100,1000000,No,Yes,Yes,USD
6634,India Traffic from Facebook,Facebook,Website Traffic,Website Traffic - from India 🇮🇳 ( + Choose Referrer ),9.6,0.3,100,1000000,No,Yes,Yes,USD
6635,India Traffic from Instagram,Instagram,Website Traffic,Website Traffic - from India 🇮🇳 ( + Choose Referrer ),9.6,0.3,100,1000000,No,Yes,Yes,USD
6638,India Traffic From TikTok,TikTok,Website Traffic,Website Traffic - from India 🇮🇳 ( + Choose Referrer ),9.6,0.3,100,1000000,No,Yes,Yes,USD
6695,Italy Traffic from Google.com,Google,Website Traffic,Website Traffic - from Italy 🇮🇹 ( + Choose Referrer ),9.6,0.3,100,1000000,No,Yes,Yes,USD
6696,Italy Traffic from Google.it,Google,Website Traffic,Website Traffic - from Italy 🇮🇹 ( + Choose Referrer ),9.6,0.3,100,1000000,No,Yes,Yes,USD
6697,Italy Traffic from YouTube,YouTube,Website Traffic,Website Traffic - from Italy 🇮🇹 ( + Choose Referrer ),9.6,0.3,100,1000000,No,Yes,Yes,USD
6698,Italy Traffic from Facebook,Facebook,Website Traffic,Website Traffic - from Italy 🇮🇹 ( + Choose Referrer ),9.6,0.3,100,1000000,No,Yes,Yes,USD
6699,Italy Traffic from Instagram,Instagram,Website Traffic,Website Traffic - from Italy 🇮🇹 ( + Choose Referrer ),9.6,0.3,100,1000000,No,Yes,Yes,USD
6700,Italy Traffic from Twitter,Twitter/X,Website Traffic,Website Traffic - from Italy 🇮🇹 ( + Choose Referrer ),9.6,0.3,100,1000000,No,Yes,Yes,USD
6702,Italy Traffic from Quora,Quora,Website Traffic,Website Traffic - from Italy 🇮🇹 ( + Choose Referrer ),9.6,0.3,100,1000000,No,Yes,Yes,USD
6726,❤️ Japan Traffic from Google.co.jp,Google,Website Traffic,Website Traffic - from Japan 🇯🇵 ( + Choose Referrer ),9.6,0.3,100,1000000,No,Yes,Yes,USD
6729,Japan Traffic from Google.co.jp,Google,Website Traffic,Website Traffic - from Japan 🇯🇵 ( + Choose Referrer ),9.6,0.3,100,1000000,No,Yes,Yes,USD
6730,Japan Traffic from YouTube,YouTube,Website Traffic,Website Traffic - from Japan 🇯🇵 ( + Choose Referrer ),9.6,0.3,100,1000000,No,Yes,Yes,USD
6731,Japan Traffic from Facebook,Facebook,Website Traffic,Website Traffic - from Japan 🇯🇵 ( + Choose Referrer ),9.6,0.3,100,1000000,No,Yes,Yes,USD
6732,Japan Traffic from Instagram,Instagram,Website Traffic,Website Traffic - from Japan 🇯🇵 ( + Choose Referrer ),9.6,0.3,100,1000000,No,Yes,Yes,USD
6733,Japan Traffic from Twitter,Twitter/X,Website Traffic,Website Traffic - from Japan 🇯🇵 ( + Choose Referrer ),9.6,0.3,100,1000000,No,Yes,Yes,USD
10838,Japan Traffic from Baidu.com [LQ],Website Traffic,Website Traffic,Website Traffic - from Japan 🇯🇵 ( + Choose Referrer ),7.152,0.2235,88,88888888,No,Yes,Yes,USD
10839,Japan Traffic from Naver.com [LQ],Website Traffic,Website Traffic,Website Traffic - from Japan 🇯🇵 ( + Choose Referrer ),7.152,0.2235,88,88888888,No,Yes,Yes,USD
10840,Japan Traffic from Google.co.jp [LQ],Google,Website Traffic,Website Traffic - from Japan 🇯🇵 ( + Choose Referrer ),7.152,0.2235,88,88888888,No,Yes,Yes,USD
10841,Japan Traffic from YouTube [LQ],YouTube,Website Traffic,Website Traffic - from Japan 🇯🇵 ( + Choose Referrer ),7.152,0.2235,88,88888888,No,Yes,Yes,USD
10842,Japan Traffic from Facebook [LQ],Facebook,Website Traffic,Website Traffic - from Japan 🇯🇵 ( + Choose Referrer ),7.152,0.2235,88,88888888,No,Yes,Yes,USD
10843,Japan Traffic from Instagram [LQ],Instagram,Website Traffic,Website Traffic - from Japan 🇯🇵 ( + Choose Referrer ),7.152,0.2235,88,88888888,No,Yes,Yes,USD
10844,Japan Traffic from Twitter [LQ],Twitter/X,Website Traffic,Website Traffic - from Japan 🇯🇵 ( + Choose Referrer ),7.152,0.2235,88,88888888,No,Yes,Yes,USD
10845,Japan Traffic from Reddit [LQ],Reddit,Website Traffic,Website Traffic - from Japan 🇯🇵 ( + Choose Referrer ),7.152,0.2235,88,88888888,No,Yes,Yes,USD
10846,Japan Traffic from Quora [LQ],Quora,Website Traffic,Website Traffic - from Japan 🇯🇵 ( + Choose Referrer ),7.152,0.2235,88,88888888,No,Yes,Yes,USD
10847,Japan Traffic from Blogspot.com [LQ],Website Traffic,Website Traffic,Website Traffic - from Japan 🇯🇵 ( + Choose Referrer ),7.152,0.2235,88,88888888,No,Yes,Yes,USD
10837,Japan Traffic fromGoogle.co.jp [Custom Keyword] [LQ],Google,Website Traffic,Website Traffic - from Japan 🇯🇵 ( + Choose Referrer ),7.152,0.2235,88,88888888,No,Yes,Yes,USD
10827,South Korea Traffic from Google.co.kr,Google,Website Traffic,Website Traffic - from South Korea 🇰🇷 (+ Choose Referrer),7.152,0.2235,88,88888888,No,Yes,Yes,USD
6413,South Korea Traffic from Google.com | Organic | Custom Keywords,Google,Website Traffic,Website Traffic - from South Korea 🇰🇷 (+ Choose Referrer),9.6,0.3,100,1000000,No,Yes,Yes,USD
10836,South Korea Traffic from Naver blogs,Website Traffic,Website Traffic,Website Traffic - from South Korea 🇰🇷 (+ Choose Referrer),7.152,0.2235,88,88888888,No,Yes,Yes,USD
10828,South Korea Traffic from Naver search,Website Traffic,Website Traffic,Website Traffic - from South Korea 🇰🇷 (+ Choose Referrer),7.152,0.2235,88,88888888,No,Yes,Yes,USD
7665,South Korea Social Traffic from Naver blogs,Website Traffic,Website Traffic,Website Traffic - from South Korea 🇰🇷 (+ Choose Referrer),9.6,0.3,100,1000000,No,Yes,Yes,USD
10829,South Korea Traffic from Facebook,Facebook,Website Traffic,Website Traffic - from South Korea 🇰🇷 (+ Choose Referrer),7.152,0.2235,88,88888888,No,Yes,Yes,USD
10830,South Korea Traffic from YouTube,YouTube,Website Traffic,Website Traffic - from South Korea 🇰🇷 (+ Choose Referrer),7.152,0.2235,88,88888888,No,Yes,Yes,USD
10831,South Korea Traffic from Instagram,Instagram,Website Traffic,Website Traffic - from South Korea 🇰🇷 (+ Choose Referrer),7.152,0.2235,88,88888888,No,Yes,Yes,USD
10832,South Korea Traffic from Twitter,Twitter/X,Website Traffic,Website Traffic - from South Korea 🇰🇷 (+ Choose Referrer),7.152,0.2235,88,88888888,No,Yes,Yes,USD
10833,South Korea Traffic from Wikipedia,Website Traffic,Website Traffic,Website Traffic - from South Korea 🇰🇷 (+ Choose Referrer),7.152,0.2235,88,88888888,No,Yes,Yes,USD
10834,South Korea Traffic from Quora,Quora,Website Traffic,Website Traffic - from South Korea 🇰🇷 (+ Choose Referrer),7.152,0.2235,88,88888888,No,Yes,Yes,USD
10835,South Korea Traffic from LinkedIn,LinkedIn,Website Traffic,Website Traffic - from South Korea 🇰🇷 (+ Choose Referrer),7.152,0.2235,88,88888888,No,Yes,Yes,USD
6372,South Korea Traffic - Direct Visits (𝐍𝐨 𝐑𝐞𝐟𝐞𝐫𝐫𝐞𝐫) ⚡️🔥,Website Traffic,Website Traffic,Website Traffic - from South Korea 🇰🇷 (+ Choose Referrer),24.0,0.75,500,1000000,No,Yes,Yes,USD
10802,South Korea - Direct URL Redirection (𝐍𝐨 𝐑𝐞𝐟𝐞𝐫𝐫𝐞𝐫 - 𝐃𝐢𝐫𝐞𝐜𝐭),Website Traffic,Website Traffic,Website Traffic - from South Korea 🇰🇷 (+ Choose Referrer),18.624,0.582,500,1000000,No,Yes,Yes,USD
6441,South Korea Traffic from WeMakePrice,Website Traffic,Website Traffic,Website Traffic - from South Korea 🇰🇷 (+ Choose Referrer),16.8,0.525,500,1000000,No,Yes,Yes,USD
6442,South Korea Traffic from TMON,Website Traffic,Website Traffic,Website Traffic - from South Korea 🇰🇷 (+ Choose Referrer),16.8,0.525,500,1000000,No,Yes,Yes,USD
6443,South Korea Traffic from DuckDuckGo,Website Traffic,Website Traffic,Website Traffic - from South Korea 🇰🇷 (+ Choose Referrer),16.8,0.525,500,1000000,No,Yes,Yes,USD
6444,South Korea Traffic from Naver Search,Website Traffic,Website Traffic,Website Traffic - from South Korea 🇰🇷 (+ Choose Referrer),22.4,0.7,100,1000000,No,Yes,Yes,USD
6445,South Korea Traffic from post.naver.com,Website Traffic,Website Traffic,Website Traffic - from South Korea 🇰🇷 (+ Choose Referrer),16.8,0.525,500,1000000,No,Yes,Yes,USD
6446,South Korea Traffic from sports.news.naver.com,Website Traffic,Website Traffic,Website Traffic - from South Korea 🇰🇷 (+ Choose Referrer),16.8,0.525,500,1000000,No,Yes,Yes,USD
6447,South Korea Traffic from finance.naver.com,Website Traffic,Website Traffic,Website Traffic - from South Korea 🇰🇷 (+ Choose Referrer),16.8,0.525,500,1000000,No,Yes,Yes,USD
6448,South Korea Traffic from smartstore.naver.com,Website Traffic,Website Traffic,Website Traffic - from South Korea 🇰🇷 (+ Choose Referrer),16.8,0.525,500,1000000,No,Yes,Yes,USD
6473,South Korea Traffic from Inven.co.kr,Website Traffic,Website Traffic,Website Traffic - from South Korea 🇰🇷 (+ Choose Referrer),16.8,0.525,500,1000000,No,Yes,Yes,USD
6474,South Korea Traffic from Chosun.com,Website Traffic,Website Traffic,Website Traffic - from South Korea 🇰🇷 (+ Choose Referrer),16.8,0.525,500,1000000,No,Yes,Yes,USD
6475,South Korea Traffic from jobkorea.co.kr,Website Traffic,Website Traffic,Website Traffic - from South Korea 🇰🇷 (+ Choose Referrer),16.8,0.525,500,1000000,No,Yes,Yes,USD
6476,South Korea Traffic from afreecatv.com,Website Traffic,Website Traffic,Website Traffic - from South Korea 🇰🇷 (+ Choose Referrer),16.8,0.525,500,1000000,No,Yes,Yes,USD
6477,South Korea Traffic from danawa.com,Website Traffic,Website Traffic,Website Traffic - from South Korea 🇰🇷 (+ Choose Referrer),16.8,0.525,1000,1000000,No,Yes,Yes,USD
6478,South Korea Traffic from fmkorea.com,Website Traffic,Website Traffic,Website Traffic - from South Korea 🇰🇷 (+ Choose Referrer),16.8,0.525,500,1000000,No,Yes,Yes,USD
10803,South Korea - Entertainment Traffic [Slow Speed],Website Traffic,Website Traffic,Website Traffic - from South Korea 🇰🇷 (+ Choose Referrer),20.9536,0.6548,1000,10000000,No,Yes,Yes,USD
10804,South Korea - Entertainment Traffic [Natural Speed],Website Traffic,Website Traffic,Website Traffic - from South Korea 🇰🇷 (+ Choose Referrer),41.904,1.3095,1000,10000000,No,Yes,Yes,USD
10805,South Korea - Entertainment Traffic [Fast Speed] ⚡,Website Traffic,Website Traffic,Website Traffic - from South Korea 🇰🇷 (+ Choose Referrer),69.84,2.1825,1000,10000000,No,Yes,Yes,USD
10806,South Korea - Entertainment Traffic [Ultra-Fast Speed] ⚡⚡,Website Traffic,Website Traffic,Website Traffic - from South Korea 🇰🇷 (+ Choose Referrer),104.7616,3.2738,1000,10000000,No,Yes,Yes,USD
6433,🔎 South Korea Traffic from 11st.co.kr [Organic] [Custom Keywords],Website Traffic,Website Traffic,Website Traffic - from South Korea 🇰🇷 (+ Choose Referrer),22.08,0.69,1000,1000000,No,Yes,Yes,USD
6434,🔎 South Korea Traffic from global.11st.co.kr [Organic] [Custom Keywords],Website Traffic,Website Traffic,Website Traffic - from South Korea 🇰🇷 (+ Choose Referrer),22.08,0.69,1000,1000000,No,Yes,Yes,USD
6435,🔎 South Korea Traffic from Coupang.com [Organic] [Custom Keywords],Website Traffic,Website Traffic,Website Traffic - from South Korea 🇰🇷 (+ Choose Referrer),22.08,0.69,1000,1000000,No,Yes,Yes,USD
6437,🔎 South Korea Traffic from WeMakePrice [Organic] [Custom Keywords],Website Traffic,Website Traffic,Website Traffic - from South Korea 🇰🇷 (+ Choose Referrer),22.56,0.705,1000,1000000,No,Yes,Yes,USD
6438,🔎 South Korea Traffic from TMON [Organic] [Custom Keywords],Website Traffic,Website Traffic,Website Traffic - from South Korea 🇰🇷 (+ Choose Referrer),22.56,0.705,1000,1000000,No,Yes,Yes,USD
6439,🔎 South Korea Traffic from DuckDuckGo [Organic] [Custom Keywords],Website Traffic,Website Traffic,Website Traffic - from South Korea 🇰🇷 (+ Choose Referrer),22.56,0.705,1000,1000000,No,Yes,Yes,USD
6440,🔎 South Korea Traffic from search.danawa.com [Organic] [Custom Keywords],Website Traffic,Website Traffic,Website Traffic - from South Korea 🇰🇷 (+ Choose Referrer),22.56,0.705,1000,1000000,No,Yes,Yes,USD
10815,🔎 South Korea Traffic from Google.co.kr [Custom Keyword] [Natural Speed],Google,Website Traffic,Website Traffic - from South Korea 🇰🇷 (+ Choose Referrer),41.904,1.3095,1000,10000000,No,Yes,Yes,USD
10816,🔎 South Korea Traffic from Google.co.kr [Custom Keyword] [Fast Speed] ⚡,Google,Website Traffic,Website Traffic - from South Korea 🇰🇷 (+ Choose Referrer),69.84,2.1825,1000,10000000,No,Yes,Yes,USD
10817,🔎 South Korea Traffic from Google.co.kr [Custom Keyword] [Ultra-Fast Speed] ⚡⚡,Google,Website Traffic,Website Traffic - from South Korea 🇰🇷 (+ Choose Referrer),104.7616,3.2738,1000,10000000,No,Yes,Yes,USD
10818,🔎 South Korea Traffic from Coupang.com [Custom Keyword] [Natural Speed],Website Traffic,Website Traffic,Website Traffic - from South Korea 🇰🇷 (+ Choose Referrer),41.904,1.3095,1000,10000000,No,Yes,Yes,USD
10819,🔎 South Korea Traffic from Coupang.com [Custom Keyword] [Fast Speed] ⚡,Website Traffic,Website Traffic,Website Traffic - from South Korea 🇰🇷 (+ Choose Referrer),69.84,2.1825,1000,10000000,No,Yes,Yes,USD
10820,🔎 South Korea Traffic from Coupang.com [Custom Keyword] [Ultra-Fast Speed] ⚡⚡,Website Traffic,Website Traffic,Website Traffic - from South Korea 🇰🇷 (+ Choose Referrer),104.7616,3.2738,1000,10000000,No,Yes,Yes,USD
10812,🔎 South Korea Traffic from Naver Search [Custom Keyword] [Natural Speed],Website Traffic,Website Traffic,Website Traffic - from South Korea 🇰🇷 (+ Choose Referrer),41.904,1.3095,1000,10000000,No,Yes,Yes,USD
10813,🔎 South Korea Traffic from Naver Search [Custom Keyword] [Fast Speed] ⚡,Website Traffic,Website Traffic,Website Traffic - from South Korea 🇰🇷 (+ Choose Referrer),69.84,2.1825,1000,10000000,No,Yes,Yes,USD
10814,🔎 South Korea Traffic from Naver Search [Custom Keyword] [Ultra-Fast Speed] ⚡⚡,Website Traffic,Website Traffic,Website Traffic - from South Korea 🇰🇷 (+ Choose Referrer),104.7616,3.2738,1000,10000000,No,Yes,Yes,USD
6436,🔎 South Korea Traffic from Shopping.naver.com [Organic] [Custom Keywords],Website Traffic,Website Traffic,Website Traffic - from South Korea 🇰🇷 (+ Choose Referrer),22.08,0.69,100,1000000,No,Yes,Yes,USD
10821,🔎 South Korea Traffic from Shopping.naver.com [Custom Keyword] [Natural Speed],Website Traffic,Website Traffic,Website Traffic - from South Korea 🇰🇷 (+ Choose Referrer),41.904,1.3095,1000,10000000,No,Yes,Yes,USD
10822,🔎 South Korea Traffic from Shopping.naver.com [Custom Keyword] [Fast Speed] ⚡,Website Traffic,Website Traffic,Website Traffic - from South Korea 🇰🇷 (+ Choose Referrer),69.84,2.1825,1000,10000000,No,Yes,Yes,USD
10823,🔎 South Korea Traffic from Shopping.naver.com [Custom Keyword] [Ultra-Fast Speed] ⚡⚡,Website Traffic,Website Traffic,Website Traffic - from South Korea 🇰🇷 (+ Choose Referrer),104.7616,3.2738,1000,10000000,No,Yes,Yes,USD
10807,📱 South Korea Traffic from Mobile Apps - 100% Android (𝐎𝐫𝐠𝐚𝐧𝐢𝐜),Website Traffic,Website Traffic,Website Traffic - from South Korea 🇰🇷 (+ Choose Referrer),34.9216,1.0913,1000,1000000,No,Yes,Yes,USD
10808,📱 South Korea Traffic from Mobile Apps - 100% iOS (𝐎𝐫𝐠𝐚𝐧𝐢𝐜),Website Traffic,Website Traffic,Website Traffic - from South Korea 🇰🇷 (+ Choose Referrer),39.5776,1.2368,1000,60000,No,Yes,Yes,USD
10809,📱🔎 South Korea Traffic from Gift.Kakao.com [Custom Keyword] [100% Mobile - Organic]⚡,Website Traffic,Website Traffic,Website Traffic - from South Korea 🇰🇷 (+ Choose Referrer),69.84,2.1825,1000,10000000,No,Yes,Yes,USD
10810,📱🔎 South Korea Traffic from Store.Kakao.com [Custom Keyword] [100% Mobile - Organic]⚡,Website Traffic,Website Traffic,Website Traffic - from South Korea 🇰🇷 (+ Choose Referrer),69.84,2.1825,1000,10000000,No,Yes,Yes,USD
10811,📱🔎 South Korea Traffic from Musinsa.com [Custom Keyword] [100% Mobile - Organic]⚡,Website Traffic,Website Traffic,Website Traffic - from South Korea 🇰🇷 (+ Choose Referrer),69.84,2.1825,1000,10000000,No,Yes,Yes,USD
6706,Spain Traffic from Google.com,Google,Website Traffic,Website Traffic - from Spain 🇪🇸 ( + Choose Referrer ),9.6,0.3,100,1000000,No,Yes,Yes,USD
6707,Spain Traffic from Google.es,Google,Website Traffic,Website Traffic - from Spain 🇪🇸 ( + Choose Referrer ),9.6,0.3,100,1000000,No,Yes,Yes,USD
6708,Spain Traffic from YouTube,YouTube,Website Traffic,Website Traffic - from Spain 🇪🇸 ( + Choose Referrer ),9.6,0.3,100,1000000,No,Yes,Yes,USD
6709,Spain Traffic from Facebook,Facebook,Website Traffic,Website Traffic - from Spain 🇪🇸 ( + Choose Referrer ),9.6,0.3,100,1000000,No,Yes,Yes,USD
6710,Spain Traffic from Instagram,Instagram,Website Traffic,Website Traffic - from Spain 🇪🇸 ( + Choose Referrer ),9.6,0.3,100,1000000,No,Yes,Yes,USD
6711,Spain Traffic from Twitter,Twitter/X,Website Traffic,Website Traffic - from Spain 🇪🇸 ( + Choose Referrer ),9.6,0.3,100,1000000,No,Yes,Yes,USD
6713,Spain Traffic from Quora,Quora,Website Traffic,Website Traffic - from Spain 🇪🇸 ( + Choose Referrer ),9.6,0.3,100,1000000,No,Yes,Yes,USD
6767,Taiwan Traffic from Google.com Search,Google,Website Traffic,Website Traffic - from Taiwan 🇹🇼 ( + Choose Referrer ),22.72,0.71,1000,1000000,No,Yes,No,USD
6768,Taiwan Traffic from Google.com.tw,Google,Website Traffic,Website Traffic - from Taiwan 🇹🇼 ( + Choose Referrer ),22.4,0.7,500,1000000,No,Yes,No,USD
6769,Taiwan Traffic from YouTube,YouTube,Website Traffic,Website Traffic - from Taiwan 🇹🇼 ( + Choose Referrer ),22.4,0.7,500,1000000,No,Yes,No,USD
6770,Taiwan Traffic from Facebook,Facebook,Website Traffic,Website Traffic - from Taiwan 🇹🇼 ( + Choose Referrer ),22.4,0.7,500,1000000,No,Yes,No,USD
6771,Taiwan Traffic from Instagram,Instagram,Website Traffic,Website Traffic - from Taiwan 🇹🇼 ( + Choose Referrer ),22.4,0.7,500,1000000,No,Yes,No,USD
6772,Taiwan Traffic from Twitter,Twitter/X,Website Traffic,Website Traffic - from Taiwan 🇹🇼 ( + Choose Referrer ),22.4,0.7,500,1000000,No,Yes,No,USD
6774,Taiwan Traffic from Quora,Quora,Website Traffic,Website Traffic - from Taiwan 🇹🇼 ( + Choose Referrer ),22.4,0.7,500,1000000,No,Yes,No,USD
6968,Thailand Traffic from Google.com,Google,Website Traffic,Website Traffic from Thailand 🇹🇭 ( + Choose Referrer ),9.6,0.3,100,1000000,No,Yes,Yes,USD
6969,Thailand Traffic from Google.co.th,Google,Website Traffic,Website Traffic from Thailand 🇹🇭 ( + Choose Referrer ),9.6,0.3,100,1000000,No,Yes,Yes,USD
6970,Thailand Traffic from YouTube,YouTube,Website Traffic,Website Traffic from Thailand 🇹🇭 ( + Choose Referrer ),9.6,0.3,100,1000000,No,Yes,Yes,USD
6971,Thailand Traffic from Facebook,Facebook,Website Traffic,Website Traffic from Thailand 🇹🇭 ( + Choose Referrer ),9.6,0.3,100,1000000,No,Yes,Yes,USD
6972,Thailand Traffic from Instagram,Instagram,Website Traffic,Website Traffic from Thailand 🇹🇭 ( + Choose Referrer ),9.6,0.3,100,1000000,No,Yes,Yes,USD
6973,Thailand Traffic from Twitter,Twitter/X,Website Traffic,Website Traffic from Thailand 🇹🇭 ( + Choose Referrer ),9.6,0.3,100,1000000,No,Yes,Yes,USD
6975,Thailand Traffic from Quora,Quora,Website Traffic,Website Traffic from Thailand 🇹🇭 ( + Choose Referrer ),9.6,0.3,100,1000000,No,Yes,Yes,USD
6947,Turkey Traffic from Google.com,Google,Website Traffic,Website Traffic - from Turkey 🇹🇷 ( + Choose Referrer ),9.6,0.3,100,1000000,No,Yes,Yes,USD
6948,Turkey Traffic from Google.com.tr,Google,Website Traffic,Website Traffic - from Turkey 🇹🇷 ( + Choose Referrer ),9.6,0.3,100,1000000,No,Yes,Yes,USD
6949,Turkey Traffic from Yandex.com.tr,Website Traffic,Website Traffic,Website Traffic - from Turkey 🇹🇷 ( + Choose Referrer ),9.6,0.3,100,1000000,No,Yes,Yes,USD
6950,Turkey Traffic from YouTube,YouTube,Website Traffic,Website Traffic - from Turkey 🇹🇷 ( + Choose Referrer ),9.6,0.3,100,1000000,No,Yes,Yes,USD
6951,Turkey Traffic from Facebook,Facebook,Website Traffic,Website Traffic - from Turkey 🇹🇷 ( + Choose Referrer ),9.6,0.3,100,1000000,No,Yes,Yes,USD
6952,Turkey Traffic from Instagram,Instagram,Website Traffic,Website Traffic - from Turkey 🇹🇷 ( + Choose Referrer ),9.6,0.3,100,1000000,No,Yes,Yes,USD
6953,Turkey Traffic from Twitter,Twitter/X,Website Traffic,Website Traffic - from Turkey 🇹🇷 ( + Choose Referrer ),9.6,0.3,100,1000000,No,Yes,Yes,USD
6955,Turkey Traffic from Quora,Quora,Website Traffic,Website Traffic - from Turkey 🇹🇷 ( + Choose Referrer ),9.6,0.3,100,1000000,No,Yes,Yes,USD
6599,UK Traffic from Google.com,Google,Website Traffic,Website Traffic - from UK 🇬🇧 ( + Choose Referrer ),9.6,0.3,100,1000000,No,Yes,Yes,USD
6600,UK Traffic from Google.co.uk,Google,Website Traffic,Website Traffic - from UK 🇬🇧 ( + Choose Referrer ),9.6,0.3,100,1000000,No,Yes,Yes,USD
6601,UK Traffic from Quora,Quora,Website Traffic,Website Traffic - from UK 🇬🇧 ( + Choose Referrer ),9.6,0.3,100,1000000,No,Yes,Yes,USD
6603,UK Traffic from Twitter,Twitter/X,Website Traffic,Website Traffic - from UK 🇬🇧 ( + Choose Referrer ),9.6,0.3,100,1000000,No,Yes,Yes,USD
6604,UK Traffic from Reddit,Reddit,Website Traffic,Website Traffic - from UK 🇬🇧 ( + Choose Referrer ),9.6,0.3,100,1000000,No,Yes,Yes,USD
6605,UK Traffic from YouTube,YouTube,Website Traffic,Website Traffic - from UK 🇬🇧 ( + Choose Referrer ),9.6,0.3,100,1000000,No,Yes,Yes,USD
6606,UK Traffic from Facebook,Facebook,Website Traffic,Website Traffic - from UK 🇬🇧 ( + Choose Referrer ),9.6,0.3,100,1000000,No,Yes,Yes,USD
6607,UK Traffic from Instagram,Instagram,Website Traffic,Website Traffic - from UK 🇬🇧 ( + Choose Referrer ),9.6,0.3,100,1000000,No,Yes,Yes,USD
6580,USA Traffic from Google.com,Google,Website Traffic,Website Traffic - from USA 🇺🇸 ( + Choose Referrer ),9.6,0.3,100,1000000,No,Yes,Yes,USD
6581,USA Traffic from Google.com,Google,Website Traffic,Website Traffic - from USA 🇺🇸 ( + Choose Referrer ),9.6,0.3,100,1000000,No,Yes,Yes,USD
10824,🇺🇸 USA - Direct URL Redirection (𝐍𝐨 𝐑𝐞𝐟𝐞𝐫𝐫𝐞𝐫 - 𝐃𝐢𝐫𝐞𝐜𝐭),Website Traffic,Website Traffic,Website Traffic - from USA 🇺🇸 ( + Choose Referrer ),18.624,0.582,500,1000000,No,Yes,Yes,USD
6582,USA Traffic from Facebook,Facebook,Website Traffic,Website Traffic - from USA 🇺🇸 ( + Choose Referrer ),9.6,0.3,100,1000000,No,Yes,Yes,USD
10825,🇺🇸 USA Traffic from Mobile Apps -  100% Android (𝐎𝐫𝐠𝐚𝐧𝐢𝐜),Website Traffic,Website Traffic,Website Traffic - from USA 🇺🇸 ( + Choose Referrer ),34.9216,1.0913,1000,1000000,No,Yes,Yes,USD
6583,USA Traffic from Instagram,Instagram,Website Traffic,Website Traffic - from USA 🇺🇸 ( + Choose Referrer ),9.6,0.3,100,1000000,No,Yes,Yes,USD
10826,🇺🇸 USA Traffic from Mobile Apps -  100% iOS (𝐎𝐫𝐠𝐚𝐧𝐢𝐜),Website Traffic,Website Traffic,Website Traffic - from USA 🇺🇸 ( + Choose Referrer ),39.5776,1.2368,1000,1000000,No,Yes,Yes,USD
6584,USA Traffic from ONLYFANS,Website Traffic,Website Traffic,Website Traffic - from USA 🇺🇸 ( + Choose Referrer ),9.6,0.3,100,1000000,No,Yes,Yes,USD
6585,USA Traffic from Quora,Quora,Website Traffic,Website Traffic - from USA 🇺🇸 ( + Choose Referrer ),9.6,0.3,100,1000000,No,Yes,Yes,USD
6588,USA Traffic from Twitter,Twitter/X,Website Traffic,Website Traffic - from USA 🇺🇸 ( + Choose Referrer ),9.6,0.3,100,1000000,No,Yes,Yes,USD
6589,USA Traffic from Reddit,Reddit,Website Traffic,Website Traffic - from USA 🇺🇸 ( + Choose Referrer ),9.6,0.3,100,1000000,No,Yes,Yes,USD
6590,USA Traffic from YouTube,YouTube,Website Traffic,Website Traffic - from USA 🇺🇸 ( + Choose Referrer ),9.6,0.3,100,1000000,No,Yes,Yes,USD
6596,USA Traffic from Linkedin,LinkedIn,Website Traffic,Website Traffic - from USA 🇺🇸 ( + Choose Referrer ),9.6,0.3,100,1000000,No,Yes,Yes,USD
6598,USA Traffic From Tiktok,TikTok,Website Traffic,Website Traffic - from USA 🇺🇸 ( + Choose Referrer ),9.6,0.3,100,1000000,No,Yes,Yes,USD
10656,Worldwide Mobile Traffic from iPhone | (DIRECT Traffic) (iPhone 7-iPhone 11),Website Traffic,Website Traffic,Mobile Traffic - Worldwide (from iPhone/Android),9.312,0.291,200,10000000,No,No,Yes,USD
10662,Worldwide Mobile Traffic from Android | (DIRECT Traffic) (Android 8-10),Website Traffic,Website Traffic,Mobile Traffic - Worldwide (from iPhone/Android),9.312,0.291,200,10000000,No,No,Yes,USD
10657,Worldwide Mobile Traffic from iPhone | (DIRECT Traffic) (iPhone 12 &amp;amp; iPhone 13),Website Traffic,Website Traffic,Mobile Traffic - Worldwide (from iPhone/Android),9.312,0.291,200,10000000,No,No,Yes,USD
10658,Worldwide Mobile Traffic from iPhone | (Organic) (iPhone 7-iPhone 11),Website Traffic,Website Traffic,Mobile Traffic - Worldwide (from iPhone/Android),9.312,0.291,200,10000000,No,No,Yes,USD
10663,Worldwide Mobile Traffic from Android | (DIRECT Traffic) (Android 11&amp;amp; 12),Website Traffic,Website Traffic,Mobile Traffic - Worldwide (from iPhone/Android),9.312,0.291,200,10000000,No,No,Yes,USD
10664,Worldwide Mobile Traffic from Android | (Organic) (Android 8-10),Website Traffic,Website Traffic,Mobile Traffic - Worldwide (from iPhone/Android),9.312,0.291,200,10000000,No,No,Yes,USD
10659,Worldwide Mobile Traffic from iPhone | (Organic) (iPhone 12 &amp;amp; iPhone 13),Website Traffic,Website Traffic,Mobile Traffic - Worldwide (from iPhone/Android),9.7792,0.3056,200,10000000,No,No,Yes,USD
10665,Worldwide Mobile Traffic from Android | (Organic) (Android 11 &amp;amp; 12),Website Traffic,Website Traffic,Mobile Traffic - Worldwide (from iPhone/Android),9.7792,0.3056,200,10000000,No,No,Yes,USD
10660,Worldwide Mobile Traffic from iPhone | (Organic) (Keywords allowed) (iPhone 7-iPhone 11),Website Traffic,Website Traffic,Mobile Traffic - Worldwide (from iPhone/Android),11.1744,0.3492,200,10000000,No,No,Yes,USD
10666,Worldwide Mobile Traffic from Android | (Organic) (Keywords allowed) (Android 8-10),Website Traffic,Website Traffic,Mobile Traffic - Worldwide (from iPhone/Android),11.1744,0.3492,200,10000000,No,No,Yes,USD
10661,Worldwide Mobile Traffic from iPhone | (Organic) (Keywords allowed) ( iPhone 12 &amp;amp; iPhone 13),Website Traffic,Website Traffic,Mobile Traffic - Worldwide (from iPhone/Android),12.5728,0.3929,200,10000000,No,No,Yes,USD
10667,Worldwide Mobile Traffic from Android | (Organic) (Keywords allowed) (Android 11 &amp;amp; 12),Website Traffic,Website Traffic,Mobile Traffic - Worldwide (from iPhone/Android),12.5728,0.3929,200,10000000,No,No,Yes,USD
10655,Worldwide Mobile Traffic | (100% Mobile Visits) (Pop-Under Ads),Website Traffic,Website Traffic,Mobile Traffic - Worldwide (from iPhone/Android),37.248,1.164,1000,1000000,No,Yes,Yes,USD
10669,Mobile Traffic from iPhone - DIRECT Traffic | (iPhone 7-iPhone 11) (GEO Target),Website Traffic,Website Traffic,Mobile Traffic - GEO Targeted,16.736,0.523,200,10000000,No,No,Yes,USD
10675,Mobile Traffic from Android - DIRECT Traffic | (Android 8-10) (GEO Target),Website Traffic,Website Traffic,Mobile Traffic - GEO Targeted,16.64,0.52,200,10000000,No,No,Yes,USD
10670,Mobile Traffic from iPhone - DIRECT Traffic | (iPhone 12 &amp;amp; iPhone 13) (GEO Target),Website Traffic,Website Traffic,Mobile Traffic - GEO Targeted,18.16,0.5675,200,10000000,No,No,Yes,USD
10676,Mobile Traffic from Android - DIRECT Traffic | (Android 11 &amp;amp; 12) (GEO Target),Website Traffic,Website Traffic,Mobile Traffic - GEO Targeted,18.16,0.5675,200,10000000,No,No,Yes,USD
10671,Mobile Traffic from iPhone | (Organic) (iPhone 7-iPhone 11) (GEO Target),Website Traffic,Website Traffic,Mobile Traffic - GEO Targeted,19.5552,0.6111,200,10000000,No,No,Yes,USD
10677,Mobile Traffic from Android | (Organic) (Android 8-10) (GEO Target),Website Traffic,Website Traffic,Mobile Traffic - GEO Targeted,19.5552,0.6111,200,10000000,No,No,Yes,USD
10672,Mobile Traffic from iPhone | (Organic) (iPhone 12 &amp;amp; iPhone 13) (GEO Target),Website Traffic,Website Traffic,Mobile Traffic - GEO Targeted,20.9536,0.6548,200,10000000,No,No,Yes,USD
10678,Mobile Traffic from Android | (Organic) (Android 11 &amp;amp; 12) (GEO Target),Website Traffic,Website Traffic,Mobile Traffic - GEO Targeted,20.9536,0.6548,200,10000000,No,No,Yes,USD
10673,Mobile Traffic from iPhone | (Organic) (Keywords allowed) (iPhone 7-iPhone 11) (GEO Target),Website Traffic,Website Traffic,Mobile Traffic - GEO Targeted,33.5232,1.0476,200,10000000,No,No,Yes,USD
10679,Mobile Traffic from Android | (Organic) (Keywords allowed) (Android 8-10) (GEO Target),Website Traffic,Website Traffic,Mobile Traffic - GEO Targeted,33.5232,1.0476,200,10000000,No,No,Yes,USD
10674,Mobile Traffic from iPhone | (Organic) (Keywords allowed) (iPhone 12 &amp;amp; iPhone 13) (GEO Target),Website Traffic,Website Traffic,Mobile Traffic - GEO Targeted,34.9216,1.0913,200,10000000,No,No,Yes,USD
10680,Mobile Traffic from Android | (Organic) (Keywords allowed) (Android 11 &amp;amp; 12) (GEO Target),Website Traffic,Website Traffic,Mobile Traffic - GEO Targeted,34.9216,1.0913,200,10000000,No,No,Yes,USD
10668,Mobile Traffic | (100% Mobile Visits) (Pop-Under Ads) (GEO Target),Website Traffic,Website Traffic,Mobile Traffic - GEO Targeted,37.248,1.164,1000,1000000,No,Yes,Yes,USD
10681,Mobile Traffic from iPhone 15 - RST™ (Real Social Traffic) | (🌐 Worldwide ),Website Traffic,Website Traffic,Mobile Traffic - RST™ (Real Social Traffic) (from iPhone 15) (GEO),34.9216,1.0913,500,6869000,No,Yes,Yes,USD
10682,Mobile Traffic from iPhone 15 - RST™ (Real Social Traffic) | (🇺🇸 USA),Website Traffic,Website Traffic,Mobile Traffic - RST™ (Real Social Traffic) (from iPhone 15) (GEO),41.904,1.3095,500,878000,No,Yes,Yes,USD
10683,Mobile Traffic from iPhone 15 - RST™ (Real Social Traffic) | (🇦🇷 Argentina),Website Traffic,Website Traffic,Mobile Traffic - RST™ (Real Social Traffic) (from iPhone 15) (GEO),41.904,1.3095,500,119000,No,Yes,Yes,USD
10684,Mobile Traffic from iPhone 15 - RST™ (Real Social Traffic) | (🇦🇺 Australia),Website Traffic,Website Traffic,Mobile Traffic - RST™ (Real Social Traffic) (from iPhone 15) (GEO),41.904,1.3095,500,134000,No,Yes,Yes,USD
10685,Mobile Traffic from iPhone 15 - RST™ (Real Social Traffic) | (🇧🇩 Bangladesh),Website Traffic,Website Traffic,Mobile Traffic - RST™ (Real Social Traffic) (from iPhone 15) (GEO),41.904,1.3095,500,183000,No,Yes,Yes,USD
10686,Mobile Traffic from iPhone 15 - RST™ (Real Social Traffic) | (🇧🇪 Belgium),Website Traffic,Website Traffic,Mobile Traffic - RST™ (Real Social Traffic) (from iPhone 15) (GEO),41.904,1.3095,500,91000,No,Yes,Yes,USD
10687,Mobile Traffic from iPhone 15 - RST™ (Real Social Traffic) | (🇧🇷 Brazil),Website Traffic,Website Traffic,Mobile Traffic - RST™ (Real Social Traffic) (from iPhone 15) (GEO),41.904,1.3095,500,259000,No,Yes,Yes,USD
10688,Mobile Traffic from iPhone 15 - RST™ (Real Social Traffic) | (🇨🇦 Canada),Website Traffic,Website Traffic,Mobile Traffic - RST™ (Real Social Traffic) (from iPhone 15) (GEO),41.904,1.3095,500,297000,No,Yes,Yes,USD
10689,Mobile Traffic from iPhone 15 - RST™ (Real Social Traffic) | (🇨🇱 Chile),Website Traffic,Website Traffic,Mobile Traffic - RST™ (Real Social Traffic) (from iPhone 15) (GEO),41.904,1.3095,500,47000,No,Yes,Yes,USD
10690,Mobile Traffic from iPhone 15 - RST™ (Real Social Traffic) | (🇨🇳 China),Website Traffic,Website Traffic,Mobile Traffic - RST™ (Real Social Traffic) (from iPhone 15) (GEO),41.904,1.3095,500,378000,No,Yes,Yes,USD
10691,Mobile Traffic from iPhone 15 - RST™ (Real Social Traffic) | (🇨🇴 Colombia),Website Traffic,Website Traffic,Mobile Traffic - RST™ (Real Social Traffic) (from iPhone 15) (GEO),41.904,1.3095,500,134000,No,Yes,Yes,USD
10692,Mobile Traffic from iPhone 15 - RST™ (Real Social Traffic) | (🇨🇿 Czech Republic),Website Traffic,Website Traffic,Mobile Traffic - RST™ (Real Social Traffic) (from iPhone 15) (GEO),41.904,1.3095,500,42000,No,Yes,Yes,USD
10693,Mobile Traffic from iPhone 15 - RST™ (Real Social Traffic) | (🇩🇰 Denmark),Website Traffic,Website Traffic,Mobile Traffic - RST™ (Real Social Traffic) (from iPhone 15) (GEO),41.904,1.3095,500,45000,No,Yes,Yes,USD
10694,Mobile Traffic from iPhone 15 - RST™ (Real Social Traffic) | (🇪🇬 Egypt),Website Traffic,Website Traffic,Mobile Traffic - RST™ (Real Social Traffic) (from iPhone 15) (GEO),41.904,1.3095,500,119000,No,Yes,Yes,USD
10695,Mobile Traffic from iPhone 15 - RST™ (Real Social Traffic) | (🇫🇮 Finland),Website Traffic,Website Traffic,Mobile Traffic - RST™ (Real Social Traffic) (from iPhone 15) (GEO),41.904,1.3095,500,45000,No,Yes,Yes,USD
10696,Mobile Traffic from iPhone 15 - RST™ (Real Social Traffic) | (🇫🇷 France),Website Traffic,Website Traffic,Mobile Traffic - RST™ (Real Social Traffic) (from iPhone 15) (GEO),41.904,1.3095,500,258000,No,Yes,Yes,USD
10697,Mobile Traffic from iPhone 15 - RST™ (Real Social Traffic) | (🇩🇪 Germany),Website Traffic,Website Traffic,Mobile Traffic - RST™ (Real Social Traffic) (from iPhone 15) (GEO),41.904,1.3095,500,338000,No,Yes,Yes,USD
10698,Mobile Traffic from iPhone 15 - RST™ (Real Social Traffic) | (🇬🇭 Ghana),Website Traffic,Website Traffic,Mobile Traffic - RST™ (Real Social Traffic) (from iPhone 15) (GEO),41.904,1.3095,500,17000,No,Yes,Yes,USD
10699,Mobile Traffic from iPhone 15 - RST™ (Real Social Traffic) | (🇬🇷 Greece),Website Traffic,Website Traffic,Mobile Traffic - RST™ (Real Social Traffic) (from iPhone 15) (GEO),41.904,1.3095,500,54000,No,Yes,Yes,USD
10700,Mobile Traffic from iPhone 15 - RST™ (Real Social Traffic) | (🇭🇰 Hong Kong),Website Traffic,Website Traffic,Mobile Traffic - RST™ (Real Social Traffic) (from iPhone 15) (GEO),41.904,1.3095,500,128000,No,Yes,Yes,USD
10701,Mobile Traffic from iPhone 15 - RST™ (Real Social Traffic) | (🇮🇳 India),Website Traffic,Website Traffic,Mobile Traffic - RST™ (Real Social Traffic) (from iPhone 15) (GEO),41.904,1.3095,500,279000,No,Yes,Yes,USD
10702,Mobile Traffic from iPhone 15 - RST™ (Real Social Traffic) | (🇮🇩 Indonesia),Website Traffic,Website Traffic,Mobile Traffic - RST™ (Real Social Traffic) (from iPhone 15) (GEO),41.904,1.3095,500,192000,No,Yes,Yes,USD
10703,Mobile Traffic from iPhone 15 - RST™ (Real Social Traffic) | (🇮🇷 Iran),Website Traffic,Website Traffic,Mobile Traffic - RST™ (Real Social Traffic) (from iPhone 15) (GEO),41.904,1.3095,500,21000,No,Yes,Yes,USD
10704,Mobile Traffic from iPhone 15 - RST™ (Real Social Traffic) | (🇮🇶 Iraq),Website Traffic,Website Traffic,Mobile Traffic - RST™ (Real Social Traffic) (from iPhone 15) (GEO),41.904,1.3095,500,18000,No,Yes,Yes,USD
10705,Mobile Traffic from iPhone 15 - RST™ (Real Social Traffic) | (🇮🇪 Ireland),Website Traffic,Website Traffic,Mobile Traffic - RST™ (Real Social Traffic) (from iPhone 15) (GEO),41.904,1.3095,500,39000,No,Yes,Yes,USD
10706,Mobile Traffic from iPhone 15 - RST™ (Real Social Traffic) | (🇮🇱 Israel),Website Traffic,Website Traffic,Mobile Traffic - RST™ (Real Social Traffic) (from iPhone 15) (GEO),41.904,1.3095,500,46000,No,Yes,Yes,USD
10707,Mobile Traffic from iPhone 15 - RST™ (Real Social Traffic) | (🇮🇹 Italy),Website Traffic,Website Traffic,Mobile Traffic - RST™ (Real Social Traffic) (from iPhone 15) (GEO),41.904,1.3095,500,159000,No,Yes,Yes,USD
10708,Mobile Traffic from iPhone 15 - RST™ (Real Social Traffic) | (🇯🇵 Japan),Website Traffic,Website Traffic,Mobile Traffic - RST™ (Real Social Traffic) (from iPhone 15) (GEO),41.904,1.3095,500,332000,No,Yes,Yes,USD
10709,Mobile Traffic from iPhone 15 - RST™ (Real Social Traffic) | (🇰🇪 Kenya),Website Traffic,Website Traffic,Mobile Traffic - RST™ (Real Social Traffic) (from iPhone 15) (GEO),41.904,1.3095,500,14000,No,Yes,Yes,USD
10710,Mobile Traffic from iPhone 15 - RST™ (Real Social Traffic) | (🇲🇾 Malaysia),Website Traffic,Website Traffic,Mobile Traffic - RST™ (Real Social Traffic) (from iPhone 15) (GEO),41.904,1.3095,500,28000,No,Yes,Yes,USD
10711,Mobile Traffic from iPhone 15 - RST™ (Real Social Traffic) | (🇲🇽 Mexico),Website Traffic,Website Traffic,Mobile Traffic - RST™ (Real Social Traffic) (from iPhone 15) (GEO),41.904,1.3095,500,84000,No,Yes,Yes,USD
10712,Mobile Traffic from iPhone 15 - RST™ (Real Social Traffic) | (🇲🇩 Moldova),Website Traffic,Website Traffic,Mobile Traffic - RST™ (Real Social Traffic) (from iPhone 15) (GEO),41.904,1.3095,500,11000,No,Yes,Yes,USD
10713,Mobile Traffic from iPhone 15 - RST™ (Real Social Traffic) | (🇳🇱 Netherlands),Website Traffic,Website Traffic,Mobile Traffic - RST™ (Real Social Traffic) (from iPhone 15) (GEO),41.904,1.3095,500,136000,No,Yes,Yes,USD
10714,Mobile Traffic from iPhone 15 - RST™ (Real Social Traffic) | (🇳🇿 New Zealand),Website Traffic,Website Traffic,Mobile Traffic - RST™ (Real Social Traffic) (from iPhone 15) (GEO),41.904,1.3095,500,66000,No,Yes,Yes,USD
10715,Mobile Traffic from iPhone 15 - RST™ (Real Social Traffic) | (🇳🇴 Norway),Website Traffic,Website Traffic,Mobile Traffic - RST™ (Real Social Traffic) (from iPhone 15) (GEO),41.904,1.3095,500,68000,No,Yes,Yes,USD
10716,Mobile Traffic from iPhone 15 - RST™ (Real Social Traffic) | (🇵🇰 Pakistan),Website Traffic,Website Traffic,Mobile Traffic - RST™ (Real Social Traffic) (from iPhone 15) (GEO),41.904,1.3095,500,117000,No,Yes,Yes,USD
10717,Mobile Traffic from iPhone 15 - RST™ (Real Social Traffic) | (🇵🇭 Philippines),Website Traffic,Website Traffic,Mobile Traffic - RST™ (Real Social Traffic) (from iPhone 15) (GEO),41.904,1.3095,500,88000,No,Yes,Yes,USD
10718,Mobile Traffic from iPhone 15 - RST™ (Real Social Traffic) | (🇵🇱 Poland),Website Traffic,Website Traffic,Mobile Traffic - RST™ (Real Social Traffic) (from iPhone 15) (GEO),41.904,1.3095,500,66000,No,Yes,Yes,USD
10719,Mobile Traffic from iPhone 15 - RST™ (Real Social Traffic) | (🇵🇹 Portugal),Website Traffic,Website Traffic,Mobile Traffic - RST™ (Real Social Traffic) (from iPhone 15) (GEO),41.904,1.3095,500,27000,No,Yes,Yes,USD
10720,Mobile Traffic from iPhone 15 - RST™ (Real Social Traffic) | (🇷🇴 Romania),Website Traffic,Website Traffic,Mobile Traffic - RST™ (Real Social Traffic) (from iPhone 15) (GEO),41.904,1.3095,500,13000,No,Yes,Yes,USD
10721,Mobile Traffic from iPhone 15 - RST™ (Real Social Traffic) | (🇷🇺 Russia),Website Traffic,Website Traffic,Mobile Traffic - RST™ (Real Social Traffic) (from iPhone 15) (GEO),41.904,1.3095,500,59000,No,Yes,Yes,USD
10722,Mobile Traffic from iPhone 15 - RST™ (Real Social Traffic) | (🇸🇬 Singapore),Website Traffic,Website Traffic,Mobile Traffic - RST™ (Real Social Traffic) (from iPhone 15) (GEO),41.904,1.3095,500,36000,No,Yes,Yes,USD
10723,Mobile Traffic from iPhone 15 - RST™ (Real Social Traffic) | (🇿🇦 South Africa),Website Traffic,Website Traffic,Mobile Traffic - RST™ (Real Social Traffic) (from iPhone 15) (GEO),41.904,1.3095,500,46000,No,Yes,Yes,USD
10724,Mobile Traffic from iPhone 15 - RST™ (Real Social Traffic) | (🇰🇷 South Korea),Website Traffic,Website Traffic,Mobile Traffic - RST™ (Real Social Traffic) (from iPhone 15) (GEO),41.904,1.3095,500,207000,No,Yes,Yes,USD
10725,Mobile Traffic from iPhone 15 - RST™ (Real Social Traffic) | (🇪🇸 Spain),Website Traffic,Website Traffic,Mobile Traffic - RST™ (Real Social Traffic) (from iPhone 15) (GEO),41.904,1.3095,500,154000,No,Yes,Yes,USD
10726,Mobile Traffic from iPhone 15 - RST™ (Real Social Traffic) | (🇸🇪 Sweden),Website Traffic,Website Traffic,Mobile Traffic - RST™ (Real Social Traffic) (from iPhone 15) (GEO),41.904,1.3095,500,54000,No,Yes,Yes,USD
10727,Mobile Traffic from iPhone 15 - RST™ (Real Social Traffic) | (🇨🇭 Switzerland),Website Traffic,Website Traffic,Mobile Traffic - RST™ (Real Social Traffic) (from iPhone 15) (GEO),41.904,1.3095,500,92000,No,Yes,Yes,USD
10728,Mobile Traffic from iPhone 15 - RST™ (Real Social Traffic) | (🇹🇼 Taiwan),Website Traffic,Website Traffic,Mobile Traffic - RST™ (Real Social Traffic) (from iPhone 15) (GEO),41.904,1.3095,500,126000,No,Yes,Yes,USD
10729,Mobile Traffic from iPhone 15 - RST™ (Real Social Traffic) | (🇹🇭 Thailand),Website Traffic,Website Traffic,Mobile Traffic - RST™ (Real Social Traffic) (from iPhone 15) (GEO),41.904,1.3095,500,173000,No,Yes,Yes,USD
10730,Mobile Traffic from iPhone 15 - RST™ (Real Social Traffic) | (🇹🇷 Turkey),Website Traffic,Website Traffic,Mobile Traffic - RST™ (Real Social Traffic) (from iPhone 15) (GEO),41.904,1.3095,500,148000,No,Yes,Yes,USD
10731,Mobile Traffic from iPhone 15 - RST™ (Real Social Traffic) | (🇬🇧 UK),Website Traffic,Website Traffic,Mobile Traffic - RST™ (Real Social Traffic) (from iPhone 15) (GEO),41.904,1.3095,500,267000,No,Yes,Yes,USD
10732,Mobile Traffic from iPhone 15 - RST™ (Real Social Traffic) | (🇺🇦 Ukraine),Website Traffic,Website Traffic,Mobile Traffic - RST™ (Real Social Traffic) (from iPhone 15) (GEO),41.904,1.3095,500,31000,No,Yes,Yes,USD
10733,Mobile Traffic from iPhone 15 - RST™ (Real Social Traffic) | (🇦🇪 United Arab),Website Traffic,Website Traffic,Mobile Traffic - RST™ (Real Social Traffic) (from iPhone 15) (GEO),41.904,1.3095,500,76000,No,Yes,Yes,USD
10734,Mobile Traffic from iPhone 15 - RST™ (Real Social Traffic) | (🇻🇳 Vietnam),Website Traffic,Website Traffic,Mobile Traffic - RST™ (Real Social Traffic) (from iPhone 15) (GEO),41.904,1.3095,500,106000,No,Yes,Yes,USD
10848,Mobile App Rating and Reviews | (4/5 Star) (iOS App) (USA),Other,Views/Plays,Mobile App - Rating &amp; Reviews (Targeted),24000.0,750.0,5,1000000,No,No,Yes,USD
10849,Mobile App Rating and Reviews | (4/5 Star) (iOS App) (UK),Other,Views/Plays,Mobile App - Rating &amp; Reviews (Targeted),24000.0,750.0,5,1000000,No,No,Yes,USD
10850,Mobile App Rating &amp;amp; Reviews | (4/5 Star) (iOS App) (GERMANY),Other,Views/Plays,Mobile App - Rating &amp; Reviews (Targeted),24000.0,750.0,5,1000000,No,No,Yes,USD
10851,Mobile App Rating &amp;amp; Reviews | (4/5 Star) (iOS App) (ITALY),Other,Views/Plays,Mobile App - Rating &amp; Reviews (Targeted),24000.0,750.0,5,1000000,No,No,Yes,USD
10852,Mobile App Rating &amp;amp; Reviews | (4/5 Star) (iOS App) (FRENCH),Other,Views/Plays,Mobile App - Rating &amp; Reviews (Targeted),24000.0,750.0,5,1000000,No,No,Yes,USD
10853,Mobile App Rating &amp;amp; Reviews | (4/5 Star) (iOS App) (ARAB),Other,Views/Plays,Mobile App - Rating &amp; Reviews (Targeted),24000.0,750.0,5,1000000,No,No,Yes,USD
10854,Mobile App Rating &amp;amp; Reviews | (4/5 Star) (iOS App) (INDIA),Other,Views/Plays,Mobile App - Rating &amp; Reviews (Targeted),24000.0,750.0,5,1000000,No,No,Yes,USD
10855,Mobile App Rating &amp;amp; Reviews | (4/5 Star) (iOS App) (BRAZIL),Other,Views/Plays,Mobile App - Rating &amp; Reviews (Targeted),24000.0,750.0,5,1000000,No,No,Yes,USD
10856,Mobile App Rating &amp;amp; Reviews | (4/5 Star) (Custom Reviews) (Any Country) (iOS App),Other,Views/Plays,Mobile App - Rating &amp; Reviews (Targeted),31200.0,975.0,5,1000000,No,No,Yes,USD
11732,Whatsapp - Channel Members | GLOBAL 🌎 | 1K/Day | Real Users | High Quality ⭐,Other,Followers/Subscribers,Whatsapp - CHANNEL MEMBERS,167.808,5.244,10,5000,No,No,Yes,USD
11824,Whatsapp - Channel Members | Europe 🇪🇺 | HQ Profiles |,Other,Followers/Subscribers,Whatsapp - CHANNEL MEMBERS,322.56,10.08,10,50000,No,No,Yes,USD
11993,Whatsapp Channel Members | India 🇮🇳 | HQ,Other,Followers/Subscribers,Whatsapp - CHANNEL MEMBERS,302.4,9.45,10,3000,No,No,Yes,USD
11994,Whatsapp Channel Members | Arab 🇦🇪 | HQ,Other,Followers/Subscribers,Whatsapp - CHANNEL MEMBERS,302.4,9.45,10,50000,No,No,Yes,USD
11995,Whatsapp Channel Members | USA 🇺🇸 | HQ,Other,Followers/Subscribers,Whatsapp - CHANNEL MEMBERS,322.56,10.08,10,50000,No,No,Yes,USD
11996,Whatsapp Channel Members | Turkey 🇹🇷 | HQ,Other,Followers/Subscribers,Whatsapp - CHANNEL MEMBERS,322.56,10.08,10,100000,No,No,Yes,USD
12372,BlueSky Followers || USA 🇺🇸 || No Drop || Instant || 5k/Day,Other,Followers/Subscribers,Bluesky || Bsky,83.2,2.6,100,65000000,No,No,Yes,USD
12373,BlueSky Retweets || USA 🇺🇸 || No Drop || Instant || 5k/Day,Other,Shares,Bluesky || Bsky,64.0,2.0,100,10000,No,No,Yes,USD
12374,BlueSky Likes || USA 🇺🇸 || No Drop || Instant || 5k/Day,Other,Likes/Reactions,Bluesky || Bsky,96.0,3.0,100,10000,No,No,Yes,USD
12749,BlueSky - Likes || Fast || No Refill || 5K/Day,Other,Likes/Reactions,Bluesky || Bsky,4800000.0,150000.0,25,5000,No,No,Yes,USD
9396,Quora - Answer Views | (🌐 Worldwide) (INSTANT),Quora,Views/Plays,Quora,8.832,0.276,500,1000000,No,No,Yes,USD
9397,Quora - Answer Views | (🇺🇸 USA),Quora,Views/Plays,Quora,9.2,0.2875,500,500000,No,No,Yes,USD
9398,Quora - Answer Views | (🇮🇳 India),Quora,Views/Plays,Quora,9.2,0.2875,500,900000,No,No,Yes,USD
9399,Quora - Answer Views | (🇵🇰 Pakistan),Quora,Views/Plays,Quora,9.2,0.2875,500,100000,No,No,Yes,USD
9400,Quora - Answer Views | (🇧🇷Brazil),Quora,Views/Plays,Quora,9.2,0.2875,500,500000,No,No,Yes,USD
9401,Quora - Answer Views | (🇰🇷South Korea),Quora,Views/Plays,Quora,9.2,0.2875,500,500000,No,No,Yes,USD
9402,Quora - Answer Views | (🇬🇧UK),Quora,Views/Plays,Quora,9.2,0.2875,500,500000,No,No,Yes,USD
9403,Quora - Answer Views | (🇨🇦Canada),Quora,Views/Plays,Quora,9.2,0.2875,500,100000,No,No,Yes,USD
7833,Pinterest - Followers | 5K/Day | Instant | Super Fast ⭐,Pinterest,Followers/Subscribers,Pinterest,96.0,3.0,20,1000000,No,No,Yes,USD
7845,Pinterest - Repins | 10K/Day | 0-1H | Super Fast ⭐,Pinterest,Other,Pinterest,115.2,3.6,10,500000,No,No,Yes,USD
7835,Pinterest - Pin Likes | 5K/Day | Instant | Super Fast ⭐,Pinterest,Likes/Reactions,Pinterest,96.0,3.0,20,100000,No,No,Yes,USD
11704,Linkedin - Followers | (Profile &amp;amp; Company Page) (World Wide) (30 Days Refill) (200-400/D) (0-24/H),LinkedIn,Followers/Subscribers,Linkedin,353.28,11.04,100,10000,No,No,Yes,USD
11821,LinkedIn - Followers | (Organic) (60 Days Refill) (0 - 6H - 500/Day),LinkedIn,Followers/Subscribers,Linkedin,1027.52,32.11,1,3000,No,No,Yes,USD
11702,LinkedIn - Views | (500-1K/D) (0-24/H),LinkedIn,Views/Plays,Linkedin,153.6,4.8,500,5000000,No,No,Yes,USD
11703,LinkedIn - Company Page Followers | (Auto Cancel Profile) (30 Days Refill) (200-400/D) (0-24/H),LinkedIn,Followers/Subscribers,Linkedin,322.56,10.08,100,5000,No,No,Yes,USD
11707,LinkedIn - Likes | (30 Days Refill) (24H - 5000/Day),LinkedIn,Likes/Reactions,Linkedin,1599.36,49.98,25,4000,No,No,Yes,USD
11708,LinkedIn - Post Likes | (REAL) (90 Days Refill) (0 - 12H - 500/Day),LinkedIn,Likes/Reactions,Linkedin,478.72,14.96,20,10000,No,No,Yes,USD
11705,LinkedIn - Post Likes | (Lifetime) (100-500/D) (0-24/H),LinkedIn,Likes/Reactions,Linkedin,819.2,25.6,50,10000,No,No,Yes,USD
11710,Linkedin - Comments | (TURKEY 🇹🇷) (Maximum 150),LinkedIn,Comments,Linkedin,1069.1648,33.4114,5,1000,No,No,No,USD
11711,LinkedIn - Comments | (Start 0-6 Hours) (Complete in 0-24 Hours),LinkedIn,Comments,Linkedin,2353.584,73.5495,10,100,No,No,No,USD
7873,Tumblr - Followers | (Max 1K ) (30 Days Refill) (Day 500),Tumblr,Followers/Subscribers,Tumblr,360.4608,11.2644,50,20000,No,No,Yes,USD
7874,Tumblr - Likes | (Max 2K) (30 Days Refill) (Day 500),Tumblr,Likes/Reactions,Tumblr,319.7856,9.9933,10,2000,No,No,Yes,USD
7875,Tumblr - Reblogs | (Max 2K) (30 Days Refill) (Day 200),Tumblr,Other,Tumblr,367.328,11.479,50,2000,No,No,Yes,USD
7899,Yandex Zen - Subscribers | (30 Days Refill) (Speed: 1000/D) (Start time: 0-1/H),Other,Followers/Subscribers,Yandex,137.088,4.284,15,10001,No,No,Yes,USD
7910,Yandex Q - Subscribers | (30 Days Refill) (Max: 10K) (Day 1K) (Start time: 0-3 hours) (Speed: 100-150h),Other,Followers/Subscribers,Yandex,133.9392,4.1856,15,10000,Yes,No,Yes,USD
7900,Yandex Zen - Likes | (30 Days Refill) (Speed: 1000/D) (Start time: 0-1/H),Other,Likes/Reactions,Yandex,122.496,3.828,10,10001,No,No,Yes,USD
7901,Yandex Zen - Custom Comments | (Speed: 500/D) (Start time: 0-1/H),Other,Comments,Yandex,239.616,7.488,5,50,No,No,No,USD
12389,Rutube Followers || Russia 🇷🇺 || 15K/Day,Other,Followers/Subscribers,Rutube 🇷🇺,62.88,1.965,10,149999,No,Yes,Yes,USD
12390,Rutube In Top || Russia 🇷🇺 || 2K/Day || В топ,Other,Other,Rutube 🇷🇺,62.88,1.965,10,149999,No,Yes,Yes,USD
12386,Rutube Views || Russia 🇷🇺 || Video / Shorts || 3K/Day,Other,Views/Plays,Rutube 🇷🇺,13.92,0.435,100,50003,No,Yes,Yes,USD
12387,Rutube Views || Russia 🇷🇺 || Video / Shorts || 10K/Day,Other,Views/Plays,Rutube 🇷🇺,16.8,0.525,50,100001,No,Yes,Yes,USD
12388,Rutube Views || Russia 🇷🇺 || Video || 100K/Day,Other,Views/Plays,Rutube 🇷🇺,3.6,0.1125,100,500001,No,Yes,Yes,USD
12391,Rutube Likes || Russia 🇷🇺 || Video || 10K/Day || 30 Days Refill,Other,Likes/Reactions,Rutube 🇷🇺,62.88,1.965,10,149999,No,No,Yes,USD
12392,Rutube Likes || Russia 🇷🇺 || Shorts || 10K/Day || 30 Days Refill,Other,Likes/Reactions,Rutube 🇷🇺,62.88,1.965,10,149999,No,No,Yes,USD
12393,Rutube Dislikes || Russia 🇷🇺 || Video || 10K/Day,Other,Likes/Reactions,Rutube 🇷🇺,62.88,1.965,10,40000,No,No,Yes,USD
12395,Rutube Auto Views || Russia 🇷🇺 || 5K/H || 40 Days Refill || 5 Future Videos,Other,Views/Plays,Rutube 🇷🇺,79.2,2.475,100,500003,No,No,Yes,USD
12396,Rutube Auto Views || Russia 🇷🇺 || 5K/H || 40 Days Refill || 10 Future Videos,Other,Views/Plays,Rutube 🇷🇺,158.4,4.95,100,500003,No,No,Yes,USD
12397,Rutube Auto Views || Russia 🇷🇺 || 5K/H || 40 Days Refill || 20 Future Videos,Other,Views/Plays,Rutube 🇷🇺,316.8,9.9,100,500003,No,No,Yes,USD
12394,Rutube Custom Comments || Russia 🇷🇺 || 50/H,Other,Comments,Rutube 🇷🇺,144.0,4.5,3,1001,No,Yes,No,USD
12742,Rumble.com - Video Views || Real &amp; Active || Non Drop || 200+/Day || Natural Speed,Other,Views/Plays,Rumble.com Views,44.8,1.4,1000,15000,No,No,Yes,USD
12743,Rumble.com - Video Views || Real &amp; Active || Non Drop || 5K+/Day || Fast Speed,Other,Views/Plays,Rumble.com Views,44.8,1.4,5000,500000,No,No,Yes,USD
12744,Rumble.com - Video Views || Real &amp; Active || Non Drop || 10K+/Day || Ultra-Fast Speed,Other,Views/Plays,Rumble.com Views,44.8,1.4,10000,1000000,No,No,Yes,USD
12763,Facebook - Custom 5 Stars Reviews || Italy 🇮🇹 || High Quality || No Drop || Lifetime Refill,Facebook,Views/Plays,Reviews Italy 🇮🇹 Amazon - Facebook - Google,61776.0,1930.5,1,1000,No,No,Yes,USD
12764,Facebook - Custom 4 Stars Reviews || Italy 🇮🇹 || High Quality || No Drop || Lifetime Refill,Facebook,Views/Plays,Reviews Italy 🇮🇹 Amazon - Facebook - Google,61776.0,1930.5,1,1000,No,No,Yes,USD
12765,Facebook - Random 5 Stars Reviews || Italy 🇮🇹 || High Quality || No Drop || Lifetime Refill,Facebook,Views/Plays,Reviews Italy 🇮🇹 Amazon - Facebook - Google,61776.0,1930.5,1,1000,No,No,Yes,USD
12766,Facebook - Random 4 Stars Reviews || Italy 🇮🇹 || High Quality || No Drop || Lifetime Refill,Facebook,Views/Plays,Reviews Italy 🇮🇹 Amazon - Facebook - Google,61776.0,1930.5,1,1000,No,No,Yes,USD
12767,Amazon - Custom 4 Stars Reviews || Italy 🇮🇹 || High Quality || No Drop || Lifetime Refill,Facebook,Views/Plays,Reviews Italy 🇮🇹 Amazon - Facebook - Google,166320.0,5197.5,1,1000,No,No,Yes,USD
12768,Amazon - Custom 5 Stars Reviews || Italy 🇮🇹 || High Quality || No Drop || Lifetime Refill,Facebook,Views/Plays,Reviews Italy 🇮🇹 Amazon - Facebook - Google,166320.0,5197.5,1,1000,No,No,Yes,USD
12769,Amazon - Random 4 Stars Reviews || Italy 🇮🇹 || High Quality || No Drop || Lifetime Refill,Facebook,Views/Plays,Reviews Italy 🇮🇹 Amazon - Facebook - Google,166320.0,5197.5,1,1000,No,No,Yes,USD
12770,Amazon - Random 5 Stars Reviews || Italy 🇮🇹 || High Quality || No Drop || Lifetime Refill,Facebook,Views/Plays,Reviews Italy 🇮🇹 Amazon - Facebook - Google,166320.0,5197.5,1,1000,No,No,Yes,USD
12771,Google - Custom 4 Stars Reviews || Italy 🇮🇹 || High Quality || No Drop || Lifetime Refill,Facebook,Views/Plays,Reviews Italy 🇮🇹 Amazon - Facebook - Google,152064.0,4752.0,10,1000,No,No,Yes,USD
12772,Google - Custom 5 Stars Reviews || Italy 🇮🇹 || High Quality || No Drop || Lifetime Refill,Facebook,Views/Plays,Reviews Italy 🇮🇹 Amazon - Facebook - Google,237600.0,7425.0,5,1000,No,No,Yes,USD
12773,Google - Random 4 Stars Reviews || Italy 🇮🇹 || High Quality || No Drop || Lifetime Refill,Facebook,Views/Plays,Reviews Italy 🇮🇹 Amazon - Facebook - Google,104544.0,3267.0,10,1000,No,No,Yes,USD
12774,Google - Random 5 Stars Reviews || Italy 🇮🇹 || High Quality || No Drop || Lifetime Refill,Facebook,Views/Plays,Reviews Italy 🇮🇹 Amazon - Facebook - Google,237600.0,7425.0,5,1000,No,No,Yes,USD
12775,Google Map - Reviews Likes || Italy 🇮🇹,Facebook,Views/Plays,Reviews Italy 🇮🇹 Amazon - Facebook - Google,23760.0,742.5,1,1000,No,No,Yes,USD
12832,TrustPilot - Custom Reviews 5 Stars || 🇮🇹  Italy || HQ || Non Drop || 5/Day,Facebook,Views/Plays,Reviews Italy 🇮🇹 Amazon - Facebook - Google,133056.0,4158.0,1,1000,No,No,Yes,USD
12833,TrustPilot - Custom Reviews 4 Stars || 🇮🇹 Italy || HQ || Non Drop || 5/Day,Facebook,Views/Plays,Reviews Italy 🇮🇹 Amazon - Facebook - Google,133056.0,4158.0,1,1000,No,No,Yes,USD
12834,TrustPilot - Random Reviews 5 Stars || 🇮🇹 Italy || HQ || Non Drop || 5/Day,Facebook,Views/Plays,Reviews Italy 🇮🇹 Amazon - Facebook - Google,104544.0,3267.0,1,1000,No,No,Yes,USD
12835,TrustPilot - Random Reviews 4 Stars || 🇮🇹 Italy || HQ || Non Drop || 5/Day,Facebook,Views/Plays,Reviews Italy 🇮🇹 Amazon - Facebook - Google,104544.0,3267.0,1,1000,No,No,Yes,USD
12912,Google - Custom 5 Stars Reviews 🇮🇹,Facebook,Views/Plays,Reviews Italy 🇮🇹 Amazon - Facebook - Google,109440.0,3420.0,5,1000,No,No,No,USD
12913,Google - Random 5 Stars Reviews 🇮🇹,Facebook,Views/Plays,Reviews Italy 🇮🇹 Amazon - Facebook - Google,97920.0,3060.0,5,1000,No,No,No,USD
3386,Line - Followers || No Refill,Other,Followers/Subscribers,LINE,1200.0,37.5,100,100000,No,No,Yes,USD
8142,Instagram Post Report | No Guarantee,Instagram,Report Services,Report (Instagram - Facebook - YouTube - Twitter - TikTok - Telegram - OnlyFans - Discord - Twitch),76.8,2.4,1,1000000,No,No,Yes,USD
8146,Facebook Post Report | No guarantee,Instagram,Report Services,Report (Instagram - Facebook - YouTube - Twitter - TikTok - Telegram - OnlyFans - Discord - Twitch),76.8,2.4,1,1000000,No,No,Yes,USD
8160,TikTok Report Spam Account | No Guarantee,Instagram,Accounts,Report (Instagram - Facebook - YouTube - Twitter - TikTok - Telegram - OnlyFans - Discord - Twitch),76.8,2.4,1,1000000,No,No,Yes,USD
8152,YouTube Video Report | No Guarantee,Instagram,Report Services,Report (Instagram - Facebook - YouTube - Twitter - TikTok - Telegram - OnlyFans - Discord - Twitch),76.8,2.4,1,1000000,No,No,Yes,USD
8156,Twitter Tweet Report | No Guarantee,Instagram,Report Services,Report (Instagram - Facebook - YouTube - Twitter - TikTok - Telegram - OnlyFans - Discord - Twitch),960.0,30.0,1,1000000,No,No,Yes,USD
8164,Telegram Account Report | No Guarantee,Instagram,Accounts,Report (Instagram - Facebook - YouTube - Twitter - TikTok - Telegram - OnlyFans - Discord - Twitch),1248.0,39.0,1,1000000,No,Yes,Yes,USD
8176,Twitch Channel Report | No Guarantee,Instagram,Report Services,Report (Instagram - Facebook - YouTube - Twitter - TikTok - Telegram - OnlyFans - Discord - Twitch),768.0,24.0,1,1000000,No,No,Yes,USD
8172,Discord Channel Report | No Guarantee,Instagram,Report Services,Report (Instagram - Facebook - YouTube - Twitter - TikTok - Telegram - OnlyFans - Discord - Twitch),768.0,24.0,1,1000000,No,No,Yes,USD
8143,Instagram Account Report | No Guarantee,Instagram,Accounts,Report (Instagram - Facebook - YouTube - Twitter - TikTok - Telegram - OnlyFans - Discord - Twitch),76.8,2.4,1,1000000,No,No,Yes,USD
8147,Facebook Report Spam Account | No Guarantee,Instagram,Accounts,Report (Instagram - Facebook - YouTube - Twitter - TikTok - Telegram - OnlyFans - Discord - Twitch),76.8,2.4,1,1000000,No,No,Yes,USD
8161,TikTok Report Spam Video | No Guarantee,Instagram,Report Services,Report (Instagram - Facebook - YouTube - Twitter - TikTok - Telegram - OnlyFans - Discord - Twitch),76.8,2.4,1,1000000,No,No,Yes,USD
8153,YouTube Channel - Account Report | No Guarantee,Instagram,Accounts,Report (Instagram - Facebook - YouTube - Twitter - TikTok - Telegram - OnlyFans - Discord - Twitch),76.8,2.4,1,1000000,No,No,Yes,USD
8157,Twitter User Report | No Guarantee,Instagram,Report Services,Report (Instagram - Facebook - YouTube - Twitter - TikTok - Telegram - OnlyFans - Discord - Twitch),768.0,24.0,1,1000000,No,No,Yes,USD
8165,Telegram Channel Report | No Guarantee,Instagram,Report Services,Report (Instagram - Facebook - YouTube - Twitter - TikTok - Telegram - OnlyFans - Discord - Twitch),1248.0,39.0,1,1000000,No,Yes,Yes,USD
8177,Twitch Channel Report | No Guarantee,Instagram,Report Services,Report (Instagram - Facebook - YouTube - Twitter - TikTok - Telegram - OnlyFans - Discord - Twitch),384.0,12.0,1000,1000000,No,No,Yes,USD
8173,Discord Account Report | No Guarantee,Instagram,Accounts,Report (Instagram - Facebook - YouTube - Twitter - TikTok - Telegram - OnlyFans - Discord - Twitch),768.0,24.0,1,1000000,No,No,Yes,USD
8144,Instagram Post Report | No Guarantee,Instagram,Report Services,Report (Instagram - Facebook - YouTube - Twitter - TikTok - Telegram - OnlyFans - Discord - Twitch),38.4,1.2,1000,1000000,No,No,Yes,USD
8148,Facebook Page Report | No Guarantee,Instagram,Report Services,Report (Instagram - Facebook - YouTube - Twitter - TikTok - Telegram - OnlyFans - Discord - Twitch),76.8,2.4,1,1000000,No,No,Yes,USD
8162,TikTok Report Spam Account | No Guarantee,Instagram,Accounts,Report (Instagram - Facebook - YouTube - Twitter - TikTok - Telegram - OnlyFans - Discord - Twitch),38.4,1.2,1000,1000000,No,No,Yes,USD
8154,YouTube Video Report | No Guarantee,Instagram,Report Services,Report (Instagram - Facebook - YouTube - Twitter - TikTok - Telegram - OnlyFans - Discord - Twitch),38.4,1.2,1000,1000000,No,No,Yes,USD
8158,Twitter Tweet Report | No Guarantee,Instagram,Report Services,Report (Instagram - Facebook - YouTube - Twitter - TikTok - Telegram - OnlyFans - Discord - Twitch),460.8,14.4,100,15000,No,No,Yes,USD
8166,Telegram Account Report | No Guarantee,Instagram,Accounts,Report (Instagram - Facebook - YouTube - Twitter - TikTok - Telegram - OnlyFans - Discord - Twitch),832.0,26.0,100,1000000,No,Yes,Yes,USD
8178,Twitch Live Report | No Guarantee,Instagram,Report Services,Report (Instagram - Facebook - YouTube - Twitter - TikTok - Telegram - OnlyFans - Discord - Twitch),384.0,12.0,1,1000000,No,No,Yes,USD
8174,Discord Channel Report | No Guarantee,Instagram,Report Services,Report (Instagram - Facebook - YouTube - Twitter - TikTok - Telegram - OnlyFans - Discord - Twitch),384.0,12.0,1000,1000000,No,No,Yes,USD
8145,Instagram Account Report | No Guarantee,Instagram,Accounts,Report (Instagram - Facebook - YouTube - Twitter - TikTok - Telegram - OnlyFans - Discord - Twitch),38.4,1.2,1000,1000000,No,No,Yes,USD
8149,Facebook Post Report | No guarantee,Instagram,Report Services,Report (Instagram - Facebook - YouTube - Twitter - TikTok - Telegram - OnlyFans - Discord - Twitch),38.4,1.2,1000,1000000,No,No,Yes,USD
8163,TikTok Report Spam Video | No Guarantee,Instagram,Report Services,Report (Instagram - Facebook - YouTube - Twitter - TikTok - Telegram - OnlyFans - Discord - Twitch),38.4,1.2,1000,1000000,No,No,Yes,USD
8155,YouTube Channel - Account Report | No Guarantee,Instagram,Accounts,Report (Instagram - Facebook - YouTube - Twitter - TikTok - Telegram - OnlyFans - Discord - Twitch),34.56,1.08,1000,1000000,No,No,Yes,USD
8159,Twitter User Report | No Guarantee,Instagram,Report Services,Report (Instagram - Facebook - YouTube - Twitter - TikTok - Telegram - OnlyFans - Discord - Twitch),307.2,9.6,100,15000,No,No,Yes,USD
8167,Telegram Channel Report | No Guarantee,Instagram,Report Services,Report (Instagram - Facebook - YouTube - Twitter - TikTok - Telegram - OnlyFans - Discord - Twitch),832.0,26.0,100,1000000,No,Yes,Yes,USD
8179,Twitch Video Report | No Guarantee,Instagram,Report Services,Report (Instagram - Facebook - YouTube - Twitter - TikTok - Telegram - OnlyFans - Discord - Twitch),384.0,12.0,1,1000000,No,No,Yes,USD
8175,Discord Account Report | No Guarantee,Instagram,Accounts,Report (Instagram - Facebook - YouTube - Twitter - TikTok - Telegram - OnlyFans - Discord - Twitch),384.0,12.0,1000,1000000,No,No,Yes,USD
8150,Facebook Page Report | MQ 1M | 1K Per Day,Instagram,Report Services,Report (Instagram - Facebook - YouTube - Twitter - TikTok - Telegram - OnlyFans - Discord - Twitch),38.4,1.2,1000,1000000,No,No,Yes,USD
8180,Twitch Live Report | No Guarantee,Instagram,Report Services,Report (Instagram - Facebook - YouTube - Twitter - TikTok - Telegram - OnlyFans - Discord - Twitch),192.0,6.0,1000,1000000,No,No,Yes,USD
8151,Facebook Report Spam Account | No Guarantee,Instagram,Accounts,Report (Instagram - Facebook - YouTube - Twitter - TikTok - Telegram - OnlyFans - Discord - Twitch),38.4,1.2,1000,1000000,No,No,Yes,USD
8181,Twitch Video Report | No Guarantee,Instagram,Report Services,Report (Instagram - Facebook - YouTube - Twitter - TikTok - Telegram - OnlyFans - Discord - Twitch),192.0,6.0,1000,1000000,No,No,Yes,USD
12383,Whatsapp Account Report | No Guarantee,Instagram,Accounts,Report (Instagram - Facebook - YouTube - Twitter - TikTok - Telegram - OnlyFans - Discord - Twitch),76.8,2.4,1,1000000,No,No,Yes,USD
11933,Instagram Reels Likes [Mix] [High Quality] [No Drop] [30 Days Refill] [100K/D] [Instant],Instagram,Likes/Reactions,Cheap Services,9.152,0.286,10,100000,No,Yes,Yes,USD
11931,Instagram Real Likes [World Wide] [Mix Quality] [20K/D] [0-1/H],Instagram,Likes/Reactions,Cheap Services,34.496,1.078,10,100000,No,Yes,Yes,USD
11932,Instagram Power Likes [Real] [Premium Quality] [No Drop] [100K/H] [Instant],Instagram,Likes/Reactions,Cheap Services,47.744,1.492,10,100000,No,Yes,Yes,USD
11927,Facebook All Type Page Likes and Followers [World Wide] [30 Days Refill] [10K/D] [0-6/H] [Updated],Facebook,Followers/Subscribers,Cheap Services,57.6,1.8,10,100000,No,No,Yes,USD
11930,Facebook Post Likes [World Wide] [500-1K/D] [0-2/H],Facebook,Likes/Reactions,Cheap Services,64.0,2.0,50,5000,No,No,Yes,USD
11929,Twitch Followers [30 Days Refill] [10-20K/D] [Instant],Twitch,Followers/Subscribers,Cheap Services,9.856,0.308,20,10000,No,No,Yes,USD
11938,Twitter Likes [USA] [30 Days Refill] [100-1K/D] [0-1/H],Twitter/X,Likes/Reactions,Cheap Services,288.0,9.0,10,4000,No,No,Yes,USD
11924,TikTok Video Saves [ Max 100K ] | 30 Days ♻️ | Instant | Day 80K,TikTok,Saves,Cheap Services,3.84,0.12,10,2147483647,No,No,Yes,USD
11926,Tiktok Followers [ Max 1M ] | HQ Profiles | Non Drop | Lifetime ♻️ | Day 50K,TikTok,Followers/Subscribers,Cheap Services,119.68,3.74,10,50000,No,Yes,Yes,USD
11928,Tiktok Saves [High Quality] [10-30K/D] [Instant],TikTok,Saves,Cheap Services,8.96,0.28,100,50000,No,No,Yes,USD
11934,Tiktok Views [0-1/H] [Working after Update] [Slow Increase],TikTok,Views/Plays,Cheap Services,2.7072,0.0846,100,5000000,No,No,Yes,USD
11935,Tiktok Likes [No Drop] [30 Days Refill] [50-100K/D] [Instant],TikTok,Likes/Reactions,Cheap Services,19.84,0.62,10,100000,No,No,Yes,USD
11936,Tiktok Followers [Real] [High Quality] [3-5K/D] [Instant],TikTok,Followers/Subscribers,Cheap Services,115.2,3.6,10,100000,No,No,Yes,USD
11937,Tiktok Shares [100K/D] [0-1/H],TikTok,Shares,Cheap Services,5.376,0.168,10,10000000,No,No,Yes,USD
5153,Facebook - Page Likes + Followers || TAIWAN 🇹🇼 || 30 Days Refill || 50-100/Day,Facebook,Followers/Subscribers,Cheap Services,288.0,9.0,5,1000,No,No,Yes,USD
12830,TrustPilot - Custom Reviews || 🇫🇷 FRANCE || HQ || Non Drop || 1-3/Day,Other,Views/Plays,Cheap Services,142560.0,4455.0,1,100,No,No,Yes,USD
12831,TrustPilot - Custom Reviews || 🇩🇪 Germany || HQ || Non Drop || 1-3/Day,Other,Views/Plays,Cheap Services,142560.0,4455.0,1,100,No,No,Yes,USD
12836,TrustPilot - Custom Reviews || 🇯🇵 Japan || HQ || Non Drop || 1-3/Day,Other,Views/Plays,Cheap Services,142560.0,4455.0,1,100,No,No,No,USD
11654,Instagram - Comments || Germany 🇩🇪 || No Drop || 200/Day,Instagram,Comments,DO NOT USE,9504.0,297.0,5,1000,No,No,Yes,USD
11673,Instagram - Comments || France 🇫🇷 || No Drop || 200/Day,Instagram,Comments,DO NOT USE,9504.0,297.0,5,1000,No,No,Yes,USD
11679,test 11679,Other,Other,DO NOT USE,1990.912,62.216,5,40000,No,No,Yes,USD
11680,test 11680,Other,Other,DO NOT USE,99.5456,3.1108,20,1000,No,No,Yes,USD
12864,T20,Other,Other,T,28.8,0.9,10,50,No,No,No,USD
12906,TKT,Other,Other,T,88.64,2.77,1,50,No,Yes,No,USD
12865,T20e,Other,Other,T,38.4,1.2,10,100000,No,Yes,Yes,USD
12404,"Threads Followers [Max - 10k] [Speed: 10k/day, Mixed Real Looking] INSTANT",Threads,Followers/Subscribers,T,86.4,2.7,50,10000,No,No,No,USD
12810,TikTok - Italy 🇮🇹 | Custom Comments | SLOW | No Drop,TikTok,Comments,T,1248.0,39.0,10,100,No,Yes,No,USD
12888,TikTok Views,TikTok,Views/Plays,Tik Tok,1.68,0.0525,100,5000000,No,No,No,USD
5151,Facebook - Post Likes | (Taiwan 🇹🇼) (no refill) (Start time: 0-6H),Facebook,Likes/Reactions,Other,571.2,17.85,25,1000,No,No,Yes,USD
8931,Instagram - Story Impressions + Shares + PV + Navigation |,Instagram,Views/Plays,Other,31.968,0.999,100,1000000,No,No,Yes,USD
8882,Tiktok Shares [Max - 1M] [Superfast] [Start Time: Instant]⭐,TikTok,Shares,Other,1.2,0.0375,10,10000000,No,Yes,Yes,USD
11818,Instagram Followers || Brazil 🇧🇷 || 1K/H,Instagram,Followers/Subscribers,Other,96.0,3.0,50,100000,No,Yes,Yes,USD
5519,TikTok - Video Views | 50K/Hour | Trending &amp; Viral | Instant | Super Fast,TikTok,Views/Plays,Other,7.92,0.2475,100,100000000,No,Yes,Yes,USD
11819,Spotify Monthly Listeners | No Drop | LifeTime | 0-12 H | 500-2K/Day |,Spotify,Other,Other,67.6,2.1125,500,50000,No,No,Yes,USD
